solid 1
   facet normal 0.000000e+000 1.000000e+000 0.000000e+000
      outer loop
         vertex 1.028758e+000 1.000002e+000 1.483581e+000
         vertex 1.011326e+000 1.000002e+000 1.517792e+000
         vertex 2.707680e+000 1.000002e+000 3.211182e+000
      endloop
   endfacet
   facet normal 0.000000e+000 1.000000e+000 0.000000e+000
      outer loop
         vertex 2.910000e+001 1.000002e+000 1.800000e+001
         vertex 2.910000e+001 1.000002e+000 7.550125e+000
         vertex 2.730453e+001 1.000002e+000 7.550125e+000
      endloop
   endfacet
   facet normal 0.000000e+000 1.000000e+000 0.000000e+000
      outer loop
         vertex 8.999994e-001 1.000002e+000 2.000000e+000
         vertex 8.999994e-001 1.000002e+000 4.196341e+000
         vertex 2.699800e+000 1.000002e+000 4.196341e+000
      endloop
   endfacet
   facet normal 0.000000e+000 1.000000e+000 0.000000e+000
      outer loop
         vertex 2.730453e+001 1.000002e+000 6.995909e+000
         vertex 2.707680e+000 1.000002e+000 6.995909e+000
         vertex 2.699800e+000 1.000002e+000 7.550125e+000
      endloop
   endfacet
   facet normal 0.000000e+000 1.000000e+000 0.000000e+000
      outer loop
         vertex 2.699800e+000 1.000002e+000 7.550125e+000
         vertex 2.707680e+000 1.000002e+000 6.995909e+000
         vertex 2.707680e+000 1.000002e+000 5.196330e+000
      endloop
   endfacet
   facet normal 0.000000e+000 1.000000e+000 0.000000e+000
      outer loop
         vertex 2.699800e+000 1.000002e+000 7.550125e+000
         vertex 2.707680e+000 1.000002e+000 5.196330e+000
         vertex 2.699800e+000 1.000002e+000 4.196341e+000
      endloop
   endfacet
   facet normal 0.000000e+000 1.000000e+000 0.000000e+000
      outer loop
         vertex 2.730453e+001 1.000002e+000 5.196330e+000
         vertex 2.730453e+001 1.000002e+000 4.196341e+000
         vertex 2.707680e+000 1.000002e+000 5.196330e+000
      endloop
   endfacet
   facet normal 0.000000e+000 1.000000e+000 0.000000e+000
      outer loop
         vertex 2.707680e+000 1.000002e+000 5.196330e+000
         vertex 2.730453e+001 1.000002e+000 4.196341e+000
         vertex 2.707680e+000 1.000002e+000 4.196341e+000
      endloop
   endfacet
   facet normal 0.000000e+000 1.000000e+000 0.000000e+000
      outer loop
         vertex 2.707680e+000 1.000002e+000 5.196330e+000
         vertex 2.707680e+000 1.000002e+000 4.196341e+000
         vertex 2.699800e+000 1.000002e+000 4.196341e+000
      endloop
   endfacet
   facet normal 0.000000e+000 1.000000e+000 0.000000e+000
      outer loop
         vertex 2.699800e+000 1.000002e+000 4.196341e+000
         vertex 2.707680e+000 1.000002e+000 4.196341e+000
         vertex 2.707680e+000 1.000002e+000 3.211182e+000
      endloop
   endfacet
   facet normal 0.000000e+000 1.000000e+000 0.000000e+000
      outer loop
         vertex 2.699800e+000 1.000002e+000 4.196341e+000
         vertex 2.707680e+000 1.000002e+000 3.211182e+000
         vertex 8.999994e-001 1.000002e+000 2.000000e+000
      endloop
   endfacet
   facet normal 0.000000e+000 1.000000e+000 0.000000e+000
      outer loop
         vertex 1.028758e+000 1.000002e+000 1.483581e+000
         vertex 2.707680e+000 1.000002e+000 3.211182e+000
         vertex 1.047372e+000 1.000002e+000 1.450000e+000
      endloop
   endfacet
   facet normal 0.000000e+000 1.000000e+000 0.000000e+000
      outer loop
         vertex 2.730453e+001 1.000002e+000 4.164847e+000
         vertex 2.910000e+001 1.000002e+000 4.136537e+000
         vertex 2.730453e+001 1.000002e+000 3.211182e+000
      endloop
   endfacet
   facet normal 0.000000e+000 1.000000e+000 0.000000e+000
      outer loop
         vertex 2.730453e+001 1.000002e+000 3.211182e+000
         vertex 2.910000e+001 1.000002e+000 4.136537e+000
         vertex 2.910000e+001 1.000002e+000 2.000000e+000
      endloop
   endfacet
   facet normal 0.000000e+000 1.000000e+000 0.000000e+000
      outer loop
         vertex 2.730453e+001 1.000002e+000 3.211182e+000
         vertex 2.910000e+001 1.000002e+000 2.000000e+000
         vertex 2.909936e+001 1.000002e+000 1.962445e+000
      endloop
   endfacet
   facet normal 0.000000e+000 1.000000e+000 0.000000e+000
      outer loop
         vertex 2.730453e+001 1.000002e+000 6.995909e+000
         vertex 2.699800e+000 1.000002e+000 7.550125e+000
         vertex 2.730453e+001 1.000002e+000 7.550125e+000
      endloop
   endfacet
   facet normal 0.000000e+000 1.000000e+000 0.000000e+000
      outer loop
         vertex 2.730453e+001 1.000002e+000 7.550125e+000
         vertex 2.699800e+000 1.000002e+000 7.550125e+000
         vertex 5.000000e+000 1.000002e+000 2.210000e+001
      endloop
   endfacet
   facet normal 0.000000e+000 1.000000e+000 0.000000e+000
      outer loop
         vertex 2.730453e+001 1.000002e+000 7.550125e+000
         vertex 5.000000e+000 1.000002e+000 2.210000e+001
         vertex 2.910000e+001 1.000002e+000 1.800000e+001
      endloop
   endfacet
   facet normal 0.000000e+000 1.000000e+000 0.000000e+000
      outer loop
         vertex 2.910000e+001 1.000002e+000 1.800000e+001
         vertex 5.000000e+000 1.000002e+000 2.210000e+001
         vertex 2.500000e+001 1.000002e+000 2.210000e+001
      endloop
   endfacet
   facet normal 0.000000e+000 1.000000e+000 0.000000e+000
      outer loop
         vertex 2.910000e+001 1.000002e+000 1.800000e+001
         vertex 2.500000e+001 1.000002e+000 2.210000e+001
         vertex 2.514309e+001 1.000002e+000 2.209750e+001
      endloop
   endfacet
   facet normal 0.000000e+000 1.000000e+000 0.000000e+000
      outer loop
         vertex 1.379915e+000 1.000002e+000 1.992484e+001
         vertex 1.449295e+000 1.000002e+000 2.005000e+001
         vertex 5.000000e+000 1.000002e+000 2.210000e+001
      endloop
   endfacet
   facet normal 0.000000e+000 1.000000e+000 0.000000e+000
      outer loop
         vertex 2.707680e+000 1.000002e+000 3.211182e+000
         vertex 9.663375e-001 1.000002e+000 1.623778e+000
         vertex 9.538373e-001 1.000002e+000 1.660081e+000
      endloop
   endfacet
   facet normal 0.000000e+000 1.000000e+000 0.000000e+000
      outer loop
         vertex 2.899338e+001 1.000002e+000 1.527568e+000
         vertex 2.897667e+001 1.000002e+000 1.493928e+000
         vertex 2.730453e+001 1.000002e+000 3.211182e+000
      endloop
   endfacet
   facet normal 0.000000e+000 1.000000e+000 0.000000e+000
      outer loop
         vertex 2.730453e+001 1.000002e+000 3.211182e+000
         vertex 2.897667e+001 1.000002e+000 1.493928e+000
         vertex 2.895883e+001 1.000002e+000 1.460879e+000
      endloop
   endfacet
   facet normal 0.000000e+000 1.000000e+000 0.000000e+000
      outer loop
         vertex 2.895883e+001 1.000002e+000 1.460879e+000
         vertex 2.893986e+001 1.000002e+000 1.428457e+000
         vertex 2.730453e+001 1.000002e+000 3.211182e+000
      endloop
   endfacet
   facet normal 0.000000e+000 1.000000e+000 0.000000e+000
      outer loop
         vertex 2.730453e+001 1.000002e+000 3.211182e+000
         vertex 2.893986e+001 1.000002e+000 1.428457e+000
         vertex 2.891980e+001 1.000002e+000 1.396703e+000
      endloop
   endfacet
   facet normal 0.000000e+000 1.000000e+000 0.000000e+000
      outer loop
         vertex 2.730453e+001 1.000002e+000 3.211182e+000
         vertex 2.891980e+001 1.000002e+000 1.396703e+000
         vertex 2.889867e+001 1.000002e+000 1.365651e+000
      endloop
   endfacet
   facet normal 0.000000e+000 1.000000e+000 0.000000e+000
      outer loop
         vertex 2.889867e+001 1.000002e+000 1.365651e+000
         vertex 2.887649e+001 1.000002e+000 1.335340e+000
         vertex 2.730453e+001 1.000002e+000 3.211182e+000
      endloop
   endfacet
   facet normal 0.000000e+000 1.000000e+000 0.000000e+000
      outer loop
         vertex 2.730453e+001 1.000002e+000 3.211182e+000
         vertex 2.887649e+001 1.000002e+000 1.335340e+000
         vertex 2.885328e+001 1.000002e+000 1.305803e+000
      endloop
   endfacet
   facet normal 0.000000e+000 1.000000e+000 0.000000e+000
      outer loop
         vertex 2.730453e+001 1.000002e+000 3.211182e+000
         vertex 2.885328e+001 1.000002e+000 1.305803e+000
         vertex 2.882908e+001 1.000002e+000 1.277076e+000
      endloop
   endfacet
   facet normal 0.000000e+000 1.000000e+000 0.000000e+000
      outer loop
         vertex 2.882908e+001 1.000002e+000 1.277076e+000
         vertex 2.880392e+001 1.000002e+000 1.249191e+000
         vertex 2.730453e+001 1.000002e+000 3.211182e+000
      endloop
   endfacet
   facet normal 0.000000e+000 1.000000e+000 0.000000e+000
      outer loop
         vertex 2.730453e+001 1.000002e+000 3.211182e+000
         vertex 2.880392e+001 1.000002e+000 1.249191e+000
         vertex 2.877782e+001 1.000002e+000 1.222183e+000
      endloop
   endfacet
   facet normal 0.000000e+000 1.000000e+000 0.000000e+000
      outer loop
         vertex 2.730453e+001 1.000002e+000 3.211182e+000
         vertex 2.877782e+001 1.000002e+000 1.222183e+000
         vertex 2.875081e+001 1.000002e+000 1.196080e+000
      endloop
   endfacet
   facet normal 0.000000e+000 1.000000e+000 0.000000e+000
      outer loop
         vertex 2.730453e+001 1.000002e+000 3.211182e+000
         vertex 2.811249e+001 1.000002e+000 9.057671e-001
         vertex 2.807507e+001 1.000002e+000 9.025643e-001
      endloop
   endfacet
   facet normal 0.000000e+000 1.000000e+000 0.000000e+000
      outer loop
         vertex 1.961610e+000 1.000002e+000 9.006699e-001
         vertex 1.923268e+000 1.000002e+000 9.026793e-001
         vertex 2.707680e+000 1.000002e+000 3.211182e+000
      endloop
   endfacet
   facet normal 0.000000e+000 1.000000e+000 0.000000e+000
      outer loop
         vertex 1.923268e+000 1.000002e+000 9.026793e-001
         vertex 1.885018e+000 1.000002e+000 9.060260e-001
         vertex 2.707680e+000 1.000002e+000 3.211182e+000
      endloop
   endfacet
   facet normal 0.000000e+000 1.000000e+000 0.000000e+000
      outer loop
         vertex 2.707680e+000 1.000002e+000 3.211182e+000
         vertex 1.885018e+000 1.000002e+000 9.060260e-001
         vertex 1.846910e+000 1.000002e+000 9.107050e-001
      endloop
   endfacet
   facet normal 0.000000e+000 1.000000e+000 0.000000e+000
      outer loop
         vertex 2.707680e+000 1.000002e+000 3.211182e+000
         vertex 1.846910e+000 1.000002e+000 9.107050e-001
         vertex 1.808987e+000 1.000002e+000 9.167115e-001
      endloop
   endfacet
   facet normal 0.000000e+000 1.000000e+000 0.000000e+000
      outer loop
         vertex 2.903649e+001 1.000002e+000 1.631632e+000
         vertex 2.902331e+001 1.000002e+000 1.596460e+000
         vertex 2.730453e+001 1.000002e+000 3.211182e+000
      endloop
   endfacet
   facet normal 0.000000e+000 1.000000e+000 0.000000e+000
      outer loop
         vertex 2.730453e+001 1.000002e+000 3.211182e+000
         vertex 2.902331e+001 1.000002e+000 1.596460e+000
         vertex 2.900893e+001 1.000002e+000 1.561759e+000
      endloop
   endfacet
   facet normal 0.000000e+000 1.000000e+000 0.000000e+000
      outer loop
         vertex 2.730453e+001 1.000002e+000 3.211182e+000
         vertex 2.900893e+001 1.000002e+000 1.561759e+000
         vertex 2.899338e+001 1.000002e+000 1.527568e+000
      endloop
   endfacet
   facet normal 0.000000e+000 1.000000e+000 0.000000e+000
      outer loop
         vertex 2.599188e+001 1.000002e+000 2.197821e+001
         vertex 2.613011e+001 1.000002e+000 2.194117e+001
         vertex 2.910000e+001 1.000002e+000 1.800000e+001
      endloop
   endfacet
   facet normal 0.000000e+000 1.000000e+000 0.000000e+000
      outer loop
         vertex 2.910000e+001 1.000002e+000 1.800000e+001
         vertex 2.613011e+001 1.000002e+000 2.194117e+001
         vertex 2.626697e+001 1.000002e+000 2.189933e+001
      endloop
   endfacet
   facet normal 0.000000e+000 1.000000e+000 0.000000e+000
      outer loop
         vertex 2.804689e+001 1.000002e+000 2.074343e+001
         vertex 2.814078e+001 1.000002e+000 2.063543e+001
         vertex 2.910000e+001 1.000002e+000 1.800000e+001
      endloop
   endfacet
   facet normal 0.000000e+000 1.000000e+000 0.000000e+000
      outer loop
         vertex 2.910000e+001 1.000002e+000 1.800000e+001
         vertex 2.814078e+001 1.000002e+000 2.063543e+001
         vertex 2.823084e+001 1.000002e+000 2.052421e+001
      endloop
   endfacet
   facet normal 0.000000e+000 1.000000e+000 0.000000e+000
      outer loop
         vertex 2.910000e+001 1.000002e+000 1.800000e+001
         vertex 2.823084e+001 1.000002e+000 2.052421e+001
         vertex 2.909750e+001 1.000002e+000 1.814309e+001
      endloop
   endfacet
   facet normal 0.000000e+000 1.000000e+000 0.000000e+000
      outer loop
         vertex 2.699800e+000 1.000002e+000 7.550125e+000
         vertex 8.999994e-001 1.000002e+000 7.550125e+000
         vertex 5.000000e+000 1.000002e+000 2.210000e+001
      endloop
   endfacet
   facet normal 0.000000e+000 1.000000e+000 0.000000e+000
      outer loop
         vertex 5.000000e+000 1.000002e+000 2.210000e+001
         vertex 8.999994e-001 1.000002e+000 7.550125e+000
         vertex 8.999994e-001 1.000002e+000 1.800000e+001
      endloop
   endfacet
   facet normal 0.000000e+000 1.000000e+000 0.000000e+000
      outer loop
         vertex 5.000000e+000 1.000002e+000 2.210000e+001
         vertex 8.999994e-001 1.000002e+000 1.800000e+001
         vertex 9.024972e-001 1.000002e+000 1.814309e+001
      endloop
   endfacet
   facet normal 0.000000e+000 1.000000e+000 0.000000e+000
      outer loop
         vertex 3.332379e+000 1.000002e+000 2.174554e+001
         vertex 3.464113e+000 1.000002e+000 2.180145e+001
         vertex 1.600945e+000 1.000002e+000 2.029269e+001
      endloop
   endfacet
   facet normal 0.000000e+000 1.000000e+000 0.000000e+000
      outer loop
         vertex 1.600945e+000 1.000002e+000 2.029269e+001
         vertex 3.464113e+000 1.000002e+000 2.180145e+001
         vertex 3.597717e+000 1.000002e+000 2.185274e+001
      endloop
   endfacet
   facet normal 0.000000e+000 1.000000e+000 0.000000e+000
      outer loop
         vertex 4.008120e+000 1.000002e+000 2.197821e+001
         vertex 4.147562e+000 1.000002e+000 2.201040e+001
         vertex 1.600945e+000 1.000002e+000 2.029269e+001
      endloop
   endfacet
   facet normal 0.000000e+000 1.000000e+000 0.000000e+000
      outer loop
         vertex 1.600945e+000 1.000002e+000 2.029269e+001
         vertex 4.147562e+000 1.000002e+000 2.201040e+001
         vertex 4.288042e+000 1.000002e+000 2.203771e+001
      endloop
   endfacet
   facet normal 0.000000e+000 1.000000e+000 0.000000e+000
      outer loop
         vertex 1.011326e+000 1.000002e+000 1.517792e+000
         vertex 9.950995e-001 1.000002e+000 1.552590e+000
         vertex 2.707680e+000 1.000002e+000 3.211182e+000
      endloop
   endfacet
   facet normal 0.000000e+000 1.000000e+000 0.000000e+000
      outer loop
         vertex 2.707680e+000 1.000002e+000 3.211182e+000
         vertex 9.950995e-001 1.000002e+000 1.552590e+000
         vertex 9.800978e-001 1.000002e+000 1.587932e+000
      endloop
   endfacet
   facet normal 0.000000e+000 1.000000e+000 0.000000e+000
      outer loop
         vertex 2.707680e+000 1.000002e+000 3.211182e+000
         vertex 9.800978e-001 1.000002e+000 1.587932e+000
         vertex 9.663375e-001 1.000002e+000 1.623778e+000
      endloop
   endfacet
   facet normal 0.000000e+000 1.000000e+000 0.000000e+000
      outer loop
         vertex 2.730453e+001 1.000002e+000 3.211182e+000
         vertex 2.866466e+001 1.000002e+000 1.123514e+000
         vertex 2.863435e+001 1.000002e+000 1.101333e+000
      endloop
   endfacet
   facet normal 0.000000e+000 1.000000e+000 0.000000e+000
      outer loop
         vertex 2.863435e+001 1.000002e+000 1.101333e+000
         vertex 2.860330e+001 1.000002e+000 1.080200e+000
         vertex 2.730453e+001 1.000002e+000 3.211182e+000
      endloop
   endfacet
   facet normal 0.000000e+000 1.000000e+000 0.000000e+000
      outer loop
         vertex 2.730453e+001 1.000002e+000 3.211182e+000
         vertex 2.860330e+001 1.000002e+000 1.080200e+000
         vertex 2.857154e+001 1.000002e+000 1.060138e+000
      endloop
   endfacet
   facet normal 0.000000e+000 1.000000e+000 0.000000e+000
      outer loop
         vertex 2.730453e+001 1.000002e+000 3.211182e+000
         vertex 2.857154e+001 1.000002e+000 1.060138e+000
         vertex 2.853912e+001 1.000002e+000 1.041173e+000
      endloop
   endfacet
   facet normal 0.000000e+000 1.000000e+000 0.000000e+000
      outer loop
         vertex 2.853912e+001 1.000002e+000 1.041173e+000
         vertex 2.850607e+001 1.000002e+000 1.023326e+000
         vertex 2.730453e+001 1.000002e+000 3.211182e+000
      endloop
   endfacet
   facet normal 0.000000e+000 1.000000e+000 0.000000e+000
      outer loop
         vertex 2.730453e+001 1.000002e+000 3.211182e+000
         vertex 2.850607e+001 1.000002e+000 1.023326e+000
         vertex 2.847243e+001 1.000002e+000 1.006618e+000
      endloop
   endfacet
   facet normal 0.000000e+000 1.000000e+000 0.000000e+000
      outer loop
         vertex 2.730453e+001 1.000002e+000 3.211182e+000
         vertex 2.847243e+001 1.000002e+000 1.006618e+000
         vertex 2.843824e+001 1.000002e+000 9.910674e-001
      endloop
   endfacet
   facet normal 0.000000e+000 1.000000e+000 0.000000e+000
      outer loop
         vertex 2.807507e+001 1.000002e+000 9.025643e-001
         vertex 2.803756e+001 1.000002e+000 9.006411e-001
         vertex 2.730453e+001 1.000002e+000 3.211182e+000
      endloop
   endfacet
   facet normal 0.000000e+000 1.000000e+000 0.000000e+000
      outer loop
         vertex 2.730453e+001 1.000002e+000 3.211182e+000
         vertex 2.803756e+001 1.000002e+000 9.006411e-001
         vertex 2.800000e+001 1.000002e+000 8.999999e-001
      endloop
   endfacet
   facet normal 0.000000e+000 1.000000e+000 0.000000e+000
      outer loop
         vertex 2.730453e+001 1.000002e+000 3.211182e+000
         vertex 2.800000e+001 1.000002e+000 8.999999e-001
         vertex 2.707680e+000 1.000002e+000 3.211182e+000
      endloop
   endfacet
   facet normal 0.000000e+000 1.000000e+000 0.000000e+000
      outer loop
         vertex 2.707680e+000 1.000002e+000 3.211182e+000
         vertex 2.800000e+001 1.000002e+000 8.999999e-001
         vertex 1.999999e+000 1.000002e+000 8.999999e-001
      endloop
   endfacet
   facet normal 0.000000e+000 1.000000e+000 0.000000e+000
      outer loop
         vertex 2.707680e+000 1.000002e+000 3.211182e+000
         vertex 1.999999e+000 1.000002e+000 8.999999e-001
         vertex 1.961610e+000 1.000002e+000 9.006699e-001
      endloop
   endfacet
   facet normal 0.000000e+000 1.000000e+000 0.000000e+000
      outer loop
         vertex 1.384888e+000 1.000002e+000 1.088059e+000
         vertex 1.353436e+000 1.000002e+000 1.110081e+000
         vertex 2.707680e+000 1.000002e+000 3.211182e+000
      endloop
   endfacet
   facet normal 0.000000e+000 1.000000e+000 0.000000e+000
      outer loop
         vertex 2.909936e+001 1.000002e+000 1.962445e+000
         vertex 2.909743e+001 1.000002e+000 1.924933e+000
         vertex 2.730453e+001 1.000002e+000 3.211182e+000
      endloop
   endfacet
   facet normal 0.000000e+000 1.000000e+000 0.000000e+000
      outer loop
         vertex 2.730453e+001 1.000002e+000 3.211182e+000
         vertex 2.909743e+001 1.000002e+000 1.924933e+000
         vertex 2.909423e+001 1.000002e+000 1.887509e+000
      endloop
   endfacet
   facet normal 0.000000e+000 1.000000e+000 0.000000e+000
      outer loop
         vertex 2.730453e+001 1.000002e+000 3.211182e+000
         vertex 2.909423e+001 1.000002e+000 1.887509e+000
         vertex 2.908975e+001 1.000002e+000 1.850217e+000
      endloop
   endfacet
   facet normal 0.000000e+000 1.000000e+000 0.000000e+000
      outer loop
         vertex 2.908975e+001 1.000002e+000 1.850217e+000
         vertex 2.908401e+001 1.000002e+000 1.813098e+000
         vertex 2.730453e+001 1.000002e+000 3.211182e+000
      endloop
   endfacet
   facet normal 0.000000e+000 1.000000e+000 0.000000e+000
      outer loop
         vertex 2.730453e+001 1.000002e+000 3.211182e+000
         vertex 2.908401e+001 1.000002e+000 1.813098e+000
         vertex 2.907699e+001 1.000002e+000 1.776198e+000
      endloop
   endfacet
   facet normal 0.000000e+000 1.000000e+000 0.000000e+000
      outer loop
         vertex 2.730453e+001 1.000002e+000 3.211182e+000
         vertex 2.907699e+001 1.000002e+000 1.776198e+000
         vertex 2.906872e+001 1.000002e+000 1.739559e+000
      endloop
   endfacet
   facet normal 0.000000e+000 1.000000e+000 0.000000e+000
      outer loop
         vertex 2.906872e+001 1.000002e+000 1.739559e+000
         vertex 2.905921e+001 1.000002e+000 1.703223e+000
         vertex 2.730453e+001 1.000002e+000 3.211182e+000
      endloop
   endfacet
   facet normal 0.000000e+000 1.000000e+000 0.000000e+000
      outer loop
         vertex 2.730453e+001 1.000002e+000 3.211182e+000
         vertex 2.905921e+001 1.000002e+000 1.703223e+000
         vertex 2.904846e+001 1.000002e+000 1.667234e+000
      endloop
   endfacet
   facet normal 0.000000e+000 1.000000e+000 0.000000e+000
      outer loop
         vertex 2.730453e+001 1.000002e+000 3.211182e+000
         vertex 2.904846e+001 1.000002e+000 1.667234e+000
         vertex 2.903649e+001 1.000002e+000 1.631632e+000
      endloop
   endfacet
   facet normal 0.000000e+000 1.000000e+000 0.000000e+000
      outer loop
         vertex 2.831697e+001 1.000002e+000 2.040992e+001
         vertex 2.839905e+001 1.000002e+000 2.029269e+001
         vertex 2.894117e+001 1.000002e+000 1.913011e+001
      endloop
   endfacet
   facet normal 0.000000e+000 1.000000e+000 0.000000e+000
      outer loop
         vertex 2.894117e+001 1.000002e+000 1.913011e+001
         vertex 2.839905e+001 1.000002e+000 2.029269e+001
         vertex 2.847700e+001 1.000002e+000 2.017267e+001
      endloop
   endfacet
   facet normal 0.000000e+000 1.000000e+000 0.000000e+000
      outer loop
         vertex 2.894117e+001 1.000002e+000 1.913011e+001
         vertex 2.847700e+001 1.000002e+000 2.017267e+001
         vertex 2.889933e+001 1.000002e+000 1.926697e+001
      endloop
   endfacet
   facet normal 0.000000e+000 1.000000e+000 0.000000e+000
      outer loop
         vertex 5.000000e+000 1.000002e+000 2.210000e+001
         vertex 1.147260e+000 1.000002e+000 1.940228e+001
         vertex 1.198546e+000 1.000002e+000 1.953589e+001
      endloop
   endfacet
   facet normal 0.000000e+000 1.000000e+000 0.000000e+000
      outer loop
         vertex 3.597717e+000 1.000002e+000 2.185274e+001
         vertex 3.733031e+000 1.000002e+000 2.189933e+001
         vertex 1.600945e+000 1.000002e+000 2.029269e+001
      endloop
   endfacet
   facet normal 0.000000e+000 1.000000e+000 0.000000e+000
      outer loop
         vertex 1.600945e+000 1.000002e+000 2.029269e+001
         vertex 3.733031e+000 1.000002e+000 2.189933e+001
         vertex 3.869886e+000 1.000002e+000 2.194117e+001
      endloop
   endfacet
   facet normal 0.000000e+000 1.000000e+000 0.000000e+000
      outer loop
         vertex 1.600945e+000 1.000002e+000 2.029269e+001
         vertex 3.869886e+000 1.000002e+000 2.194117e+001
         vertex 4.008120e+000 1.000002e+000 2.197821e+001
      endloop
   endfacet
   facet normal 0.000000e+000 1.000000e+000 0.000000e+000
      outer loop
         vertex 9.538373e-001 1.000002e+000 1.660081e+000
         vertex 9.426121e-001 1.000002e+000 1.696799e+000
         vertex 2.707680e+000 1.000002e+000 3.211182e+000
      endloop
   endfacet
   facet normal 0.000000e+000 1.000000e+000 0.000000e+000
      outer loop
         vertex 2.707680e+000 1.000002e+000 3.211182e+000
         vertex 9.426121e-001 1.000002e+000 1.696799e+000
         vertex 9.326749e-001 1.000002e+000 1.733886e+000
      endloop
   endfacet
   facet normal 0.000000e+000 1.000000e+000 0.000000e+000
      outer loop
         vertex 2.707680e+000 1.000002e+000 3.211182e+000
         vertex 9.326749e-001 1.000002e+000 1.733886e+000
         vertex 9.240378e-001 1.000002e+000 1.771297e+000
      endloop
   endfacet
   facet normal 0.000000e+000 1.000000e+000 0.000000e+000
      outer loop
         vertex 9.240378e-001 1.000002e+000 1.771297e+000
         vertex 9.167110e-001 1.000002e+000 1.808987e+000
         vertex 2.707680e+000 1.000002e+000 3.211182e+000
      endloop
   endfacet
   facet normal 0.000000e+000 1.000000e+000 0.000000e+000
      outer loop
         vertex 2.707680e+000 1.000002e+000 3.211182e+000
         vertex 9.167110e-001 1.000002e+000 1.808987e+000
         vertex 9.107050e-001 1.000002e+000 1.846910e+000
      endloop
   endfacet
   facet normal 0.000000e+000 1.000000e+000 0.000000e+000
      outer loop
         vertex 2.707680e+000 1.000002e+000 3.211182e+000
         vertex 9.107050e-001 1.000002e+000 1.846910e+000
         vertex 9.060260e-001 1.000002e+000 1.885019e+000
      endloop
   endfacet
   facet normal 0.000000e+000 1.000000e+000 0.000000e+000
      outer loop
         vertex 9.060260e-001 1.000002e+000 1.885019e+000
         vertex 9.026797e-001 1.000002e+000 1.923268e+000
         vertex 2.707680e+000 1.000002e+000 3.211182e+000
      endloop
   endfacet
   facet normal 0.000000e+000 1.000000e+000 0.000000e+000
      outer loop
         vertex 2.707680e+000 1.000002e+000 3.211182e+000
         vertex 9.026797e-001 1.000002e+000 1.923268e+000
         vertex 9.006699e-001 1.000002e+000 1.961610e+000
      endloop
   endfacet
   facet normal 0.000000e+000 1.000000e+000 0.000000e+000
      outer loop
         vertex 2.707680e+000 1.000002e+000 3.211182e+000
         vertex 9.006699e-001 1.000002e+000 1.961610e+000
         vertex 8.999994e-001 1.000002e+000 2.000000e+000
      endloop
   endfacet
   facet normal 0.000000e+000 1.000000e+000 0.000000e+000
      outer loop
         vertex 2.875081e+001 1.000002e+000 1.196080e+000
         vertex 2.872292e+001 1.000002e+000 1.170916e+000
         vertex 2.730453e+001 1.000002e+000 3.211182e+000
      endloop
   endfacet
   facet normal 0.000000e+000 1.000000e+000 0.000000e+000
      outer loop
         vertex 2.730453e+001 1.000002e+000 3.211182e+000
         vertex 2.872292e+001 1.000002e+000 1.170916e+000
         vertex 2.869420e+001 1.000002e+000 1.146717e+000
      endloop
   endfacet
   facet normal 0.000000e+000 1.000000e+000 0.000000e+000
      outer loop
         vertex 2.730453e+001 1.000002e+000 3.211182e+000
         vertex 2.869420e+001 1.000002e+000 1.146717e+000
         vertex 2.866466e+001 1.000002e+000 1.123514e+000
      endloop
   endfacet
   facet normal 0.000000e+000 1.000000e+000 0.000000e+000
      outer loop
         vertex 1.808987e+000 1.000002e+000 9.167115e-001
         vertex 1.771297e+000 1.000002e+000 9.240373e-001
         vertex 2.707680e+000 1.000002e+000 3.211182e+000
      endloop
   endfacet
   facet normal 0.000000e+000 1.000000e+000 0.000000e+000
      outer loop
         vertex 2.707680e+000 1.000002e+000 3.211182e+000
         vertex 1.771297e+000 1.000002e+000 9.240373e-001
         vertex 1.733886e+000 1.000002e+000 9.326744e-001
      endloop
   endfacet
   facet normal 0.000000e+000 1.000000e+000 0.000000e+000
      outer loop
         vertex 2.707680e+000 1.000002e+000 3.211182e+000
         vertex 1.733886e+000 1.000002e+000 9.326744e-001
         vertex 1.696799e+000 1.000002e+000 9.426121e-001
      endloop
   endfacet
   facet normal 0.000000e+000 1.000000e+000 0.000000e+000
      outer loop
         vertex 1.263957e+000 1.000002e+000 1.182541e+000
         vertex 1.235875e+000 1.000002e+000 1.208726e+000
         vertex 2.707680e+000 1.000002e+000 3.211182e+000
      endloop
   endfacet
   facet normal 0.000000e+000 1.000000e+000 0.000000e+000
      outer loop
         vertex 2.707680e+000 1.000002e+000 3.211182e+000
         vertex 1.235875e+000 1.000002e+000 1.208726e+000
         vertex 1.208726e+000 1.000002e+000 1.235876e+000
      endloop
   endfacet
   facet normal 0.000000e+000 1.000000e+000 0.000000e+000
      outer loop
         vertex 2.707680e+000 1.000002e+000 3.211182e+000
         vertex 1.208726e+000 1.000002e+000 1.235876e+000
         vertex 1.182540e+000 1.000002e+000 1.263956e+000
      endloop
   endfacet
   facet normal 0.000000e+000 1.000000e+000 0.000000e+000
      outer loop
         vertex 1.182540e+000 1.000002e+000 1.263956e+000
         vertex 1.157351e+000 1.000002e+000 1.292934e+000
         vertex 2.707680e+000 1.000002e+000 3.211182e+000
      endloop
   endfacet
   facet normal 0.000000e+000 1.000000e+000 0.000000e+000
      outer loop
         vertex 2.707680e+000 1.000002e+000 3.211182e+000
         vertex 1.157351e+000 1.000002e+000 1.292934e+000
         vertex 1.133188e+000 1.000002e+000 1.322772e+000
      endloop
   endfacet
   facet normal 0.000000e+000 1.000000e+000 0.000000e+000
      outer loop
         vertex 2.707680e+000 1.000002e+000 3.211182e+000
         vertex 1.133188e+000 1.000002e+000 1.322772e+000
         vertex 1.110081e+000 1.000002e+000 1.353436e+000
      endloop
   endfacet
   facet normal 0.000000e+000 1.000000e+000 0.000000e+000
      outer loop
         vertex 1.110081e+000 1.000002e+000 1.353436e+000
         vertex 1.088059e+000 1.000002e+000 1.384888e+000
         vertex 2.707680e+000 1.000002e+000 3.211182e+000
      endloop
   endfacet
   facet normal 0.000000e+000 1.000000e+000 0.000000e+000
      outer loop
         vertex 2.707680e+000 1.000002e+000 3.211182e+000
         vertex 1.088059e+000 1.000002e+000 1.384888e+000
         vertex 1.067147e+000 1.000002e+000 1.417089e+000
      endloop
   endfacet
   facet normal 0.000000e+000 1.000000e+000 0.000000e+000
      outer loop
         vertex 2.707680e+000 1.000002e+000 3.211182e+000
         vertex 1.067147e+000 1.000002e+000 1.417089e+000
         vertex 1.047372e+000 1.000002e+000 1.450000e+000
      endloop
   endfacet
   facet normal 0.000000e+000 1.000000e+000 0.000000e+000
      outer loop
         vertex 2.514309e+001 1.000002e+000 2.209750e+001
         vertex 2.528600e+001 1.000002e+000 2.209001e+001
         vertex 2.910000e+001 1.000002e+000 1.800000e+001
      endloop
   endfacet
   facet normal 0.000000e+000 1.000000e+000 0.000000e+000
      outer loop
         vertex 2.910000e+001 1.000002e+000 1.800000e+001
         vertex 2.528600e+001 1.000002e+000 2.209001e+001
         vertex 2.542857e+001 1.000002e+000 2.207754e+001
      endloop
   endfacet
   facet normal 0.000000e+000 1.000000e+000 0.000000e+000
      outer loop
         vertex 2.910000e+001 1.000002e+000 1.800000e+001
         vertex 2.542857e+001 1.000002e+000 2.207754e+001
         vertex 2.557061e+001 1.000002e+000 2.206010e+001
      endloop
   endfacet
   facet normal 0.000000e+000 1.000000e+000 0.000000e+000
      outer loop
         vertex 2.557061e+001 1.000002e+000 2.206010e+001
         vertex 2.571196e+001 1.000002e+000 2.203771e+001
         vertex 2.910000e+001 1.000002e+000 1.800000e+001
      endloop
   endfacet
   facet normal 0.000000e+000 1.000000e+000 0.000000e+000
      outer loop
         vertex 2.910000e+001 1.000002e+000 1.800000e+001
         vertex 2.571196e+001 1.000002e+000 2.203771e+001
         vertex 2.585244e+001 1.000002e+000 2.201040e+001
      endloop
   endfacet
   facet normal 0.000000e+000 1.000000e+000 0.000000e+000
      outer loop
         vertex 2.910000e+001 1.000002e+000 1.800000e+001
         vertex 2.585244e+001 1.000002e+000 2.201040e+001
         vertex 2.599188e+001 1.000002e+000 2.197821e+001
      endloop
   endfacet
   facet normal 0.000000e+000 1.000000e+000 0.000000e+000
      outer loop
         vertex 2.626697e+001 1.000002e+000 2.189933e+001
         vertex 2.640228e+001 1.000002e+000 2.185274e+001
         vertex 2.910000e+001 1.000002e+000 1.800000e+001
      endloop
   endfacet
   facet normal 0.000000e+000 1.000000e+000 0.000000e+000
      outer loop
         vertex 2.910000e+001 1.000002e+000 1.800000e+001
         vertex 2.640228e+001 1.000002e+000 2.185274e+001
         vertex 2.653589e+001 1.000002e+000 2.180145e+001
      endloop
   endfacet
   facet normal 0.000000e+000 1.000000e+000 0.000000e+000
      outer loop
         vertex 2.910000e+001 1.000002e+000 1.800000e+001
         vertex 2.653589e+001 1.000002e+000 2.180145e+001
         vertex 2.666762e+001 1.000002e+000 2.174554e+001
      endloop
   endfacet
   facet normal 0.000000e+000 1.000000e+000 0.000000e+000
      outer loop
         vertex 2.666762e+001 1.000002e+000 2.174554e+001
         vertex 2.679732e+001 1.000002e+000 2.168506e+001
         vertex 2.910000e+001 1.000002e+000 1.800000e+001
      endloop
   endfacet
   facet normal 0.000000e+000 1.000000e+000 0.000000e+000
      outer loop
         vertex 2.910000e+001 1.000002e+000 1.800000e+001
         vertex 2.679732e+001 1.000002e+000 2.168506e+001
         vertex 2.692483e+001 1.000002e+000 2.162008e+001
      endloop
   endfacet
   facet normal 0.000000e+000 1.000000e+000 0.000000e+000
      outer loop
         vertex 2.910000e+001 1.000002e+000 1.800000e+001
         vertex 2.692483e+001 1.000002e+000 2.162008e+001
         vertex 2.705000e+001 1.000002e+000 2.155070e+001
      endloop
   endfacet
   facet normal 0.000000e+000 1.000000e+000 0.000000e+000
      outer loop
         vertex 2.901040e+001 1.000002e+000 1.885244e+001
         vertex 2.903771e+001 1.000002e+000 1.871196e+001
         vertex 2.823084e+001 1.000002e+000 2.052421e+001
      endloop
   endfacet
   facet normal 0.000000e+000 1.000000e+000 0.000000e+000
      outer loop
         vertex 2.823084e+001 1.000002e+000 2.052421e+001
         vertex 2.903771e+001 1.000002e+000 1.871196e+001
         vertex 2.906010e+001 1.000002e+000 1.857061e+001
      endloop
   endfacet
   facet normal 0.000000e+000 1.000000e+000 0.000000e+000
      outer loop
         vertex 1.198546e+000 1.000002e+000 1.953589e+001
         vertex 1.254464e+000 1.000002e+000 1.966762e+001
         vertex 5.000000e+000 1.000002e+000 2.210000e+001
      endloop
   endfacet
   facet normal 0.000000e+000 1.000000e+000 0.000000e+000
      outer loop
         vertex 5.000000e+000 1.000002e+000 2.210000e+001
         vertex 1.254464e+000 1.000002e+000 1.966762e+001
         vertex 1.314945e+000 1.000002e+000 1.979732e+001
      endloop
   endfacet
   facet normal 0.000000e+000 1.000000e+000 0.000000e+000
      outer loop
         vertex 5.000000e+000 1.000002e+000 2.210000e+001
         vertex 1.314945e+000 1.000002e+000 1.979732e+001
         vertex 1.379915e+000 1.000002e+000 1.992484e+001
      endloop
   endfacet
   facet normal 0.000000e+000 1.000000e+000 0.000000e+000
      outer loop
         vertex 1.449295e+000 1.000002e+000 2.005000e+001
         vertex 1.523003e+000 1.000002e+000 2.017267e+001
         vertex 5.000000e+000 1.000002e+000 2.210000e+001
      endloop
   endfacet
   facet normal 0.000000e+000 1.000000e+000 0.000000e+000
      outer loop
         vertex 5.000000e+000 1.000002e+000 2.210000e+001
         vertex 1.523003e+000 1.000002e+000 2.017267e+001
         vertex 1.600945e+000 1.000002e+000 2.029269e+001
      endloop
   endfacet
   facet normal 0.000000e+000 1.000000e+000 0.000000e+000
      outer loop
         vertex 5.000000e+000 1.000002e+000 2.210000e+001
         vertex 1.600945e+000 1.000002e+000 2.029269e+001
         vertex 4.856912e+000 1.000002e+000 2.209750e+001
      endloop
   endfacet
   facet normal 0.000000e+000 1.000000e+000 0.000000e+000
      outer loop
         vertex 4.856912e+000 1.000002e+000 2.209750e+001
         vertex 1.600945e+000 1.000002e+000 2.029269e+001
         vertex 4.713998e+000 1.000002e+000 2.209001e+001
      endloop
   endfacet
   facet normal 0.000000e+000 1.000000e+000 0.000000e+000
      outer loop
         vertex 2.843824e+001 1.000002e+000 9.910674e-001
         vertex 2.840354e+001 1.000002e+000 9.766938e-001
         vertex 2.730453e+001 1.000002e+000 3.211182e+000
      endloop
   endfacet
   facet normal 0.000000e+000 1.000000e+000 0.000000e+000
      outer loop
         vertex 2.730453e+001 1.000002e+000 3.211182e+000
         vertex 2.840354e+001 1.000002e+000 9.766938e-001
         vertex 2.836837e+001 1.000002e+000 9.635128e-001
      endloop
   endfacet
   facet normal 0.000000e+000 1.000000e+000 0.000000e+000
      outer loop
         vertex 2.730453e+001 1.000002e+000 3.211182e+000
         vertex 2.836837e+001 1.000002e+000 9.635128e-001
         vertex 2.833277e+001 1.000002e+000 9.515406e-001
      endloop
   endfacet
   facet normal 0.000000e+000 1.000000e+000 0.000000e+000
      outer loop
         vertex 2.833277e+001 1.000002e+000 9.515406e-001
         vertex 2.829678e+001 1.000002e+000 9.407909e-001
         vertex 2.730453e+001 1.000002e+000 3.211182e+000
      endloop
   endfacet
   facet normal 0.000000e+000 1.000000e+000 0.000000e+000
      outer loop
         vertex 2.730453e+001 1.000002e+000 3.211182e+000
         vertex 2.829678e+001 1.000002e+000 9.407909e-001
         vertex 2.826044e+001 1.000002e+000 9.312760e-001
      endloop
   endfacet
   facet normal 0.000000e+000 1.000000e+000 0.000000e+000
      outer loop
         vertex 2.730453e+001 1.000002e+000 3.211182e+000
         vertex 2.826044e+001 1.000002e+000 9.312760e-001
         vertex 2.822380e+001 1.000002e+000 9.230072e-001
      endloop
   endfacet
   facet normal 0.000000e+000 1.000000e+000 0.000000e+000
      outer loop
         vertex 1.353436e+000 1.000002e+000 1.110081e+000
         vertex 1.322772e+000 1.000002e+000 1.133188e+000
         vertex 2.707680e+000 1.000002e+000 3.211182e+000
      endloop
   endfacet
   facet normal 0.000000e+000 1.000000e+000 0.000000e+000
      outer loop
         vertex 2.707680e+000 1.000002e+000 3.211182e+000
         vertex 1.322772e+000 1.000002e+000 1.133188e+000
         vertex 1.292934e+000 1.000002e+000 1.157351e+000
      endloop
   endfacet
   facet normal 0.000000e+000 1.000000e+000 0.000000e+000
      outer loop
         vertex 2.707680e+000 1.000002e+000 3.211182e+000
         vertex 1.292934e+000 1.000002e+000 1.157351e+000
         vertex 1.263957e+000 1.000002e+000 1.182541e+000
      endloop
   endfacet
   facet normal 0.000000e+000 1.000000e+000 0.000000e+000
      outer loop
         vertex 2.740992e+001 1.000002e+000 2.131697e+001
         vertex 2.752421e+001 1.000002e+000 2.123084e+001
         vertex 2.910000e+001 1.000002e+000 1.800000e+001
      endloop
   endfacet
   facet normal 0.000000e+000 1.000000e+000 0.000000e+000
      outer loop
         vertex 2.910000e+001 1.000002e+000 1.800000e+001
         vertex 2.752421e+001 1.000002e+000 2.123084e+001
         vertex 2.763543e+001 1.000002e+000 2.114078e+001
      endloop
   endfacet
   facet normal 0.000000e+000 1.000000e+000 0.000000e+000
      outer loop
         vertex 2.910000e+001 1.000002e+000 1.800000e+001
         vertex 2.763543e+001 1.000002e+000 2.114078e+001
         vertex 2.774344e+001 1.000002e+000 2.104689e+001
      endloop
   endfacet
   facet normal 0.000000e+000 1.000000e+000 0.000000e+000
      outer loop
         vertex 2.855070e+001 1.000002e+000 2.005000e+001
         vertex 2.862008e+001 1.000002e+000 1.992484e+001
         vertex 2.880145e+001 1.000002e+000 1.953589e+001
      endloop
   endfacet
   facet normal 0.000000e+000 1.000000e+000 0.000000e+000
      outer loop
         vertex 2.880145e+001 1.000002e+000 1.953589e+001
         vertex 2.862008e+001 1.000002e+000 1.992484e+001
         vertex 2.868505e+001 1.000002e+000 1.979732e+001
      endloop
   endfacet
   facet normal 0.000000e+000 1.000000e+000 0.000000e+000
      outer loop
         vertex 2.880145e+001 1.000002e+000 1.953589e+001
         vertex 2.868505e+001 1.000002e+000 1.979732e+001
         vertex 2.874553e+001 1.000002e+000 1.966762e+001
      endloop
   endfacet
   facet normal 0.000000e+000 1.000000e+000 0.000000e+000
      outer loop
         vertex 2.855070e+001 1.000002e+000 2.005000e+001
         vertex 2.880145e+001 1.000002e+000 1.953589e+001
         vertex 2.847700e+001 1.000002e+000 2.017267e+001
      endloop
   endfacet
   facet normal 0.000000e+000 1.000000e+000 0.000000e+000
      outer loop
         vertex 2.847700e+001 1.000002e+000 2.017267e+001
         vertex 2.880145e+001 1.000002e+000 1.953589e+001
         vertex 2.885274e+001 1.000002e+000 1.940228e+001
      endloop
   endfacet
   facet normal 0.000000e+000 1.000000e+000 0.000000e+000
      outer loop
         vertex 2.847700e+001 1.000002e+000 2.017267e+001
         vertex 2.885274e+001 1.000002e+000 1.940228e+001
         vertex 2.889933e+001 1.000002e+000 1.926697e+001
      endloop
   endfacet
   facet normal 0.000000e+000 1.000000e+000 0.000000e+000
      outer loop
         vertex 2.831697e+001 1.000002e+000 2.040992e+001
         vertex 2.894117e+001 1.000002e+000 1.913011e+001
         vertex 2.823084e+001 1.000002e+000 2.052421e+001
      endloop
   endfacet
   facet normal 0.000000e+000 1.000000e+000 0.000000e+000
      outer loop
         vertex 2.823084e+001 1.000002e+000 2.052421e+001
         vertex 2.894117e+001 1.000002e+000 1.913011e+001
         vertex 2.897821e+001 1.000002e+000 1.899188e+001
      endloop
   endfacet
   facet normal 0.000000e+000 1.000000e+000 0.000000e+000
      outer loop
         vertex 2.823084e+001 1.000002e+000 2.052421e+001
         vertex 2.897821e+001 1.000002e+000 1.899188e+001
         vertex 2.901040e+001 1.000002e+000 1.885244e+001
      endloop
   endfacet
   facet normal 0.000000e+000 1.000000e+000 0.000000e+000
      outer loop
         vertex 2.906010e+001 1.000002e+000 1.857061e+001
         vertex 2.907754e+001 1.000002e+000 1.842857e+001
         vertex 2.823084e+001 1.000002e+000 2.052421e+001
      endloop
   endfacet
   facet normal 0.000000e+000 1.000000e+000 0.000000e+000
      outer loop
         vertex 2.823084e+001 1.000002e+000 2.052421e+001
         vertex 2.907754e+001 1.000002e+000 1.842857e+001
         vertex 2.909001e+001 1.000002e+000 1.828600e+001
      endloop
   endfacet
   facet normal 0.000000e+000 1.000000e+000 0.000000e+000
      outer loop
         vertex 2.823084e+001 1.000002e+000 2.052421e+001
         vertex 2.909001e+001 1.000002e+000 1.828600e+001
         vertex 2.909750e+001 1.000002e+000 1.814309e+001
      endloop
   endfacet
   facet normal 0.000000e+000 1.000000e+000 0.000000e+000
      outer loop
         vertex 9.024972e-001 1.000002e+000 1.814309e+001
         vertex 9.099869e-001 1.000002e+000 1.828600e+001
         vertex 5.000000e+000 1.000002e+000 2.210000e+001
      endloop
   endfacet
   facet normal 0.000000e+000 1.000000e+000 0.000000e+000
      outer loop
         vertex 5.000000e+000 1.000002e+000 2.210000e+001
         vertex 9.099869e-001 1.000002e+000 1.828600e+001
         vertex 9.224601e-001 1.000002e+000 1.842857e+001
      endloop
   endfacet
   facet normal 0.000000e+000 1.000000e+000 0.000000e+000
      outer loop
         vertex 5.000000e+000 1.000002e+000 2.210000e+001
         vertex 9.224601e-001 1.000002e+000 1.842857e+001
         vertex 9.399010e-001 1.000002e+000 1.857061e+001
      endloop
   endfacet
   facet normal 0.000000e+000 1.000000e+000 0.000000e+000
      outer loop
         vertex 9.399010e-001 1.000002e+000 1.857061e+001
         vertex 9.622881e-001 1.000002e+000 1.871196e+001
         vertex 5.000000e+000 1.000002e+000 2.210000e+001
      endloop
   endfacet
   facet normal 0.000000e+000 1.000000e+000 0.000000e+000
      outer loop
         vertex 5.000000e+000 1.000002e+000 2.210000e+001
         vertex 9.622881e-001 1.000002e+000 1.871196e+001
         vertex 9.895945e-001 1.000002e+000 1.885244e+001
      endloop
   endfacet
   facet normal 0.000000e+000 1.000000e+000 0.000000e+000
      outer loop
         vertex 5.000000e+000 1.000002e+000 2.210000e+001
         vertex 9.895945e-001 1.000002e+000 1.885244e+001
         vertex 1.021788e+000 1.000002e+000 1.899188e+001
      endloop
   endfacet
   facet normal 0.000000e+000 1.000000e+000 0.000000e+000
      outer loop
         vertex 1.021788e+000 1.000002e+000 1.899188e+001
         vertex 1.058827e+000 1.000002e+000 1.913011e+001
         vertex 5.000000e+000 1.000002e+000 2.210000e+001
      endloop
   endfacet
   facet normal 0.000000e+000 1.000000e+000 0.000000e+000
      outer loop
         vertex 5.000000e+000 1.000002e+000 2.210000e+001
         vertex 1.058827e+000 1.000002e+000 1.913011e+001
         vertex 1.100668e+000 1.000002e+000 1.926697e+001
      endloop
   endfacet
   facet normal 0.000000e+000 1.000000e+000 0.000000e+000
      outer loop
         vertex 5.000000e+000 1.000002e+000 2.210000e+001
         vertex 1.100668e+000 1.000002e+000 1.926697e+001
         vertex 1.147260e+000 1.000002e+000 1.940228e+001
      endloop
   endfacet
   facet normal 0.000000e+000 1.000000e+000 0.000000e+000
      outer loop
         vertex 1.769155e+000 1.000002e+000 2.052421e+001
         vertex 2.590080e+000 1.000002e+000 2.131697e+001
         vertex 1.683030e+000 1.000002e+000 2.040992e+001
      endloop
   endfacet
   facet normal 0.000000e+000 1.000000e+000 0.000000e+000
      outer loop
         vertex 1.683030e+000 1.000002e+000 2.040992e+001
         vertex 2.590080e+000 1.000002e+000 2.131697e+001
         vertex 1.600945e+000 1.000002e+000 2.029269e+001
      endloop
   endfacet
   facet normal 0.000000e+000 1.000000e+000 0.000000e+000
      outer loop
         vertex 1.769155e+000 1.000002e+000 2.052421e+001
         vertex 1.859218e+000 1.000002e+000 2.063543e+001
         vertex 2.590080e+000 1.000002e+000 2.131697e+001
      endloop
   endfacet
   facet normal 0.000000e+000 1.000000e+000 0.000000e+000
      outer loop
         vertex 2.590080e+000 1.000002e+000 2.131697e+001
         vertex 1.859218e+000 1.000002e+000 2.063543e+001
         vertex 1.953106e+000 1.000002e+000 2.074343e+001
      endloop
   endfacet
   facet normal 0.000000e+000 1.000000e+000 0.000000e+000
      outer loop
         vertex 2.590080e+000 1.000002e+000 2.131697e+001
         vertex 1.953106e+000 1.000002e+000 2.074343e+001
         vertex 2.475788e+000 1.000002e+000 2.123084e+001
      endloop
   endfacet
   facet normal 0.000000e+000 1.000000e+000 0.000000e+000
      outer loop
         vertex 2.590080e+000 1.000002e+000 2.131697e+001
         vertex 2.707309e+000 1.000002e+000 2.139906e+001
         vertex 1.600945e+000 1.000002e+000 2.029269e+001
      endloop
   endfacet
   facet normal 0.000000e+000 1.000000e+000 0.000000e+000
      outer loop
         vertex 1.600945e+000 1.000002e+000 2.029269e+001
         vertex 2.707309e+000 1.000002e+000 2.139906e+001
         vertex 2.827331e+000 1.000002e+000 2.147700e+001
      endloop
   endfacet
   facet normal 0.000000e+000 1.000000e+000 0.000000e+000
      outer loop
         vertex 1.600945e+000 1.000002e+000 2.029269e+001
         vertex 2.827331e+000 1.000002e+000 2.147700e+001
         vertex 2.950000e+000 1.000002e+000 2.155070e+001
      endloop
   endfacet
   facet normal 0.000000e+000 1.000000e+000 0.000000e+000
      outer loop
         vertex 4.288042e+000 1.000002e+000 2.203771e+001
         vertex 4.429390e+000 1.000002e+000 2.206010e+001
         vertex 1.600945e+000 1.000002e+000 2.029269e+001
      endloop
   endfacet
   facet normal 0.000000e+000 1.000000e+000 0.000000e+000
      outer loop
         vertex 1.600945e+000 1.000002e+000 2.029269e+001
         vertex 4.429390e+000 1.000002e+000 2.206010e+001
         vertex 4.571433e+000 1.000002e+000 2.207754e+001
      endloop
   endfacet
   facet normal 0.000000e+000 1.000000e+000 0.000000e+000
      outer loop
         vertex 1.600945e+000 1.000002e+000 2.029269e+001
         vertex 4.571433e+000 1.000002e+000 2.207754e+001
         vertex 4.713998e+000 1.000002e+000 2.209001e+001
      endloop
   endfacet
   facet normal 0.000000e+000 1.000000e+000 0.000000e+000
      outer loop
         vertex 2.822380e+001 1.000002e+000 9.230072e-001
         vertex 2.818690e+001 1.000002e+000 9.159944e-001
         vertex 2.730453e+001 1.000002e+000 3.211182e+000
      endloop
   endfacet
   facet normal 0.000000e+000 1.000000e+000 0.000000e+000
      outer loop
         vertex 2.730453e+001 1.000002e+000 3.211182e+000
         vertex 2.818690e+001 1.000002e+000 9.159944e-001
         vertex 2.814978e+001 1.000002e+000 9.102454e-001
      endloop
   endfacet
   facet normal 0.000000e+000 1.000000e+000 0.000000e+000
      outer loop
         vertex 2.730453e+001 1.000002e+000 3.211182e+000
         vertex 2.814978e+001 1.000002e+000 9.102454e-001
         vertex 2.811249e+001 1.000002e+000 9.057671e-001
      endloop
   endfacet
   facet normal 0.000000e+000 1.000000e+000 0.000000e+000
      outer loop
         vertex 1.696799e+000 1.000002e+000 9.426121e-001
         vertex 1.660081e+000 1.000002e+000 9.538378e-001
         vertex 2.707680e+000 1.000002e+000 3.211182e+000
      endloop
   endfacet
   facet normal 0.000000e+000 1.000000e+000 0.000000e+000
      outer loop
         vertex 2.707680e+000 1.000002e+000 3.211182e+000
         vertex 1.660081e+000 1.000002e+000 9.538378e-001
         vertex 1.623778e+000 1.000002e+000 9.663380e-001
      endloop
   endfacet
   facet normal 0.000000e+000 1.000000e+000 0.000000e+000
      outer loop
         vertex 2.707680e+000 1.000002e+000 3.211182e+000
         vertex 1.623778e+000 1.000002e+000 9.663380e-001
         vertex 1.587933e+000 1.000002e+000 9.800978e-001
      endloop
   endfacet
   facet normal 0.000000e+000 1.000000e+000 0.000000e+000
      outer loop
         vertex 2.705000e+001 1.000002e+000 2.155070e+001
         vertex 2.717267e+001 1.000002e+000 2.147700e+001
         vertex 2.910000e+001 1.000002e+000 1.800000e+001
      endloop
   endfacet
   facet normal 0.000000e+000 1.000000e+000 0.000000e+000
      outer loop
         vertex 2.910000e+001 1.000002e+000 1.800000e+001
         vertex 2.717267e+001 1.000002e+000 2.147700e+001
         vertex 2.729269e+001 1.000002e+000 2.139906e+001
      endloop
   endfacet
   facet normal 0.000000e+000 1.000000e+000 0.000000e+000
      outer loop
         vertex 2.910000e+001 1.000002e+000 1.800000e+001
         vertex 2.729269e+001 1.000002e+000 2.139906e+001
         vertex 2.740992e+001 1.000002e+000 2.131697e+001
      endloop
   endfacet
   facet normal 0.000000e+000 1.000000e+000 0.000000e+000
      outer loop
         vertex 2.774344e+001 1.000002e+000 2.104689e+001
         vertex 2.784810e+001 1.000002e+000 2.094929e+001
         vertex 2.910000e+001 1.000002e+000 1.800000e+001
      endloop
   endfacet
   facet normal 0.000000e+000 1.000000e+000 0.000000e+000
      outer loop
         vertex 2.910000e+001 1.000002e+000 1.800000e+001
         vertex 2.784810e+001 1.000002e+000 2.094929e+001
         vertex 2.794929e+001 1.000002e+000 2.084810e+001
      endloop
   endfacet
   facet normal 0.000000e+000 1.000000e+000 0.000000e+000
      outer loop
         vertex 2.910000e+001 1.000002e+000 1.800000e+001
         vertex 2.794929e+001 1.000002e+000 2.084810e+001
         vertex 2.804689e+001 1.000002e+000 2.074343e+001
      endloop
   endfacet
   facet normal 0.000000e+000 1.000000e+000 0.000000e+000
      outer loop
         vertex 2.950000e+000 1.000002e+000 2.155070e+001
         vertex 3.075167e+000 1.000002e+000 2.162008e+001
         vertex 1.600945e+000 1.000002e+000 2.029269e+001
      endloop
   endfacet
   facet normal 0.000000e+000 1.000000e+000 0.000000e+000
      outer loop
         vertex 1.600945e+000 1.000002e+000 2.029269e+001
         vertex 3.075167e+000 1.000002e+000 2.162008e+001
         vertex 3.202678e+000 1.000002e+000 2.168506e+001
      endloop
   endfacet
   facet normal 0.000000e+000 1.000000e+000 0.000000e+000
      outer loop
         vertex 1.600945e+000 1.000002e+000 2.029269e+001
         vertex 3.202678e+000 1.000002e+000 2.168506e+001
         vertex 3.332379e+000 1.000002e+000 2.174554e+001
      endloop
   endfacet
   facet normal 0.000000e+000 1.000000e+000 0.000000e+000
      outer loop
         vertex 1.587933e+000 1.000002e+000 9.800978e-001
         vertex 1.552589e+000 1.000002e+000 9.951000e-001
         vertex 2.707680e+000 1.000002e+000 3.211182e+000
      endloop
   endfacet
   facet normal 0.000000e+000 1.000000e+000 0.000000e+000
      outer loop
         vertex 2.707680e+000 1.000002e+000 3.211182e+000
         vertex 1.552589e+000 1.000002e+000 9.951000e-001
         vertex 1.517791e+000 1.000002e+000 1.011326e+000
      endloop
   endfacet
   facet normal 0.000000e+000 1.000000e+000 0.000000e+000
      outer loop
         vertex 2.707680e+000 1.000002e+000 3.211182e+000
         vertex 1.517791e+000 1.000002e+000 1.011326e+000
         vertex 1.483581e+000 1.000002e+000 1.028758e+000
      endloop
   endfacet
   facet normal 0.000000e+000 1.000000e+000 0.000000e+000
      outer loop
         vertex 1.483581e+000 1.000002e+000 1.028758e+000
         vertex 1.449999e+000 1.000002e+000 1.047372e+000
         vertex 2.707680e+000 1.000002e+000 3.211182e+000
      endloop
   endfacet
   facet normal 0.000000e+000 1.000000e+000 0.000000e+000
      outer loop
         vertex 2.707680e+000 1.000002e+000 3.211182e+000
         vertex 1.449999e+000 1.000002e+000 1.047372e+000
         vertex 1.417088e+000 1.000002e+000 1.067147e+000
      endloop
   endfacet
   facet normal 0.000000e+000 1.000000e+000 0.000000e+000
      outer loop
         vertex 2.707680e+000 1.000002e+000 3.211182e+000
         vertex 1.417088e+000 1.000002e+000 1.067147e+000
         vertex 1.384888e+000 1.000002e+000 1.088059e+000
      endloop
   endfacet
   facet normal 0.000000e+000 1.000000e+000 0.000000e+000
      outer loop
         vertex 1.953106e+000 1.000002e+000 2.074343e+001
         vertex 2.050706e+000 1.000002e+000 2.084810e+001
         vertex 2.475788e+000 1.000002e+000 2.123084e+001
      endloop
   endfacet
   facet normal 0.000000e+000 1.000000e+000 0.000000e+000
      outer loop
         vertex 2.475788e+000 1.000002e+000 2.123084e+001
         vertex 2.050706e+000 1.000002e+000 2.084810e+001
         vertex 2.151900e+000 1.000002e+000 2.094929e+001
      endloop
   endfacet
   facet normal 0.000000e+000 1.000000e+000 0.000000e+000
      outer loop
         vertex 2.475788e+000 1.000002e+000 2.123084e+001
         vertex 2.151900e+000 1.000002e+000 2.094929e+001
         vertex 2.364570e+000 1.000002e+000 2.114078e+001
      endloop
   endfacet
   facet normal 0.000000e+000 1.000000e+000 0.000000e+000
      outer loop
         vertex 2.364570e+000 1.000002e+000 2.114078e+001
         vertex 2.151900e+000 1.000002e+000 2.094929e+001
         vertex 2.256564e+000 1.000002e+000 2.104689e+001
      endloop
   endfacet
   facet normal -1.000000e+000 0.000000e+000 0.000000e+000
      outer loop
         vertex 2.910000e+001 1.000002e+000 2.000000e+000
         vertex 2.910000e+001 1.000002e+000 4.136537e+000
         vertex 2.910000e+001 1.100000e+001 4.136537e+000
      endloop
   endfacet
   facet normal -1.000000e+000 0.000000e+000 0.000000e+000
      outer loop
         vertex 2.910000e+001 1.000002e+000 7.550125e+000
         vertex 2.910000e+001 1.000002e+000 1.800000e+001
         vertex 2.910000e+001 1.100000e+001 7.550125e+000
      endloop
   endfacet
   facet normal -1.000000e+000 0.000000e+000 0.000000e+000
      outer loop
         vertex 2.910000e+001 1.100000e+001 7.550125e+000
         vertex 2.910000e+001 1.000002e+000 1.800000e+001
         vertex 2.910000e+001 6.100000e+001 1.800000e+001
      endloop
   endfacet
   facet normal -1.000000e+000 0.000000e+000 0.000000e+000
      outer loop
         vertex 2.910000e+001 1.100000e+001 7.550125e+000
         vertex 2.910000e+001 6.100000e+001 1.800000e+001
         vertex 2.910000e+001 1.100000e+001 4.136537e+000
      endloop
   endfacet
   facet normal -1.000000e+000 0.000000e+000 0.000000e+000
      outer loop
         vertex 2.910000e+001 1.100000e+001 4.136537e+000
         vertex 2.910000e+001 6.100000e+001 1.800000e+001
         vertex 2.910000e+001 6.100000e+001 2.000000e+000
      endloop
   endfacet
   facet normal -1.000000e+000 0.000000e+000 0.000000e+000
      outer loop
         vertex 2.910000e+001 1.100000e+001 4.136537e+000
         vertex 2.910000e+001 6.100000e+001 2.000000e+000
         vertex 2.910000e+001 1.000002e+000 2.000000e+000
      endloop
   endfacet
   facet normal 0.000000e+000 0.000000e+000 -1.000000e+000
      outer loop
         vertex 2.730453e+001 6.000005e+000 5.196330e+000
         vertex 2.730453e+001 1.000002e+000 5.196330e+000
         vertex 2.707680e+000 6.000005e+000 5.196330e+000
      endloop
   endfacet
   facet normal 0.000000e+000 0.000000e+000 -1.000000e+000
      outer loop
         vertex 2.707680e+000 6.000005e+000 5.196330e+000
         vertex 2.730453e+001 1.000002e+000 5.196330e+000
         vertex 2.707680e+000 1.000002e+000 5.196330e+000
      endloop
   endfacet
   facet normal 0.000000e+000 0.000000e+000 1.000000e+000
      outer loop
         vertex 2.730453e+001 6.000005e+000 6.995909e+000
         vertex 2.707680e+000 6.000005e+000 6.995909e+000
         vertex 2.730453e+001 1.000002e+000 6.995909e+000
      endloop
   endfacet
   facet normal 0.000000e+000 0.000000e+000 1.000000e+000
      outer loop
         vertex 2.730453e+001 1.000002e+000 6.995909e+000
         vertex 2.707680e+000 6.000005e+000 6.995909e+000
         vertex 2.707680e+000 1.000002e+000 6.995909e+000
      endloop
   endfacet
   facet normal 1.000000e+000 0.000000e+000 0.000000e+000
      outer loop
         vertex 2.730453e+001 1.000002e+000 3.211182e+000
         vertex 2.730453e+001 6.000005e+000 3.211182e+000
         vertex 2.730453e+001 1.000002e+000 4.164847e+000
      endloop
   endfacet
   facet normal 1.000000e+000 0.000000e+000 0.000000e+000
      outer loop
         vertex 2.730453e+001 1.000002e+000 4.164847e+000
         vertex 2.730453e+001 6.000005e+000 3.211182e+000
         vertex 2.730453e+001 6.000005e+000 4.164847e+000
      endloop
   endfacet
   facet normal 0.000000e+000 0.000000e+000 1.000000e+000
      outer loop
         vertex 2.730453e+001 6.000005e+000 4.196341e+000
         vertex 2.707680e+000 6.000005e+000 4.196341e+000
         vertex 2.730453e+001 1.000002e+000 4.196341e+000
      endloop
   endfacet
   facet normal 0.000000e+000 0.000000e+000 1.000000e+000
      outer loop
         vertex 2.730453e+001 1.000002e+000 4.196341e+000
         vertex 2.707680e+000 6.000005e+000 4.196341e+000
         vertex 2.707680e+000 1.000002e+000 4.196341e+000
      endloop
   endfacet
   facet normal 0.000000e+000 1.000000e+000 0.000000e+000
      outer loop
         vertex 3.597717e+000 6.100000e+001 2.185274e+001
         vertex 3.289899e+000 6.100000e+001 2.269846e+001
         vertex 3.733031e+000 6.100000e+001 2.189933e+001
      endloop
   endfacet
   facet normal 0.000000e+000 1.000000e+000 0.000000e+000
      outer loop
         vertex 3.733031e+000 6.100000e+001 2.189933e+001
         vertex 3.289899e+000 6.100000e+001 2.269846e+001
         vertex 3.454914e+000 6.100000e+001 2.275528e+001
      endloop
   endfacet
   facet normal 0.000000e+000 1.000000e+000 0.000000e+000
      outer loop
         vertex 3.733031e+000 6.100000e+001 2.189933e+001
         vertex 3.454914e+000 6.100000e+001 2.275528e+001
         vertex 3.869886e+000 6.100000e+001 2.194117e+001
      endloop
   endfacet
   facet normal 0.000000e+000 1.000000e+000 0.000000e+000
      outer loop
         vertex 3.869886e+000 6.100000e+001 2.194117e+001
         vertex 3.454914e+000 6.100000e+001 2.275528e+001
         vertex 3.621813e+000 6.100000e+001 2.280631e+001
      endloop
   endfacet
   facet normal 0.000000e+000 1.000000e+000 0.000000e+000
      outer loop
         vertex 3.869886e+000 6.100000e+001 2.194117e+001
         vertex 3.621813e+000 6.100000e+001 2.280631e+001
         vertex 4.008120e+000 6.100000e+001 2.197821e+001
      endloop
   endfacet
   facet normal 0.000000e+000 1.000000e+000 0.000000e+000
      outer loop
         vertex 4.008120e+000 6.100000e+001 2.197821e+001
         vertex 3.621813e+000 6.100000e+001 2.280631e+001
         vertex 3.790391e+000 6.100000e+001 2.285148e+001
      endloop
   endfacet
   facet normal 0.000000e+000 1.000000e+000 0.000000e+000
      outer loop
         vertex 4.008120e+000 6.100000e+001 2.197821e+001
         vertex 3.790391e+000 6.100000e+001 2.285148e+001
         vertex 4.147562e+000 6.100000e+001 2.201040e+001
      endloop
   endfacet
   facet normal 0.000000e+000 1.000000e+000 0.000000e+000
      outer loop
         vertex 4.147562e+000 6.100000e+001 2.201040e+001
         vertex 3.790391e+000 6.100000e+001 2.285148e+001
         vertex 3.960441e+000 6.100000e+001 2.289074e+001
      endloop
   endfacet
   facet normal 0.000000e+000 1.000000e+000 0.000000e+000
      outer loop
         vertex 4.147562e+000 6.100000e+001 2.201040e+001
         vertex 3.960441e+000 6.100000e+001 2.289074e+001
         vertex 4.288042e+000 6.100000e+001 2.203771e+001
      endloop
   endfacet
   facet normal 0.000000e+000 1.000000e+000 0.000000e+000
      outer loop
         vertex 4.288042e+000 6.100000e+001 2.203771e+001
         vertex 3.960441e+000 6.100000e+001 2.289074e+001
         vertex 4.131759e+000 6.100000e+001 2.292404e+001
      endloop
   endfacet
   facet normal 0.000000e+000 1.000000e+000 0.000000e+000
      outer loop
         vertex 4.288042e+000 6.100000e+001 2.203771e+001
         vertex 4.131759e+000 6.100000e+001 2.292404e+001
         vertex 4.429390e+000 6.100000e+001 2.206010e+001
      endloop
   endfacet
   facet normal 0.000000e+000 1.000000e+000 0.000000e+000
      outer loop
         vertex 4.429390e+000 6.100000e+001 2.206010e+001
         vertex 4.131759e+000 6.100000e+001 2.292404e+001
         vertex 4.304134e+000 6.100000e+001 2.295134e+001
      endloop
   endfacet
   facet normal 0.000000e+000 1.000000e+000 0.000000e+000
      outer loop
         vertex 4.429390e+000 6.100000e+001 2.206010e+001
         vertex 4.304134e+000 6.100000e+001 2.295134e+001
         vertex 4.571433e+000 6.100000e+001 2.207754e+001
      endloop
   endfacet
   facet normal 0.000000e+000 1.000000e+000 0.000000e+000
      outer loop
         vertex 4.571433e+000 6.100000e+001 2.207754e+001
         vertex 4.304134e+000 6.100000e+001 2.295134e+001
         vertex 4.477357e+000 6.100000e+001 2.297261e+001
      endloop
   endfacet
   facet normal 0.000000e+000 1.000000e+000 0.000000e+000
      outer loop
         vertex 4.571433e+000 6.100000e+001 2.207754e+001
         vertex 4.477357e+000 6.100000e+001 2.297261e+001
         vertex 4.713998e+000 6.100000e+001 2.209001e+001
      endloop
   endfacet
   facet normal 0.000000e+000 1.000000e+000 0.000000e+000
      outer loop
         vertex 4.713998e+000 6.100000e+001 2.209001e+001
         vertex 4.477357e+000 6.100000e+001 2.297261e+001
         vertex 4.651218e+000 6.100000e+001 2.298782e+001
      endloop
   endfacet
   facet normal 0.000000e+000 1.000000e+000 0.000000e+000
      outer loop
         vertex 4.713998e+000 6.100000e+001 2.209001e+001
         vertex 4.651218e+000 6.100000e+001 2.298782e+001
         vertex 4.856912e+000 6.100000e+001 2.209750e+001
      endloop
   endfacet
   facet normal 0.000000e+000 1.000000e+000 0.000000e+000
      outer loop
         vertex 4.856912e+000 6.100000e+001 2.209750e+001
         vertex 4.651218e+000 6.100000e+001 2.298782e+001
         vertex 4.825502e+000 6.100000e+001 2.299695e+001
      endloop
   endfacet
   facet normal 0.000000e+000 1.000000e+000 0.000000e+000
      outer loop
         vertex 4.856912e+000 6.100000e+001 2.209750e+001
         vertex 4.825502e+000 6.100000e+001 2.299695e+001
         vertex 5.000000e+000 6.100000e+001 2.210000e+001
      endloop
   endfacet
   facet normal 0.000000e+000 1.000000e+000 0.000000e+000
      outer loop
         vertex 5.000000e+000 6.100000e+001 2.210000e+001
         vertex 4.825502e+000 6.100000e+001 2.299695e+001
         vertex 5.000000e+000 6.100000e+001 2.300000e+001
      endloop
   endfacet
   facet normal 0.000000e+000 1.000000e+000 0.000000e+000
      outer loop
         vertex 5.000000e+000 6.100000e+001 2.210000e+001
         vertex 5.000000e+000 6.100000e+001 2.300000e+001
         vertex 2.500000e+001 6.100000e+001 2.210000e+001
      endloop
   endfacet
   facet normal 0.000000e+000 1.000000e+000 0.000000e+000
      outer loop
         vertex 2.500000e+001 6.100000e+001 2.210000e+001
         vertex 5.000000e+000 6.100000e+001 2.300000e+001
         vertex 2.500000e+001 6.100000e+001 2.300000e+001
      endloop
   endfacet
   facet normal 0.000000e+000 1.000000e+000 0.000000e+000
      outer loop
         vertex 2.500000e+001 6.100000e+001 2.210000e+001
         vertex 2.500000e+001 6.100000e+001 2.300000e+001
         vertex 2.514309e+001 6.100000e+001 2.209750e+001
      endloop
   endfacet
   facet normal 0.000000e+000 1.000000e+000 0.000000e+000
      outer loop
         vertex 2.514309e+001 6.100000e+001 2.209750e+001
         vertex 2.500000e+001 6.100000e+001 2.300000e+001
         vertex 2.517450e+001 6.100000e+001 2.299695e+001
      endloop
   endfacet
   facet normal 0.000000e+000 1.000000e+000 0.000000e+000
      outer loop
         vertex 2.514309e+001 6.100000e+001 2.209750e+001
         vertex 2.517450e+001 6.100000e+001 2.299695e+001
         vertex 2.528600e+001 6.100000e+001 2.209001e+001
      endloop
   endfacet
   facet normal 0.000000e+000 1.000000e+000 0.000000e+000
      outer loop
         vertex 2.528600e+001 6.100000e+001 2.209001e+001
         vertex 2.517450e+001 6.100000e+001 2.299695e+001
         vertex 2.534878e+001 6.100000e+001 2.298782e+001
      endloop
   endfacet
   facet normal 0.000000e+000 1.000000e+000 0.000000e+000
      outer loop
         vertex 2.528600e+001 6.100000e+001 2.209001e+001
         vertex 2.534878e+001 6.100000e+001 2.298782e+001
         vertex 2.542857e+001 6.100000e+001 2.207754e+001
      endloop
   endfacet
   facet normal 0.000000e+000 1.000000e+000 0.000000e+000
      outer loop
         vertex 2.542857e+001 6.100000e+001 2.207754e+001
         vertex 2.534878e+001 6.100000e+001 2.298782e+001
         vertex 2.552264e+001 6.100000e+001 2.297261e+001
      endloop
   endfacet
   facet normal 0.000000e+000 1.000000e+000 0.000000e+000
      outer loop
         vertex 2.542857e+001 6.100000e+001 2.207754e+001
         vertex 2.552264e+001 6.100000e+001 2.297261e+001
         vertex 2.557061e+001 6.100000e+001 2.206010e+001
      endloop
   endfacet
   facet normal 0.000000e+000 1.000000e+000 0.000000e+000
      outer loop
         vertex 2.557061e+001 6.100000e+001 2.206010e+001
         vertex 2.552264e+001 6.100000e+001 2.297261e+001
         vertex 2.569586e+001 6.100000e+001 2.295134e+001
      endloop
   endfacet
   facet normal 0.000000e+000 1.000000e+000 0.000000e+000
      outer loop
         vertex 2.557061e+001 6.100000e+001 2.206010e+001
         vertex 2.569586e+001 6.100000e+001 2.295134e+001
         vertex 2.571196e+001 6.100000e+001 2.203771e+001
      endloop
   endfacet
   facet normal 0.000000e+000 1.000000e+000 0.000000e+000
      outer loop
         vertex 2.571196e+001 6.100000e+001 2.203771e+001
         vertex 2.569586e+001 6.100000e+001 2.295134e+001
         vertex 2.586824e+001 6.100000e+001 2.292404e+001
      endloop
   endfacet
   facet normal 0.000000e+000 1.000000e+000 0.000000e+000
      outer loop
         vertex 2.571196e+001 6.100000e+001 2.203771e+001
         vertex 2.586824e+001 6.100000e+001 2.292404e+001
         vertex 2.585244e+001 6.100000e+001 2.201040e+001
      endloop
   endfacet
   facet normal 0.000000e+000 1.000000e+000 0.000000e+000
      outer loop
         vertex 2.585244e+001 6.100000e+001 2.201040e+001
         vertex 2.586824e+001 6.100000e+001 2.292404e+001
         vertex 2.603956e+001 6.100000e+001 2.289074e+001
      endloop
   endfacet
   facet normal 0.000000e+000 1.000000e+000 0.000000e+000
      outer loop
         vertex 2.585244e+001 6.100000e+001 2.201040e+001
         vertex 2.603956e+001 6.100000e+001 2.289074e+001
         vertex 2.599188e+001 6.100000e+001 2.197821e+001
      endloop
   endfacet
   facet normal 0.000000e+000 1.000000e+000 0.000000e+000
      outer loop
         vertex 2.599188e+001 6.100000e+001 2.197821e+001
         vertex 2.603956e+001 6.100000e+001 2.289074e+001
         vertex 2.620961e+001 6.100000e+001 2.285148e+001
      endloop
   endfacet
   facet normal 0.000000e+000 1.000000e+000 0.000000e+000
      outer loop
         vertex 2.599188e+001 6.100000e+001 2.197821e+001
         vertex 2.620961e+001 6.100000e+001 2.285148e+001
         vertex 2.613011e+001 6.100000e+001 2.194117e+001
      endloop
   endfacet
   facet normal 0.000000e+000 1.000000e+000 0.000000e+000
      outer loop
         vertex 2.613011e+001 6.100000e+001 2.194117e+001
         vertex 2.620961e+001 6.100000e+001 2.285148e+001
         vertex 2.637819e+001 6.100000e+001 2.280631e+001
      endloop
   endfacet
   facet normal 0.000000e+000 1.000000e+000 0.000000e+000
      outer loop
         vertex 2.613011e+001 6.100000e+001 2.194117e+001
         vertex 2.637819e+001 6.100000e+001 2.280631e+001
         vertex 2.626697e+001 6.100000e+001 2.189933e+001
      endloop
   endfacet
   facet normal 0.000000e+000 1.000000e+000 0.000000e+000
      outer loop
         vertex 2.626697e+001 6.100000e+001 2.189933e+001
         vertex 2.637819e+001 6.100000e+001 2.280631e+001
         vertex 2.654509e+001 6.100000e+001 2.275528e+001
      endloop
   endfacet
   facet normal 0.000000e+000 1.000000e+000 0.000000e+000
      outer loop
         vertex 2.626697e+001 6.100000e+001 2.189933e+001
         vertex 2.654509e+001 6.100000e+001 2.275528e+001
         vertex 2.640228e+001 6.100000e+001 2.185274e+001
      endloop
   endfacet
   facet normal 0.000000e+000 1.000000e+000 0.000000e+000
      outer loop
         vertex 2.640228e+001 6.100000e+001 2.185274e+001
         vertex 2.654509e+001 6.100000e+001 2.275528e+001
         vertex 2.671010e+001 6.100000e+001 2.269846e+001
      endloop
   endfacet
   facet normal 0.000000e+000 1.000000e+000 0.000000e+000
      outer loop
         vertex 2.640228e+001 6.100000e+001 2.185274e+001
         vertex 2.671010e+001 6.100000e+001 2.269846e+001
         vertex 2.653589e+001 6.100000e+001 2.180145e+001
      endloop
   endfacet
   facet normal 0.000000e+000 1.000000e+000 0.000000e+000
      outer loop
         vertex 2.653589e+001 6.100000e+001 2.180145e+001
         vertex 2.671010e+001 6.100000e+001 2.269846e+001
         vertex 2.687303e+001 6.100000e+001 2.263592e+001
      endloop
   endfacet
   facet normal 0.000000e+000 1.000000e+000 0.000000e+000
      outer loop
         vertex 2.653589e+001 6.100000e+001 2.180145e+001
         vertex 2.687303e+001 6.100000e+001 2.263592e+001
         vertex 2.666762e+001 6.100000e+001 2.174554e+001
      endloop
   endfacet
   facet normal 0.000000e+000 1.000000e+000 0.000000e+000
      outer loop
         vertex 2.666762e+001 6.100000e+001 2.174554e+001
         vertex 2.687303e+001 6.100000e+001 2.263592e+001
         vertex 2.703368e+001 6.100000e+001 2.256773e+001
      endloop
   endfacet
   facet normal 0.000000e+000 1.000000e+000 0.000000e+000
      outer loop
         vertex 2.666762e+001 6.100000e+001 2.174554e+001
         vertex 2.703368e+001 6.100000e+001 2.256773e+001
         vertex 2.679732e+001 6.100000e+001 2.168506e+001
      endloop
   endfacet
   facet normal 0.000000e+000 1.000000e+000 0.000000e+000
      outer loop
         vertex 2.679732e+001 6.100000e+001 2.168506e+001
         vertex 2.703368e+001 6.100000e+001 2.256773e+001
         vertex 2.719185e+001 6.100000e+001 2.249397e+001
      endloop
   endfacet
   facet normal 0.000000e+000 1.000000e+000 0.000000e+000
      outer loop
         vertex 2.679732e+001 6.100000e+001 2.168506e+001
         vertex 2.719185e+001 6.100000e+001 2.249397e+001
         vertex 2.692483e+001 6.100000e+001 2.162008e+001
      endloop
   endfacet
   facet normal 0.000000e+000 1.000000e+000 0.000000e+000
      outer loop
         vertex 2.692483e+001 6.100000e+001 2.162008e+001
         vertex 2.719185e+001 6.100000e+001 2.249397e+001
         vertex 2.734736e+001 6.100000e+001 2.241474e+001
      endloop
   endfacet
   facet normal 0.000000e+000 1.000000e+000 0.000000e+000
      outer loop
         vertex 2.692483e+001 6.100000e+001 2.162008e+001
         vertex 2.734736e+001 6.100000e+001 2.241474e+001
         vertex 2.705000e+001 6.100000e+001 2.155070e+001
      endloop
   endfacet
   facet normal 0.000000e+000 1.000000e+000 0.000000e+000
      outer loop
         vertex 2.705000e+001 6.100000e+001 2.155070e+001
         vertex 2.734736e+001 6.100000e+001 2.241474e+001
         vertex 2.750000e+001 6.100000e+001 2.233013e+001
      endloop
   endfacet
   facet normal 0.000000e+000 1.000000e+000 0.000000e+000
      outer loop
         vertex 2.705000e+001 6.100000e+001 2.155070e+001
         vertex 2.750000e+001 6.100000e+001 2.233013e+001
         vertex 2.717267e+001 6.100000e+001 2.147700e+001
      endloop
   endfacet
   facet normal 0.000000e+000 1.000000e+000 0.000000e+000
      outer loop
         vertex 2.717267e+001 6.100000e+001 2.147700e+001
         vertex 2.750000e+001 6.100000e+001 2.233013e+001
         vertex 2.764960e+001 6.100000e+001 2.224024e+001
      endloop
   endfacet
   facet normal 0.000000e+000 1.000000e+000 0.000000e+000
      outer loop
         vertex 2.717267e+001 6.100000e+001 2.147700e+001
         vertex 2.764960e+001 6.100000e+001 2.224024e+001
         vertex 2.729269e+001 6.100000e+001 2.139906e+001
      endloop
   endfacet
   facet normal 0.000000e+000 1.000000e+000 0.000000e+000
      outer loop
         vertex 2.729269e+001 6.100000e+001 2.139906e+001
         vertex 2.764960e+001 6.100000e+001 2.224024e+001
         vertex 2.779596e+001 6.100000e+001 2.214519e+001
      endloop
   endfacet
   facet normal 0.000000e+000 1.000000e+000 0.000000e+000
      outer loop
         vertex 2.729269e+001 6.100000e+001 2.139906e+001
         vertex 2.779596e+001 6.100000e+001 2.214519e+001
         vertex 2.740992e+001 6.100000e+001 2.131697e+001
      endloop
   endfacet
   facet normal 0.000000e+000 1.000000e+000 0.000000e+000
      outer loop
         vertex 2.740992e+001 6.100000e+001 2.131697e+001
         vertex 2.779596e+001 6.100000e+001 2.214519e+001
         vertex 2.793892e+001 6.100000e+001 2.204509e+001
      endloop
   endfacet
   facet normal 0.000000e+000 1.000000e+000 0.000000e+000
      outer loop
         vertex 2.740992e+001 6.100000e+001 2.131697e+001
         vertex 2.793892e+001 6.100000e+001 2.204509e+001
         vertex 2.752421e+001 6.100000e+001 2.123084e+001
      endloop
   endfacet
   facet normal 0.000000e+000 1.000000e+000 0.000000e+000
      outer loop
         vertex 2.752421e+001 6.100000e+001 2.123084e+001
         vertex 2.793892e+001 6.100000e+001 2.204509e+001
         vertex 2.807831e+001 6.100000e+001 2.194005e+001
      endloop
   endfacet
   facet normal 0.000000e+000 1.000000e+000 0.000000e+000
      outer loop
         vertex 2.752421e+001 6.100000e+001 2.123084e+001
         vertex 2.807831e+001 6.100000e+001 2.194005e+001
         vertex 2.763543e+001 6.100000e+001 2.114078e+001
      endloop
   endfacet
   facet normal 0.000000e+000 1.000000e+000 0.000000e+000
      outer loop
         vertex 2.763543e+001 6.100000e+001 2.114078e+001
         vertex 2.807831e+001 6.100000e+001 2.194005e+001
         vertex 2.821394e+001 6.100000e+001 2.183022e+001
      endloop
   endfacet
   facet normal 0.000000e+000 1.000000e+000 0.000000e+000
      outer loop
         vertex 2.763543e+001 6.100000e+001 2.114078e+001
         vertex 2.821394e+001 6.100000e+001 2.183022e+001
         vertex 2.774344e+001 6.100000e+001 2.104689e+001
      endloop
   endfacet
   facet normal 0.000000e+000 1.000000e+000 0.000000e+000
      outer loop
         vertex 2.774344e+001 6.100000e+001 2.104689e+001
         vertex 2.821394e+001 6.100000e+001 2.183022e+001
         vertex 2.834565e+001 6.100000e+001 2.171572e+001
      endloop
   endfacet
   facet normal 0.000000e+000 1.000000e+000 0.000000e+000
      outer loop
         vertex 2.774344e+001 6.100000e+001 2.104689e+001
         vertex 2.834565e+001 6.100000e+001 2.171572e+001
         vertex 2.784810e+001 6.100000e+001 2.094929e+001
      endloop
   endfacet
   facet normal 0.000000e+000 1.000000e+000 0.000000e+000
      outer loop
         vertex 2.784810e+001 6.100000e+001 2.094929e+001
         vertex 2.834565e+001 6.100000e+001 2.171572e+001
         vertex 2.847329e+001 6.100000e+001 2.159670e+001
      endloop
   endfacet
   facet normal 0.000000e+000 1.000000e+000 0.000000e+000
      outer loop
         vertex 2.784810e+001 6.100000e+001 2.094929e+001
         vertex 2.847329e+001 6.100000e+001 2.159670e+001
         vertex 2.794929e+001 6.100000e+001 2.084810e+001
      endloop
   endfacet
   facet normal 0.000000e+000 1.000000e+000 0.000000e+000
      outer loop
         vertex 2.794929e+001 6.100000e+001 2.084810e+001
         vertex 2.847329e+001 6.100000e+001 2.159670e+001
         vertex 2.859670e+001 6.100000e+001 2.147329e+001
      endloop
   endfacet
   facet normal 0.000000e+000 1.000000e+000 0.000000e+000
      outer loop
         vertex 2.794929e+001 6.100000e+001 2.084810e+001
         vertex 2.859670e+001 6.100000e+001 2.147329e+001
         vertex 2.804689e+001 6.100000e+001 2.074343e+001
      endloop
   endfacet
   facet normal 0.000000e+000 1.000000e+000 0.000000e+000
      outer loop
         vertex 2.804689e+001 6.100000e+001 2.074343e+001
         vertex 2.859670e+001 6.100000e+001 2.147329e+001
         vertex 2.871572e+001 6.100000e+001 2.134565e+001
      endloop
   endfacet
   facet normal 0.000000e+000 1.000000e+000 0.000000e+000
      outer loop
         vertex 2.804689e+001 6.100000e+001 2.074343e+001
         vertex 2.871572e+001 6.100000e+001 2.134565e+001
         vertex 2.814078e+001 6.100000e+001 2.063543e+001
      endloop
   endfacet
   facet normal 0.000000e+000 1.000000e+000 0.000000e+000
      outer loop
         vertex 2.814078e+001 6.100000e+001 2.063543e+001
         vertex 2.871572e+001 6.100000e+001 2.134565e+001
         vertex 2.883022e+001 6.100000e+001 2.121394e+001
      endloop
   endfacet
   facet normal 0.000000e+000 1.000000e+000 0.000000e+000
      outer loop
         vertex 2.814078e+001 6.100000e+001 2.063543e+001
         vertex 2.883022e+001 6.100000e+001 2.121394e+001
         vertex 2.823084e+001 6.100000e+001 2.052421e+001
      endloop
   endfacet
   facet normal 0.000000e+000 1.000000e+000 0.000000e+000
      outer loop
         vertex 2.823084e+001 6.100000e+001 2.052421e+001
         vertex 2.883022e+001 6.100000e+001 2.121394e+001
         vertex 2.894005e+001 6.100000e+001 2.107831e+001
      endloop
   endfacet
   facet normal 0.000000e+000 1.000000e+000 0.000000e+000
      outer loop
         vertex 2.823084e+001 6.100000e+001 2.052421e+001
         vertex 2.894005e+001 6.100000e+001 2.107831e+001
         vertex 2.831697e+001 6.100000e+001 2.040992e+001
      endloop
   endfacet
   facet normal 0.000000e+000 1.000000e+000 0.000000e+000
      outer loop
         vertex 2.831697e+001 6.100000e+001 2.040992e+001
         vertex 2.894005e+001 6.100000e+001 2.107831e+001
         vertex 2.904508e+001 6.100000e+001 2.093892e+001
      endloop
   endfacet
   facet normal 0.000000e+000 1.000000e+000 0.000000e+000
      outer loop
         vertex 2.831697e+001 6.100000e+001 2.040992e+001
         vertex 2.904508e+001 6.100000e+001 2.093892e+001
         vertex 2.839905e+001 6.100000e+001 2.029269e+001
      endloop
   endfacet
   facet normal 0.000000e+000 1.000000e+000 0.000000e+000
      outer loop
         vertex 2.839905e+001 6.100000e+001 2.029269e+001
         vertex 2.904508e+001 6.100000e+001 2.093892e+001
         vertex 2.914519e+001 6.100000e+001 2.079596e+001
      endloop
   endfacet
   facet normal 0.000000e+000 1.000000e+000 0.000000e+000
      outer loop
         vertex 2.839905e+001 6.100000e+001 2.029269e+001
         vertex 2.914519e+001 6.100000e+001 2.079596e+001
         vertex 2.847700e+001 6.100000e+001 2.017267e+001
      endloop
   endfacet
   facet normal 0.000000e+000 1.000000e+000 0.000000e+000
      outer loop
         vertex 2.847700e+001 6.100000e+001 2.017267e+001
         vertex 2.914519e+001 6.100000e+001 2.079596e+001
         vertex 2.924024e+001 6.100000e+001 2.064960e+001
      endloop
   endfacet
   facet normal 0.000000e+000 1.000000e+000 0.000000e+000
      outer loop
         vertex 2.847700e+001 6.100000e+001 2.017267e+001
         vertex 2.924024e+001 6.100000e+001 2.064960e+001
         vertex 2.855070e+001 6.100000e+001 2.005000e+001
      endloop
   endfacet
   facet normal 0.000000e+000 1.000000e+000 0.000000e+000
      outer loop
         vertex 2.855070e+001 6.100000e+001 2.005000e+001
         vertex 2.924024e+001 6.100000e+001 2.064960e+001
         vertex 2.933013e+001 6.100000e+001 2.050000e+001
      endloop
   endfacet
   facet normal 0.000000e+000 1.000000e+000 0.000000e+000
      outer loop
         vertex 2.855070e+001 6.100000e+001 2.005000e+001
         vertex 2.933013e+001 6.100000e+001 2.050000e+001
         vertex 2.862008e+001 6.100000e+001 1.992484e+001
      endloop
   endfacet
   facet normal 0.000000e+000 1.000000e+000 0.000000e+000
      outer loop
         vertex 2.862008e+001 6.100000e+001 1.992484e+001
         vertex 2.933013e+001 6.100000e+001 2.050000e+001
         vertex 2.941474e+001 6.100000e+001 2.034736e+001
      endloop
   endfacet
   facet normal 0.000000e+000 1.000000e+000 0.000000e+000
      outer loop
         vertex 2.862008e+001 6.100000e+001 1.992484e+001
         vertex 2.941474e+001 6.100000e+001 2.034736e+001
         vertex 2.868505e+001 6.100000e+001 1.979732e+001
      endloop
   endfacet
   facet normal 0.000000e+000 1.000000e+000 0.000000e+000
      outer loop
         vertex 2.868505e+001 6.100000e+001 1.979732e+001
         vertex 2.941474e+001 6.100000e+001 2.034736e+001
         vertex 2.949397e+001 6.100000e+001 2.019186e+001
      endloop
   endfacet
   facet normal 0.000000e+000 1.000000e+000 0.000000e+000
      outer loop
         vertex 2.868505e+001 6.100000e+001 1.979732e+001
         vertex 2.949397e+001 6.100000e+001 2.019186e+001
         vertex 2.874553e+001 6.100000e+001 1.966762e+001
      endloop
   endfacet
   facet normal 0.000000e+000 1.000000e+000 0.000000e+000
      outer loop
         vertex 2.874553e+001 6.100000e+001 1.966762e+001
         vertex 2.949397e+001 6.100000e+001 2.019186e+001
         vertex 2.956773e+001 6.100000e+001 2.003368e+001
      endloop
   endfacet
   facet normal 0.000000e+000 1.000000e+000 0.000000e+000
      outer loop
         vertex 2.874553e+001 6.100000e+001 1.966762e+001
         vertex 2.956773e+001 6.100000e+001 2.003368e+001
         vertex 2.880145e+001 6.100000e+001 1.953589e+001
      endloop
   endfacet
   facet normal 0.000000e+000 1.000000e+000 0.000000e+000
      outer loop
         vertex 2.880145e+001 6.100000e+001 1.953589e+001
         vertex 2.956773e+001 6.100000e+001 2.003368e+001
         vertex 2.963592e+001 6.100000e+001 1.987303e+001
      endloop
   endfacet
   facet normal 0.000000e+000 1.000000e+000 0.000000e+000
      outer loop
         vertex 2.880145e+001 6.100000e+001 1.953589e+001
         vertex 2.963592e+001 6.100000e+001 1.987303e+001
         vertex 2.885274e+001 6.100000e+001 1.940228e+001
      endloop
   endfacet
   facet normal 0.000000e+000 1.000000e+000 0.000000e+000
      outer loop
         vertex 2.885274e+001 6.100000e+001 1.940228e+001
         vertex 2.963592e+001 6.100000e+001 1.987303e+001
         vertex 2.969846e+001 6.100000e+001 1.971010e+001
      endloop
   endfacet
   facet normal 0.000000e+000 1.000000e+000 0.000000e+000
      outer loop
         vertex 2.885274e+001 6.100000e+001 1.940228e+001
         vertex 2.969846e+001 6.100000e+001 1.971010e+001
         vertex 2.889933e+001 6.100000e+001 1.926697e+001
      endloop
   endfacet
   facet normal 0.000000e+000 1.000000e+000 0.000000e+000
      outer loop
         vertex 2.889933e+001 6.100000e+001 1.926697e+001
         vertex 2.969846e+001 6.100000e+001 1.971010e+001
         vertex 2.975528e+001 6.100000e+001 1.954509e+001
      endloop
   endfacet
   facet normal 0.000000e+000 1.000000e+000 0.000000e+000
      outer loop
         vertex 2.889933e+001 6.100000e+001 1.926697e+001
         vertex 2.975528e+001 6.100000e+001 1.954509e+001
         vertex 2.894117e+001 6.100000e+001 1.913011e+001
      endloop
   endfacet
   facet normal 0.000000e+000 1.000000e+000 0.000000e+000
      outer loop
         vertex 2.894117e+001 6.100000e+001 1.913011e+001
         vertex 2.975528e+001 6.100000e+001 1.954509e+001
         vertex 2.980631e+001 6.100000e+001 1.937819e+001
      endloop
   endfacet
   facet normal 0.000000e+000 1.000000e+000 0.000000e+000
      outer loop
         vertex 2.894117e+001 6.100000e+001 1.913011e+001
         vertex 2.980631e+001 6.100000e+001 1.937819e+001
         vertex 2.897821e+001 6.100000e+001 1.899188e+001
      endloop
   endfacet
   facet normal 0.000000e+000 1.000000e+000 0.000000e+000
      outer loop
         vertex 2.897821e+001 6.100000e+001 1.899188e+001
         vertex 2.980631e+001 6.100000e+001 1.937819e+001
         vertex 2.985148e+001 6.100000e+001 1.920961e+001
      endloop
   endfacet
   facet normal 0.000000e+000 1.000000e+000 0.000000e+000
      outer loop
         vertex 2.897821e+001 6.100000e+001 1.899188e+001
         vertex 2.985148e+001 6.100000e+001 1.920961e+001
         vertex 2.901040e+001 6.100000e+001 1.885244e+001
      endloop
   endfacet
   facet normal 0.000000e+000 1.000000e+000 0.000000e+000
      outer loop
         vertex 2.901040e+001 6.100000e+001 1.885244e+001
         vertex 2.985148e+001 6.100000e+001 1.920961e+001
         vertex 2.989074e+001 6.100000e+001 1.903956e+001
      endloop
   endfacet
   facet normal 0.000000e+000 1.000000e+000 0.000000e+000
      outer loop
         vertex 2.901040e+001 6.100000e+001 1.885244e+001
         vertex 2.989074e+001 6.100000e+001 1.903956e+001
         vertex 2.903771e+001 6.100000e+001 1.871196e+001
      endloop
   endfacet
   facet normal 0.000000e+000 1.000000e+000 0.000000e+000
      outer loop
         vertex 2.903771e+001 6.100000e+001 1.871196e+001
         vertex 2.989074e+001 6.100000e+001 1.903956e+001
         vertex 2.992404e+001 6.100000e+001 1.886824e+001
      endloop
   endfacet
   facet normal 0.000000e+000 1.000000e+000 0.000000e+000
      outer loop
         vertex 2.903771e+001 6.100000e+001 1.871196e+001
         vertex 2.992404e+001 6.100000e+001 1.886824e+001
         vertex 2.906010e+001 6.100000e+001 1.857061e+001
      endloop
   endfacet
   facet normal 0.000000e+000 1.000000e+000 0.000000e+000
      outer loop
         vertex 2.906010e+001 6.100000e+001 1.857061e+001
         vertex 2.992404e+001 6.100000e+001 1.886824e+001
         vertex 2.995134e+001 6.100000e+001 1.869587e+001
      endloop
   endfacet
   facet normal 0.000000e+000 1.000000e+000 0.000000e+000
      outer loop
         vertex 2.906010e+001 6.100000e+001 1.857061e+001
         vertex 2.995134e+001 6.100000e+001 1.869587e+001
         vertex 2.907754e+001 6.100000e+001 1.842857e+001
      endloop
   endfacet
   facet normal 0.000000e+000 1.000000e+000 0.000000e+000
      outer loop
         vertex 2.907754e+001 6.100000e+001 1.842857e+001
         vertex 2.995134e+001 6.100000e+001 1.869587e+001
         vertex 2.997261e+001 6.100000e+001 1.852264e+001
      endloop
   endfacet
   facet normal 0.000000e+000 1.000000e+000 0.000000e+000
      outer loop
         vertex 2.907754e+001 6.100000e+001 1.842857e+001
         vertex 2.997261e+001 6.100000e+001 1.852264e+001
         vertex 2.909001e+001 6.100000e+001 1.828600e+001
      endloop
   endfacet
   facet normal 0.000000e+000 1.000000e+000 0.000000e+000
      outer loop
         vertex 2.909001e+001 6.100000e+001 1.828600e+001
         vertex 2.997261e+001 6.100000e+001 1.852264e+001
         vertex 2.998782e+001 6.100000e+001 1.834878e+001
      endloop
   endfacet
   facet normal 0.000000e+000 1.000000e+000 0.000000e+000
      outer loop
         vertex 2.909001e+001 6.100000e+001 1.828600e+001
         vertex 2.998782e+001 6.100000e+001 1.834878e+001
         vertex 2.909750e+001 6.100000e+001 1.814309e+001
      endloop
   endfacet
   facet normal 0.000000e+000 1.000000e+000 0.000000e+000
      outer loop
         vertex 2.909750e+001 6.100000e+001 1.814309e+001
         vertex 2.998782e+001 6.100000e+001 1.834878e+001
         vertex 2.999695e+001 6.100000e+001 1.817450e+001
      endloop
   endfacet
   facet normal 0.000000e+000 1.000000e+000 0.000000e+000
      outer loop
         vertex 2.909750e+001 6.100000e+001 1.814309e+001
         vertex 2.999695e+001 6.100000e+001 1.817450e+001
         vertex 2.910000e+001 6.100000e+001 1.800000e+001
      endloop
   endfacet
   facet normal 0.000000e+000 1.000000e+000 0.000000e+000
      outer loop
         vertex 2.910000e+001 6.100000e+001 1.800000e+001
         vertex 2.999695e+001 6.100000e+001 1.817450e+001
         vertex 3.000000e+001 6.100000e+001 1.800000e+001
      endloop
   endfacet
   facet normal 0.000000e+000 1.000000e+000 0.000000e+000
      outer loop
         vertex 2.910000e+001 6.100000e+001 1.800000e+001
         vertex 3.000000e+001 6.100000e+001 1.800000e+001
         vertex 2.910000e+001 6.100000e+001 2.000000e+000
      endloop
   endfacet
   facet normal 0.000000e+000 1.000000e+000 0.000000e+000
      outer loop
         vertex 2.910000e+001 6.100000e+001 2.000000e+000
         vertex 3.000000e+001 6.100000e+001 1.800000e+001
         vertex 3.000000e+001 6.100000e+001 2.000000e+000
      endloop
   endfacet
   facet normal 0.000000e+000 1.000000e+000 0.000000e+000
      outer loop
         vertex 2.910000e+001 6.100000e+001 2.000000e+000
         vertex 3.000000e+001 6.100000e+001 2.000000e+000
         vertex 2.909936e+001 6.100000e+001 1.962445e+000
      endloop
   endfacet
   facet normal 0.000000e+000 1.000000e+000 0.000000e+000
      outer loop
         vertex 2.909936e+001 6.100000e+001 1.962445e+000
         vertex 3.000000e+001 6.100000e+001 2.000000e+000
         vertex 2.999883e+001 6.100000e+001 1.931718e+000
      endloop
   endfacet
   facet normal 0.000000e+000 1.000000e+000 0.000000e+000
      outer loop
         vertex 2.909936e+001 6.100000e+001 1.962445e+000
         vertex 2.999883e+001 6.100000e+001 1.931718e+000
         vertex 2.909743e+001 6.100000e+001 1.924933e+000
      endloop
   endfacet
   facet normal 0.000000e+000 1.000000e+000 0.000000e+000
      outer loop
         vertex 2.909743e+001 6.100000e+001 1.924933e+000
         vertex 2.999883e+001 6.100000e+001 1.931718e+000
         vertex 2.999534e+001 6.100000e+001 1.863515e+000
      endloop
   endfacet
   facet normal 0.000000e+000 1.000000e+000 0.000000e+000
      outer loop
         vertex 2.909743e+001 6.100000e+001 1.924933e+000
         vertex 2.999534e+001 6.100000e+001 1.863515e+000
         vertex 2.909423e+001 6.100000e+001 1.887509e+000
      endloop
   endfacet
   facet normal 0.000000e+000 1.000000e+000 0.000000e+000
      outer loop
         vertex 2.909423e+001 6.100000e+001 1.887509e+000
         vertex 2.999534e+001 6.100000e+001 1.863515e+000
         vertex 2.998952e+001 6.100000e+001 1.795472e+000
      endloop
   endfacet
   facet normal 0.000000e+000 1.000000e+000 0.000000e+000
      outer loop
         vertex 2.909423e+001 6.100000e+001 1.887509e+000
         vertex 2.998952e+001 6.100000e+001 1.795472e+000
         vertex 2.908975e+001 6.100000e+001 1.850217e+000
      endloop
   endfacet
   facet normal 0.000000e+000 1.000000e+000 0.000000e+000
      outer loop
         vertex 2.908975e+001 6.100000e+001 1.850217e+000
         vertex 2.998952e+001 6.100000e+001 1.795472e+000
         vertex 2.998137e+001 6.100000e+001 1.727667e+000
      endloop
   endfacet
   facet normal 0.000000e+000 1.000000e+000 0.000000e+000
      outer loop
         vertex 2.908975e+001 6.100000e+001 1.850217e+000
         vertex 2.998137e+001 6.100000e+001 1.727667e+000
         vertex 2.908401e+001 6.100000e+001 1.813098e+000
      endloop
   endfacet
   facet normal 0.000000e+000 1.000000e+000 0.000000e+000
      outer loop
         vertex 2.908401e+001 6.100000e+001 1.813098e+000
         vertex 2.998137e+001 6.100000e+001 1.727667e+000
         vertex 2.997092e+001 6.100000e+001 1.660179e+000
      endloop
   endfacet
   facet normal 0.000000e+000 1.000000e+000 0.000000e+000
      outer loop
         vertex 2.908401e+001 6.100000e+001 1.813098e+000
         vertex 2.997092e+001 6.100000e+001 1.660179e+000
         vertex 2.907699e+001 6.100000e+001 1.776198e+000
      endloop
   endfacet
   facet normal 0.000000e+000 1.000000e+000 0.000000e+000
      outer loop
         vertex 2.907699e+001 6.100000e+001 1.776198e+000
         vertex 2.997092e+001 6.100000e+001 1.660179e+000
         vertex 2.995817e+001 6.100000e+001 1.593088e+000
      endloop
   endfacet
   facet normal 0.000000e+000 1.000000e+000 0.000000e+000
      outer loop
         vertex 2.907699e+001 6.100000e+001 1.776198e+000
         vertex 2.995817e+001 6.100000e+001 1.593088e+000
         vertex 2.906872e+001 6.100000e+001 1.739559e+000
      endloop
   endfacet
   facet normal 0.000000e+000 1.000000e+000 0.000000e+000
      outer loop
         vertex 2.906872e+001 6.100000e+001 1.739559e+000
         vertex 2.995817e+001 6.100000e+001 1.593088e+000
         vertex 2.994313e+001 6.100000e+001 1.526471e+000
      endloop
   endfacet
   facet normal 0.000000e+000 1.000000e+000 0.000000e+000
      outer loop
         vertex 2.906872e+001 6.100000e+001 1.739559e+000
         vertex 2.994313e+001 6.100000e+001 1.526471e+000
         vertex 2.905921e+001 6.100000e+001 1.703223e+000
      endloop
   endfacet
   facet normal 0.000000e+000 1.000000e+000 0.000000e+000
      outer loop
         vertex 2.905921e+001 6.100000e+001 1.703223e+000
         vertex 2.994313e+001 6.100000e+001 1.526471e+000
         vertex 2.992583e+001 6.100000e+001 1.460406e+000
      endloop
   endfacet
   facet normal 0.000000e+000 1.000000e+000 0.000000e+000
      outer loop
         vertex 2.905921e+001 6.100000e+001 1.703223e+000
         vertex 2.992583e+001 6.100000e+001 1.460406e+000
         vertex 2.904846e+001 6.100000e+001 1.667234e+000
      endloop
   endfacet
   facet normal 0.000000e+000 1.000000e+000 0.000000e+000
      outer loop
         vertex 2.904846e+001 6.100000e+001 1.667234e+000
         vertex 2.992583e+001 6.100000e+001 1.460406e+000
         vertex 2.990629e+001 6.100000e+001 1.394971e+000
      endloop
   endfacet
   facet normal 0.000000e+000 1.000000e+000 0.000000e+000
      outer loop
         vertex 2.904846e+001 6.100000e+001 1.667234e+000
         vertex 2.990629e+001 6.100000e+001 1.394971e+000
         vertex 2.903649e+001 6.100000e+001 1.631632e+000
      endloop
   endfacet
   facet normal 0.000000e+000 1.000000e+000 0.000000e+000
      outer loop
         vertex 2.903649e+001 6.100000e+001 1.631632e+000
         vertex 2.990629e+001 6.100000e+001 1.394971e+000
         vertex 2.988452e+001 6.100000e+001 1.330241e+000
      endloop
   endfacet
   facet normal 0.000000e+000 1.000000e+000 0.000000e+000
      outer loop
         vertex 2.903649e+001 6.100000e+001 1.631632e+000
         vertex 2.988452e+001 6.100000e+001 1.330241e+000
         vertex 2.902331e+001 6.100000e+001 1.596460e+000
      endloop
   endfacet
   facet normal 0.000000e+000 1.000000e+000 0.000000e+000
      outer loop
         vertex 2.902331e+001 6.100000e+001 1.596460e+000
         vertex 2.988452e+001 6.100000e+001 1.330241e+000
         vertex 2.986056e+001 6.100000e+001 1.266291e+000
      endloop
   endfacet
   facet normal 0.000000e+000 1.000000e+000 0.000000e+000
      outer loop
         vertex 2.902331e+001 6.100000e+001 1.596460e+000
         vertex 2.986056e+001 6.100000e+001 1.266291e+000
         vertex 2.900893e+001 6.100000e+001 1.561759e+000
      endloop
   endfacet
   facet normal 0.000000e+000 1.000000e+000 0.000000e+000
      outer loop
         vertex 2.900893e+001 6.100000e+001 1.561759e+000
         vertex 2.986056e+001 6.100000e+001 1.266291e+000
         vertex 2.983442e+001 6.100000e+001 1.203197e+000
      endloop
   endfacet
   facet normal 0.000000e+000 1.000000e+000 0.000000e+000
      outer loop
         vertex 2.900893e+001 6.100000e+001 1.561759e+000
         vertex 2.983442e+001 6.100000e+001 1.203197e+000
         vertex 2.899338e+001 6.100000e+001 1.527568e+000
      endloop
   endfacet
   facet normal 0.000000e+000 1.000000e+000 0.000000e+000
      outer loop
         vertex 2.899338e+001 6.100000e+001 1.527568e+000
         vertex 2.983442e+001 6.100000e+001 1.203197e+000
         vertex 2.980615e+001 6.100000e+001 1.141033e+000
      endloop
   endfacet
   facet normal 0.000000e+000 1.000000e+000 0.000000e+000
      outer loop
         vertex 2.899338e+001 6.100000e+001 1.527568e+000
         vertex 2.980615e+001 6.100000e+001 1.141033e+000
         vertex 2.897667e+001 6.100000e+001 1.493928e+000
      endloop
   endfacet
   facet normal 0.000000e+000 1.000000e+000 0.000000e+000
      outer loop
         vertex 2.897667e+001 6.100000e+001 1.493928e+000
         vertex 2.980615e+001 6.100000e+001 1.141033e+000
         vertex 2.977577e+001 6.100000e+001 1.079870e+000
      endloop
   endfacet
   facet normal 0.000000e+000 1.000000e+000 0.000000e+000
      outer loop
         vertex 2.897667e+001 6.100000e+001 1.493928e+000
         vertex 2.977577e+001 6.100000e+001 1.079870e+000
         vertex 2.895883e+001 6.100000e+001 1.460879e+000
      endloop
   endfacet
   facet normal 0.000000e+000 1.000000e+000 0.000000e+000
      outer loop
         vertex 2.895883e+001 6.100000e+001 1.460879e+000
         vertex 2.977577e+001 6.100000e+001 1.079870e+000
         vertex 2.974332e+001 6.100000e+001 1.019780e+000
      endloop
   endfacet
   facet normal 0.000000e+000 1.000000e+000 0.000000e+000
      outer loop
         vertex 2.895883e+001 6.100000e+001 1.460879e+000
         vertex 2.974332e+001 6.100000e+001 1.019780e+000
         vertex 2.893986e+001 6.100000e+001 1.428457e+000
      endloop
   endfacet
   facet normal 0.000000e+000 1.000000e+000 0.000000e+000
      outer loop
         vertex 2.893986e+001 6.100000e+001 1.428457e+000
         vertex 2.974332e+001 6.100000e+001 1.019780e+000
         vertex 2.970884e+001 6.100000e+001 9.608320e-001
      endloop
   endfacet
   facet normal 0.000000e+000 1.000000e+000 0.000000e+000
      outer loop
         vertex 2.893986e+001 6.100000e+001 1.428457e+000
         vertex 2.970884e+001 6.100000e+001 9.608320e-001
         vertex 2.891980e+001 6.100000e+001 1.396703e+000
      endloop
   endfacet
   facet normal 0.000000e+000 1.000000e+000 0.000000e+000
      outer loop
         vertex 2.891980e+001 6.100000e+001 1.396703e+000
         vertex 2.970884e+001 6.100000e+001 9.608320e-001
         vertex 2.967236e+001 6.100000e+001 9.030961e-001
      endloop
   endfacet
   facet normal 0.000000e+000 1.000000e+000 0.000000e+000
      outer loop
         vertex 2.891980e+001 6.100000e+001 1.396703e+000
         vertex 2.967236e+001 6.100000e+001 9.030961e-001
         vertex 2.889867e+001 6.100000e+001 1.365651e+000
      endloop
   endfacet
   facet normal 0.000000e+000 1.000000e+000 0.000000e+000
      outer loop
         vertex 2.889867e+001 6.100000e+001 1.365651e+000
         vertex 2.967236e+001 6.100000e+001 9.030961e-001
         vertex 2.963394e+001 6.100000e+001 8.466393e-001
      endloop
   endfacet
   facet normal 0.000000e+000 1.000000e+000 0.000000e+000
      outer loop
         vertex 2.889867e+001 6.100000e+001 1.365651e+000
         vertex 2.963394e+001 6.100000e+001 8.466393e-001
         vertex 2.887649e+001 6.100000e+001 1.335340e+000
      endloop
   endfacet
   facet normal 0.000000e+000 1.000000e+000 0.000000e+000
      outer loop
         vertex 2.887649e+001 6.100000e+001 1.335340e+000
         vertex 2.963394e+001 6.100000e+001 8.466393e-001
         vertex 2.959361e+001 6.100000e+001 7.915269e-001
      endloop
   endfacet
   facet normal 0.000000e+000 1.000000e+000 0.000000e+000
      outer loop
         vertex 2.887649e+001 6.100000e+001 1.335340e+000
         vertex 2.959361e+001 6.100000e+001 7.915269e-001
         vertex 2.885328e+001 6.100000e+001 1.305803e+000
      endloop
   endfacet
   facet normal 0.000000e+000 1.000000e+000 0.000000e+000
      outer loop
         vertex 2.885328e+001 6.100000e+001 1.305803e+000
         vertex 2.959361e+001 6.100000e+001 7.915269e-001
         vertex 2.955142e+001 6.100000e+001 7.378240e-001
      endloop
   endfacet
   facet normal 0.000000e+000 1.000000e+000 0.000000e+000
      outer loop
         vertex 2.885328e+001 6.100000e+001 1.305803e+000
         vertex 2.955142e+001 6.100000e+001 7.378240e-001
         vertex 2.882908e+001 6.100000e+001 1.277076e+000
      endloop
   endfacet
   facet normal 0.000000e+000 1.000000e+000 0.000000e+000
      outer loop
         vertex 2.882908e+001 6.100000e+001 1.277076e+000
         vertex 2.955142e+001 6.100000e+001 7.378240e-001
         vertex 2.950743e+001 6.100000e+001 6.855927e-001
      endloop
   endfacet
   facet normal 0.000000e+000 1.000000e+000 0.000000e+000
      outer loop
         vertex 2.882908e+001 6.100000e+001 1.277076e+000
         vertex 2.950743e+001 6.100000e+001 6.855927e-001
         vertex 2.880392e+001 6.100000e+001 1.249191e+000
      endloop
   endfacet
   facet normal 0.000000e+000 1.000000e+000 0.000000e+000
      outer loop
         vertex 2.880392e+001 6.100000e+001 1.249191e+000
         vertex 2.950743e+001 6.100000e+001 6.855927e-001
         vertex 2.946167e+001 6.100000e+001 6.348938e-001
      endloop
   endfacet
   facet normal 0.000000e+000 1.000000e+000 0.000000e+000
      outer loop
         vertex 2.880392e+001 6.100000e+001 1.249191e+000
         vertex 2.946167e+001 6.100000e+001 6.348938e-001
         vertex 2.877782e+001 6.100000e+001 1.222183e+000
      endloop
   endfacet
   facet normal 0.000000e+000 1.000000e+000 0.000000e+000
      outer loop
         vertex 2.877782e+001 6.100000e+001 1.222183e+000
         vertex 2.946167e+001 6.100000e+001 6.348938e-001
         vertex 2.941422e+001 6.100000e+001 5.857865e-001
      endloop
   endfacet
   facet normal 0.000000e+000 1.000000e+000 0.000000e+000
      outer loop
         vertex 2.877782e+001 6.100000e+001 1.222183e+000
         vertex 2.941422e+001 6.100000e+001 5.857865e-001
         vertex 2.875081e+001 6.100000e+001 1.196080e+000
      endloop
   endfacet
   facet normal 0.000000e+000 1.000000e+000 0.000000e+000
      outer loop
         vertex 2.875081e+001 6.100000e+001 1.196080e+000
         vertex 2.941422e+001 6.100000e+001 5.857865e-001
         vertex 2.936511e+001 6.100000e+001 5.383278e-001
      endloop
   endfacet
   facet normal 0.000000e+000 1.000000e+000 0.000000e+000
      outer loop
         vertex 2.875081e+001 6.100000e+001 1.196080e+000
         vertex 2.936511e+001 6.100000e+001 5.383278e-001
         vertex 2.872292e+001 6.100000e+001 1.170916e+000
      endloop
   endfacet
   facet normal 0.000000e+000 1.000000e+000 0.000000e+000
      outer loop
         vertex 2.872292e+001 6.100000e+001 1.170916e+000
         vertex 2.936511e+001 6.100000e+001 5.383278e-001
         vertex 2.931441e+001 6.100000e+001 4.925737e-001
      endloop
   endfacet
   facet normal 0.000000e+000 1.000000e+000 0.000000e+000
      outer loop
         vertex 2.872292e+001 6.100000e+001 1.170916e+000
         vertex 2.931441e+001 6.100000e+001 4.925737e-001
         vertex 2.869420e+001 6.100000e+001 1.146717e+000
      endloop
   endfacet
   facet normal 0.000000e+000 1.000000e+000 0.000000e+000
      outer loop
         vertex 2.869420e+001 6.100000e+001 1.146717e+000
         vertex 2.931441e+001 6.100000e+001 4.925737e-001
         vertex 2.926218e+001 6.100000e+001 4.485771e-001
      endloop
   endfacet
   facet normal 0.000000e+000 1.000000e+000 0.000000e+000
      outer loop
         vertex 2.869420e+001 6.100000e+001 1.146717e+000
         vertex 2.926218e+001 6.100000e+001 4.485771e-001
         vertex 2.866466e+001 6.100000e+001 1.123514e+000
      endloop
   endfacet
   facet normal 0.000000e+000 1.000000e+000 0.000000e+000
      outer loop
         vertex 2.866466e+001 6.100000e+001 1.123514e+000
         vertex 2.926218e+001 6.100000e+001 4.485771e-001
         vertex 2.920847e+001 6.100000e+001 4.063896e-001
      endloop
   endfacet
   facet normal 0.000000e+000 1.000000e+000 0.000000e+000
      outer loop
         vertex 2.866466e+001 6.100000e+001 1.123514e+000
         vertex 2.920847e+001 6.100000e+001 4.063896e-001
         vertex 2.863435e+001 6.100000e+001 1.101333e+000
      endloop
   endfacet
   facet normal 0.000000e+000 1.000000e+000 0.000000e+000
      outer loop
         vertex 2.863435e+001 6.100000e+001 1.101333e+000
         vertex 2.920847e+001 6.100000e+001 4.063896e-001
         vertex 2.915336e+001 6.100000e+001 3.660601e-001
      endloop
   endfacet
   facet normal 0.000000e+000 1.000000e+000 0.000000e+000
      outer loop
         vertex 2.863435e+001 6.100000e+001 1.101333e+000
         vertex 2.915336e+001 6.100000e+001 3.660601e-001
         vertex 2.860330e+001 6.100000e+001 1.080200e+000
      endloop
   endfacet
   facet normal 0.000000e+000 1.000000e+000 0.000000e+000
      outer loop
         vertex 2.860330e+001 6.100000e+001 1.080200e+000
         vertex 2.915336e+001 6.100000e+001 3.660601e-001
         vertex 2.909690e+001 6.100000e+001 3.276356e-001
      endloop
   endfacet
   facet normal 0.000000e+000 1.000000e+000 0.000000e+000
      outer loop
         vertex 2.860330e+001 6.100000e+001 1.080200e+000
         vertex 2.909690e+001 6.100000e+001 3.276356e-001
         vertex 2.857154e+001 6.100000e+001 1.060138e+000
      endloop
   endfacet
   facet normal 0.000000e+000 1.000000e+000 0.000000e+000
      outer loop
         vertex 2.857154e+001 6.100000e+001 1.060138e+000
         vertex 2.909690e+001 6.100000e+001 3.276356e-001
         vertex 2.903917e+001 6.100000e+001 2.911612e-001
      endloop
   endfacet
   facet normal 0.000000e+000 1.000000e+000 0.000000e+000
      outer loop
         vertex 2.857154e+001 6.100000e+001 1.060138e+000
         vertex 2.903917e+001 6.100000e+001 2.911612e-001
         vertex 2.853912e+001 6.100000e+001 1.041173e+000
      endloop
   endfacet
   facet normal 0.000000e+000 1.000000e+000 0.000000e+000
      outer loop
         vertex 2.853912e+001 6.100000e+001 1.041173e+000
         vertex 2.903917e+001 6.100000e+001 2.911612e-001
         vertex 2.898022e+001 6.100000e+001 2.566790e-001
      endloop
   endfacet
   facet normal 0.000000e+000 1.000000e+000 0.000000e+000
      outer loop
         vertex 2.853912e+001 6.100000e+001 1.041173e+000
         vertex 2.898022e+001 6.100000e+001 2.566790e-001
         vertex 2.850607e+001 6.100000e+001 1.023326e+000
      endloop
   endfacet
   facet normal 0.000000e+000 1.000000e+000 0.000000e+000
      outer loop
         vertex 2.850607e+001 6.100000e+001 1.023326e+000
         vertex 2.898022e+001 6.100000e+001 2.566790e-001
         vertex 2.892013e+001 6.100000e+001 2.242294e-001
      endloop
   endfacet
   facet normal 0.000000e+000 1.000000e+000 0.000000e+000
      outer loop
         vertex 2.850607e+001 6.100000e+001 1.023326e+000
         vertex 2.892013e+001 6.100000e+001 2.242294e-001
         vertex 2.847243e+001 6.100000e+001 1.006618e+000
      endloop
   endfacet
   facet normal 0.000000e+000 1.000000e+000 0.000000e+000
      outer loop
         vertex 2.847243e+001 6.100000e+001 1.006618e+000
         vertex 2.892013e+001 6.100000e+001 2.242294e-001
         vertex 2.885897e+001 6.100000e+001 1.938506e-001
      endloop
   endfacet
   facet normal 0.000000e+000 1.000000e+000 0.000000e+000
      outer loop
         vertex 2.847243e+001 6.100000e+001 1.006618e+000
         vertex 2.885897e+001 6.100000e+001 1.938506e-001
         vertex 2.843824e+001 6.100000e+001 9.910674e-001
      endloop
   endfacet
   facet normal 0.000000e+000 1.000000e+000 0.000000e+000
      outer loop
         vertex 2.843824e+001 6.100000e+001 9.910674e-001
         vertex 2.885897e+001 6.100000e+001 1.938506e-001
         vertex 2.879680e+001 6.100000e+001 1.655771e-001
      endloop
   endfacet
   facet normal 0.000000e+000 1.000000e+000 0.000000e+000
      outer loop
         vertex 2.843824e+001 6.100000e+001 9.910674e-001
         vertex 2.879680e+001 6.100000e+001 1.655771e-001
         vertex 2.840354e+001 6.100000e+001 9.766938e-001
      endloop
   endfacet
   facet normal 0.000000e+000 1.000000e+000 0.000000e+000
      outer loop
         vertex 2.840354e+001 6.100000e+001 9.766938e-001
         vertex 2.879680e+001 6.100000e+001 1.655771e-001
         vertex 2.873371e+001 6.100000e+001 1.394432e-001
      endloop
   endfacet
   facet normal 0.000000e+000 1.000000e+000 0.000000e+000
      outer loop
         vertex 2.840354e+001 6.100000e+001 9.766938e-001
         vertex 2.873371e+001 6.100000e+001 1.394432e-001
         vertex 2.836837e+001 6.100000e+001 9.635128e-001
      endloop
   endfacet
   facet normal 0.000000e+000 1.000000e+000 0.000000e+000
      outer loop
         vertex 2.836837e+001 6.100000e+001 9.635128e-001
         vertex 2.873371e+001 6.100000e+001 1.394432e-001
         vertex 2.866976e+001 6.100000e+001 1.154779e-001
      endloop
   endfacet
   facet normal 0.000000e+000 1.000000e+000 0.000000e+000
      outer loop
         vertex 2.836837e+001 6.100000e+001 9.635128e-001
         vertex 2.866976e+001 6.100000e+001 1.154779e-001
         vertex 2.833277e+001 6.100000e+001 9.515406e-001
      endloop
   endfacet
   facet normal 0.000000e+000 1.000000e+000 0.000000e+000
      outer loop
         vertex 2.833277e+001 6.100000e+001 9.515406e-001
         vertex 2.866976e+001 6.100000e+001 1.154779e-001
         vertex 2.860503e+001 6.100000e+001 9.371061e-002
      endloop
   endfacet
   facet normal 0.000000e+000 1.000000e+000 0.000000e+000
      outer loop
         vertex 2.833277e+001 6.100000e+001 9.515406e-001
         vertex 2.860503e+001 6.100000e+001 9.371061e-002
         vertex 2.829678e+001 6.100000e+001 9.407909e-001
      endloop
   endfacet
   facet normal 0.000000e+000 1.000000e+000 0.000000e+000
      outer loop
         vertex 2.829678e+001 6.100000e+001 9.407909e-001
         vertex 2.860503e+001 6.100000e+001 9.371061e-002
         vertex 2.853959e+001 6.100000e+001 7.416494e-002
      endloop
   endfacet
   facet normal 0.000000e+000 1.000000e+000 0.000000e+000
      outer loop
         vertex 2.829678e+001 6.100000e+001 9.407909e-001
         vertex 2.853959e+001 6.100000e+001 7.416494e-002
         vertex 2.826044e+001 6.100000e+001 9.312760e-001
      endloop
   endfacet
   facet normal 0.000000e+000 1.000000e+000 0.000000e+000
      outer loop
         vertex 2.826044e+001 6.100000e+001 9.312760e-001
         vertex 2.853959e+001 6.100000e+001 7.416494e-002
         vertex 2.847353e+001 6.100000e+001 5.686563e-002
      endloop
   endfacet
   facet normal 0.000000e+000 1.000000e+000 0.000000e+000
      outer loop
         vertex 2.826044e+001 6.100000e+001 9.312760e-001
         vertex 2.847353e+001 6.100000e+001 5.686563e-002
         vertex 2.822380e+001 6.100000e+001 9.230072e-001
      endloop
   endfacet
   facet normal 0.000000e+000 1.000000e+000 0.000000e+000
      outer loop
         vertex 2.822380e+001 6.100000e+001 9.230072e-001
         vertex 2.847353e+001 6.100000e+001 5.686563e-002
         vertex 2.840691e+001 6.100000e+001 4.183128e-002
      endloop
   endfacet
   facet normal 0.000000e+000 1.000000e+000 0.000000e+000
      outer loop
         vertex 2.822380e+001 6.100000e+001 9.230072e-001
         vertex 2.840691e+001 6.100000e+001 4.183128e-002
         vertex 2.818690e+001 6.100000e+001 9.159944e-001
      endloop
   endfacet
   facet normal 0.000000e+000 1.000000e+000 0.000000e+000
      outer loop
         vertex 2.818690e+001 6.100000e+001 9.159944e-001
         vertex 2.840691e+001 6.100000e+001 4.183128e-002
         vertex 2.833982e+001 6.100000e+001 2.908055e-002
      endloop
   endfacet
   facet normal 0.000000e+000 1.000000e+000 0.000000e+000
      outer loop
         vertex 2.818690e+001 6.100000e+001 9.159944e-001
         vertex 2.833982e+001 6.100000e+001 2.908055e-002
         vertex 2.814978e+001 6.100000e+001 9.102454e-001
      endloop
   endfacet
   facet normal 0.000000e+000 1.000000e+000 0.000000e+000
      outer loop
         vertex 2.814978e+001 6.100000e+001 9.102454e-001
         vertex 2.833982e+001 6.100000e+001 2.908055e-002
         vertex 2.827233e+001 6.100000e+001 1.862831e-002
      endloop
   endfacet
   facet normal 0.000000e+000 1.000000e+000 0.000000e+000
      outer loop
         vertex 2.814978e+001 6.100000e+001 9.102454e-001
         vertex 2.827233e+001 6.100000e+001 1.862831e-002
         vertex 2.811249e+001 6.100000e+001 9.057671e-001
      endloop
   endfacet
   facet normal 0.000000e+000 1.000000e+000 0.000000e+000
      outer loop
         vertex 2.811249e+001 6.100000e+001 9.057671e-001
         vertex 2.827233e+001 6.100000e+001 1.862831e-002
         vertex 2.820453e+001 6.100000e+001 1.048576e-002
      endloop
   endfacet
   facet normal 0.000000e+000 1.000000e+000 0.000000e+000
      outer loop
         vertex 2.811249e+001 6.100000e+001 9.057671e-001
         vertex 2.820453e+001 6.100000e+001 1.048576e-002
         vertex 2.807507e+001 6.100000e+001 9.025643e-001
      endloop
   endfacet
   facet normal 0.000000e+000 1.000000e+000 0.000000e+000
      outer loop
         vertex 2.807507e+001 6.100000e+001 9.025643e-001
         vertex 2.820453e+001 6.100000e+001 1.048576e-002
         vertex 2.813648e+001 6.100000e+001 4.662201e-003
      endloop
   endfacet
   facet normal 0.000000e+000 1.000000e+000 0.000000e+000
      outer loop
         vertex 2.807507e+001 6.100000e+001 9.025643e-001
         vertex 2.813648e+001 6.100000e+001 4.662201e-003
         vertex 2.803756e+001 6.100000e+001 9.006411e-001
      endloop
   endfacet
   facet normal 0.000000e+000 1.000000e+000 0.000000e+000
      outer loop
         vertex 2.803756e+001 6.100000e+001 9.006411e-001
         vertex 2.813648e+001 6.100000e+001 4.662201e-003
         vertex 2.806828e+001 6.100000e+001 1.166016e-003
      endloop
   endfacet
   facet normal 0.000000e+000 1.000000e+000 0.000000e+000
      outer loop
         vertex 2.803756e+001 6.100000e+001 9.006411e-001
         vertex 2.806828e+001 6.100000e+001 1.166016e-003
         vertex 2.800000e+001 6.100000e+001 8.999999e-001
      endloop
   endfacet
   facet normal 0.000000e+000 1.000000e+000 0.000000e+000
      outer loop
         vertex 2.800000e+001 6.100000e+001 8.999999e-001
         vertex 2.806828e+001 6.100000e+001 1.166016e-003
         vertex 2.800000e+001 6.100000e+001 0.000000e+000
      endloop
   endfacet
   facet normal 0.000000e+000 1.000000e+000 0.000000e+000
      outer loop
         vertex 2.800000e+001 6.100000e+001 8.999999e-001
         vertex 2.800000e+001 6.100000e+001 0.000000e+000
         vertex 1.999999e+000 6.100000e+001 8.999999e-001
      endloop
   endfacet
   facet normal 0.000000e+000 1.000000e+000 0.000000e+000
      outer loop
         vertex 1.999999e+000 6.100000e+001 8.999999e-001
         vertex 2.800000e+001 6.100000e+001 0.000000e+000
         vertex 1.999999e+000 6.100000e+001 0.000000e+000
      endloop
   endfacet
   facet normal 0.000000e+000 1.000000e+000 0.000000e+000
      outer loop
         vertex 1.999999e+000 6.100000e+001 8.999999e-001
         vertex 1.999999e+000 6.100000e+001 0.000000e+000
         vertex 1.961610e+000 6.100000e+001 9.006699e-001
      endloop
   endfacet
   facet normal 0.000000e+000 1.000000e+000 0.000000e+000
      outer loop
         vertex 1.961610e+000 6.100000e+001 9.006699e-001
         vertex 1.999999e+000 6.100000e+001 0.000000e+000
         vertex 1.930200e+000 6.100000e+001 1.218170e-003
      endloop
   endfacet
   facet normal 0.000000e+000 1.000000e+000 0.000000e+000
      outer loop
         vertex 1.961610e+000 6.100000e+001 9.006699e-001
         vertex 1.930200e+000 6.100000e+001 1.218170e-003
         vertex 1.923268e+000 6.100000e+001 9.026793e-001
      endloop
   endfacet
   facet normal 0.000000e+000 1.000000e+000 0.000000e+000
      outer loop
         vertex 1.923268e+000 6.100000e+001 9.026793e-001
         vertex 1.930200e+000 6.100000e+001 1.218170e-003
         vertex 1.860486e+000 6.100000e+001 4.871748e-003
      endloop
   endfacet
   facet normal 0.000000e+000 1.000000e+000 0.000000e+000
      outer loop
         vertex 1.923268e+000 6.100000e+001 9.026793e-001
         vertex 1.860486e+000 6.100000e+001 4.871748e-003
         vertex 1.885018e+000 6.100000e+001 9.060260e-001
      endloop
   endfacet
   facet normal 0.000000e+000 1.000000e+000 0.000000e+000
      outer loop
         vertex 1.885018e+000 6.100000e+001 9.060260e-001
         vertex 1.860486e+000 6.100000e+001 4.871748e-003
         vertex 1.790943e+000 6.100000e+001 1.095608e-002
      endloop
   endfacet
   facet normal 0.000000e+000 1.000000e+000 0.000000e+000
      outer loop
         vertex 1.885018e+000 6.100000e+001 9.060260e-001
         vertex 1.790943e+000 6.100000e+001 1.095608e-002
         vertex 1.846910e+000 6.100000e+001 9.107050e-001
      endloop
   endfacet
   facet normal 0.000000e+000 1.000000e+000 0.000000e+000
      outer loop
         vertex 1.846910e+000 6.100000e+001 9.107050e-001
         vertex 1.790943e+000 6.100000e+001 1.095608e-002
         vertex 1.721653e+000 6.100000e+001 1.946371e-002
      endloop
   endfacet
   facet normal 0.000000e+000 1.000000e+000 0.000000e+000
      outer loop
         vertex 1.846910e+000 6.100000e+001 9.107050e-001
         vertex 1.721653e+000 6.100000e+001 1.946371e-002
         vertex 1.808987e+000 6.100000e+001 9.167115e-001
      endloop
   endfacet
   facet normal 0.000000e+000 1.000000e+000 0.000000e+000
      outer loop
         vertex 1.808987e+000 6.100000e+001 9.167115e-001
         vertex 1.721653e+000 6.100000e+001 1.946371e-002
         vertex 1.652704e+000 6.100000e+001 3.038440e-002
      endloop
   endfacet
   facet normal 0.000000e+000 1.000000e+000 0.000000e+000
      outer loop
         vertex 1.808987e+000 6.100000e+001 9.167115e-001
         vertex 1.652704e+000 6.100000e+001 3.038440e-002
         vertex 1.771297e+000 6.100000e+001 9.240373e-001
      endloop
   endfacet
   facet normal 0.000000e+000 1.000000e+000 0.000000e+000
      outer loop
         vertex 1.771297e+000 6.100000e+001 9.240373e-001
         vertex 1.652704e+000 6.100000e+001 3.038440e-002
         vertex 1.584176e+000 6.100000e+001 4.370511e-002
      endloop
   endfacet
   facet normal 0.000000e+000 1.000000e+000 0.000000e+000
      outer loop
         vertex 1.771297e+000 6.100000e+001 9.240373e-001
         vertex 1.584176e+000 6.100000e+001 4.370511e-002
         vertex 1.733886e+000 6.100000e+001 9.326744e-001
      endloop
   endfacet
   facet normal 0.000000e+000 1.000000e+000 0.000000e+000
      outer loop
         vertex 1.733886e+000 6.100000e+001 9.326744e-001
         vertex 1.584176e+000 6.100000e+001 4.370511e-002
         vertex 1.516156e+000 6.100000e+001 5.940814e-002
      endloop
   endfacet
   facet normal 0.000000e+000 1.000000e+000 0.000000e+000
      outer loop
         vertex 1.733886e+000 6.100000e+001 9.326744e-001
         vertex 1.516156e+000 6.100000e+001 5.940814e-002
         vertex 1.696799e+000 6.100000e+001 9.426121e-001
      endloop
   endfacet
   facet normal 0.000000e+000 1.000000e+000 0.000000e+000
      outer loop
         vertex 1.696799e+000 6.100000e+001 9.426121e-001
         vertex 1.516156e+000 6.100000e+001 5.940814e-002
         vertex 1.448725e+000 6.100000e+001 7.747672e-002
      endloop
   endfacet
   facet normal 0.000000e+000 1.000000e+000 0.000000e+000
      outer loop
         vertex 1.696799e+000 6.100000e+001 9.426121e-001
         vertex 1.448725e+000 6.100000e+001 7.747672e-002
         vertex 1.660081e+000 6.100000e+001 9.538378e-001
      endloop
   endfacet
   facet normal 0.000000e+000 1.000000e+000 0.000000e+000
      outer loop
         vertex 1.660081e+000 6.100000e+001 9.538378e-001
         vertex 1.448725e+000 6.100000e+001 7.747672e-002
         vertex 1.381965e+000 6.100000e+001 9.788666e-002
      endloop
   endfacet
   facet normal 0.000000e+000 1.000000e+000 0.000000e+000
      outer loop
         vertex 1.660081e+000 6.100000e+001 9.538378e-001
         vertex 1.381965e+000 6.100000e+001 9.788666e-002
         vertex 1.623778e+000 6.100000e+001 9.663380e-001
      endloop
   endfacet
   facet normal 0.000000e+000 1.000000e+000 0.000000e+000
      outer loop
         vertex 1.623778e+000 6.100000e+001 9.663380e-001
         vertex 1.381965e+000 6.100000e+001 9.788666e-002
         vertex 1.315960e+000 6.100000e+001 1.206147e-001
      endloop
   endfacet
   facet normal 0.000000e+000 1.000000e+000 0.000000e+000
      outer loop
         vertex 1.623778e+000 6.100000e+001 9.663380e-001
         vertex 1.315960e+000 6.100000e+001 1.206147e-001
         vertex 1.587933e+000 6.100000e+001 9.800978e-001
      endloop
   endfacet
   facet normal 0.000000e+000 1.000000e+000 0.000000e+000
      outer loop
         vertex 1.587933e+000 6.100000e+001 9.800978e-001
         vertex 1.315960e+000 6.100000e+001 1.206147e-001
         vertex 1.250787e+000 6.100000e+001 1.456323e-001
      endloop
   endfacet
   facet normal 0.000000e+000 1.000000e+000 0.000000e+000
      outer loop
         vertex 1.587933e+000 6.100000e+001 9.800978e-001
         vertex 1.250787e+000 6.100000e+001 1.456323e-001
         vertex 1.552589e+000 6.100000e+001 9.951000e-001
      endloop
   endfacet
   facet normal 0.000000e+000 1.000000e+000 0.000000e+000
      outer loop
         vertex 1.552589e+000 6.100000e+001 9.951000e-001
         vertex 1.250787e+000 6.100000e+001 1.456323e-001
         vertex 1.186526e+000 6.100000e+001 1.729089e-001
      endloop
   endfacet
   facet normal 0.000000e+000 1.000000e+000 0.000000e+000
      outer loop
         vertex 1.552589e+000 6.100000e+001 9.951000e-001
         vertex 1.186526e+000 6.100000e+001 1.729089e-001
         vertex 1.517791e+000 6.100000e+001 1.011326e+000
      endloop
   endfacet
   facet normal 0.000000e+000 1.000000e+000 0.000000e+000
      outer loop
         vertex 1.517791e+000 6.100000e+001 1.011326e+000
         vertex 1.186526e+000 6.100000e+001 1.729089e-001
         vertex 1.123258e+000 6.100000e+001 2.024118e-001
      endloop
   endfacet
   facet normal 0.000000e+000 1.000000e+000 0.000000e+000
      outer loop
         vertex 1.517791e+000 6.100000e+001 1.011326e+000
         vertex 1.123258e+000 6.100000e+001 2.024118e-001
         vertex 1.483581e+000 6.100000e+001 1.028758e+000
      endloop
   endfacet
   facet normal 0.000000e+000 1.000000e+000 0.000000e+000
      outer loop
         vertex 1.483581e+000 6.100000e+001 1.028758e+000
         vertex 1.123258e+000 6.100000e+001 2.024118e-001
         vertex 1.061057e+000 6.100000e+001 2.341047e-001
      endloop
   endfacet
   facet normal 0.000000e+000 1.000000e+000 0.000000e+000
      outer loop
         vertex 1.483581e+000 6.100000e+001 1.028758e+000
         vertex 1.061057e+000 6.100000e+001 2.341047e-001
         vertex 1.449999e+000 6.100000e+001 1.047372e+000
      endloop
   endfacet
   facet normal 0.000000e+000 1.000000e+000 0.000000e+000
      outer loop
         vertex 1.449999e+000 6.100000e+001 1.047372e+000
         vertex 1.061057e+000 6.100000e+001 2.341047e-001
         vertex 1.000000e+000 6.100000e+001 2.679490e-001
      endloop
   endfacet
   facet normal 0.000000e+000 1.000000e+000 0.000000e+000
      outer loop
         vertex 1.449999e+000 6.100000e+001 1.047372e+000
         vertex 1.000000e+000 6.100000e+001 2.679490e-001
         vertex 1.417088e+000 6.100000e+001 1.067147e+000
      endloop
   endfacet
   facet normal 0.000000e+000 1.000000e+000 0.000000e+000
      outer loop
         vertex 1.417088e+000 6.100000e+001 1.067147e+000
         vertex 1.000000e+000 6.100000e+001 2.679490e-001
         vertex 9.401608e-001 6.100000e+001 3.039036e-001
      endloop
   endfacet
   facet normal 0.000000e+000 1.000000e+000 0.000000e+000
      outer loop
         vertex 1.417088e+000 6.100000e+001 1.067147e+000
         vertex 9.401608e-001 6.100000e+001 3.039036e-001
         vertex 1.384888e+000 6.100000e+001 1.088059e+000
      endloop
   endfacet
   facet normal 0.000000e+000 1.000000e+000 0.000000e+000
      outer loop
         vertex 1.384888e+000 6.100000e+001 1.088059e+000
         vertex 9.401608e-001 6.100000e+001 3.039036e-001
         vertex 8.816141e-001 6.100000e+001 3.419248e-001
      endloop
   endfacet
   facet normal 0.000000e+000 1.000000e+000 0.000000e+000
      outer loop
         vertex 1.384888e+000 6.100000e+001 1.088059e+000
         vertex 8.816141e-001 6.100000e+001 3.419248e-001
         vertex 1.353436e+000 6.100000e+001 1.110081e+000
      endloop
   endfacet
   facet normal 0.000000e+000 1.000000e+000 0.000000e+000
      outer loop
         vertex 1.353436e+000 6.100000e+001 1.110081e+000
         vertex 8.816141e-001 6.100000e+001 3.419248e-001
         vertex 8.244291e-001 6.100000e+001 3.819657e-001
      endloop
   endfacet
   facet normal 0.000000e+000 1.000000e+000 0.000000e+000
      outer loop
         vertex 1.353436e+000 6.100000e+001 1.110081e+000
         vertex 8.244291e-001 6.100000e+001 3.819657e-001
         vertex 1.322772e+000 6.100000e+001 1.133188e+000
      endloop
   endfacet
   facet normal 0.000000e+000 1.000000e+000 0.000000e+000
      outer loop
         vertex 1.322772e+000 6.100000e+001 1.133188e+000
         vertex 8.244291e-001 6.100000e+001 3.819657e-001
         vertex 7.686764e-001 6.100000e+001 4.239785e-001
      endloop
   endfacet
   facet normal 0.000000e+000 1.000000e+000 0.000000e+000
      outer loop
         vertex 1.322772e+000 6.100000e+001 1.133188e+000
         vertex 7.686764e-001 6.100000e+001 4.239785e-001
         vertex 1.292934e+000 6.100000e+001 1.157351e+000
      endloop
   endfacet
   facet normal 0.000000e+000 1.000000e+000 0.000000e+000
      outer loop
         vertex 1.292934e+000 6.100000e+001 1.157351e+000
         vertex 7.686764e-001 6.100000e+001 4.239785e-001
         vertex 7.144241e-001 6.100000e+001 4.679109e-001
      endloop
   endfacet
   facet normal 0.000000e+000 1.000000e+000 0.000000e+000
      outer loop
         vertex 1.292934e+000 6.100000e+001 1.157351e+000
         vertex 7.144241e-001 6.100000e+001 4.679109e-001
         vertex 1.263957e+000 6.100000e+001 1.182541e+000
      endloop
   endfacet
   facet normal 0.000000e+000 1.000000e+000 0.000000e+000
      outer loop
         vertex 1.263957e+000 6.100000e+001 1.182541e+000
         vertex 7.144241e-001 6.100000e+001 4.679109e-001
         vertex 6.617382e-001 6.100000e+001 5.137101e-001
      endloop
   endfacet
   facet normal 0.000000e+000 1.000000e+000 0.000000e+000
      outer loop
         vertex 1.263957e+000 6.100000e+001 1.182541e+000
         vertex 6.617382e-001 6.100000e+001 5.137101e-001
         vertex 1.235875e+000 6.100000e+001 1.208726e+000
      endloop
   endfacet
   facet normal 0.000000e+000 1.000000e+000 0.000000e+000
      outer loop
         vertex 1.235875e+000 6.100000e+001 1.208726e+000
         vertex 6.617382e-001 6.100000e+001 5.137101e-001
         vertex 6.106831e-001 6.100000e+001 5.613202e-001
      endloop
   endfacet
   facet normal 0.000000e+000 1.000000e+000 0.000000e+000
      outer loop
         vertex 1.235875e+000 6.100000e+001 1.208726e+000
         vertex 6.106831e-001 6.100000e+001 5.613202e-001
         vertex 1.208726e+000 6.100000e+001 1.235876e+000
      endloop
   endfacet
   facet normal 0.000000e+000 1.000000e+000 0.000000e+000
      outer loop
         vertex 1.208726e+000 6.100000e+001 1.235876e+000
         vertex 6.106831e-001 6.100000e+001 5.613202e-001
         vertex 5.613202e-001 6.100000e+001 6.106831e-001
      endloop
   endfacet
   facet normal 0.000000e+000 1.000000e+000 0.000000e+000
      outer loop
         vertex 1.208726e+000 6.100000e+001 1.235876e+000
         vertex 5.613202e-001 6.100000e+001 6.106831e-001
         vertex 1.182540e+000 6.100000e+001 1.263956e+000
      endloop
   endfacet
   facet normal 0.000000e+000 1.000000e+000 0.000000e+000
      outer loop
         vertex 1.182540e+000 6.100000e+001 1.263956e+000
         vertex 5.613202e-001 6.100000e+001 6.106831e-001
         vertex 5.137101e-001 6.100000e+001 6.617387e-001
      endloop
   endfacet
   facet normal 0.000000e+000 1.000000e+000 0.000000e+000
      outer loop
         vertex 1.182540e+000 6.100000e+001 1.263956e+000
         vertex 5.137101e-001 6.100000e+001 6.617387e-001
         vertex 1.157351e+000 6.100000e+001 1.292934e+000
      endloop
   endfacet
   facet normal 0.000000e+000 1.000000e+000 0.000000e+000
      outer loop
         vertex 1.157351e+000 6.100000e+001 1.292934e+000
         vertex 5.137101e-001 6.100000e+001 6.617387e-001
         vertex 4.679104e-001 6.100000e+001 7.144246e-001
      endloop
   endfacet
   facet normal 0.000000e+000 1.000000e+000 0.000000e+000
      outer loop
         vertex 1.157351e+000 6.100000e+001 1.292934e+000
         vertex 4.679104e-001 6.100000e+001 7.144246e-001
         vertex 1.133188e+000 6.100000e+001 1.322772e+000
      endloop
   endfacet
   facet normal 0.000000e+000 1.000000e+000 0.000000e+000
      outer loop
         vertex 1.133188e+000 6.100000e+001 1.322772e+000
         vertex 4.679104e-001 6.100000e+001 7.144246e-001
         vertex 4.239781e-001 6.100000e+001 7.686769e-001
      endloop
   endfacet
   facet normal 0.000000e+000 1.000000e+000 0.000000e+000
      outer loop
         vertex 1.133188e+000 6.100000e+001 1.322772e+000
         vertex 4.239781e-001 6.100000e+001 7.686769e-001
         vertex 1.110081e+000 6.100000e+001 1.353436e+000
      endloop
   endfacet
   facet normal 0.000000e+000 1.000000e+000 0.000000e+000
      outer loop
         vertex 1.110081e+000 6.100000e+001 1.353436e+000
         vertex 4.239781e-001 6.100000e+001 7.686769e-001
         vertex 3.819661e-001 6.100000e+001 8.244296e-001
      endloop
   endfacet
   facet normal 0.000000e+000 1.000000e+000 0.000000e+000
      outer loop
         vertex 1.110081e+000 6.100000e+001 1.353436e+000
         vertex 3.819661e-001 6.100000e+001 8.244296e-001
         vertex 1.088059e+000 6.100000e+001 1.384888e+000
      endloop
   endfacet
   facet normal 0.000000e+000 1.000000e+000 0.000000e+000
      outer loop
         vertex 1.088059e+000 6.100000e+001 1.384888e+000
         vertex 3.819661e-001 6.100000e+001 8.244296e-001
         vertex 3.419248e-001 6.100000e+001 8.816141e-001
      endloop
   endfacet
   facet normal 0.000000e+000 1.000000e+000 0.000000e+000
      outer loop
         vertex 1.088059e+000 6.100000e+001 1.384888e+000
         vertex 3.419248e-001 6.100000e+001 8.816141e-001
         vertex 1.067147e+000 6.100000e+001 1.417089e+000
      endloop
   endfacet
   facet normal 0.000000e+000 1.000000e+000 0.000000e+000
      outer loop
         vertex 1.067147e+000 6.100000e+001 1.417089e+000
         vertex 3.419248e-001 6.100000e+001 8.816141e-001
         vertex 3.039036e-001 6.100000e+001 9.401613e-001
      endloop
   endfacet
   facet normal 0.000000e+000 1.000000e+000 0.000000e+000
      outer loop
         vertex 1.067147e+000 6.100000e+001 1.417089e+000
         vertex 3.039036e-001 6.100000e+001 9.401613e-001
         vertex 1.047372e+000 6.100000e+001 1.450000e+000
      endloop
   endfacet
   facet normal 0.000000e+000 1.000000e+000 0.000000e+000
      outer loop
         vertex 1.047372e+000 6.100000e+001 1.450000e+000
         vertex 3.039036e-001 6.100000e+001 9.401613e-001
         vertex 2.679490e-001 6.100000e+001 9.999997e-001
      endloop
   endfacet
   facet normal 0.000000e+000 1.000000e+000 0.000000e+000
      outer loop
         vertex 1.047372e+000 6.100000e+001 1.450000e+000
         vertex 2.679490e-001 6.100000e+001 9.999997e-001
         vertex 1.028758e+000 6.100000e+001 1.483581e+000
      endloop
   endfacet
   facet normal 0.000000e+000 1.000000e+000 0.000000e+000
      outer loop
         vertex 1.028758e+000 6.100000e+001 1.483581e+000
         vertex 2.679490e-001 6.100000e+001 9.999997e-001
         vertex 2.341047e-001 6.100000e+001 1.061057e+000
      endloop
   endfacet
   facet normal 0.000000e+000 1.000000e+000 0.000000e+000
      outer loop
         vertex 1.028758e+000 6.100000e+001 1.483581e+000
         vertex 2.341047e-001 6.100000e+001 1.061057e+000
         vertex 1.011326e+000 6.100000e+001 1.517792e+000
      endloop
   endfacet
   facet normal 0.000000e+000 1.000000e+000 0.000000e+000
      outer loop
         vertex 1.011326e+000 6.100000e+001 1.517792e+000
         vertex 2.341047e-001 6.100000e+001 1.061057e+000
         vertex 2.024118e-001 6.100000e+001 1.123257e+000
      endloop
   endfacet
   facet normal 0.000000e+000 1.000000e+000 0.000000e+000
      outer loop
         vertex 1.011326e+000 6.100000e+001 1.517792e+000
         vertex 2.024118e-001 6.100000e+001 1.123257e+000
         vertex 9.950995e-001 6.100000e+001 1.552590e+000
      endloop
   endfacet
   facet normal 0.000000e+000 1.000000e+000 0.000000e+000
      outer loop
         vertex 9.950995e-001 6.100000e+001 1.552590e+000
         vertex 2.024118e-001 6.100000e+001 1.123257e+000
         vertex 1.729093e-001 6.100000e+001 1.186526e+000
      endloop
   endfacet
   facet normal 0.000000e+000 1.000000e+000 0.000000e+000
      outer loop
         vertex 9.950995e-001 6.100000e+001 1.552590e+000
         vertex 1.729093e-001 6.100000e+001 1.186526e+000
         vertex 9.800978e-001 6.100000e+001 1.587932e+000
      endloop
   endfacet
   facet normal 0.000000e+000 1.000000e+000 0.000000e+000
      outer loop
         vertex 9.800978e-001 6.100000e+001 1.587932e+000
         vertex 1.729093e-001 6.100000e+001 1.186526e+000
         vertex 1.456328e-001 6.100000e+001 1.250787e+000
      endloop
   endfacet
   facet normal 0.000000e+000 1.000000e+000 0.000000e+000
      outer loop
         vertex 9.800978e-001 6.100000e+001 1.587932e+000
         vertex 1.456328e-001 6.100000e+001 1.250787e+000
         vertex 9.663375e-001 6.100000e+001 1.623778e+000
      endloop
   endfacet
   facet normal 0.000000e+000 1.000000e+000 0.000000e+000
      outer loop
         vertex 9.663375e-001 6.100000e+001 1.623778e+000
         vertex 1.456328e-001 6.100000e+001 1.250787e+000
         vertex 1.206137e-001 6.100000e+001 1.315960e+000
      endloop
   endfacet
   facet normal 0.000000e+000 1.000000e+000 0.000000e+000
      outer loop
         vertex 9.663375e-001 6.100000e+001 1.623778e+000
         vertex 1.206137e-001 6.100000e+001 1.315960e+000
         vertex 9.538373e-001 6.100000e+001 1.660081e+000
      endloop
   endfacet
   facet normal 0.000000e+000 1.000000e+000 0.000000e+000
      outer loop
         vertex 9.538373e-001 6.100000e+001 1.660081e+000
         vertex 1.206137e-001 6.100000e+001 1.315960e+000
         vertex 9.788759e-002 6.100000e+001 1.381966e+000
      endloop
   endfacet
   facet normal 0.000000e+000 1.000000e+000 0.000000e+000
      outer loop
         vertex 9.538373e-001 6.100000e+001 1.660081e+000
         vertex 9.788759e-002 6.100000e+001 1.381966e+000
         vertex 9.426121e-001 6.100000e+001 1.696799e+000
      endloop
   endfacet
   facet normal 0.000000e+000 1.000000e+000 0.000000e+000
      outer loop
         vertex 9.426121e-001 6.100000e+001 1.696799e+000
         vertex 9.788759e-002 6.100000e+001 1.381966e+000
         vertex 7.747672e-002 6.100000e+001 1.448725e+000
      endloop
   endfacet
   facet normal 0.000000e+000 1.000000e+000 0.000000e+000
      outer loop
         vertex 9.426121e-001 6.100000e+001 1.696799e+000
         vertex 7.747672e-002 6.100000e+001 1.448725e+000
         vertex 9.326749e-001 6.100000e+001 1.733886e+000
      endloop
   endfacet
   facet normal 0.000000e+000 1.000000e+000 0.000000e+000
      outer loop
         vertex 9.326749e-001 6.100000e+001 1.733886e+000
         vertex 7.747672e-002 6.100000e+001 1.448725e+000
         vertex 5.940907e-002 6.100000e+001 1.516156e+000
      endloop
   endfacet
   facet normal 0.000000e+000 1.000000e+000 0.000000e+000
      outer loop
         vertex 9.326749e-001 6.100000e+001 1.733886e+000
         vertex 5.940907e-002 6.100000e+001 1.516156e+000
         vertex 9.240378e-001 6.100000e+001 1.771297e+000
      endloop
   endfacet
   facet normal 0.000000e+000 1.000000e+000 0.000000e+000
      outer loop
         vertex 9.240378e-001 6.100000e+001 1.771297e+000
         vertex 5.940907e-002 6.100000e+001 1.516156e+000
         vertex 4.370511e-002 6.100000e+001 1.584176e+000
      endloop
   endfacet
   facet normal 0.000000e+000 1.000000e+000 0.000000e+000
      outer loop
         vertex 9.240378e-001 6.100000e+001 1.771297e+000
         vertex 4.370511e-002 6.100000e+001 1.584176e+000
         vertex 9.167110e-001 6.100000e+001 1.808987e+000
      endloop
   endfacet
   facet normal 0.000000e+000 1.000000e+000 0.000000e+000
      outer loop
         vertex 9.167110e-001 6.100000e+001 1.808987e+000
         vertex 4.370511e-002 6.100000e+001 1.584176e+000
         vertex 3.038347e-002 6.100000e+001 1.652704e+000
      endloop
   endfacet
   facet normal 0.000000e+000 1.000000e+000 0.000000e+000
      outer loop
         vertex 9.167110e-001 6.100000e+001 1.808987e+000
         vertex 3.038347e-002 6.100000e+001 1.652704e+000
         vertex 9.107050e-001 6.100000e+001 1.846910e+000
      endloop
   endfacet
   facet normal 0.000000e+000 1.000000e+000 0.000000e+000
      outer loop
         vertex 9.107050e-001 6.100000e+001 1.846910e+000
         vertex 3.038347e-002 6.100000e+001 1.652704e+000
         vertex 1.946278e-002 6.100000e+001 1.721654e+000
      endloop
   endfacet
   facet normal 0.000000e+000 1.000000e+000 0.000000e+000
      outer loop
         vertex 9.107050e-001 6.100000e+001 1.846910e+000
         vertex 1.946278e-002 6.100000e+001 1.721654e+000
         vertex 9.060260e-001 6.100000e+001 1.885019e+000
      endloop
   endfacet
   facet normal 0.000000e+000 1.000000e+000 0.000000e+000
      outer loop
         vertex 9.060260e-001 6.100000e+001 1.885019e+000
         vertex 1.946278e-002 6.100000e+001 1.721654e+000
         vertex 1.095608e-002 6.100000e+001 1.790943e+000
      endloop
   endfacet
   facet normal 0.000000e+000 1.000000e+000 0.000000e+000
      outer loop
         vertex 9.060260e-001 6.100000e+001 1.885019e+000
         vertex 1.095608e-002 6.100000e+001 1.790943e+000
         vertex 9.026797e-001 6.100000e+001 1.923268e+000
      endloop
   endfacet
   facet normal 0.000000e+000 1.000000e+000 0.000000e+000
      outer loop
         vertex 9.026797e-001 6.100000e+001 1.923268e+000
         vertex 1.095608e-002 6.100000e+001 1.790943e+000
         vertex 4.870817e-003 6.100000e+001 1.860487e+000
      endloop
   endfacet
   facet normal 0.000000e+000 1.000000e+000 0.000000e+000
      outer loop
         vertex 9.026797e-001 6.100000e+001 1.923268e+000
         vertex 4.870817e-003 6.100000e+001 1.860487e+000
         vertex 9.006699e-001 6.100000e+001 1.961610e+000
      endloop
   endfacet
   facet normal 0.000000e+000 1.000000e+000 0.000000e+000
      outer loop
         vertex 9.006699e-001 6.100000e+001 1.961610e+000
         vertex 4.870817e-003 6.100000e+001 1.860487e+000
         vertex 1.218170e-003 6.100000e+001 1.930201e+000
      endloop
   endfacet
   facet normal 0.000000e+000 1.000000e+000 0.000000e+000
      outer loop
         vertex 9.006699e-001 6.100000e+001 1.961610e+000
         vertex 1.218170e-003 6.100000e+001 1.930201e+000
         vertex 8.999994e-001 6.100000e+001 2.000000e+000
      endloop
   endfacet
   facet normal 0.000000e+000 1.000000e+000 0.000000e+000
      outer loop
         vertex 8.999994e-001 6.100000e+001 2.000000e+000
         vertex 1.218170e-003 6.100000e+001 1.930201e+000
         vertex 0.000000e+000 6.100000e+001 2.000000e+000
      endloop
   endfacet
   facet normal 0.000000e+000 1.000000e+000 0.000000e+000
      outer loop
         vertex 8.999994e-001 6.100000e+001 2.000000e+000
         vertex 0.000000e+000 6.100000e+001 2.000000e+000
         vertex 8.999994e-001 6.100000e+001 1.800000e+001
      endloop
   endfacet
   facet normal 0.000000e+000 1.000000e+000 0.000000e+000
      outer loop
         vertex 8.999994e-001 6.100000e+001 1.800000e+001
         vertex 0.000000e+000 6.100000e+001 2.000000e+000
         vertex 0.000000e+000 6.100000e+001 1.800000e+001
      endloop
   endfacet
   facet normal 0.000000e+000 1.000000e+000 0.000000e+000
      outer loop
         vertex 8.999994e-001 6.100000e+001 1.800000e+001
         vertex 0.000000e+000 6.100000e+001 1.800000e+001
         vertex 9.024972e-001 6.100000e+001 1.814309e+001
      endloop
   endfacet
   facet normal 0.000000e+000 1.000000e+000 0.000000e+000
      outer loop
         vertex 9.024972e-001 6.100000e+001 1.814309e+001
         vertex 0.000000e+000 6.100000e+001 1.800000e+001
         vertex 3.045425e-003 6.100000e+001 1.817450e+001
      endloop
   endfacet
   facet normal 0.000000e+000 1.000000e+000 0.000000e+000
      outer loop
         vertex 9.024972e-001 6.100000e+001 1.814309e+001
         vertex 3.045425e-003 6.100000e+001 1.817450e+001
         vertex 9.099869e-001 6.100000e+001 1.828600e+001
      endloop
   endfacet
   facet normal 0.000000e+000 1.000000e+000 0.000000e+000
      outer loop
         vertex 9.099869e-001 6.100000e+001 1.828600e+001
         vertex 3.045425e-003 6.100000e+001 1.817450e+001
         vertex 1.217984e-002 6.100000e+001 1.834878e+001
      endloop
   endfacet
   facet normal 0.000000e+000 1.000000e+000 0.000000e+000
      outer loop
         vertex 9.099869e-001 6.100000e+001 1.828600e+001
         vertex 1.217984e-002 6.100000e+001 1.834878e+001
         vertex 9.224601e-001 6.100000e+001 1.842857e+001
      endloop
   endfacet
   facet normal 0.000000e+000 1.000000e+000 0.000000e+000
      outer loop
         vertex 9.224601e-001 6.100000e+001 1.842857e+001
         vertex 1.217984e-002 6.100000e+001 1.834878e+001
         vertex 2.739020e-002 6.100000e+001 1.852264e+001
      endloop
   endfacet
   facet normal 0.000000e+000 1.000000e+000 0.000000e+000
      outer loop
         vertex 9.224601e-001 6.100000e+001 1.842857e+001
         vertex 2.739020e-002 6.100000e+001 1.852264e+001
         vertex 9.399010e-001 6.100000e+001 1.857061e+001
      endloop
   endfacet
   facet normal 0.000000e+000 1.000000e+000 0.000000e+000
      outer loop
         vertex 9.399010e-001 6.100000e+001 1.857061e+001
         vertex 2.739020e-002 6.100000e+001 1.852264e+001
         vertex 4.865974e-002 6.100000e+001 1.869587e+001
      endloop
   endfacet
   facet normal 0.000000e+000 1.000000e+000 0.000000e+000
      outer loop
         vertex 9.399010e-001 6.100000e+001 1.857061e+001
         vertex 4.865974e-002 6.100000e+001 1.869587e+001
         vertex 9.622881e-001 6.100000e+001 1.871196e+001
      endloop
   endfacet
   facet normal 0.000000e+000 1.000000e+000 0.000000e+000
      outer loop
         vertex 9.622881e-001 6.100000e+001 1.871196e+001
         vertex 4.865974e-002 6.100000e+001 1.869587e+001
         vertex 7.596053e-002 6.100000e+001 1.886824e+001
      endloop
   endfacet
   facet normal 0.000000e+000 1.000000e+000 0.000000e+000
      outer loop
         vertex 9.622881e-001 6.100000e+001 1.871196e+001
         vertex 7.596053e-002 6.100000e+001 1.886824e+001
         vertex 9.895945e-001 6.100000e+001 1.885244e+001
      endloop
   endfacet
   facet normal 0.000000e+000 1.000000e+000 0.000000e+000
      outer loop
         vertex 9.895945e-001 6.100000e+001 1.885244e+001
         vertex 7.596053e-002 6.100000e+001 1.886824e+001
         vertex 1.092609e-001 6.100000e+001 1.903956e+001
      endloop
   endfacet
   facet normal 0.000000e+000 1.000000e+000 0.000000e+000
      outer loop
         vertex 9.895945e-001 6.100000e+001 1.885244e+001
         vertex 1.092609e-001 6.100000e+001 1.903956e+001
         vertex 1.021788e+000 6.100000e+001 1.899188e+001
      endloop
   endfacet
   facet normal 0.000000e+000 1.000000e+000 0.000000e+000
      outer loop
         vertex 1.021788e+000 6.100000e+001 1.899188e+001
         vertex 1.092609e-001 6.100000e+001 1.903956e+001
         vertex 1.485217e-001 6.100000e+001 1.920961e+001
      endloop
   endfacet
   facet normal 0.000000e+000 1.000000e+000 0.000000e+000
      outer loop
         vertex 1.021788e+000 6.100000e+001 1.899188e+001
         vertex 1.485217e-001 6.100000e+001 1.920961e+001
         vertex 1.058827e+000 6.100000e+001 1.913011e+001
      endloop
   endfacet
   facet normal 0.000000e+000 1.000000e+000 0.000000e+000
      outer loop
         vertex 1.058827e+000 6.100000e+001 1.913011e+001
         vertex 1.485217e-001 6.100000e+001 1.920961e+001
         vertex 1.936909e-001 6.100000e+001 1.937819e+001
      endloop
   endfacet
   facet normal 0.000000e+000 1.000000e+000 0.000000e+000
      outer loop
         vertex 1.058827e+000 6.100000e+001 1.913011e+001
         vertex 1.936909e-001 6.100000e+001 1.937819e+001
         vertex 1.100668e+000 6.100000e+001 1.926697e+001
      endloop
   endfacet
   facet normal 0.000000e+000 1.000000e+000 0.000000e+000
      outer loop
         vertex 1.100668e+000 6.100000e+001 1.926697e+001
         vertex 1.936909e-001 6.100000e+001 1.937819e+001
         vertex 2.447171e-001 6.100000e+001 1.954509e+001
      endloop
   endfacet
   facet normal 0.000000e+000 1.000000e+000 0.000000e+000
      outer loop
         vertex 1.100668e+000 6.100000e+001 1.926697e+001
         vertex 2.447171e-001 6.100000e+001 1.954509e+001
         vertex 1.147260e+000 6.100000e+001 1.940228e+001
      endloop
   endfacet
   facet normal 0.000000e+000 1.000000e+000 0.000000e+000
      outer loop
         vertex 1.147260e+000 6.100000e+001 1.940228e+001
         vertex 2.447171e-001 6.100000e+001 1.954509e+001
         vertex 3.015371e-001 6.100000e+001 1.971010e+001
      endloop
   endfacet
   facet normal 0.000000e+000 1.000000e+000 0.000000e+000
      outer loop
         vertex 1.147260e+000 6.100000e+001 1.940228e+001
         vertex 3.015371e-001 6.100000e+001 1.971010e+001
         vertex 1.198546e+000 6.100000e+001 1.953589e+001
      endloop
   endfacet
   facet normal 0.000000e+000 1.000000e+000 0.000000e+000
      outer loop
         vertex 1.198546e+000 6.100000e+001 1.953589e+001
         vertex 3.015371e-001 6.100000e+001 1.971010e+001
         vertex 3.640801e-001 6.100000e+001 1.987303e+001
      endloop
   endfacet
   facet normal 0.000000e+000 1.000000e+000 0.000000e+000
      outer loop
         vertex 1.198546e+000 6.100000e+001 1.953589e+001
         vertex 3.640801e-001 6.100000e+001 1.987303e+001
         vertex 1.254464e+000 6.100000e+001 1.966762e+001
      endloop
   endfacet
   facet normal 0.000000e+000 1.000000e+000 0.000000e+000
      outer loop
         vertex 1.254464e+000 6.100000e+001 1.966762e+001
         vertex 3.640801e-001 6.100000e+001 1.987303e+001
         vertex 4.322724e-001 6.100000e+001 2.003368e+001
      endloop
   endfacet
   facet normal 0.000000e+000 1.000000e+000 0.000000e+000
      outer loop
         vertex 1.254464e+000 6.100000e+001 1.966762e+001
         vertex 4.322724e-001 6.100000e+001 2.003368e+001
         vertex 1.314945e+000 6.100000e+001 1.979732e+001
      endloop
   endfacet
   facet normal 0.000000e+000 1.000000e+000 0.000000e+000
      outer loop
         vertex 1.314945e+000 6.100000e+001 1.979732e+001
         vertex 4.322724e-001 6.100000e+001 2.003368e+001
         vertex 5.060295e-001 6.100000e+001 2.019186e+001
      endloop
   endfacet
   facet normal 0.000000e+000 1.000000e+000 0.000000e+000
      outer loop
         vertex 1.314945e+000 6.100000e+001 1.979732e+001
         vertex 5.060295e-001 6.100000e+001 2.019186e+001
         vertex 1.379915e+000 6.100000e+001 1.992484e+001
      endloop
   endfacet
   facet normal 0.000000e+000 1.000000e+000 0.000000e+000
      outer loop
         vertex 1.379915e+000 6.100000e+001 1.992484e+001
         vertex 5.060295e-001 6.100000e+001 2.019186e+001
         vertex 5.852617e-001 6.100000e+001 2.034736e+001
      endloop
   endfacet
   facet normal 0.000000e+000 1.000000e+000 0.000000e+000
      outer loop
         vertex 1.379915e+000 6.100000e+001 1.992484e+001
         vertex 5.852617e-001 6.100000e+001 2.034736e+001
         vertex 1.449295e+000 6.100000e+001 2.005000e+001
      endloop
   endfacet
   facet normal 0.000000e+000 1.000000e+000 0.000000e+000
      outer loop
         vertex 1.449295e+000 6.100000e+001 2.005000e+001
         vertex 5.852617e-001 6.100000e+001 2.034736e+001
         vertex 6.698724e-001 6.100000e+001 2.050000e+001
      endloop
   endfacet
   facet normal 0.000000e+000 1.000000e+000 0.000000e+000
      outer loop
         vertex 1.449295e+000 6.100000e+001 2.005000e+001
         vertex 6.698724e-001 6.100000e+001 2.050000e+001
         vertex 1.523003e+000 6.100000e+001 2.017267e+001
      endloop
   endfacet
   facet normal 0.000000e+000 1.000000e+000 0.000000e+000
      outer loop
         vertex 1.523003e+000 6.100000e+001 2.017267e+001
         vertex 6.698724e-001 6.100000e+001 2.050000e+001
         vertex 7.597590e-001 6.100000e+001 2.064960e+001
      endloop
   endfacet
   facet normal 0.000000e+000 1.000000e+000 0.000000e+000
      outer loop
         vertex 1.523003e+000 6.100000e+001 2.017267e+001
         vertex 7.597590e-001 6.100000e+001 2.064960e+001
         vertex 1.600945e+000 6.100000e+001 2.029269e+001
      endloop
   endfacet
   facet normal 0.000000e+000 1.000000e+000 0.000000e+000
      outer loop
         vertex 1.600945e+000 6.100000e+001 2.029269e+001
         vertex 7.597590e-001 6.100000e+001 2.064960e+001
         vertex 8.548116e-001 6.100000e+001 2.079596e+001
      endloop
   endfacet
   facet normal 0.000000e+000 1.000000e+000 0.000000e+000
      outer loop
         vertex 1.600945e+000 6.100000e+001 2.029269e+001
         vertex 8.548116e-001 6.100000e+001 2.079596e+001
         vertex 1.683030e+000 6.100000e+001 2.040992e+001
      endloop
   endfacet
   facet normal 0.000000e+000 1.000000e+000 0.000000e+000
      outer loop
         vertex 1.683030e+000 6.100000e+001 2.040992e+001
         vertex 8.548116e-001 6.100000e+001 2.079596e+001
         vertex 9.549148e-001 6.100000e+001 2.093892e+001
      endloop
   endfacet
   facet normal 0.000000e+000 1.000000e+000 0.000000e+000
      outer loop
         vertex 1.683030e+000 6.100000e+001 2.040992e+001
         vertex 9.549148e-001 6.100000e+001 2.093892e+001
         vertex 1.769155e+000 6.100000e+001 2.052421e+001
      endloop
   endfacet
   facet normal 0.000000e+000 1.000000e+000 0.000000e+000
      outer loop
         vertex 1.769155e+000 6.100000e+001 2.052421e+001
         vertex 9.549148e-001 6.100000e+001 2.093892e+001
         vertex 1.059946e+000 6.100000e+001 2.107831e+001
      endloop
   endfacet
   facet normal 0.000000e+000 1.000000e+000 0.000000e+000
      outer loop
         vertex 1.769155e+000 6.100000e+001 2.052421e+001
         vertex 1.059946e+000 6.100000e+001 2.107831e+001
         vertex 1.859218e+000 6.100000e+001 2.063543e+001
      endloop
   endfacet
   facet normal 0.000000e+000 1.000000e+000 0.000000e+000
      outer loop
         vertex 1.859218e+000 6.100000e+001 2.063543e+001
         vertex 1.059946e+000 6.100000e+001 2.107831e+001
         vertex 1.169778e+000 6.100000e+001 2.121394e+001
      endloop
   endfacet
   facet normal 0.000000e+000 1.000000e+000 0.000000e+000
      outer loop
         vertex 1.859218e+000 6.100000e+001 2.063543e+001
         vertex 1.169778e+000 6.100000e+001 2.121394e+001
         vertex 1.953106e+000 6.100000e+001 2.074343e+001
      endloop
   endfacet
   facet normal 0.000000e+000 1.000000e+000 0.000000e+000
      outer loop
         vertex 1.953106e+000 6.100000e+001 2.074343e+001
         vertex 1.169778e+000 6.100000e+001 2.121394e+001
         vertex 1.284275e+000 6.100000e+001 2.134565e+001
      endloop
   endfacet
   facet normal 0.000000e+000 1.000000e+000 0.000000e+000
      outer loop
         vertex 1.953106e+000 6.100000e+001 2.074343e+001
         vertex 1.284275e+000 6.100000e+001 2.134565e+001
         vertex 2.050706e+000 6.100000e+001 2.084810e+001
      endloop
   endfacet
   facet normal 0.000000e+000 1.000000e+000 0.000000e+000
      outer loop
         vertex 2.050706e+000 6.100000e+001 2.084810e+001
         vertex 1.284275e+000 6.100000e+001 2.134565e+001
         vertex 1.403301e+000 6.100000e+001 2.147329e+001
      endloop
   endfacet
   facet normal 0.000000e+000 1.000000e+000 0.000000e+000
      outer loop
         vertex 2.050706e+000 6.100000e+001 2.084810e+001
         vertex 1.403301e+000 6.100000e+001 2.147329e+001
         vertex 2.151900e+000 6.100000e+001 2.094929e+001
      endloop
   endfacet
   facet normal 0.000000e+000 1.000000e+000 0.000000e+000
      outer loop
         vertex 2.151900e+000 6.100000e+001 2.094929e+001
         vertex 1.403301e+000 6.100000e+001 2.147329e+001
         vertex 1.526708e+000 6.100000e+001 2.159670e+001
      endloop
   endfacet
   facet normal 0.000000e+000 1.000000e+000 0.000000e+000
      outer loop
         vertex 2.151900e+000 6.100000e+001 2.094929e+001
         vertex 1.526708e+000 6.100000e+001 2.159670e+001
         vertex 2.256564e+000 6.100000e+001 2.104689e+001
      endloop
   endfacet
   facet normal 0.000000e+000 1.000000e+000 0.000000e+000
      outer loop
         vertex 2.256564e+000 6.100000e+001 2.104689e+001
         vertex 1.526708e+000 6.100000e+001 2.159670e+001
         vertex 1.654346e+000 6.100000e+001 2.171572e+001
      endloop
   endfacet
   facet normal 0.000000e+000 1.000000e+000 0.000000e+000
      outer loop
         vertex 2.256564e+000 6.100000e+001 2.104689e+001
         vertex 1.654346e+000 6.100000e+001 2.171572e+001
         vertex 2.364570e+000 6.100000e+001 2.114078e+001
      endloop
   endfacet
   facet normal 0.000000e+000 1.000000e+000 0.000000e+000
      outer loop
         vertex 2.364570e+000 6.100000e+001 2.114078e+001
         vertex 1.654346e+000 6.100000e+001 2.171572e+001
         vertex 1.786062e+000 6.100000e+001 2.183022e+001
      endloop
   endfacet
   facet normal 0.000000e+000 1.000000e+000 0.000000e+000
      outer loop
         vertex 2.364570e+000 6.100000e+001 2.114078e+001
         vertex 1.786062e+000 6.100000e+001 2.183022e+001
         vertex 2.475788e+000 6.100000e+001 2.123084e+001
      endloop
   endfacet
   facet normal 0.000000e+000 1.000000e+000 0.000000e+000
      outer loop
         vertex 2.475788e+000 6.100000e+001 2.123084e+001
         vertex 1.786062e+000 6.100000e+001 2.183022e+001
         vertex 1.921692e+000 6.100000e+001 2.194005e+001
      endloop
   endfacet
   facet normal 0.000000e+000 1.000000e+000 0.000000e+000
      outer loop
         vertex 2.475788e+000 6.100000e+001 2.123084e+001
         vertex 1.921692e+000 6.100000e+001 2.194005e+001
         vertex 2.590080e+000 6.100000e+001 2.131697e+001
      endloop
   endfacet
   facet normal 0.000000e+000 1.000000e+000 0.000000e+000
      outer loop
         vertex 2.590080e+000 6.100000e+001 2.131697e+001
         vertex 1.921692e+000 6.100000e+001 2.194005e+001
         vertex 2.061074e+000 6.100000e+001 2.204509e+001
      endloop
   endfacet
   facet normal 0.000000e+000 1.000000e+000 0.000000e+000
      outer loop
         vertex 2.590080e+000 6.100000e+001 2.131697e+001
         vertex 2.061074e+000 6.100000e+001 2.204509e+001
         vertex 2.707309e+000 6.100000e+001 2.139906e+001
      endloop
   endfacet
   facet normal 0.000000e+000 1.000000e+000 0.000000e+000
      outer loop
         vertex 2.707309e+000 6.100000e+001 2.139906e+001
         vertex 2.061074e+000 6.100000e+001 2.204509e+001
         vertex 2.204036e+000 6.100000e+001 2.214519e+001
      endloop
   endfacet
   facet normal 0.000000e+000 1.000000e+000 0.000000e+000
      outer loop
         vertex 2.707309e+000 6.100000e+001 2.139906e+001
         vertex 2.204036e+000 6.100000e+001 2.214519e+001
         vertex 2.827331e+000 6.100000e+001 2.147700e+001
      endloop
   endfacet
   facet normal 0.000000e+000 1.000000e+000 0.000000e+000
      outer loop
         vertex 2.827331e+000 6.100000e+001 2.147700e+001
         vertex 2.204036e+000 6.100000e+001 2.214519e+001
         vertex 2.350403e+000 6.100000e+001 2.224024e+001
      endloop
   endfacet
   facet normal 0.000000e+000 1.000000e+000 0.000000e+000
      outer loop
         vertex 2.827331e+000 6.100000e+001 2.147700e+001
         vertex 2.350403e+000 6.100000e+001 2.224024e+001
         vertex 2.950000e+000 6.100000e+001 2.155070e+001
      endloop
   endfacet
   facet normal 0.000000e+000 1.000000e+000 0.000000e+000
      outer loop
         vertex 2.950000e+000 6.100000e+001 2.155070e+001
         vertex 2.350403e+000 6.100000e+001 2.224024e+001
         vertex 2.500000e+000 6.100000e+001 2.233013e+001
      endloop
   endfacet
   facet normal 0.000000e+000 1.000000e+000 0.000000e+000
      outer loop
         vertex 2.950000e+000 6.100000e+001 2.155070e+001
         vertex 2.500000e+000 6.100000e+001 2.233013e+001
         vertex 3.075167e+000 6.100000e+001 2.162008e+001
      endloop
   endfacet
   facet normal 0.000000e+000 1.000000e+000 0.000000e+000
      outer loop
         vertex 3.075167e+000 6.100000e+001 2.162008e+001
         vertex 2.500000e+000 6.100000e+001 2.233013e+001
         vertex 2.652642e+000 6.100000e+001 2.241474e+001
      endloop
   endfacet
   facet normal 0.000000e+000 1.000000e+000 0.000000e+000
      outer loop
         vertex 3.075167e+000 6.100000e+001 2.162008e+001
         vertex 2.652642e+000 6.100000e+001 2.241474e+001
         vertex 3.202678e+000 6.100000e+001 2.168506e+001
      endloop
   endfacet
   facet normal 0.000000e+000 1.000000e+000 0.000000e+000
      outer loop
         vertex 3.202678e+000 6.100000e+001 2.168506e+001
         vertex 2.652642e+000 6.100000e+001 2.241474e+001
         vertex 2.808144e+000 6.100000e+001 2.249397e+001
      endloop
   endfacet
   facet normal 0.000000e+000 1.000000e+000 0.000000e+000
      outer loop
         vertex 3.202678e+000 6.100000e+001 2.168506e+001
         vertex 2.808144e+000 6.100000e+001 2.249397e+001
         vertex 3.332379e+000 6.100000e+001 2.174554e+001
      endloop
   endfacet
   facet normal 0.000000e+000 1.000000e+000 0.000000e+000
      outer loop
         vertex 3.332379e+000 6.100000e+001 2.174554e+001
         vertex 2.808144e+000 6.100000e+001 2.249397e+001
         vertex 2.966316e+000 6.100000e+001 2.256773e+001
      endloop
   endfacet
   facet normal 0.000000e+000 1.000000e+000 0.000000e+000
      outer loop
         vertex 3.332379e+000 6.100000e+001 2.174554e+001
         vertex 2.966316e+000 6.100000e+001 2.256773e+001
         vertex 3.464113e+000 6.100000e+001 2.180145e+001
      endloop
   endfacet
   facet normal 0.000000e+000 1.000000e+000 0.000000e+000
      outer loop
         vertex 3.464113e+000 6.100000e+001 2.180145e+001
         vertex 2.966316e+000 6.100000e+001 2.256773e+001
         vertex 3.126967e+000 6.100000e+001 2.263592e+001
      endloop
   endfacet
   facet normal 0.000000e+000 1.000000e+000 0.000000e+000
      outer loop
         vertex 3.464113e+000 6.100000e+001 2.180145e+001
         vertex 3.126967e+000 6.100000e+001 2.263592e+001
         vertex 3.597717e+000 6.100000e+001 2.185274e+001
      endloop
   endfacet
   facet normal 0.000000e+000 1.000000e+000 0.000000e+000
      outer loop
         vertex 3.597717e+000 6.100000e+001 2.185274e+001
         vertex 3.126967e+000 6.100000e+001 2.263592e+001
         vertex 3.289899e+000 6.100000e+001 2.269846e+001
      endloop
   endfacet
   facet normal 9.999323e-001 0.000000e+000 1.163474e-002
      outer loop
         vertex 3.000000e+001 0.000000e+000 1.800000e+001
         vertex 3.000000e+001 6.100000e+001 1.800000e+001
         vertex 2.999695e+001 6.100000e+001 1.817450e+001
      endloop
   endfacet
   facet normal 9.997292e-001 0.000000e+000 2.326948e-002
      outer loop
         vertex 3.000000e+001 0.000000e+000 1.800000e+001
         vertex 2.999695e+001 6.100000e+001 1.817450e+001
         vertex 2.999695e+001 0.000000e+000 1.817450e+001
      endloop
   endfacet
   facet normal 9.989172e-001 0.000000e+000 4.652479e-002
      outer loop
         vertex 2.999695e+001 0.000000e+000 1.817450e+001
         vertex 2.999695e+001 6.100000e+001 1.817450e+001
         vertex 2.998782e+001 6.100000e+001 1.834878e+001
      endloop
   endfacet
   facet normal 9.983081e-001 0.000000e+000 5.814535e-002
      outer loop
         vertex 2.999695e+001 0.000000e+000 1.817450e+001
         vertex 2.998782e+001 6.100000e+001 1.834878e+001
         vertex 2.998782e+001 0.000000e+000 1.834878e+001
      endloop
   endfacet
   facet normal 9.966849e-001 0.000000e+000 8.135815e-002
      outer loop
         vertex 2.998782e+001 0.000000e+000 1.834878e+001
         vertex 2.998782e+001 6.100000e+001 1.834878e+001
         vertex 2.997261e+001 6.100000e+001 1.852264e+001
      endloop
   endfacet
   facet normal 9.956707e-001 0.000000e+000 9.295038e-002
      outer loop
         vertex 2.998782e+001 0.000000e+000 1.834878e+001
         vertex 2.997261e+001 6.100000e+001 1.852264e+001
         vertex 2.997261e+001 0.000000e+000 1.852264e+001
      endloop
   endfacet
   facet normal 9.932384e-001 0.000000e+000 1.160924e-001
      outer loop
         vertex 2.997261e+001 0.000000e+000 1.852264e+001
         vertex 2.997261e+001 6.100000e+001 1.852264e+001
         vertex 2.995134e+001 6.100000e+001 1.869587e+001
      endloop
   endfacet
   facet normal 9.918203e-001 0.000000e+000 1.276422e-001
      outer loop
         vertex 2.997261e+001 0.000000e+000 1.852264e+001
         vertex 2.995134e+001 6.100000e+001 1.869587e+001
         vertex 2.995134e+001 0.000000e+000 1.869587e+001
      endloop
   endfacet
   facet normal 9.885818e-001 0.000000e+000 1.506852e-001
      outer loop
         vertex 2.995134e+001 0.000000e+000 1.869587e+001
         vertex 2.995134e+001 6.100000e+001 1.869587e+001
         vertex 2.992404e+001 6.100000e+001 1.886824e+001
      endloop
   endfacet
   facet normal 9.867615e-001 0.000000e+000 1.621784e-001
      outer loop
         vertex 2.995134e+001 0.000000e+000 1.869587e+001
         vertex 2.992404e+001 6.100000e+001 1.886824e+001
         vertex 2.992404e+001 0.000000e+000 1.886824e+001
      endloop
   endfacet
   facet normal 9.827207e-001 0.000000e+000 1.850944e-001
      outer loop
         vertex 2.992404e+001 0.000000e+000 1.886824e+001
         vertex 2.992404e+001 6.100000e+001 1.886824e+001
         vertex 2.989074e+001 6.100000e+001 1.903956e+001
      endloop
   endfacet
   facet normal 9.805004e-001 0.000000e+000 1.965171e-001
      outer loop
         vertex 2.992404e+001 0.000000e+000 1.886824e+001
         vertex 2.989074e+001 6.100000e+001 1.903956e+001
         vertex 2.989074e+001 0.000000e+000 1.903956e+001
      endloop
   endfacet
   facet normal 9.756624e-001 0.000000e+000 2.192781e-001
      outer loop
         vertex 2.989074e+001 0.000000e+000 1.903956e+001
         vertex 2.989074e+001 6.100000e+001 1.903956e+001
         vertex 2.985148e+001 6.100000e+001 1.920961e+001
      endloop
   endfacet
   facet normal 9.730448e-001 0.000000e+000 2.306164e-001
      outer loop
         vertex 2.989074e+001 0.000000e+000 1.903956e+001
         vertex 2.985148e+001 6.100000e+001 1.920961e+001
         vertex 2.985148e+001 0.000000e+000 1.920961e+001
      endloop
   endfacet
   facet normal 9.674153e-001 0.000000e+000 2.531947e-001
      outer loop
         vertex 2.985148e+001 0.000000e+000 1.920961e+001
         vertex 2.985148e+001 6.100000e+001 1.920961e+001
         vertex 2.980631e+001 6.100000e+001 1.937819e+001
      endloop
   endfacet
   facet normal 9.644036e-001 0.000000e+000 2.644347e-001
      outer loop
         vertex 2.985148e+001 0.000000e+000 1.920961e+001
         vertex 2.980631e+001 6.100000e+001 1.937819e+001
         vertex 2.980631e+001 0.000000e+000 1.937819e+001
      endloop
   endfacet
   facet normal 9.579897e-001 0.000000e+000 2.868027e-001
      outer loop
         vertex 2.980631e+001 0.000000e+000 1.937819e+001
         vertex 2.980631e+001 6.100000e+001 1.937819e+001
         vertex 2.975528e+001 6.100000e+001 1.954509e+001
      endloop
   endfacet
   facet normal 9.545875e-001 0.000000e+000 2.979308e-001
      outer loop
         vertex 2.980631e+001 0.000000e+000 1.937819e+001
         vertex 2.975528e+001 6.100000e+001 1.954509e+001
         vertex 2.975528e+001 0.000000e+000 1.954509e+001
      endloop
   endfacet
   facet normal 9.473968e-001 0.000000e+000 3.200614e-001
      outer loop
         vertex 2.975528e+001 0.000000e+000 1.954509e+001
         vertex 2.975528e+001 6.100000e+001 1.954509e+001
         vertex 2.969846e+001 6.100000e+001 1.971010e+001
      endloop
   endfacet
   facet normal 9.436083e-001 0.000000e+000 3.310639e-001
      outer loop
         vertex 2.975528e+001 0.000000e+000 1.954509e+001
         vertex 2.969846e+001 6.100000e+001 1.971010e+001
         vertex 2.969846e+001 0.000000e+000 1.971010e+001
      endloop
   endfacet
   facet normal 9.356497e-001 0.000000e+000 3.529301e-001
      outer loop
         vertex 2.969846e+001 0.000000e+000 1.971010e+001
         vertex 2.969846e+001 6.100000e+001 1.971010e+001
         vertex 2.963592e+001 6.100000e+001 1.987303e+001
      endloop
   endfacet
   facet normal 9.314795e-001 0.000000e+000 3.637937e-001
      outer loop
         vertex 2.969846e+001 0.000000e+000 1.971010e+001
         vertex 2.963592e+001 6.100000e+001 1.987303e+001
         vertex 2.963592e+001 0.000000e+000 1.987303e+001
      endloop
   endfacet
   facet normal 9.227627e-001 0.000000e+000 3.853688e-001
      outer loop
         vertex 2.963592e+001 0.000000e+000 1.987303e+001
         vertex 2.963592e+001 6.100000e+001 1.987303e+001
         vertex 2.956773e+001 6.100000e+001 2.003368e+001
      endloop
   endfacet
   facet normal 9.182159e-001 0.000000e+000 3.960803e-001
      outer loop
         vertex 2.963592e+001 0.000000e+000 1.987303e+001
         vertex 2.956773e+001 6.100000e+001 2.003368e+001
         vertex 2.956773e+001 0.000000e+000 2.003368e+001
      endloop
   endfacet
   facet normal 9.087514e-001 0.000000e+000 4.173380e-001
      outer loop
         vertex 2.956773e+001 0.000000e+000 2.003368e+001
         vertex 2.956773e+001 6.100000e+001 2.003368e+001
         vertex 2.949397e+001 6.100000e+001 2.019186e+001
      endloop
   endfacet
   facet normal 9.038336e-001 0.000000e+000 4.278843e-001
      outer loop
         vertex 2.956773e+001 0.000000e+000 2.003368e+001
         vertex 2.949397e+001 6.100000e+001 2.019186e+001
         vertex 2.949397e+001 0.000000e+000 2.019186e+001
      endloop
   endfacet
   facet normal 8.936329e-001 0.000000e+000 4.487987e-001
      outer loop
         vertex 2.949397e+001 0.000000e+000 2.019186e+001
         vertex 2.949397e+001 6.100000e+001 2.019186e+001
         vertex 2.941474e+001 6.100000e+001 2.034736e+001
      endloop
   endfacet
   facet normal 8.883500e-001 0.000000e+000 4.591669e-001
      outer loop
         vertex 2.949397e+001 0.000000e+000 2.019186e+001
         vertex 2.941474e+001 6.100000e+001 2.034736e+001
         vertex 2.941474e+001 0.000000e+000 2.034736e+001
      endloop
   endfacet
   facet normal 8.774257e-001 0.000000e+000 4.797127e-001
      outer loop
         vertex 2.941474e+001 0.000000e+000 2.034736e+001
         vertex 2.941474e+001 6.100000e+001 2.034736e+001
         vertex 2.933013e+001 6.100000e+001 2.050000e+001
      endloop
   endfacet
   facet normal 8.717842e-001 0.000000e+000 4.898902e-001
      outer loop
         vertex 2.941474e+001 0.000000e+000 2.034736e+001
         vertex 2.933013e+001 6.100000e+001 2.050000e+001
         vertex 2.933013e+001 0.000000e+000 2.050000e+001
      endloop
   endfacet
   facet normal 8.601494e-001 0.000000e+000 5.100421e-001
      outer loop
         vertex 2.933013e+001 0.000000e+000 2.050000e+001
         vertex 2.933013e+001 6.100000e+001 2.050000e+001
         vertex 2.924024e+001 6.100000e+001 2.064960e+001
      endloop
   endfacet
   facet normal 8.541561e-001 0.000000e+000 5.200166e-001
      outer loop
         vertex 2.933013e+001 0.000000e+000 2.050000e+001
         vertex 2.924024e+001 6.100000e+001 2.064960e+001
         vertex 2.924024e+001 0.000000e+000 2.064960e+001
      endloop
   endfacet
   facet normal 8.418252e-001 0.000000e+000 5.397502e-001
      outer loop
         vertex 2.924024e+001 0.000000e+000 2.064960e+001
         vertex 2.924024e+001 6.100000e+001 2.064960e+001
         vertex 2.914519e+001 6.100000e+001 2.079596e+001
      endloop
   endfacet
   facet normal 8.354875e-001 0.000000e+000 5.495094e-001
      outer loop
         vertex 2.924024e+001 0.000000e+000 2.064960e+001
         vertex 2.914519e+001 6.100000e+001 2.079596e+001
         vertex 2.914519e+001 0.000000e+000 2.079596e+001
      endloop
   endfacet
   facet normal 8.224754e-001 0.000000e+000 5.688007e-001
      outer loop
         vertex 2.914519e+001 0.000000e+000 2.079596e+001
         vertex 2.914519e+001 6.100000e+001 2.079596e+001
         vertex 2.904508e+001 6.100000e+001 2.093892e+001
      endloop
   endfacet
   facet normal 8.158010e-001 0.000000e+000 5.783327e-001
      outer loop
         vertex 2.914519e+001 0.000000e+000 2.079596e+001
         vertex 2.904508e+001 6.100000e+001 2.093892e+001
         vertex 2.904508e+001 0.000000e+000 2.093892e+001
      endloop
   endfacet
   facet normal 8.021235e-001 0.000000e+000 5.971582e-001
      outer loop
         vertex 2.904508e+001 0.000000e+000 2.093892e+001
         vertex 2.904508e+001 6.100000e+001 2.093892e+001
         vertex 2.894005e+001 6.100000e+001 2.107831e+001
      endloop
   endfacet
   facet normal 7.951205e-001 0.000000e+000 6.064515e-001
      outer loop
         vertex 2.904508e+001 0.000000e+000 2.093892e+001
         vertex 2.894005e+001 6.100000e+001 2.107831e+001
         vertex 2.894005e+001 0.000000e+000 2.107831e+001
      endloop
   endfacet
   facet normal 7.807943e-001 0.000000e+000 6.247881e-001
      outer loop
         vertex 2.894005e+001 0.000000e+000 2.107831e+001
         vertex 2.894005e+001 6.100000e+001 2.107831e+001
         vertex 2.883022e+001 6.100000e+001 2.121394e+001
      endloop
   endfacet
   facet normal 7.734712e-001 0.000000e+000 6.338314e-001
      outer loop
         vertex 2.894005e+001 0.000000e+000 2.107831e+001
         vertex 2.883022e+001 6.100000e+001 2.121394e+001
         vertex 2.883022e+001 0.000000e+000 2.121394e+001
      endloop
   endfacet
   facet normal 7.585139e-001 0.000000e+000 6.516569e-001
      outer loop
         vertex 2.883022e+001 0.000000e+000 2.121394e+001
         vertex 2.883022e+001 6.100000e+001 2.121394e+001
         vertex 2.871572e+001 6.100000e+001 2.134565e+001
      endloop
   endfacet
   facet normal 7.508796e-001 0.000000e+000 6.604390e-001
      outer loop
         vertex 2.883022e+001 0.000000e+000 2.121394e+001
         vertex 2.871572e+001 6.100000e+001 2.134565e+001
         vertex 2.871572e+001 0.000000e+000 2.134565e+001
      endloop
   endfacet
   facet normal 7.353093e-001 0.000000e+000 6.777316e-001
      outer loop
         vertex 2.871572e+001 0.000000e+000 2.134565e+001
         vertex 2.871572e+001 6.100000e+001 2.134565e+001
         vertex 2.859670e+001 6.100000e+001 2.147329e+001
      endloop
   endfacet
   facet normal 7.273733e-001 0.000000e+000 6.862420e-001
      outer loop
         vertex 2.871572e+001 0.000000e+000 2.134565e+001
         vertex 2.859670e+001 6.100000e+001 2.147329e+001
         vertex 2.859670e+001 0.000000e+000 2.147329e+001
      endloop
   endfacet
   facet normal 7.112089e-001 0.000000e+000 7.029807e-001
      outer loop
         vertex 2.859670e+001 0.000000e+000 2.147329e+001
         vertex 2.859670e+001 6.100000e+001 2.147329e+001
         vertex 2.847329e+001 6.100000e+001 2.159670e+001
      endloop
   endfacet
   facet normal 7.029806e-001 0.000000e+000 7.112090e-001
      outer loop
         vertex 2.859670e+001 0.000000e+000 2.147329e+001
         vertex 2.847329e+001 6.100000e+001 2.159670e+001
         vertex 2.847329e+001 0.000000e+000 2.159670e+001
      endloop
   endfacet
   facet normal 6.862420e-001 0.000000e+000 7.273733e-001
      outer loop
         vertex 2.847329e+001 0.000000e+000 2.159670e+001
         vertex 2.847329e+001 6.100000e+001 2.159670e+001
         vertex 2.834565e+001 6.100000e+001 2.171572e+001
      endloop
   endfacet
   facet normal 6.777316e-001 0.000000e+000 7.353093e-001
      outer loop
         vertex 2.847329e+001 0.000000e+000 2.159670e+001
         vertex 2.834565e+001 6.100000e+001 2.171572e+001
         vertex 2.834565e+001 0.000000e+000 2.171572e+001
      endloop
   endfacet
   facet normal 6.604390e-001 0.000000e+000 7.508796e-001
      outer loop
         vertex 2.834565e+001 0.000000e+000 2.171572e+001
         vertex 2.834565e+001 6.100000e+001 2.171572e+001
         vertex 2.821394e+001 6.100000e+001 2.183022e+001
      endloop
   endfacet
   facet normal 6.516569e-001 0.000000e+000 7.585139e-001
      outer loop
         vertex 2.834565e+001 0.000000e+000 2.171572e+001
         vertex 2.821394e+001 6.100000e+001 2.183022e+001
         vertex 2.821394e+001 0.000000e+000 2.183022e+001
      endloop
   endfacet
   facet normal 6.338314e-001 0.000000e+000 7.734712e-001
      outer loop
         vertex 2.821394e+001 0.000000e+000 2.183022e+001
         vertex 2.821394e+001 6.100000e+001 2.183022e+001
         vertex 2.807831e+001 6.100000e+001 2.194005e+001
      endloop
   endfacet
   facet normal 6.247881e-001 0.000000e+000 7.807944e-001
      outer loop
         vertex 2.821394e+001 0.000000e+000 2.183022e+001
         vertex 2.807831e+001 6.100000e+001 2.194005e+001
         vertex 2.807831e+001 0.000000e+000 2.194005e+001
      endloop
   endfacet
   facet normal 6.064515e-001 0.000000e+000 7.951205e-001
      outer loop
         vertex 2.807831e+001 0.000000e+000 2.194005e+001
         vertex 2.807831e+001 6.100000e+001 2.194005e+001
         vertex 2.793892e+001 6.100000e+001 2.204509e+001
      endloop
   endfacet
   facet normal 5.971582e-001 0.000000e+000 8.021235e-001
      outer loop
         vertex 2.807831e+001 0.000000e+000 2.194005e+001
         vertex 2.793892e+001 6.100000e+001 2.204509e+001
         vertex 2.793892e+001 0.000000e+000 2.204509e+001
      endloop
   endfacet
   facet normal 5.783327e-001 0.000000e+000 8.158010e-001
      outer loop
         vertex 2.793892e+001 0.000000e+000 2.204509e+001
         vertex 2.793892e+001 6.100000e+001 2.204509e+001
         vertex 2.779596e+001 6.100000e+001 2.214519e+001
      endloop
   endfacet
   facet normal 5.688007e-001 0.000000e+000 8.224754e-001
      outer loop
         vertex 2.793892e+001 0.000000e+000 2.204509e+001
         vertex 2.779596e+001 6.100000e+001 2.214519e+001
         vertex 2.779596e+001 0.000000e+000 2.214519e+001
      endloop
   endfacet
   facet normal 5.495094e-001 0.000000e+000 8.354875e-001
      outer loop
         vertex 2.779596e+001 0.000000e+000 2.214519e+001
         vertex 2.779596e+001 6.100000e+001 2.214519e+001
         vertex 2.764960e+001 6.100000e+001 2.224024e+001
      endloop
   endfacet
   facet normal 5.397502e-001 0.000000e+000 8.418252e-001
      outer loop
         vertex 2.779596e+001 0.000000e+000 2.214519e+001
         vertex 2.764960e+001 6.100000e+001 2.224024e+001
         vertex 2.764960e+001 0.000000e+000 2.224024e+001
      endloop
   endfacet
   facet normal 5.200166e-001 0.000000e+000 8.541562e-001
      outer loop
         vertex 2.764960e+001 0.000000e+000 2.224024e+001
         vertex 2.764960e+001 6.100000e+001 2.224024e+001
         vertex 2.750000e+001 6.100000e+001 2.233013e+001
      endloop
   endfacet
   facet normal 5.100421e-001 0.000000e+000 8.601494e-001
      outer loop
         vertex 2.764960e+001 0.000000e+000 2.224024e+001
         vertex 2.750000e+001 6.100000e+001 2.233013e+001
         vertex 2.750000e+001 0.000000e+000 2.233013e+001
      endloop
   endfacet
   facet normal 4.898902e-001 0.000000e+000 8.717842e-001
      outer loop
         vertex 2.750000e+001 0.000000e+000 2.233013e+001
         vertex 2.750000e+001 6.100000e+001 2.233013e+001
         vertex 2.734736e+001 6.100000e+001 2.241474e+001
      endloop
   endfacet
   facet normal 4.797127e-001 0.000000e+000 8.774256e-001
      outer loop
         vertex 2.750000e+001 0.000000e+000 2.233013e+001
         vertex 2.734736e+001 6.100000e+001 2.241474e+001
         vertex 2.734736e+001 0.000000e+000 2.241474e+001
      endloop
   endfacet
   facet normal 4.591669e-001 0.000000e+000 8.883500e-001
      outer loop
         vertex 2.734736e+001 0.000000e+000 2.241474e+001
         vertex 2.734736e+001 6.100000e+001 2.241474e+001
         vertex 2.719185e+001 6.100000e+001 2.249397e+001
      endloop
   endfacet
   facet normal 4.487987e-001 0.000000e+000 8.936329e-001
      outer loop
         vertex 2.734736e+001 0.000000e+000 2.241474e+001
         vertex 2.719185e+001 6.100000e+001 2.249397e+001
         vertex 2.719185e+001 0.000000e+000 2.249397e+001
      endloop
   endfacet
   facet normal 4.278843e-001 0.000000e+000 9.038336e-001
      outer loop
         vertex 2.719185e+001 0.000000e+000 2.249397e+001
         vertex 2.719185e+001 6.100000e+001 2.249397e+001
         vertex 2.703368e+001 6.100000e+001 2.256773e+001
      endloop
   endfacet
   facet normal 4.173380e-001 0.000000e+000 9.087514e-001
      outer loop
         vertex 2.719185e+001 0.000000e+000 2.249397e+001
         vertex 2.703368e+001 6.100000e+001 2.256773e+001
         vertex 2.703368e+001 0.000000e+000 2.256773e+001
      endloop
   endfacet
   facet normal 3.960802e-001 0.000000e+000 9.182159e-001
      outer loop
         vertex 2.703368e+001 0.000000e+000 2.256773e+001
         vertex 2.703368e+001 6.100000e+001 2.256773e+001
         vertex 2.687303e+001 6.100000e+001 2.263592e+001
      endloop
   endfacet
   facet normal 3.853688e-001 0.000000e+000 9.227627e-001
      outer loop
         vertex 2.703368e+001 0.000000e+000 2.256773e+001
         vertex 2.687303e+001 6.100000e+001 2.263592e+001
         vertex 2.687303e+001 0.000000e+000 2.263592e+001
      endloop
   endfacet
   facet normal 3.637937e-001 0.000000e+000 9.314796e-001
      outer loop
         vertex 2.687303e+001 0.000000e+000 2.263592e+001
         vertex 2.687303e+001 6.100000e+001 2.263592e+001
         vertex 2.671010e+001 6.100000e+001 2.269846e+001
      endloop
   endfacet
   facet normal 3.529301e-001 0.000000e+000 9.356497e-001
      outer loop
         vertex 2.687303e+001 0.000000e+000 2.263592e+001
         vertex 2.671010e+001 6.100000e+001 2.269846e+001
         vertex 2.671010e+001 0.000000e+000 2.269846e+001
      endloop
   endfacet
   facet normal 3.310639e-001 0.000000e+000 9.436083e-001
      outer loop
         vertex 2.671010e+001 0.000000e+000 2.269846e+001
         vertex 2.671010e+001 6.100000e+001 2.269846e+001
         vertex 2.654509e+001 6.100000e+001 2.275528e+001
      endloop
   endfacet
   facet normal 3.200614e-001 0.000000e+000 9.473968e-001
      outer loop
         vertex 2.671010e+001 0.000000e+000 2.269846e+001
         vertex 2.654509e+001 6.100000e+001 2.275528e+001
         vertex 2.654509e+001 0.000000e+000 2.275528e+001
      endloop
   endfacet
   facet normal 2.979308e-001 0.000000e+000 9.545875e-001
      outer loop
         vertex 2.654509e+001 0.000000e+000 2.275528e+001
         vertex 2.654509e+001 6.100000e+001 2.275528e+001
         vertex 2.637819e+001 6.100000e+001 2.280631e+001
      endloop
   endfacet
   facet normal 2.868027e-001 0.000000e+000 9.579897e-001
      outer loop
         vertex 2.654509e+001 0.000000e+000 2.275528e+001
         vertex 2.637819e+001 6.100000e+001 2.280631e+001
         vertex 2.637819e+001 0.000000e+000 2.280631e+001
      endloop
   endfacet
   facet normal 2.644347e-001 0.000000e+000 9.644036e-001
      outer loop
         vertex 2.637819e+001 0.000000e+000 2.280631e+001
         vertex 2.637819e+001 6.100000e+001 2.280631e+001
         vertex 2.620961e+001 6.100000e+001 2.285148e+001
      endloop
   endfacet
   facet normal 2.531947e-001 0.000000e+000 9.674153e-001
      outer loop
         vertex 2.637819e+001 0.000000e+000 2.280631e+001
         vertex 2.620961e+001 6.100000e+001 2.285148e+001
         vertex 2.620961e+001 0.000000e+000 2.285148e+001
      endloop
   endfacet
   facet normal 2.306164e-001 0.000000e+000 9.730448e-001
      outer loop
         vertex 2.620961e+001 0.000000e+000 2.285148e+001
         vertex 2.620961e+001 6.100000e+001 2.285148e+001
         vertex 2.603956e+001 6.100000e+001 2.289074e+001
      endloop
   endfacet
   facet normal 2.192781e-001 0.000000e+000 9.756624e-001
      outer loop
         vertex 2.620961e+001 0.000000e+000 2.285148e+001
         vertex 2.603956e+001 6.100000e+001 2.289074e+001
         vertex 2.603956e+001 0.000000e+000 2.289074e+001
      endloop
   endfacet
   facet normal 1.965171e-001 0.000000e+000 9.805004e-001
      outer loop
         vertex 2.603956e+001 0.000000e+000 2.289074e+001
         vertex 2.603956e+001 6.100000e+001 2.289074e+001
         vertex 2.586824e+001 6.100000e+001 2.292404e+001
      endloop
   endfacet
   facet normal 1.850944e-001 0.000000e+000 9.827207e-001
      outer loop
         vertex 2.603956e+001 0.000000e+000 2.289074e+001
         vertex 2.586824e+001 6.100000e+001 2.292404e+001
         vertex 2.586824e+001 0.000000e+000 2.292404e+001
      endloop
   endfacet
   facet normal 1.621784e-001 0.000000e+000 9.867615e-001
      outer loop
         vertex 2.586824e+001 0.000000e+000 2.292404e+001
         vertex 2.586824e+001 6.100000e+001 2.292404e+001
         vertex 2.569586e+001 6.100000e+001 2.295134e+001
      endloop
   endfacet
   facet normal 1.506852e-001 0.000000e+000 9.885818e-001
      outer loop
         vertex 2.586824e+001 0.000000e+000 2.292404e+001
         vertex 2.569586e+001 6.100000e+001 2.295134e+001
         vertex 2.569586e+001 0.000000e+000 2.295134e+001
      endloop
   endfacet
   facet normal 1.276422e-001 0.000000e+000 9.918203e-001
      outer loop
         vertex 2.569586e+001 0.000000e+000 2.295134e+001
         vertex 2.569586e+001 6.100000e+001 2.295134e+001
         vertex 2.552264e+001 6.100000e+001 2.297261e+001
      endloop
   endfacet
   facet normal 1.160924e-001 0.000000e+000 9.932384e-001
      outer loop
         vertex 2.569586e+001 0.000000e+000 2.295134e+001
         vertex 2.552264e+001 6.100000e+001 2.297261e+001
         vertex 2.552264e+001 0.000000e+000 2.297261e+001
      endloop
   endfacet
   facet normal 9.295037e-002 0.000000e+000 9.956707e-001
      outer loop
         vertex 2.552264e+001 0.000000e+000 2.297261e+001
         vertex 2.552264e+001 6.100000e+001 2.297261e+001
         vertex 2.534878e+001 6.100000e+001 2.298782e+001
      endloop
   endfacet
   facet normal 8.135815e-002 0.000000e+000 9.966849e-001
      outer loop
         vertex 2.552264e+001 0.000000e+000 2.297261e+001
         vertex 2.534878e+001 6.100000e+001 2.298782e+001
         vertex 2.534878e+001 0.000000e+000 2.298782e+001
      endloop
   endfacet
   facet normal 5.814535e-002 0.000000e+000 9.983081e-001
      outer loop
         vertex 2.534878e+001 0.000000e+000 2.298782e+001
         vertex 2.534878e+001 6.100000e+001 2.298782e+001
         vertex 2.517450e+001 6.100000e+001 2.299695e+001
      endloop
   endfacet
   facet normal 4.652479e-002 0.000000e+000 9.989172e-001
      outer loop
         vertex 2.534878e+001 0.000000e+000 2.298782e+001
         vertex 2.517450e+001 6.100000e+001 2.299695e+001
         vertex 2.517450e+001 0.000000e+000 2.299695e+001
      endloop
   endfacet
   facet normal 2.326948e-002 0.000000e+000 9.997292e-001
      outer loop
         vertex 2.517450e+001 0.000000e+000 2.299695e+001
         vertex 2.517450e+001 6.100000e+001 2.299695e+001
         vertex 2.500000e+001 6.100000e+001 2.300000e+001
      endloop
   endfacet
   facet normal 1.163474e-002 0.000000e+000 9.999323e-001
      outer loop
         vertex 2.517450e+001 0.000000e+000 2.299695e+001
         vertex 2.500000e+001 6.100000e+001 2.300000e+001
         vertex 2.500000e+001 0.000000e+000 2.300000e+001
      endloop
   endfacet
   facet normal 1.734723e-016 0.000000e+000 1.000000e+000
      outer loop
         vertex 5.000000e+000 0.000000e+000 2.300000e+001
         vertex 2.500000e+001 0.000000e+000 2.300000e+001
         vertex 5.000000e+000 6.100000e+001 2.300000e+001
      endloop
   endfacet
   facet normal 1.734723e-016 0.000000e+000 1.000000e+000
      outer loop
         vertex 5.000000e+000 6.100000e+001 2.300000e+001
         vertex 2.500000e+001 0.000000e+000 2.300000e+001
         vertex 2.500000e+001 6.100000e+001 2.300000e+001
      endloop
   endfacet
   facet normal -1.163474e-002 0.000000e+000 9.999323e-001
      outer loop
         vertex 5.000000e+000 0.000000e+000 2.300000e+001
         vertex 5.000000e+000 6.100000e+001 2.300000e+001
         vertex 4.825502e+000 6.100000e+001 2.299695e+001
      endloop
   endfacet
   facet normal -2.326948e-002 0.000000e+000 9.997292e-001
      outer loop
         vertex 5.000000e+000 0.000000e+000 2.300000e+001
         vertex 4.825502e+000 6.100000e+001 2.299695e+001
         vertex 4.825502e+000 0.000000e+000 2.299695e+001
      endloop
   endfacet
   facet normal -4.652479e-002 0.000000e+000 9.989172e-001
      outer loop
         vertex 4.825502e+000 0.000000e+000 2.299695e+001
         vertex 4.825502e+000 6.100000e+001 2.299695e+001
         vertex 4.651218e+000 6.100000e+001 2.298782e+001
      endloop
   endfacet
   facet normal -5.814535e-002 0.000000e+000 9.983081e-001
      outer loop
         vertex 4.825502e+000 0.000000e+000 2.299695e+001
         vertex 4.651218e+000 6.100000e+001 2.298782e+001
         vertex 4.651218e+000 0.000000e+000 2.298782e+001
      endloop
   endfacet
   facet normal -8.135815e-002 0.000000e+000 9.966849e-001
      outer loop
         vertex 4.651218e+000 0.000000e+000 2.298782e+001
         vertex 4.651218e+000 6.100000e+001 2.298782e+001
         vertex 4.477357e+000 6.100000e+001 2.297261e+001
      endloop
   endfacet
   facet normal -9.295038e-002 0.000000e+000 9.956707e-001
      outer loop
         vertex 4.651218e+000 0.000000e+000 2.298782e+001
         vertex 4.477357e+000 6.100000e+001 2.297261e+001
         vertex 4.477357e+000 0.000000e+000 2.297261e+001
      endloop
   endfacet
   facet normal -1.160924e-001 0.000000e+000 9.932384e-001
      outer loop
         vertex 4.477357e+000 0.000000e+000 2.297261e+001
         vertex 4.477357e+000 6.100000e+001 2.297261e+001
         vertex 4.304134e+000 6.100000e+001 2.295134e+001
      endloop
   endfacet
   facet normal -1.276422e-001 0.000000e+000 9.918203e-001
      outer loop
         vertex 4.477357e+000 0.000000e+000 2.297261e+001
         vertex 4.304134e+000 6.100000e+001 2.295134e+001
         vertex 4.304134e+000 0.000000e+000 2.295134e+001
      endloop
   endfacet
   facet normal -1.506852e-001 0.000000e+000 9.885818e-001
      outer loop
         vertex 4.304134e+000 0.000000e+000 2.295134e+001
         vertex 4.304134e+000 6.100000e+001 2.295134e+001
         vertex 4.131759e+000 6.100000e+001 2.292404e+001
      endloop
   endfacet
   facet normal -1.621784e-001 0.000000e+000 9.867615e-001
      outer loop
         vertex 4.304134e+000 0.000000e+000 2.295134e+001
         vertex 4.131759e+000 6.100000e+001 2.292404e+001
         vertex 4.131759e+000 0.000000e+000 2.292404e+001
      endloop
   endfacet
   facet normal -1.850944e-001 0.000000e+000 9.827207e-001
      outer loop
         vertex 4.131759e+000 0.000000e+000 2.292404e+001
         vertex 4.131759e+000 6.100000e+001 2.292404e+001
         vertex 3.960441e+000 6.100000e+001 2.289074e+001
      endloop
   endfacet
   facet normal -1.965171e-001 0.000000e+000 9.805004e-001
      outer loop
         vertex 4.131759e+000 0.000000e+000 2.292404e+001
         vertex 3.960441e+000 6.100000e+001 2.289074e+001
         vertex 3.960441e+000 0.000000e+000 2.289074e+001
      endloop
   endfacet
   facet normal -2.192781e-001 0.000000e+000 9.756624e-001
      outer loop
         vertex 3.960441e+000 0.000000e+000 2.289074e+001
         vertex 3.960441e+000 6.100000e+001 2.289074e+001
         vertex 3.790391e+000 6.100000e+001 2.285148e+001
      endloop
   endfacet
   facet normal -2.306164e-001 0.000000e+000 9.730448e-001
      outer loop
         vertex 3.960441e+000 0.000000e+000 2.289074e+001
         vertex 3.790391e+000 6.100000e+001 2.285148e+001
         vertex 3.790391e+000 0.000000e+000 2.285148e+001
      endloop
   endfacet
   facet normal -2.531947e-001 0.000000e+000 9.674153e-001
      outer loop
         vertex 3.790391e+000 0.000000e+000 2.285148e+001
         vertex 3.790391e+000 6.100000e+001 2.285148e+001
         vertex 3.621813e+000 6.100000e+001 2.280631e+001
      endloop
   endfacet
   facet normal -2.644347e-001 0.000000e+000 9.644036e-001
      outer loop
         vertex 3.790391e+000 0.000000e+000 2.285148e+001
         vertex 3.621813e+000 6.100000e+001 2.280631e+001
         vertex 3.621813e+000 0.000000e+000 2.280631e+001
      endloop
   endfacet
   facet normal -2.868027e-001 0.000000e+000 9.579897e-001
      outer loop
         vertex 3.621813e+000 0.000000e+000 2.280631e+001
         vertex 3.621813e+000 6.100000e+001 2.280631e+001
         vertex 3.454914e+000 6.100000e+001 2.275528e+001
      endloop
   endfacet
   facet normal -2.979308e-001 0.000000e+000 9.545875e-001
      outer loop
         vertex 3.621813e+000 0.000000e+000 2.280631e+001
         vertex 3.454914e+000 6.100000e+001 2.275528e+001
         vertex 3.454914e+000 0.000000e+000 2.275528e+001
      endloop
   endfacet
   facet normal -3.200614e-001 0.000000e+000 9.473968e-001
      outer loop
         vertex 3.454914e+000 0.000000e+000 2.275528e+001
         vertex 3.454914e+000 6.100000e+001 2.275528e+001
         vertex 3.289899e+000 6.100000e+001 2.269846e+001
      endloop
   endfacet
   facet normal -3.310639e-001 0.000000e+000 9.436083e-001
      outer loop
         vertex 3.454914e+000 0.000000e+000 2.275528e+001
         vertex 3.289899e+000 6.100000e+001 2.269846e+001
         vertex 3.289899e+000 0.000000e+000 2.269846e+001
      endloop
   endfacet
   facet normal -3.529301e-001 0.000000e+000 9.356497e-001
      outer loop
         vertex 3.289899e+000 0.000000e+000 2.269846e+001
         vertex 3.289899e+000 6.100000e+001 2.269846e+001
         vertex 3.126967e+000 6.100000e+001 2.263592e+001
      endloop
   endfacet
   facet normal -3.637937e-001 0.000000e+000 9.314795e-001
      outer loop
         vertex 3.289899e+000 0.000000e+000 2.269846e+001
         vertex 3.126967e+000 6.100000e+001 2.263592e+001
         vertex 3.126967e+000 0.000000e+000 2.263592e+001
      endloop
   endfacet
   facet normal -3.853688e-001 0.000000e+000 9.227627e-001
      outer loop
         vertex 3.126967e+000 0.000000e+000 2.263592e+001
         vertex 3.126967e+000 6.100000e+001 2.263592e+001
         vertex 2.966316e+000 6.100000e+001 2.256773e+001
      endloop
   endfacet
   facet normal -3.960803e-001 0.000000e+000 9.182159e-001
      outer loop
         vertex 3.126967e+000 0.000000e+000 2.263592e+001
         vertex 2.966316e+000 6.100000e+001 2.256773e+001
         vertex 2.966316e+000 0.000000e+000 2.256773e+001
      endloop
   endfacet
   facet normal -4.173380e-001 0.000000e+000 9.087514e-001
      outer loop
         vertex 2.966316e+000 0.000000e+000 2.256773e+001
         vertex 2.966316e+000 6.100000e+001 2.256773e+001
         vertex 2.808144e+000 6.100000e+001 2.249397e+001
      endloop
   endfacet
   facet normal -4.278843e-001 0.000000e+000 9.038336e-001
      outer loop
         vertex 2.966316e+000 0.000000e+000 2.256773e+001
         vertex 2.808144e+000 6.100000e+001 2.249397e+001
         vertex 2.808144e+000 0.000000e+000 2.249397e+001
      endloop
   endfacet
   facet normal -4.487987e-001 0.000000e+000 8.936329e-001
      outer loop
         vertex 2.808144e+000 0.000000e+000 2.249397e+001
         vertex 2.808144e+000 6.100000e+001 2.249397e+001
         vertex 2.652642e+000 6.100000e+001 2.241474e+001
      endloop
   endfacet
   facet normal -4.591669e-001 0.000000e+000 8.883500e-001
      outer loop
         vertex 2.808144e+000 0.000000e+000 2.249397e+001
         vertex 2.652642e+000 6.100000e+001 2.241474e+001
         vertex 2.652642e+000 0.000000e+000 2.241474e+001
      endloop
   endfacet
   facet normal -4.797127e-001 0.000000e+000 8.774257e-001
      outer loop
         vertex 2.652642e+000 0.000000e+000 2.241474e+001
         vertex 2.652642e+000 6.100000e+001 2.241474e+001
         vertex 2.500000e+000 6.100000e+001 2.233013e+001
      endloop
   endfacet
   facet normal -4.898902e-001 0.000000e+000 8.717842e-001
      outer loop
         vertex 2.652642e+000 0.000000e+000 2.241474e+001
         vertex 2.500000e+000 6.100000e+001 2.233013e+001
         vertex 2.500000e+000 0.000000e+000 2.233013e+001
      endloop
   endfacet
   facet normal -5.100421e-001 0.000000e+000 8.601494e-001
      outer loop
         vertex 2.500000e+000 0.000000e+000 2.233013e+001
         vertex 2.500000e+000 6.100000e+001 2.233013e+001
         vertex 2.350403e+000 6.100000e+001 2.224024e+001
      endloop
   endfacet
   facet normal -5.200166e-001 0.000000e+000 8.541561e-001
      outer loop
         vertex 2.500000e+000 0.000000e+000 2.233013e+001
         vertex 2.350403e+000 6.100000e+001 2.224024e+001
         vertex 2.350403e+000 0.000000e+000 2.224024e+001
      endloop
   endfacet
   facet normal -5.397502e-001 0.000000e+000 8.418252e-001
      outer loop
         vertex 2.350403e+000 0.000000e+000 2.224024e+001
         vertex 2.350403e+000 6.100000e+001 2.224024e+001
         vertex 2.204036e+000 6.100000e+001 2.214519e+001
      endloop
   endfacet
   facet normal -5.495094e-001 0.000000e+000 8.354875e-001
      outer loop
         vertex 2.350403e+000 0.000000e+000 2.224024e+001
         vertex 2.204036e+000 6.100000e+001 2.214519e+001
         vertex 2.204036e+000 0.000000e+000 2.214519e+001
      endloop
   endfacet
   facet normal -5.688007e-001 0.000000e+000 8.224754e-001
      outer loop
         vertex 2.204036e+000 0.000000e+000 2.214519e+001
         vertex 2.204036e+000 6.100000e+001 2.214519e+001
         vertex 2.061074e+000 6.100000e+001 2.204509e+001
      endloop
   endfacet
   facet normal -5.783327e-001 0.000000e+000 8.158010e-001
      outer loop
         vertex 2.204036e+000 0.000000e+000 2.214519e+001
         vertex 2.061074e+000 6.100000e+001 2.204509e+001
         vertex 2.061074e+000 0.000000e+000 2.204509e+001
      endloop
   endfacet
   facet normal -5.971582e-001 0.000000e+000 8.021235e-001
      outer loop
         vertex 2.061074e+000 0.000000e+000 2.204509e+001
         vertex 2.061074e+000 6.100000e+001 2.204509e+001
         vertex 1.921692e+000 6.100000e+001 2.194005e+001
      endloop
   endfacet
   facet normal -6.064515e-001 0.000000e+000 7.951205e-001
      outer loop
         vertex 2.061074e+000 0.000000e+000 2.204509e+001
         vertex 1.921692e+000 6.100000e+001 2.194005e+001
         vertex 1.921692e+000 0.000000e+000 2.194005e+001
      endloop
   endfacet
   facet normal -6.247881e-001 0.000000e+000 7.807943e-001
      outer loop
         vertex 1.921692e+000 0.000000e+000 2.194005e+001
         vertex 1.921692e+000 6.100000e+001 2.194005e+001
         vertex 1.786062e+000 6.100000e+001 2.183022e+001
      endloop
   endfacet
   facet normal -6.338314e-001 0.000000e+000 7.734712e-001
      outer loop
         vertex 1.921692e+000 0.000000e+000 2.194005e+001
         vertex 1.786062e+000 6.100000e+001 2.183022e+001
         vertex 1.786062e+000 0.000000e+000 2.183022e+001
      endloop
   endfacet
   facet normal -6.516569e-001 0.000000e+000 7.585139e-001
      outer loop
         vertex 1.786062e+000 0.000000e+000 2.183022e+001
         vertex 1.786062e+000 6.100000e+001 2.183022e+001
         vertex 1.654346e+000 6.100000e+001 2.171572e+001
      endloop
   endfacet
   facet normal -6.604390e-001 0.000000e+000 7.508796e-001
      outer loop
         vertex 1.786062e+000 0.000000e+000 2.183022e+001
         vertex 1.654346e+000 6.100000e+001 2.171572e+001
         vertex 1.654346e+000 0.000000e+000 2.171572e+001
      endloop
   endfacet
   facet normal -6.777316e-001 0.000000e+000 7.353093e-001
      outer loop
         vertex 1.654346e+000 0.000000e+000 2.171572e+001
         vertex 1.654346e+000 6.100000e+001 2.171572e+001
         vertex 1.526708e+000 6.100000e+001 2.159670e+001
      endloop
   endfacet
   facet normal -6.862420e-001 0.000000e+000 7.273733e-001
      outer loop
         vertex 1.654346e+000 0.000000e+000 2.171572e+001
         vertex 1.526708e+000 6.100000e+001 2.159670e+001
         vertex 1.526708e+000 0.000000e+000 2.159670e+001
      endloop
   endfacet
   facet normal -7.029807e-001 0.000000e+000 7.112089e-001
      outer loop
         vertex 1.526708e+000 0.000000e+000 2.159670e+001
         vertex 1.526708e+000 6.100000e+001 2.159670e+001
         vertex 1.403301e+000 6.100000e+001 2.147329e+001
      endloop
   endfacet
   facet normal -7.112090e-001 0.000000e+000 7.029806e-001
      outer loop
         vertex 1.526708e+000 0.000000e+000 2.159670e+001
         vertex 1.403301e+000 6.100000e+001 2.147329e+001
         vertex 1.403301e+000 0.000000e+000 2.147329e+001
      endloop
   endfacet
   facet normal -7.273733e-001 0.000000e+000 6.862420e-001
      outer loop
         vertex 1.403301e+000 0.000000e+000 2.147329e+001
         vertex 1.403301e+000 6.100000e+001 2.147329e+001
         vertex 1.284275e+000 6.100000e+001 2.134565e+001
      endloop
   endfacet
   facet normal -7.353093e-001 0.000000e+000 6.777316e-001
      outer loop
         vertex 1.403301e+000 0.000000e+000 2.147329e+001
         vertex 1.284275e+000 6.100000e+001 2.134565e+001
         vertex 1.284275e+000 0.000000e+000 2.134565e+001
      endloop
   endfacet
   facet normal -7.508796e-001 0.000000e+000 6.604390e-001
      outer loop
         vertex 1.284275e+000 0.000000e+000 2.134565e+001
         vertex 1.284275e+000 6.100000e+001 2.134565e+001
         vertex 1.169778e+000 6.100000e+001 2.121394e+001
      endloop
   endfacet
   facet normal -7.585139e-001 0.000000e+000 6.516569e-001
      outer loop
         vertex 1.284275e+000 0.000000e+000 2.134565e+001
         vertex 1.169778e+000 6.100000e+001 2.121394e+001
         vertex 1.169778e+000 0.000000e+000 2.121394e+001
      endloop
   endfacet
   facet normal -7.734712e-001 0.000000e+000 6.338314e-001
      outer loop
         vertex 1.169778e+000 0.000000e+000 2.121394e+001
         vertex 1.169778e+000 6.100000e+001 2.121394e+001
         vertex 1.059946e+000 6.100000e+001 2.107831e+001
      endloop
   endfacet
   facet normal -7.807944e-001 0.000000e+000 6.247881e-001
      outer loop
         vertex 1.169778e+000 0.000000e+000 2.121394e+001
         vertex 1.059946e+000 6.100000e+001 2.107831e+001
         vertex 1.059946e+000 0.000000e+000 2.107831e+001
      endloop
   endfacet
   facet normal -7.951205e-001 0.000000e+000 6.064515e-001
      outer loop
         vertex 1.059946e+000 0.000000e+000 2.107831e+001
         vertex 1.059946e+000 6.100000e+001 2.107831e+001
         vertex 9.549148e-001 6.100000e+001 2.093892e+001
      endloop
   endfacet
   facet normal -8.021235e-001 0.000000e+000 5.971582e-001
      outer loop
         vertex 1.059946e+000 0.000000e+000 2.107831e+001
         vertex 9.549148e-001 6.100000e+001 2.093892e+001
         vertex 9.549148e-001 0.000000e+000 2.093892e+001
      endloop
   endfacet
   facet normal -8.158010e-001 0.000000e+000 5.783327e-001
      outer loop
         vertex 9.549148e-001 0.000000e+000 2.093892e+001
         vertex 9.549148e-001 6.100000e+001 2.093892e+001
         vertex 8.548116e-001 6.100000e+001 2.079596e+001
      endloop
   endfacet
   facet normal -8.224754e-001 0.000000e+000 5.688007e-001
      outer loop
         vertex 9.549148e-001 0.000000e+000 2.093892e+001
         vertex 8.548116e-001 6.100000e+001 2.079596e+001
         vertex 8.548116e-001 0.000000e+000 2.079596e+001
      endloop
   endfacet
   facet normal -8.354875e-001 0.000000e+000 5.495094e-001
      outer loop
         vertex 8.548116e-001 0.000000e+000 2.079596e+001
         vertex 8.548116e-001 6.100000e+001 2.079596e+001
         vertex 7.597590e-001 6.100000e+001 2.064960e+001
      endloop
   endfacet
   facet normal -8.418252e-001 0.000000e+000 5.397502e-001
      outer loop
         vertex 8.548116e-001 0.000000e+000 2.079596e+001
         vertex 7.597590e-001 6.100000e+001 2.064960e+001
         vertex 7.597590e-001 0.000000e+000 2.064960e+001
      endloop
   endfacet
   facet normal -8.541562e-001 0.000000e+000 5.200166e-001
      outer loop
         vertex 7.597590e-001 0.000000e+000 2.064960e+001
         vertex 7.597590e-001 6.100000e+001 2.064960e+001
         vertex 6.698724e-001 6.100000e+001 2.050000e+001
      endloop
   endfacet
   facet normal -8.601494e-001 0.000000e+000 5.100421e-001
      outer loop
         vertex 7.597590e-001 0.000000e+000 2.064960e+001
         vertex 6.698724e-001 6.100000e+001 2.050000e+001
         vertex 6.698724e-001 0.000000e+000 2.050000e+001
      endloop
   endfacet
   facet normal -8.717842e-001 0.000000e+000 4.898902e-001
      outer loop
         vertex 6.698724e-001 0.000000e+000 2.050000e+001
         vertex 6.698724e-001 6.100000e+001 2.050000e+001
         vertex 5.852617e-001 6.100000e+001 2.034736e+001
      endloop
   endfacet
   facet normal -8.774256e-001 0.000000e+000 4.797127e-001
      outer loop
         vertex 6.698724e-001 0.000000e+000 2.050000e+001
         vertex 5.852617e-001 6.100000e+001 2.034736e+001
         vertex 5.852617e-001 0.000000e+000 2.034736e+001
      endloop
   endfacet
   facet normal -8.883500e-001 0.000000e+000 4.591669e-001
      outer loop
         vertex 5.852617e-001 0.000000e+000 2.034736e+001
         vertex 5.852617e-001 6.100000e+001 2.034736e+001
         vertex 5.060295e-001 6.100000e+001 2.019186e+001
      endloop
   endfacet
   facet normal -8.936329e-001 0.000000e+000 4.487987e-001
      outer loop
         vertex 5.852617e-001 0.000000e+000 2.034736e+001
         vertex 5.060295e-001 6.100000e+001 2.019186e+001
         vertex 5.060295e-001 0.000000e+000 2.019186e+001
      endloop
   endfacet
   facet normal -9.038336e-001 0.000000e+000 4.278843e-001
      outer loop
         vertex 5.060295e-001 0.000000e+000 2.019186e+001
         vertex 5.060295e-001 6.100000e+001 2.019186e+001
         vertex 4.322724e-001 6.100000e+001 2.003368e+001
      endloop
   endfacet
   facet normal -9.087514e-001 0.000000e+000 4.173380e-001
      outer loop
         vertex 5.060295e-001 0.000000e+000 2.019186e+001
         vertex 4.322724e-001 6.100000e+001 2.003368e+001
         vertex 4.322724e-001 0.000000e+000 2.003368e+001
      endloop
   endfacet
   facet normal -9.182159e-001 0.000000e+000 3.960802e-001
      outer loop
         vertex 4.322724e-001 0.000000e+000 2.003368e+001
         vertex 4.322724e-001 6.100000e+001 2.003368e+001
         vertex 3.640801e-001 6.100000e+001 1.987303e+001
      endloop
   endfacet
   facet normal -9.227627e-001 0.000000e+000 3.853688e-001
      outer loop
         vertex 4.322724e-001 0.000000e+000 2.003368e+001
         vertex 3.640801e-001 6.100000e+001 1.987303e+001
         vertex 3.640801e-001 0.000000e+000 1.987303e+001
      endloop
   endfacet
   facet normal -9.314796e-001 0.000000e+000 3.637937e-001
      outer loop
         vertex 3.640801e-001 0.000000e+000 1.987303e+001
         vertex 3.640801e-001 6.100000e+001 1.987303e+001
         vertex 3.015371e-001 6.100000e+001 1.971010e+001
      endloop
   endfacet
   facet normal -9.356497e-001 0.000000e+000 3.529301e-001
      outer loop
         vertex 3.640801e-001 0.000000e+000 1.987303e+001
         vertex 3.015371e-001 6.100000e+001 1.971010e+001
         vertex 3.015371e-001 0.000000e+000 1.971010e+001
      endloop
   endfacet
   facet normal -9.436083e-001 0.000000e+000 3.310639e-001
      outer loop
         vertex 3.015371e-001 0.000000e+000 1.971010e+001
         vertex 3.015371e-001 6.100000e+001 1.971010e+001
         vertex 2.447171e-001 6.100000e+001 1.954509e+001
      endloop
   endfacet
   facet normal -9.473968e-001 0.000000e+000 3.200614e-001
      outer loop
         vertex 3.015371e-001 0.000000e+000 1.971010e+001
         vertex 2.447171e-001 6.100000e+001 1.954509e+001
         vertex 2.447171e-001 0.000000e+000 1.954509e+001
      endloop
   endfacet
   facet normal -9.545875e-001 0.000000e+000 2.979308e-001
      outer loop
         vertex 2.447171e-001 0.000000e+000 1.954509e+001
         vertex 2.447171e-001 6.100000e+001 1.954509e+001
         vertex 1.936909e-001 6.100000e+001 1.937819e+001
      endloop
   endfacet
   facet normal -9.579897e-001 0.000000e+000 2.868027e-001
      outer loop
         vertex 2.447171e-001 0.000000e+000 1.954509e+001
         vertex 1.936909e-001 6.100000e+001 1.937819e+001
         vertex 1.936909e-001 0.000000e+000 1.937819e+001
      endloop
   endfacet
   facet normal -9.644036e-001 0.000000e+000 2.644347e-001
      outer loop
         vertex 1.936909e-001 0.000000e+000 1.937819e+001
         vertex 1.936909e-001 6.100000e+001 1.937819e+001
         vertex 1.485217e-001 6.100000e+001 1.920961e+001
      endloop
   endfacet
   facet normal -9.674153e-001 0.000000e+000 2.531947e-001
      outer loop
         vertex 1.936909e-001 0.000000e+000 1.937819e+001
         vertex 1.485217e-001 6.100000e+001 1.920961e+001
         vertex 1.485217e-001 0.000000e+000 1.920961e+001
      endloop
   endfacet
   facet normal -9.730448e-001 0.000000e+000 2.306164e-001
      outer loop
         vertex 1.485217e-001 0.000000e+000 1.920961e+001
         vertex 1.485217e-001 6.100000e+001 1.920961e+001
         vertex 1.092609e-001 6.100000e+001 1.903956e+001
      endloop
   endfacet
   facet normal -9.756624e-001 0.000000e+000 2.192781e-001
      outer loop
         vertex 1.485217e-001 0.000000e+000 1.920961e+001
         vertex 1.092609e-001 6.100000e+001 1.903956e+001
         vertex 1.092609e-001 0.000000e+000 1.903956e+001
      endloop
   endfacet
   facet normal -9.805004e-001 0.000000e+000 1.965171e-001
      outer loop
         vertex 1.092609e-001 0.000000e+000 1.903956e+001
         vertex 1.092609e-001 6.100000e+001 1.903956e+001
         vertex 7.596053e-002 6.100000e+001 1.886824e+001
      endloop
   endfacet
   facet normal -9.827207e-001 0.000000e+000 1.850944e-001
      outer loop
         vertex 1.092609e-001 0.000000e+000 1.903956e+001
         vertex 7.596053e-002 6.100000e+001 1.886824e+001
         vertex 7.596053e-002 0.000000e+000 1.886824e+001
      endloop
   endfacet
   facet normal -9.867615e-001 0.000000e+000 1.621784e-001
      outer loop
         vertex 7.596053e-002 0.000000e+000 1.886824e+001
         vertex 7.596053e-002 6.100000e+001 1.886824e+001
         vertex 4.865974e-002 6.100000e+001 1.869587e+001
      endloop
   endfacet
   facet normal -9.885818e-001 0.000000e+000 1.506852e-001
      outer loop
         vertex 7.596053e-002 0.000000e+000 1.886824e+001
         vertex 4.865974e-002 6.100000e+001 1.869587e+001
         vertex 4.865974e-002 0.000000e+000 1.869587e+001
      endloop
   endfacet
   facet normal -9.918203e-001 0.000000e+000 1.276422e-001
      outer loop
         vertex 4.865974e-002 0.000000e+000 1.869587e+001
         vertex 4.865974e-002 6.100000e+001 1.869587e+001
         vertex 2.739020e-002 6.100000e+001 1.852264e+001
      endloop
   endfacet
   facet normal -9.932384e-001 0.000000e+000 1.160924e-001
      outer loop
         vertex 4.865974e-002 0.000000e+000 1.869587e+001
         vertex 2.739020e-002 6.100000e+001 1.852264e+001
         vertex 2.739020e-002 0.000000e+000 1.852264e+001
      endloop
   endfacet
   facet normal -9.956707e-001 0.000000e+000 9.295037e-002
      outer loop
         vertex 2.739020e-002 0.000000e+000 1.852264e+001
         vertex 2.739020e-002 6.100000e+001 1.852264e+001
         vertex 1.217984e-002 6.100000e+001 1.834878e+001
      endloop
   endfacet
   facet normal -9.966849e-001 0.000000e+000 8.135815e-002
      outer loop
         vertex 2.739020e-002 0.000000e+000 1.852264e+001
         vertex 1.217984e-002 6.100000e+001 1.834878e+001
         vertex 1.217984e-002 0.000000e+000 1.834878e+001
      endloop
   endfacet
   facet normal -9.983081e-001 0.000000e+000 5.814535e-002
      outer loop
         vertex 1.217984e-002 0.000000e+000 1.834878e+001
         vertex 1.217984e-002 6.100000e+001 1.834878e+001
         vertex 3.045425e-003 6.100000e+001 1.817450e+001
      endloop
   endfacet
   facet normal -9.989172e-001 0.000000e+000 4.652479e-002
      outer loop
         vertex 1.217984e-002 0.000000e+000 1.834878e+001
         vertex 3.045425e-003 6.100000e+001 1.817450e+001
         vertex 3.045425e-003 0.000000e+000 1.817450e+001
      endloop
   endfacet
   facet normal -9.997292e-001 0.000000e+000 2.326948e-002
      outer loop
         vertex 3.045425e-003 0.000000e+000 1.817450e+001
         vertex 3.045425e-003 6.100000e+001 1.817450e+001
         vertex 0.000000e+000 6.100000e+001 1.800000e+001
      endloop
   endfacet
   facet normal -9.999323e-001 0.000000e+000 1.163474e-002
      outer loop
         vertex 3.045425e-003 0.000000e+000 1.817450e+001
         vertex 0.000000e+000 6.100000e+001 1.800000e+001
         vertex 0.000000e+000 0.000000e+000 1.800000e+001
      endloop
   endfacet
   facet normal -1.000000e+000 0.000000e+000 0.000000e+000
      outer loop
         vertex 0.000000e+000 0.000000e+000 2.000000e+000
         vertex 0.000000e+000 0.000000e+000 1.800000e+001
         vertex 0.000000e+000 6.100000e+001 2.000000e+000
      endloop
   endfacet
   facet normal -1.000000e+000 0.000000e+000 0.000000e+000
      outer loop
         vertex 0.000000e+000 6.100000e+001 2.000000e+000
         vertex 0.000000e+000 0.000000e+000 1.800000e+001
         vertex 0.000000e+000 6.100000e+001 1.800000e+001
      endloop
   endfacet
   facet normal -9.999323e-001 0.000000e+000 -1.163474e-002
      outer loop
         vertex 0.000000e+000 0.000000e+000 2.000000e+000
         vertex 0.000000e+000 6.100000e+001 2.000000e+000
         vertex 1.218170e-003 6.100000e+001 1.930201e+000
      endloop
   endfacet
   facet normal -9.997292e-001 0.000000e+000 -2.326948e-002
      outer loop
         vertex 0.000000e+000 0.000000e+000 2.000000e+000
         vertex 1.218170e-003 6.100000e+001 1.930201e+000
         vertex 1.218170e-003 0.000000e+000 1.930201e+000
      endloop
   endfacet
   facet normal -9.989172e-001 0.000000e+000 -4.652479e-002
      outer loop
         vertex 1.218170e-003 0.000000e+000 1.930201e+000
         vertex 1.218170e-003 6.100000e+001 1.930201e+000
         vertex 4.870817e-003 6.100000e+001 1.860487e+000
      endloop
   endfacet
   facet normal -9.983081e-001 0.000000e+000 -5.814535e-002
      outer loop
         vertex 1.218170e-003 0.000000e+000 1.930201e+000
         vertex 4.870817e-003 6.100000e+001 1.860487e+000
         vertex 4.870817e-003 0.000000e+000 1.860487e+000
      endloop
   endfacet
   facet normal -9.966849e-001 0.000000e+000 -8.135815e-002
      outer loop
         vertex 4.870817e-003 0.000000e+000 1.860487e+000
         vertex 4.870817e-003 6.100000e+001 1.860487e+000
         vertex 1.095608e-002 6.100000e+001 1.790943e+000
      endloop
   endfacet
   facet normal -9.956707e-001 0.000000e+000 -9.295038e-002
      outer loop
         vertex 4.870817e-003 0.000000e+000 1.860487e+000
         vertex 1.095608e-002 6.100000e+001 1.790943e+000
         vertex 1.095608e-002 0.000000e+000 1.790943e+000
      endloop
   endfacet
   facet normal -9.932384e-001 0.000000e+000 -1.160924e-001
      outer loop
         vertex 1.095608e-002 0.000000e+000 1.790943e+000
         vertex 1.095608e-002 6.100000e+001 1.790943e+000
         vertex 1.946278e-002 6.100000e+001 1.721654e+000
      endloop
   endfacet
   facet normal -9.918203e-001 0.000000e+000 -1.276422e-001
      outer loop
         vertex 1.095608e-002 0.000000e+000 1.790943e+000
         vertex 1.946278e-002 6.100000e+001 1.721654e+000
         vertex 1.946278e-002 0.000000e+000 1.721654e+000
      endloop
   endfacet
   facet normal -9.885818e-001 0.000000e+000 -1.506852e-001
      outer loop
         vertex 1.946278e-002 0.000000e+000 1.721654e+000
         vertex 1.946278e-002 6.100000e+001 1.721654e+000
         vertex 3.038347e-002 6.100000e+001 1.652704e+000
      endloop
   endfacet
   facet normal -9.867615e-001 0.000000e+000 -1.621784e-001
      outer loop
         vertex 1.946278e-002 0.000000e+000 1.721654e+000
         vertex 3.038347e-002 6.100000e+001 1.652704e+000
         vertex 3.038347e-002 0.000000e+000 1.652704e+000
      endloop
   endfacet
   facet normal -9.827207e-001 0.000000e+000 -1.850944e-001
      outer loop
         vertex 3.038347e-002 0.000000e+000 1.652704e+000
         vertex 3.038347e-002 6.100000e+001 1.652704e+000
         vertex 4.370511e-002 6.100000e+001 1.584176e+000
      endloop
   endfacet
   facet normal -9.805004e-001 0.000000e+000 -1.965171e-001
      outer loop
         vertex 3.038347e-002 0.000000e+000 1.652704e+000
         vertex 4.370511e-002 6.100000e+001 1.584176e+000
         vertex 4.370511e-002 0.000000e+000 1.584176e+000
      endloop
   endfacet
   facet normal -9.756624e-001 0.000000e+000 -2.192781e-001
      outer loop
         vertex 4.370511e-002 0.000000e+000 1.584176e+000
         vertex 4.370511e-002 6.100000e+001 1.584176e+000
         vertex 5.940907e-002 6.100000e+001 1.516156e+000
      endloop
   endfacet
   facet normal -9.730448e-001 0.000000e+000 -2.306164e-001
      outer loop
         vertex 4.370511e-002 0.000000e+000 1.584176e+000
         vertex 5.940907e-002 6.100000e+001 1.516156e+000
         vertex 5.940907e-002 0.000000e+000 1.516156e+000
      endloop
   endfacet
   facet normal -9.674153e-001 0.000000e+000 -2.531947e-001
      outer loop
         vertex 5.940907e-002 0.000000e+000 1.516156e+000
         vertex 5.940907e-002 6.100000e+001 1.516156e+000
         vertex 7.747672e-002 6.100000e+001 1.448725e+000
      endloop
   endfacet
   facet normal -9.644036e-001 0.000000e+000 -2.644347e-001
      outer loop
         vertex 5.940907e-002 0.000000e+000 1.516156e+000
         vertex 7.747672e-002 6.100000e+001 1.448725e+000
         vertex 7.747672e-002 0.000000e+000 1.448725e+000
      endloop
   endfacet
   facet normal -9.579897e-001 0.000000e+000 -2.868027e-001
      outer loop
         vertex 7.747672e-002 0.000000e+000 1.448725e+000
         vertex 7.747672e-002 6.100000e+001 1.448725e+000
         vertex 9.788759e-002 6.100000e+001 1.381966e+000
      endloop
   endfacet
   facet normal -9.545875e-001 0.000000e+000 -2.979308e-001
      outer loop
         vertex 7.747672e-002 0.000000e+000 1.448725e+000
         vertex 9.788759e-002 6.100000e+001 1.381966e+000
         vertex 9.788759e-002 0.000000e+000 1.381966e+000
      endloop
   endfacet
   facet normal -9.473968e-001 0.000000e+000 -3.200614e-001
      outer loop
         vertex 9.788759e-002 0.000000e+000 1.381966e+000
         vertex 9.788759e-002 6.100000e+001 1.381966e+000
         vertex 1.206137e-001 6.100000e+001 1.315960e+000
      endloop
   endfacet
   facet normal -9.436083e-001 0.000000e+000 -3.310639e-001
      outer loop
         vertex 9.788759e-002 0.000000e+000 1.381966e+000
         vertex 1.206137e-001 6.100000e+001 1.315960e+000
         vertex 1.206137e-001 0.000000e+000 1.315960e+000
      endloop
   endfacet
   facet normal -9.356497e-001 0.000000e+000 -3.529301e-001
      outer loop
         vertex 1.206137e-001 0.000000e+000 1.315960e+000
         vertex 1.206137e-001 6.100000e+001 1.315960e+000
         vertex 1.456328e-001 6.100000e+001 1.250787e+000
      endloop
   endfacet
   facet normal -9.314795e-001 0.000000e+000 -3.637937e-001
      outer loop
         vertex 1.206137e-001 0.000000e+000 1.315960e+000
         vertex 1.456328e-001 6.100000e+001 1.250787e+000
         vertex 1.456328e-001 0.000000e+000 1.250787e+000
      endloop
   endfacet
   facet normal -9.227627e-001 0.000000e+000 -3.853688e-001
      outer loop
         vertex 1.456328e-001 0.000000e+000 1.250787e+000
         vertex 1.456328e-001 6.100000e+001 1.250787e+000
         vertex 1.729093e-001 6.100000e+001 1.186526e+000
      endloop
   endfacet
   facet normal -9.182159e-001 0.000000e+000 -3.960803e-001
      outer loop
         vertex 1.456328e-001 0.000000e+000 1.250787e+000
         vertex 1.729093e-001 6.100000e+001 1.186526e+000
         vertex 1.729093e-001 0.000000e+000 1.186526e+000
      endloop
   endfacet
   facet normal -9.087514e-001 0.000000e+000 -4.173380e-001
      outer loop
         vertex 1.729093e-001 0.000000e+000 1.186526e+000
         vertex 1.729093e-001 6.100000e+001 1.186526e+000
         vertex 2.024118e-001 6.100000e+001 1.123257e+000
      endloop
   endfacet
   facet normal -9.038336e-001 0.000000e+000 -4.278843e-001
      outer loop
         vertex 1.729093e-001 0.000000e+000 1.186526e+000
         vertex 2.024118e-001 6.100000e+001 1.123257e+000
         vertex 2.024118e-001 0.000000e+000 1.123257e+000
      endloop
   endfacet
   facet normal -8.936329e-001 0.000000e+000 -4.487987e-001
      outer loop
         vertex 2.024118e-001 0.000000e+000 1.123257e+000
         vertex 2.024118e-001 6.100000e+001 1.123257e+000
         vertex 2.341047e-001 6.100000e+001 1.061057e+000
      endloop
   endfacet
   facet normal -8.883500e-001 0.000000e+000 -4.591669e-001
      outer loop
         vertex 2.024118e-001 0.000000e+000 1.123257e+000
         vertex 2.341047e-001 6.100000e+001 1.061057e+000
         vertex 2.341047e-001 0.000000e+000 1.061057e+000
      endloop
   endfacet
   facet normal -8.774257e-001 0.000000e+000 -4.797127e-001
      outer loop
         vertex 2.341047e-001 0.000000e+000 1.061057e+000
         vertex 2.341047e-001 6.100000e+001 1.061057e+000
         vertex 2.679490e-001 6.100000e+001 9.999997e-001
      endloop
   endfacet
   facet normal -8.717842e-001 0.000000e+000 -4.898902e-001
      outer loop
         vertex 2.341047e-001 0.000000e+000 1.061057e+000
         vertex 2.679490e-001 6.100000e+001 9.999997e-001
         vertex 2.679490e-001 0.000000e+000 9.999997e-001
      endloop
   endfacet
   facet normal -8.601494e-001 0.000000e+000 -5.100421e-001
      outer loop
         vertex 2.679490e-001 0.000000e+000 9.999997e-001
         vertex 2.679490e-001 6.100000e+001 9.999997e-001
         vertex 3.039036e-001 6.100000e+001 9.401613e-001
      endloop
   endfacet
   facet normal -8.541561e-001 0.000000e+000 -5.200166e-001
      outer loop
         vertex 2.679490e-001 0.000000e+000 9.999997e-001
         vertex 3.039036e-001 6.100000e+001 9.401613e-001
         vertex 3.039036e-001 0.000000e+000 9.401613e-001
      endloop
   endfacet
   facet normal -8.418252e-001 0.000000e+000 -5.397502e-001
      outer loop
         vertex 3.039036e-001 0.000000e+000 9.401613e-001
         vertex 3.039036e-001 6.100000e+001 9.401613e-001
         vertex 3.419248e-001 6.100000e+001 8.816141e-001
      endloop
   endfacet
   facet normal -8.354875e-001 0.000000e+000 -5.495094e-001
      outer loop
         vertex 3.039036e-001 0.000000e+000 9.401613e-001
         vertex 3.419248e-001 6.100000e+001 8.816141e-001
         vertex 3.419248e-001 0.000000e+000 8.816141e-001
      endloop
   endfacet
   facet normal -8.224754e-001 0.000000e+000 -5.688007e-001
      outer loop
         vertex 3.419248e-001 0.000000e+000 8.816141e-001
         vertex 3.419248e-001 6.100000e+001 8.816141e-001
         vertex 3.819661e-001 6.100000e+001 8.244296e-001
      endloop
   endfacet
   facet normal -8.158010e-001 0.000000e+000 -5.783327e-001
      outer loop
         vertex 3.419248e-001 0.000000e+000 8.816141e-001
         vertex 3.819661e-001 6.100000e+001 8.244296e-001
         vertex 3.819661e-001 0.000000e+000 8.244296e-001
      endloop
   endfacet
   facet normal -8.021235e-001 0.000000e+000 -5.971582e-001
      outer loop
         vertex 3.819661e-001 0.000000e+000 8.244296e-001
         vertex 3.819661e-001 6.100000e+001 8.244296e-001
         vertex 4.239781e-001 6.100000e+001 7.686769e-001
      endloop
   endfacet
   facet normal -7.951205e-001 0.000000e+000 -6.064515e-001
      outer loop
         vertex 3.819661e-001 0.000000e+000 8.244296e-001
         vertex 4.239781e-001 6.100000e+001 7.686769e-001
         vertex 4.239781e-001 0.000000e+000 7.686769e-001
      endloop
   endfacet
   facet normal -7.807943e-001 0.000000e+000 -6.247881e-001
      outer loop
         vertex 4.239781e-001 0.000000e+000 7.686769e-001
         vertex 4.239781e-001 6.100000e+001 7.686769e-001
         vertex 4.679104e-001 6.100000e+001 7.144246e-001
      endloop
   endfacet
   facet normal -7.734712e-001 0.000000e+000 -6.338314e-001
      outer loop
         vertex 4.239781e-001 0.000000e+000 7.686769e-001
         vertex 4.679104e-001 6.100000e+001 7.144246e-001
         vertex 4.679104e-001 0.000000e+000 7.144246e-001
      endloop
   endfacet
   facet normal -7.585139e-001 0.000000e+000 -6.516569e-001
      outer loop
         vertex 4.679104e-001 0.000000e+000 7.144246e-001
         vertex 4.679104e-001 6.100000e+001 7.144246e-001
         vertex 5.137101e-001 6.100000e+001 6.617387e-001
      endloop
   endfacet
   facet normal -7.508796e-001 0.000000e+000 -6.604390e-001
      outer loop
         vertex 4.679104e-001 0.000000e+000 7.144246e-001
         vertex 5.137101e-001 6.100000e+001 6.617387e-001
         vertex 5.137101e-001 0.000000e+000 6.617387e-001
      endloop
   endfacet
   facet normal -7.353093e-001 0.000000e+000 -6.777316e-001
      outer loop
         vertex 5.137101e-001 0.000000e+000 6.617387e-001
         vertex 5.137101e-001 6.100000e+001 6.617387e-001
         vertex 5.613202e-001 6.100000e+001 6.106831e-001
      endloop
   endfacet
   facet normal -7.273733e-001 0.000000e+000 -6.862420e-001
      outer loop
         vertex 5.137101e-001 0.000000e+000 6.617387e-001
         vertex 5.613202e-001 6.100000e+001 6.106831e-001
         vertex 5.613202e-001 0.000000e+000 6.106831e-001
      endloop
   endfacet
   facet normal -7.112089e-001 0.000000e+000 -7.029807e-001
      outer loop
         vertex 5.613202e-001 0.000000e+000 6.106831e-001
         vertex 5.613202e-001 6.100000e+001 6.106831e-001
         vertex 6.106831e-001 6.100000e+001 5.613202e-001
      endloop
   endfacet
   facet normal -7.029806e-001 0.000000e+000 -7.112090e-001
      outer loop
         vertex 5.613202e-001 0.000000e+000 6.106831e-001
         vertex 6.106831e-001 6.100000e+001 5.613202e-001
         vertex 6.106831e-001 0.000000e+000 5.613202e-001
      endloop
   endfacet
   facet normal -6.862420e-001 0.000000e+000 -7.273733e-001
      outer loop
         vertex 6.106831e-001 0.000000e+000 5.613202e-001
         vertex 6.106831e-001 6.100000e+001 5.613202e-001
         vertex 6.617382e-001 6.100000e+001 5.137101e-001
      endloop
   endfacet
   facet normal -6.777316e-001 0.000000e+000 -7.353093e-001
      outer loop
         vertex 6.106831e-001 0.000000e+000 5.613202e-001
         vertex 6.617382e-001 6.100000e+001 5.137101e-001
         vertex 6.617382e-001 0.000000e+000 5.137101e-001
      endloop
   endfacet
   facet normal -6.604390e-001 0.000000e+000 -7.508796e-001
      outer loop
         vertex 6.617382e-001 0.000000e+000 5.137101e-001
         vertex 6.617382e-001 6.100000e+001 5.137101e-001
         vertex 7.144241e-001 6.100000e+001 4.679109e-001
      endloop
   endfacet
   facet normal -6.516569e-001 0.000000e+000 -7.585139e-001
      outer loop
         vertex 6.617382e-001 0.000000e+000 5.137101e-001
         vertex 7.144241e-001 6.100000e+001 4.679109e-001
         vertex 7.144241e-001 0.000000e+000 4.679109e-001
      endloop
   endfacet
   facet normal -6.338314e-001 0.000000e+000 -7.734712e-001
      outer loop
         vertex 7.144241e-001 0.000000e+000 4.679109e-001
         vertex 7.144241e-001 6.100000e+001 4.679109e-001
         vertex 7.686764e-001 6.100000e+001 4.239785e-001
      endloop
   endfacet
   facet normal -6.247881e-001 0.000000e+000 -7.807944e-001
      outer loop
         vertex 7.144241e-001 0.000000e+000 4.679109e-001
         vertex 7.686764e-001 6.100000e+001 4.239785e-001
         vertex 7.686764e-001 0.000000e+000 4.239785e-001
      endloop
   endfacet
   facet normal -6.064515e-001 0.000000e+000 -7.951205e-001
      outer loop
         vertex 7.686764e-001 0.000000e+000 4.239785e-001
         vertex 7.686764e-001 6.100000e+001 4.239785e-001
         vertex 8.244291e-001 6.100000e+001 3.819657e-001
      endloop
   endfacet
   facet normal -5.971582e-001 0.000000e+000 -8.021235e-001
      outer loop
         vertex 7.686764e-001 0.000000e+000 4.239785e-001
         vertex 8.244291e-001 6.100000e+001 3.819657e-001
         vertex 8.244291e-001 0.000000e+000 3.819657e-001
      endloop
   endfacet
   facet normal -5.783327e-001 0.000000e+000 -8.158010e-001
      outer loop
         vertex 8.244291e-001 0.000000e+000 3.819657e-001
         vertex 8.244291e-001 6.100000e+001 3.819657e-001
         vertex 8.816141e-001 6.100000e+001 3.419248e-001
      endloop
   endfacet
   facet normal -5.688007e-001 0.000000e+000 -8.224754e-001
      outer loop
         vertex 8.244291e-001 0.000000e+000 3.819657e-001
         vertex 8.816141e-001 6.100000e+001 3.419248e-001
         vertex 8.816141e-001 0.000000e+000 3.419248e-001
      endloop
   endfacet
   facet normal -5.495094e-001 0.000000e+000 -8.354875e-001
      outer loop
         vertex 8.816141e-001 0.000000e+000 3.419248e-001
         vertex 8.816141e-001 6.100000e+001 3.419248e-001
         vertex 9.401608e-001 6.100000e+001 3.039036e-001
      endloop
   endfacet
   facet normal -5.397502e-001 0.000000e+000 -8.418252e-001
      outer loop
         vertex 8.816141e-001 0.000000e+000 3.419248e-001
         vertex 9.401608e-001 6.100000e+001 3.039036e-001
         vertex 9.401608e-001 0.000000e+000 3.039036e-001
      endloop
   endfacet
   facet normal -5.200166e-001 0.000000e+000 -8.541562e-001
      outer loop
         vertex 9.401608e-001 0.000000e+000 3.039036e-001
         vertex 9.401608e-001 6.100000e+001 3.039036e-001
         vertex 1.000000e+000 6.100000e+001 2.679490e-001
      endloop
   endfacet
   facet normal -5.100421e-001 0.000000e+000 -8.601494e-001
      outer loop
         vertex 9.401608e-001 0.000000e+000 3.039036e-001
         vertex 1.000000e+000 6.100000e+001 2.679490e-001
         vertex 1.000000e+000 0.000000e+000 2.679490e-001
      endloop
   endfacet
   facet normal -4.898902e-001 0.000000e+000 -8.717842e-001
      outer loop
         vertex 1.000000e+000 0.000000e+000 2.679490e-001
         vertex 1.000000e+000 6.100000e+001 2.679490e-001
         vertex 1.061057e+000 6.100000e+001 2.341047e-001
      endloop
   endfacet
   facet normal -4.797127e-001 0.000000e+000 -8.774256e-001
      outer loop
         vertex 1.000000e+000 0.000000e+000 2.679490e-001
         vertex 1.061057e+000 6.100000e+001 2.341047e-001
         vertex 1.061057e+000 0.000000e+000 2.341047e-001
      endloop
   endfacet
   facet normal -4.591669e-001 0.000000e+000 -8.883500e-001
      outer loop
         vertex 1.061057e+000 0.000000e+000 2.341047e-001
         vertex 1.061057e+000 6.100000e+001 2.341047e-001
         vertex 1.123258e+000 6.100000e+001 2.024118e-001
      endloop
   endfacet
   facet normal -4.487987e-001 0.000000e+000 -8.936329e-001
      outer loop
         vertex 1.061057e+000 0.000000e+000 2.341047e-001
         vertex 1.123258e+000 6.100000e+001 2.024118e-001
         vertex 1.123258e+000 0.000000e+000 2.024118e-001
      endloop
   endfacet
   facet normal -4.278843e-001 0.000000e+000 -9.038336e-001
      outer loop
         vertex 1.123258e+000 0.000000e+000 2.024118e-001
         vertex 1.123258e+000 6.100000e+001 2.024118e-001
         vertex 1.186526e+000 6.100000e+001 1.729089e-001
      endloop
   endfacet
   facet normal -4.173380e-001 0.000000e+000 -9.087514e-001
      outer loop
         vertex 1.123258e+000 0.000000e+000 2.024118e-001
         vertex 1.186526e+000 6.100000e+001 1.729089e-001
         vertex 1.186526e+000 0.000000e+000 1.729089e-001
      endloop
   endfacet
   facet normal -3.960802e-001 0.000000e+000 -9.182159e-001
      outer loop
         vertex 1.186526e+000 0.000000e+000 1.729089e-001
         vertex 1.186526e+000 6.100000e+001 1.729089e-001
         vertex 1.250787e+000 6.100000e+001 1.456323e-001
      endloop
   endfacet
   facet normal -3.853688e-001 0.000000e+000 -9.227627e-001
      outer loop
         vertex 1.186526e+000 0.000000e+000 1.729089e-001
         vertex 1.250787e+000 6.100000e+001 1.456323e-001
         vertex 1.250787e+000 0.000000e+000 1.456323e-001
      endloop
   endfacet
   facet normal -3.637937e-001 0.000000e+000 -9.314796e-001
      outer loop
         vertex 1.250787e+000 0.000000e+000 1.456323e-001
         vertex 1.250787e+000 6.100000e+001 1.456323e-001
         vertex 1.315960e+000 6.100000e+001 1.206147e-001
      endloop
   endfacet
   facet normal -3.529301e-001 0.000000e+000 -9.356497e-001
      outer loop
         vertex 1.250787e+000 0.000000e+000 1.456323e-001
         vertex 1.315960e+000 6.100000e+001 1.206147e-001
         vertex 1.315960e+000 0.000000e+000 1.206147e-001
      endloop
   endfacet
   facet normal -3.310639e-001 0.000000e+000 -9.436083e-001
      outer loop
         vertex 1.315960e+000 0.000000e+000 1.206147e-001
         vertex 1.315960e+000 6.100000e+001 1.206147e-001
         vertex 1.381965e+000 6.100000e+001 9.788666e-002
      endloop
   endfacet
   facet normal -3.200614e-001 0.000000e+000 -9.473968e-001
      outer loop
         vertex 1.315960e+000 0.000000e+000 1.206147e-001
         vertex 1.381965e+000 6.100000e+001 9.788666e-002
         vertex 1.381965e+000 0.000000e+000 9.788666e-002
      endloop
   endfacet
   facet normal -2.979308e-001 0.000000e+000 -9.545875e-001
      outer loop
         vertex 1.381965e+000 0.000000e+000 9.788666e-002
         vertex 1.381965e+000 6.100000e+001 9.788666e-002
         vertex 1.448725e+000 6.100000e+001 7.747672e-002
      endloop
   endfacet
   facet normal -2.868027e-001 0.000000e+000 -9.579897e-001
      outer loop
         vertex 1.381965e+000 0.000000e+000 9.788666e-002
         vertex 1.448725e+000 6.100000e+001 7.747672e-002
         vertex 1.448725e+000 0.000000e+000 7.747672e-002
      endloop
   endfacet
   facet normal -2.644347e-001 0.000000e+000 -9.644036e-001
      outer loop
         vertex 1.448725e+000 0.000000e+000 7.747672e-002
         vertex 1.448725e+000 6.100000e+001 7.747672e-002
         vertex 1.516156e+000 6.100000e+001 5.940814e-002
      endloop
   endfacet
   facet normal -2.531947e-001 0.000000e+000 -9.674153e-001
      outer loop
         vertex 1.448725e+000 0.000000e+000 7.747672e-002
         vertex 1.516156e+000 6.100000e+001 5.940814e-002
         vertex 1.516156e+000 0.000000e+000 5.940814e-002
      endloop
   endfacet
   facet normal -2.306164e-001 0.000000e+000 -9.730448e-001
      outer loop
         vertex 1.516156e+000 0.000000e+000 5.940814e-002
         vertex 1.516156e+000 6.100000e+001 5.940814e-002
         vertex 1.584176e+000 6.100000e+001 4.370511e-002
      endloop
   endfacet
   facet normal -2.192781e-001 0.000000e+000 -9.756624e-001
      outer loop
         vertex 1.516156e+000 0.000000e+000 5.940814e-002
         vertex 1.584176e+000 6.100000e+001 4.370511e-002
         vertex 1.584176e+000 0.000000e+000 4.370511e-002
      endloop
   endfacet
   facet normal -1.965171e-001 0.000000e+000 -9.805004e-001
      outer loop
         vertex 1.584176e+000 0.000000e+000 4.370511e-002
         vertex 1.584176e+000 6.100000e+001 4.370511e-002
         vertex 1.652704e+000 6.100000e+001 3.038440e-002
      endloop
   endfacet
   facet normal -1.850944e-001 0.000000e+000 -9.827207e-001
      outer loop
         vertex 1.584176e+000 0.000000e+000 4.370511e-002
         vertex 1.652704e+000 6.100000e+001 3.038440e-002
         vertex 1.652704e+000 0.000000e+000 3.038440e-002
      endloop
   endfacet
   facet normal -1.621784e-001 0.000000e+000 -9.867615e-001
      outer loop
         vertex 1.652704e+000 0.000000e+000 3.038440e-002
         vertex 1.652704e+000 6.100000e+001 3.038440e-002
         vertex 1.721653e+000 6.100000e+001 1.946371e-002
      endloop
   endfacet
   facet normal -1.506852e-001 0.000000e+000 -9.885818e-001
      outer loop
         vertex 1.652704e+000 0.000000e+000 3.038440e-002
         vertex 1.721653e+000 6.100000e+001 1.946371e-002
         vertex 1.721653e+000 0.000000e+000 1.946371e-002
      endloop
   endfacet
   facet normal -1.276422e-001 0.000000e+000 -9.918203e-001
      outer loop
         vertex 1.721653e+000 0.000000e+000 1.946371e-002
         vertex 1.721653e+000 6.100000e+001 1.946371e-002
         vertex 1.790943e+000 6.100000e+001 1.095608e-002
      endloop
   endfacet
   facet normal -1.160924e-001 0.000000e+000 -9.932384e-001
      outer loop
         vertex 1.721653e+000 0.000000e+000 1.946371e-002
         vertex 1.790943e+000 6.100000e+001 1.095608e-002
         vertex 1.790943e+000 0.000000e+000 1.095608e-002
      endloop
   endfacet
   facet normal -9.295037e-002 0.000000e+000 -9.956707e-001
      outer loop
         vertex 1.790943e+000 0.000000e+000 1.095608e-002
         vertex 1.790943e+000 6.100000e+001 1.095608e-002
         vertex 1.860486e+000 6.100000e+001 4.871748e-003
      endloop
   endfacet
   facet normal -8.135815e-002 0.000000e+000 -9.966849e-001
      outer loop
         vertex 1.790943e+000 0.000000e+000 1.095608e-002
         vertex 1.860486e+000 6.100000e+001 4.871748e-003
         vertex 1.860486e+000 0.000000e+000 4.871748e-003
      endloop
   endfacet
   facet normal -5.814535e-002 0.000000e+000 -9.983081e-001
      outer loop
         vertex 1.860486e+000 0.000000e+000 4.871748e-003
         vertex 1.860486e+000 6.100000e+001 4.871748e-003
         vertex 1.930200e+000 6.100000e+001 1.218170e-003
      endloop
   endfacet
   facet normal -4.652479e-002 0.000000e+000 -9.989172e-001
      outer loop
         vertex 1.860486e+000 0.000000e+000 4.871748e-003
         vertex 1.930200e+000 6.100000e+001 1.218170e-003
         vertex 1.930200e+000 0.000000e+000 1.218170e-003
      endloop
   endfacet
   facet normal -2.326948e-002 0.000000e+000 -9.997292e-001
      outer loop
         vertex 1.930200e+000 0.000000e+000 1.218170e-003
         vertex 1.930200e+000 6.100000e+001 1.218170e-003
         vertex 1.999999e+000 6.100000e+001 0.000000e+000
      endloop
   endfacet
   facet normal -1.163474e-002 0.000000e+000 -9.999323e-001
      outer loop
         vertex 1.930200e+000 0.000000e+000 1.218170e-003
         vertex 1.999999e+000 6.100000e+001 0.000000e+000
         vertex 1.999999e+000 0.000000e+000 0.000000e+000
      endloop
   endfacet
   facet normal 0.000000e+000 0.000000e+000 -1.000000e+000
      outer loop
         vertex 2.800000e+001 0.000000e+000 0.000000e+000
         vertex 1.999999e+000 0.000000e+000 0.000000e+000
         vertex 2.800000e+001 6.100000e+001 0.000000e+000
      endloop
   endfacet
   facet normal 0.000000e+000 0.000000e+000 -1.000000e+000
      outer loop
         vertex 2.800000e+001 6.100000e+001 0.000000e+000
         vertex 1.999999e+000 0.000000e+000 0.000000e+000
         vertex 1.999999e+000 6.100000e+001 0.000000e+000
      endloop
   endfacet
   facet normal 1.138184e-002 0.000000e+000 -9.999352e-001
      outer loop
         vertex 2.800000e+001 0.000000e+000 0.000000e+000
         vertex 2.800000e+001 6.100000e+001 0.000000e+000
         vertex 2.806828e+001 6.100000e+001 1.166016e-003
      endloop
   endfacet
   facet normal 2.276369e-002 0.000000e+000 -9.997408e-001
      outer loop
         vertex 2.800000e+001 0.000000e+000 0.000000e+000
         vertex 2.806828e+001 6.100000e+001 1.166016e-003
         vertex 2.806828e+001 0.000000e+000 1.166016e-003
      endloop
   endfacet
   facet normal 4.551410e-002 0.000000e+000 -9.989637e-001
      outer loop
         vertex 2.806828e+001 0.000000e+000 1.166016e-003
         vertex 2.806828e+001 6.100000e+001 1.166016e-003
         vertex 2.813648e+001 6.100000e+001 4.662201e-003
      endloop
   endfacet
   facet normal 5.688269e-002 0.000000e+000 -9.983808e-001
      outer loop
         vertex 2.806828e+001 0.000000e+000 1.166016e-003
         vertex 2.813648e+001 6.100000e+001 4.662201e-003
         vertex 2.813648e+001 0.000000e+000 4.662201e-003
      endloop
   endfacet
   facet normal 7.959332e-002 0.000000e+000 -9.968274e-001
      outer loop
         vertex 2.813648e+001 0.000000e+000 4.662201e-003
         vertex 2.813648e+001 6.100000e+001 4.662201e-003
         vertex 2.820453e+001 6.100000e+001 1.048576e-002
      endloop
   endfacet
   facet normal 9.093536e-002 0.000000e+000 -9.958568e-001
      outer loop
         vertex 2.813648e+001 0.000000e+000 4.662201e-003
         vertex 2.820453e+001 6.100000e+001 1.048576e-002
         vertex 2.820453e+001 0.000000e+000 1.048576e-002
      endloop
   endfacet
   facet normal 1.135797e-001 0.000000e+000 -9.935289e-001
      outer loop
         vertex 2.820453e+001 0.000000e+000 1.048576e-002
         vertex 2.820453e+001 6.100000e+001 1.048576e-002
         vertex 2.827233e+001 6.100000e+001 1.862831e-002
      endloop
   endfacet
   facet normal 1.248820e-001 0.000000e+000 -9.921716e-001
      outer loop
         vertex 2.820453e+001 0.000000e+000 1.048576e-002
         vertex 2.827233e+001 6.100000e+001 1.862831e-002
         vertex 2.827233e+001 0.000000e+000 1.862831e-002
      endloop
   endfacet
   facet normal 1.474337e-001 0.000000e+000 -9.890719e-001
      outer loop
         vertex 2.827233e+001 0.000000e+000 1.862831e-002
         vertex 2.827233e+001 6.100000e+001 1.862831e-002
         vertex 2.833982e+001 6.100000e+001 2.908055e-002
      endloop
   endfacet
   facet normal 1.586830e-001 0.000000e+000 -9.873295e-001
      outer loop
         vertex 2.827233e+001 0.000000e+000 1.862831e-002
         vertex 2.833982e+001 6.100000e+001 2.908055e-002
         vertex 2.833982e+001 0.000000e+000 2.908055e-002
      endloop
   endfacet
   facet normal 1.811157e-001 0.000000e+000 -9.834618e-001
      outer loop
         vertex 2.833982e+001 0.000000e+000 2.908055e-002
         vertex 2.833982e+001 6.100000e+001 2.908055e-002
         vertex 2.840691e+001 6.100000e+001 4.183128e-002
      endloop
   endfacet
   facet normal 1.922991e-001 0.000000e+000 -9.813364e-001
      outer loop
         vertex 2.833982e+001 0.000000e+000 2.908055e-002
         vertex 2.840691e+001 6.100000e+001 4.183128e-002
         vertex 2.840691e+001 0.000000e+000 4.183128e-002
      endloop
   endfacet
   facet normal 2.145866e-001 0.000000e+000 -9.767050e-001
      outer loop
         vertex 2.840691e+001 0.000000e+000 4.183128e-002
         vertex 2.840691e+001 6.100000e+001 4.183128e-002
         vertex 2.847353e+001 6.100000e+001 5.686563e-002
      endloop
   endfacet
   facet normal 2.256909e-001 0.000000e+000 -9.741990e-001
      outer loop
         vertex 2.840691e+001 0.000000e+000 4.183128e-002
         vertex 2.847353e+001 6.100000e+001 5.686563e-002
         vertex 2.847353e+001 0.000000e+000 5.686563e-002
      endloop
   endfacet
   facet normal 2.478073e-001 0.000000e+000 -9.688093e-001
      outer loop
         vertex 2.847353e+001 0.000000e+000 5.686563e-002
         vertex 2.847353e+001 6.100000e+001 5.686563e-002
         vertex 2.853959e+001 6.100000e+001 7.416494e-002
      endloop
   endfacet
   facet normal 2.588195e-001 0.000000e+000 -9.659257e-001
      outer loop
         vertex 2.847353e+001 0.000000e+000 5.686563e-002
         vertex 2.853959e+001 6.100000e+001 7.416494e-002
         vertex 2.853959e+001 0.000000e+000 7.416494e-002
      endloop
   endfacet
   facet normal 2.807391e-001 0.000000e+000 -9.597842e-001
      outer loop
         vertex 2.853959e+001 0.000000e+000 7.416494e-002
         vertex 2.853959e+001 6.100000e+001 7.416494e-002
         vertex 2.860503e+001 6.100000e+001 9.371061e-002
      endloop
   endfacet
   facet normal 2.916464e-001 0.000000e+000 -9.565262e-001
      outer loop
         vertex 2.853959e+001 0.000000e+000 7.416494e-002
         vertex 2.860503e+001 6.100000e+001 9.371061e-002
         vertex 2.860503e+001 0.000000e+000 9.371061e-002
      endloop
   endfacet
   facet normal 3.133435e-001 0.000000e+000 -9.496399e-001
      outer loop
         vertex 2.860503e+001 0.000000e+000 9.371061e-002
         vertex 2.860503e+001 6.100000e+001 9.371061e-002
         vertex 2.866976e+001 6.100000e+001 1.154779e-001
      endloop
   endfacet
   facet normal 3.241332e-001 0.000000e+000 -9.460114e-001
      outer loop
         vertex 2.860503e+001 0.000000e+000 9.371061e-002
         vertex 2.866976e+001 6.100000e+001 1.154779e-001
         vertex 2.866976e+001 0.000000e+000 1.154779e-001
      endloop
   endfacet
   facet normal 3.455826e-001 0.000000e+000 -9.383883e-001
      outer loop
         vertex 2.866976e+001 0.000000e+000 1.154779e-001
         vertex 2.866976e+001 6.100000e+001 1.154779e-001
         vertex 2.873371e+001 6.100000e+001 1.394432e-001
      endloop
   endfacet
   facet normal 3.562422e-001 0.000000e+000 -9.343936e-001
      outer loop
         vertex 2.866976e+001 0.000000e+000 1.154779e-001
         vertex 2.873371e+001 6.100000e+001 1.394432e-001
         vertex 2.873371e+001 0.000000e+000 1.394432e-001
      endloop
   endfacet
   facet normal 3.774188e-001 0.000000e+000 -9.260427e-001
      outer loop
         vertex 2.873371e+001 0.000000e+000 1.394432e-001
         vertex 2.873371e+001 6.100000e+001 1.394432e-001
         vertex 2.879680e+001 6.100000e+001 1.655771e-001
      endloop
   endfacet
   facet normal 3.879358e-001 0.000000e+000 -9.216864e-001
      outer loop
         vertex 2.873371e+001 0.000000e+000 1.394432e-001
         vertex 2.879680e+001 6.100000e+001 1.655771e-001
         vertex 2.879680e+001 0.000000e+000 1.655771e-001
      endloop
   endfacet
   facet normal 4.088148e-001 0.000000e+000 -9.126174e-001
      outer loop
         vertex 2.879680e+001 0.000000e+000 1.655771e-001
         vertex 2.879680e+001 6.100000e+001 1.655771e-001
         vertex 2.885897e+001 6.100000e+001 1.938506e-001
      endloop
   endfacet
   facet normal 4.191770e-001 0.000000e+000 -9.079046e-001
      outer loop
         vertex 2.879680e+001 0.000000e+000 1.655771e-001
         vertex 2.885897e+001 6.100000e+001 1.938506e-001
         vertex 2.885897e+001 0.000000e+000 1.938506e-001
      endloop
   endfacet
   facet normal 4.397343e-001 0.000000e+000 -8.981279e-001
      outer loop
         vertex 2.885897e+001 0.000000e+000 1.938506e-001
         vertex 2.885897e+001 6.100000e+001 1.938506e-001
         vertex 2.892013e+001 6.100000e+001 2.242294e-001
      endloop
   endfacet
   facet normal 4.499294e-001 0.000000e+000 -8.930641e-001
      outer loop
         vertex 2.885897e+001 0.000000e+000 1.938506e-001
         vertex 2.892013e+001 6.100000e+001 2.242294e-001
         vertex 2.892013e+001 0.000000e+000 2.242294e-001
      endloop
   endfacet
   facet normal 4.701410e-001 0.000000e+000 -8.825913e-001
      outer loop
         vertex 2.892013e+001 0.000000e+000 2.242294e-001
         vertex 2.892013e+001 6.100000e+001 2.242294e-001
         vertex 2.898022e+001 6.100000e+001 2.566790e-001
      endloop
   endfacet
   facet normal 4.801574e-001 0.000000e+000 -8.771824e-001
      outer loop
         vertex 2.892013e+001 0.000000e+000 2.242294e-001
         vertex 2.898022e+001 6.100000e+001 2.566790e-001
         vertex 2.898022e+001 0.000000e+000 2.566790e-001
      endloop
   endfacet
   facet normal 4.999996e-001 0.000000e+000 -8.660257e-001
      outer loop
         vertex 2.898022e+001 0.000000e+000 2.566790e-001
         vertex 2.898022e+001 6.100000e+001 2.566790e-001
         vertex 2.903917e+001 6.100000e+001 2.911612e-001
      endloop
   endfacet
   facet normal 5.098254e-001 0.000000e+000 -8.602779e-001
      outer loop
         vertex 2.898022e+001 0.000000e+000 2.566790e-001
         vertex 2.903917e+001 6.100000e+001 2.911612e-001
         vertex 2.903917e+001 0.000000e+000 2.911612e-001
      endloop
   endfacet
   facet normal 5.292751e-001 0.000000e+000 -8.484502e-001
      outer loop
         vertex 2.903917e+001 0.000000e+000 2.911612e-001
         vertex 2.903917e+001 6.100000e+001 2.911612e-001
         vertex 2.909690e+001 6.100000e+001 3.276356e-001
      endloop
   endfacet
   facet normal 5.388991e-001 0.000000e+000 -8.423703e-001
      outer loop
         vertex 2.903917e+001 0.000000e+000 2.911612e-001
         vertex 2.909690e+001 6.100000e+001 3.276356e-001
         vertex 2.909690e+001 0.000000e+000 3.276356e-001
      endloop
   endfacet
   facet normal 5.579337e-001 0.000000e+000 -8.298855e-001
      outer loop
         vertex 2.909690e+001 0.000000e+000 3.276356e-001
         vertex 2.909690e+001 6.100000e+001 3.276356e-001
         vertex 2.915336e+001 6.100000e+001 3.660601e-001
      endloop
   endfacet
   facet normal 5.673443e-001 0.000000e+000 -8.234807e-001
      outer loop
         vertex 2.909690e+001 0.000000e+000 3.276356e-001
         vertex 2.915336e+001 6.100000e+001 3.660601e-001
         vertex 2.915336e+001 0.000000e+000 3.660601e-001
      endloop
   endfacet
   facet normal 5.859416e-001 0.000000e+000 -8.103533e-001
      outer loop
         vertex 2.915336e+001 0.000000e+000 3.660601e-001
         vertex 2.915336e+001 6.100000e+001 3.660601e-001
         vertex 2.920847e+001 6.100000e+001 4.063896e-001
      endloop
   endfacet
   facet normal 5.951281e-001 0.000000e+000 -8.036308e-001
      outer loop
         vertex 2.915336e+001 0.000000e+000 3.660601e-001
         vertex 2.920847e+001 6.100000e+001 4.063896e-001
         vertex 2.920847e+001 0.000000e+000 4.063896e-001
      endloop
   endfacet
   facet normal 6.132664e-001 0.000000e+000 -7.898762e-001
      outer loop
         vertex 2.920847e+001 0.000000e+000 4.063896e-001
         vertex 2.920847e+001 6.100000e+001 4.063896e-001
         vertex 2.926218e+001 6.100000e+001 4.485771e-001
      endloop
   endfacet
   facet normal 6.222181e-001 0.000000e+000 -7.828439e-001
      outer loop
         vertex 2.920847e+001 0.000000e+000 4.063896e-001
         vertex 2.926218e+001 6.100000e+001 4.485771e-001
         vertex 2.926218e+001 0.000000e+000 4.485771e-001
      endloop
   endfacet
   facet normal 6.398761e-001 0.000000e+000 -7.684781e-001
      outer loop
         vertex 2.926218e+001 0.000000e+000 4.485771e-001
         vertex 2.926218e+001 6.100000e+001 4.485771e-001
         vertex 2.931441e+001 6.100000e+001 4.925737e-001
      endloop
   endfacet
   facet normal 6.485825e-001 0.000000e+000 -7.611444e-001
      outer loop
         vertex 2.926218e+001 0.000000e+000 4.485771e-001
         vertex 2.931441e+001 6.100000e+001 4.925737e-001
         vertex 2.931441e+001 0.000000e+000 4.925737e-001
      endloop
   endfacet
   facet normal 6.657398e-001 0.000000e+000 -7.461840e-001
      outer loop
         vertex 2.931441e+001 0.000000e+000 4.925737e-001
         vertex 2.931441e+001 6.100000e+001 4.925737e-001
         vertex 2.936511e+001 6.100000e+001 5.383278e-001
      endloop
   endfacet
   facet normal 6.741906e-001 0.000000e+000 -7.385573e-001
      outer loop
         vertex 2.931441e+001 0.000000e+000 4.925737e-001
         vertex 2.936511e+001 6.100000e+001 5.383278e-001
         vertex 2.936511e+001 0.000000e+000 5.383278e-001
      endloop
   endfacet
   facet normal 6.908273e-001 0.000000e+000 -7.230199e-001
      outer loop
         vertex 2.936511e+001 0.000000e+000 5.383278e-001
         vertex 2.936511e+001 6.100000e+001 5.383278e-001
         vertex 2.941422e+001 6.100000e+001 5.857865e-001
      endloop
   endfacet
   facet normal 6.990128e-001 0.000000e+000 -7.151092e-001
      outer loop
         vertex 2.936511e+001 0.000000e+000 5.383278e-001
         vertex 2.941422e+001 6.100000e+001 5.857865e-001
         vertex 2.941422e+001 0.000000e+000 5.857865e-001
      endloop
   endfacet
   facet normal 7.151092e-001 0.000000e+000 -6.990128e-001
      outer loop
         vertex 2.941422e+001 0.000000e+000 5.857865e-001
         vertex 2.941422e+001 6.100000e+001 5.857865e-001
         vertex 2.946167e+001 6.100000e+001 6.348938e-001
      endloop
   endfacet
   facet normal 7.230199e-001 0.000000e+000 -6.908273e-001
      outer loop
         vertex 2.941422e+001 0.000000e+000 5.857865e-001
         vertex 2.946167e+001 6.100000e+001 6.348938e-001
         vertex 2.946167e+001 0.000000e+000 6.348938e-001
      endloop
   endfacet
   facet normal 7.385573e-001 0.000000e+000 -6.741906e-001
      outer loop
         vertex 2.946167e+001 0.000000e+000 6.348938e-001
         vertex 2.946167e+001 6.100000e+001 6.348938e-001
         vertex 2.950743e+001 6.100000e+001 6.855927e-001
      endloop
   endfacet
   facet normal 7.461840e-001 0.000000e+000 -6.657398e-001
      outer loop
         vertex 2.946167e+001 0.000000e+000 6.348938e-001
         vertex 2.950743e+001 6.100000e+001 6.855927e-001
         vertex 2.950743e+001 0.000000e+000 6.855927e-001
      endloop
   endfacet
   facet normal 7.611444e-001 0.000000e+000 -6.485825e-001
      outer loop
         vertex 2.950743e+001 0.000000e+000 6.855927e-001
         vertex 2.950743e+001 6.100000e+001 6.855927e-001
         vertex 2.955142e+001 6.100000e+001 7.378240e-001
      endloop
   endfacet
   facet normal 7.684781e-001 0.000000e+000 -6.398761e-001
      outer loop
         vertex 2.950743e+001 0.000000e+000 6.855927e-001
         vertex 2.955142e+001 6.100000e+001 7.378240e-001
         vertex 2.955142e+001 0.000000e+000 7.378240e-001
      endloop
   endfacet
   facet normal 7.828440e-001 0.000000e+000 -6.222181e-001
      outer loop
         vertex 2.955142e+001 0.000000e+000 7.378240e-001
         vertex 2.955142e+001 6.100000e+001 7.378240e-001
         vertex 2.959361e+001 6.100000e+001 7.915269e-001
      endloop
   endfacet
   facet normal 7.898762e-001 0.000000e+000 -6.132663e-001
      outer loop
         vertex 2.955142e+001 0.000000e+000 7.378240e-001
         vertex 2.959361e+001 6.100000e+001 7.915269e-001
         vertex 2.959361e+001 0.000000e+000 7.915269e-001
      endloop
   endfacet
   facet normal 8.036308e-001 0.000000e+000 -5.951281e-001
      outer loop
         vertex 2.959361e+001 0.000000e+000 7.915269e-001
         vertex 2.959361e+001 6.100000e+001 7.915269e-001
         vertex 2.963394e+001 6.100000e+001 8.466393e-001
      endloop
   endfacet
   facet normal 8.103533e-001 0.000000e+000 -5.859416e-001
      outer loop
         vertex 2.959361e+001 0.000000e+000 7.915269e-001
         vertex 2.963394e+001 6.100000e+001 8.466393e-001
         vertex 2.963394e+001 0.000000e+000 8.466393e-001
      endloop
   endfacet
   facet normal 8.234807e-001 0.000000e+000 -5.673443e-001
      outer loop
         vertex 2.963394e+001 0.000000e+000 8.466393e-001
         vertex 2.963394e+001 6.100000e+001 8.466393e-001
         vertex 2.967236e+001 6.100000e+001 9.030961e-001
      endloop
   endfacet
   facet normal 8.298855e-001 0.000000e+000 -5.579337e-001
      outer loop
         vertex 2.963394e+001 0.000000e+000 8.466393e-001
         vertex 2.967236e+001 6.100000e+001 9.030961e-001
         vertex 2.967236e+001 0.000000e+000 9.030961e-001
      endloop
   endfacet
   facet normal 8.423703e-001 0.000000e+000 -5.388991e-001
      outer loop
         vertex 2.967236e+001 0.000000e+000 9.030961e-001
         vertex 2.967236e+001 6.100000e+001 9.030961e-001
         vertex 2.970884e+001 6.100000e+001 9.608320e-001
      endloop
   endfacet
   facet normal 8.484502e-001 0.000000e+000 -5.292751e-001
      outer loop
         vertex 2.967236e+001 0.000000e+000 9.030961e-001
         vertex 2.970884e+001 6.100000e+001 9.608320e-001
         vertex 2.970884e+001 0.000000e+000 9.608320e-001
      endloop
   endfacet
   facet normal 8.602779e-001 0.000000e+000 -5.098255e-001
      outer loop
         vertex 2.970884e+001 0.000000e+000 9.608320e-001
         vertex 2.970884e+001 6.100000e+001 9.608320e-001
         vertex 2.974332e+001 6.100000e+001 1.019780e+000
      endloop
   endfacet
   facet normal 8.660257e-001 0.000000e+000 -4.999996e-001
      outer loop
         vertex 2.970884e+001 0.000000e+000 9.608320e-001
         vertex 2.974332e+001 6.100000e+001 1.019780e+000
         vertex 2.974332e+001 0.000000e+000 1.019780e+000
      endloop
   endfacet
   facet normal 8.771824e-001 0.000000e+000 -4.801574e-001
      outer loop
         vertex 2.974332e+001 0.000000e+000 1.019780e+000
         vertex 2.974332e+001 6.100000e+001 1.019780e+000
         vertex 2.977577e+001 6.100000e+001 1.079870e+000
      endloop
   endfacet
   facet normal 8.825913e-001 0.000000e+000 -4.701410e-001
      outer loop
         vertex 2.974332e+001 0.000000e+000 1.019780e+000
         vertex 2.977577e+001 6.100000e+001 1.079870e+000
         vertex 2.977577e+001 0.000000e+000 1.079870e+000
      endloop
   endfacet
   facet normal 8.930641e-001 0.000000e+000 -4.499294e-001
      outer loop
         vertex 2.977577e+001 0.000000e+000 1.079870e+000
         vertex 2.977577e+001 6.100000e+001 1.079870e+000
         vertex 2.980615e+001 6.100000e+001 1.141033e+000
      endloop
   endfacet
   facet normal 8.981279e-001 0.000000e+000 -4.397343e-001
      outer loop
         vertex 2.977577e+001 0.000000e+000 1.079870e+000
         vertex 2.980615e+001 6.100000e+001 1.141033e+000
         vertex 2.980615e+001 0.000000e+000 1.141033e+000
      endloop
   endfacet
   facet normal 9.079046e-001 0.000000e+000 -4.191770e-001
      outer loop
         vertex 2.980615e+001 0.000000e+000 1.141033e+000
         vertex 2.980615e+001 6.100000e+001 1.141033e+000
         vertex 2.983442e+001 6.100000e+001 1.203197e+000
      endloop
   endfacet
   facet normal 9.126173e-001 0.000000e+000 -4.088148e-001
      outer loop
         vertex 2.980615e+001 0.000000e+000 1.141033e+000
         vertex 2.983442e+001 6.100000e+001 1.203197e+000
         vertex 2.983442e+001 0.000000e+000 1.203197e+000
      endloop
   endfacet
   facet normal 9.216865e-001 0.000000e+000 -3.879358e-001
      outer loop
         vertex 2.983442e+001 0.000000e+000 1.203197e+000
         vertex 2.983442e+001 6.100000e+001 1.203197e+000
         vertex 2.986056e+001 6.100000e+001 1.266291e+000
      endloop
   endfacet
   facet normal 9.260427e-001 0.000000e+000 -3.774188e-001
      outer loop
         vertex 2.983442e+001 0.000000e+000 1.203197e+000
         vertex 2.986056e+001 6.100000e+001 1.266291e+000
         vertex 2.986056e+001 0.000000e+000 1.266291e+000
      endloop
   endfacet
   facet normal 9.343936e-001 0.000000e+000 -3.562422e-001
      outer loop
         vertex 2.986056e+001 0.000000e+000 1.266291e+000
         vertex 2.986056e+001 6.100000e+001 1.266291e+000
         vertex 2.988452e+001 6.100000e+001 1.330241e+000
      endloop
   endfacet
   facet normal 9.383883e-001 0.000000e+000 -3.455826e-001
      outer loop
         vertex 2.986056e+001 0.000000e+000 1.266291e+000
         vertex 2.988452e+001 6.100000e+001 1.330241e+000
         vertex 2.988452e+001 0.000000e+000 1.330241e+000
      endloop
   endfacet
   facet normal 9.460115e-001 0.000000e+000 -3.241333e-001
      outer loop
         vertex 2.988452e+001 0.000000e+000 1.330241e+000
         vertex 2.988452e+001 6.100000e+001 1.330241e+000
         vertex 2.990629e+001 6.100000e+001 1.394971e+000
      endloop
   endfacet
   facet normal 9.496399e-001 0.000000e+000 -3.133435e-001
      outer loop
         vertex 2.988452e+001 0.000000e+000 1.330241e+000
         vertex 2.990629e+001 6.100000e+001 1.394971e+000
         vertex 2.990629e+001 0.000000e+000 1.394971e+000
      endloop
   endfacet
   facet normal 9.565262e-001 0.000000e+000 -2.916464e-001
      outer loop
         vertex 2.990629e+001 0.000000e+000 1.394971e+000
         vertex 2.990629e+001 6.100000e+001 1.394971e+000
         vertex 2.992583e+001 6.100000e+001 1.460406e+000
      endloop
   endfacet
   facet normal 9.597842e-001 0.000000e+000 -2.807390e-001
      outer loop
         vertex 2.990629e+001 0.000000e+000 1.394971e+000
         vertex 2.992583e+001 6.100000e+001 1.460406e+000
         vertex 2.992583e+001 0.000000e+000 1.460406e+000
      endloop
   endfacet
   facet normal 9.659257e-001 0.000000e+000 -2.588195e-001
      outer loop
         vertex 2.992583e+001 0.000000e+000 1.460406e+000
         vertex 2.992583e+001 6.100000e+001 1.460406e+000
         vertex 2.994313e+001 6.100000e+001 1.526471e+000
      endloop
   endfacet
   facet normal 9.688093e-001 0.000000e+000 -2.478073e-001
      outer loop
         vertex 2.992583e+001 0.000000e+000 1.460406e+000
         vertex 2.994313e+001 6.100000e+001 1.526471e+000
         vertex 2.994313e+001 0.000000e+000 1.526471e+000
      endloop
   endfacet
   facet normal 9.741990e-001 0.000000e+000 -2.256909e-001
      outer loop
         vertex 2.994313e+001 0.000000e+000 1.526471e+000
         vertex 2.994313e+001 6.100000e+001 1.526471e+000
         vertex 2.995817e+001 6.100000e+001 1.593088e+000
      endloop
   endfacet
   facet normal 9.767050e-001 0.000000e+000 -2.145866e-001
      outer loop
         vertex 2.994313e+001 0.000000e+000 1.526471e+000
         vertex 2.995817e+001 6.100000e+001 1.593088e+000
         vertex 2.995817e+001 0.000000e+000 1.593088e+000
      endloop
   endfacet
   facet normal 9.813364e-001 0.000000e+000 -1.922991e-001
      outer loop
         vertex 2.995817e+001 0.000000e+000 1.593088e+000
         vertex 2.995817e+001 6.100000e+001 1.593088e+000
         vertex 2.997092e+001 6.100000e+001 1.660179e+000
      endloop
   endfacet
   facet normal 9.834618e-001 0.000000e+000 -1.811157e-001
      outer loop
         vertex 2.995817e+001 0.000000e+000 1.593088e+000
         vertex 2.997092e+001 6.100000e+001 1.660179e+000
         vertex 2.997092e+001 0.000000e+000 1.660179e+000
      endloop
   endfacet
   facet normal 9.873295e-001 0.000000e+000 -1.586830e-001
      outer loop
         vertex 2.997092e+001 0.000000e+000 1.660179e+000
         vertex 2.997092e+001 6.100000e+001 1.660179e+000
         vertex 2.998137e+001 6.100000e+001 1.727667e+000
      endloop
   endfacet
   facet normal 9.890719e-001 0.000000e+000 -1.474337e-001
      outer loop
         vertex 2.997092e+001 0.000000e+000 1.660179e+000
         vertex 2.998137e+001 6.100000e+001 1.727667e+000
         vertex 2.998137e+001 0.000000e+000 1.727667e+000
      endloop
   endfacet
   facet normal 9.921716e-001 0.000000e+000 -1.248820e-001
      outer loop
         vertex 2.998137e+001 0.000000e+000 1.727667e+000
         vertex 2.998137e+001 6.100000e+001 1.727667e+000
         vertex 2.998952e+001 6.100000e+001 1.795472e+000
      endloop
   endfacet
   facet normal 9.935289e-001 0.000000e+000 -1.135797e-001
      outer loop
         vertex 2.998137e+001 0.000000e+000 1.727667e+000
         vertex 2.998952e+001 6.100000e+001 1.795472e+000
         vertex 2.998952e+001 0.000000e+000 1.795472e+000
      endloop
   endfacet
   facet normal 9.958568e-001 0.000000e+000 -9.093536e-002
      outer loop
         vertex 2.998952e+001 0.000000e+000 1.795472e+000
         vertex 2.998952e+001 6.100000e+001 1.795472e+000
         vertex 2.999534e+001 6.100000e+001 1.863515e+000
      endloop
   endfacet
   facet normal 9.968274e-001 0.000000e+000 -7.959332e-002
      outer loop
         vertex 2.998952e+001 0.000000e+000 1.795472e+000
         vertex 2.999534e+001 6.100000e+001 1.863515e+000
         vertex 2.999534e+001 0.000000e+000 1.863515e+000
      endloop
   endfacet
   facet normal 9.983808e-001 0.000000e+000 -5.688269e-002
      outer loop
         vertex 2.999534e+001 0.000000e+000 1.863515e+000
         vertex 2.999534e+001 6.100000e+001 1.863515e+000
         vertex 2.999883e+001 6.100000e+001 1.931718e+000
      endloop
   endfacet
   facet normal 9.989637e-001 0.000000e+000 -4.551410e-002
      outer loop
         vertex 2.999534e+001 0.000000e+000 1.863515e+000
         vertex 2.999883e+001 6.100000e+001 1.931718e+000
         vertex 2.999883e+001 0.000000e+000 1.931718e+000
      endloop
   endfacet
   facet normal 9.997408e-001 0.000000e+000 -2.276369e-002
      outer loop
         vertex 2.999883e+001 0.000000e+000 1.931718e+000
         vertex 2.999883e+001 6.100000e+001 1.931718e+000
         vertex 3.000000e+001 6.100000e+001 2.000000e+000
      endloop
   endfacet
   facet normal 9.999352e-001 0.000000e+000 -1.138184e-002
      outer loop
         vertex 2.999883e+001 0.000000e+000 1.931718e+000
         vertex 3.000000e+001 6.100000e+001 2.000000e+000
         vertex 3.000000e+001 0.000000e+000 2.000000e+000
      endloop
   endfacet
   facet normal 1.000000e+000 0.000000e+000 -2.168404e-016
      outer loop
         vertex 3.000000e+001 0.000000e+000 1.800000e+001
         vertex 3.000000e+001 0.000000e+000 2.000000e+000
         vertex 3.000000e+001 6.100000e+001 1.800000e+001
      endloop
   endfacet
   facet normal 1.000000e+000 0.000000e+000 -2.168404e-016
      outer loop
         vertex 3.000000e+001 6.100000e+001 1.800000e+001
         vertex 3.000000e+001 0.000000e+000 2.000000e+000
         vertex 3.000000e+001 6.100000e+001 2.000000e+000
      endloop
   endfacet
   facet normal 1.163474e-002 0.000000e+000 9.999323e-001
      outer loop
         vertex 1.999999e+000 1.000002e+000 8.999999e-001
         vertex 1.999999e+000 6.100000e+001 8.999999e-001
         vertex 1.961610e+000 1.000002e+000 9.006699e-001
      endloop
   endfacet
   facet normal 2.326948e-002 0.000000e+000 9.997292e-001
      outer loop
         vertex 1.961610e+000 1.000002e+000 9.006699e-001
         vertex 1.999999e+000 6.100000e+001 8.999999e-001
         vertex 1.961610e+000 6.100000e+001 9.006699e-001
      endloop
   endfacet
   facet normal 4.652479e-002 0.000000e+000 9.989172e-001
      outer loop
         vertex 1.961610e+000 1.000002e+000 9.006699e-001
         vertex 1.961610e+000 6.100000e+001 9.006699e-001
         vertex 1.923268e+000 1.000002e+000 9.026793e-001
      endloop
   endfacet
   facet normal 5.814535e-002 0.000000e+000 9.983081e-001
      outer loop
         vertex 1.923268e+000 1.000002e+000 9.026793e-001
         vertex 1.961610e+000 6.100000e+001 9.006699e-001
         vertex 1.923268e+000 6.100000e+001 9.026793e-001
      endloop
   endfacet
   facet normal 8.135815e-002 0.000000e+000 9.966849e-001
      outer loop
         vertex 1.923268e+000 1.000002e+000 9.026793e-001
         vertex 1.923268e+000 6.100000e+001 9.026793e-001
         vertex 1.885018e+000 1.000002e+000 9.060260e-001
      endloop
   endfacet
   facet normal 9.295038e-002 0.000000e+000 9.956707e-001
      outer loop
         vertex 1.885018e+000 1.000002e+000 9.060260e-001
         vertex 1.923268e+000 6.100000e+001 9.026793e-001
         vertex 1.885018e+000 6.100000e+001 9.060260e-001
      endloop
   endfacet
   facet normal 1.160924e-001 0.000000e+000 9.932384e-001
      outer loop
         vertex 1.885018e+000 1.000002e+000 9.060260e-001
         vertex 1.885018e+000 6.100000e+001 9.060260e-001
         vertex 1.846910e+000 1.000002e+000 9.107050e-001
      endloop
   endfacet
   facet normal 1.276422e-001 0.000000e+000 9.918203e-001
      outer loop
         vertex 1.846910e+000 1.000002e+000 9.107050e-001
         vertex 1.885018e+000 6.100000e+001 9.060260e-001
         vertex 1.846910e+000 6.100000e+001 9.107050e-001
      endloop
   endfacet
   facet normal 1.506852e-001 0.000000e+000 9.885818e-001
      outer loop
         vertex 1.846910e+000 1.000002e+000 9.107050e-001
         vertex 1.846910e+000 6.100000e+001 9.107050e-001
         vertex 1.808987e+000 1.000002e+000 9.167115e-001
      endloop
   endfacet
   facet normal 1.621784e-001 0.000000e+000 9.867615e-001
      outer loop
         vertex 1.808987e+000 1.000002e+000 9.167115e-001
         vertex 1.846910e+000 6.100000e+001 9.107050e-001
         vertex 1.808987e+000 6.100000e+001 9.167115e-001
      endloop
   endfacet
   facet normal 1.850944e-001 0.000000e+000 9.827207e-001
      outer loop
         vertex 1.808987e+000 1.000002e+000 9.167115e-001
         vertex 1.808987e+000 6.100000e+001 9.167115e-001
         vertex 1.771297e+000 1.000002e+000 9.240373e-001
      endloop
   endfacet
   facet normal 1.965171e-001 0.000000e+000 9.805004e-001
      outer loop
         vertex 1.771297e+000 1.000002e+000 9.240373e-001
         vertex 1.808987e+000 6.100000e+001 9.167115e-001
         vertex 1.771297e+000 6.100000e+001 9.240373e-001
      endloop
   endfacet
   facet normal 2.192781e-001 0.000000e+000 9.756624e-001
      outer loop
         vertex 1.771297e+000 1.000002e+000 9.240373e-001
         vertex 1.771297e+000 6.100000e+001 9.240373e-001
         vertex 1.733886e+000 1.000002e+000 9.326744e-001
      endloop
   endfacet
   facet normal 2.306164e-001 0.000000e+000 9.730448e-001
      outer loop
         vertex 1.733886e+000 1.000002e+000 9.326744e-001
         vertex 1.771297e+000 6.100000e+001 9.240373e-001
         vertex 1.733886e+000 6.100000e+001 9.326744e-001
      endloop
   endfacet
   facet normal 2.531947e-001 0.000000e+000 9.674153e-001
      outer loop
         vertex 1.733886e+000 1.000002e+000 9.326744e-001
         vertex 1.733886e+000 6.100000e+001 9.326744e-001
         vertex 1.696799e+000 1.000002e+000 9.426121e-001
      endloop
   endfacet
   facet normal 2.644347e-001 0.000000e+000 9.644036e-001
      outer loop
         vertex 1.696799e+000 1.000002e+000 9.426121e-001
         vertex 1.733886e+000 6.100000e+001 9.326744e-001
         vertex 1.696799e+000 6.100000e+001 9.426121e-001
      endloop
   endfacet
   facet normal 2.868027e-001 0.000000e+000 9.579897e-001
      outer loop
         vertex 1.696799e+000 1.000002e+000 9.426121e-001
         vertex 1.696799e+000 6.100000e+001 9.426121e-001
         vertex 1.660081e+000 1.000002e+000 9.538378e-001
      endloop
   endfacet
   facet normal 2.979308e-001 0.000000e+000 9.545875e-001
      outer loop
         vertex 1.660081e+000 1.000002e+000 9.538378e-001
         vertex 1.696799e+000 6.100000e+001 9.426121e-001
         vertex 1.660081e+000 6.100000e+001 9.538378e-001
      endloop
   endfacet
   facet normal 3.200614e-001 0.000000e+000 9.473968e-001
      outer loop
         vertex 1.660081e+000 1.000002e+000 9.538378e-001
         vertex 1.660081e+000 6.100000e+001 9.538378e-001
         vertex 1.623778e+000 1.000002e+000 9.663380e-001
      endloop
   endfacet
   facet normal 3.310639e-001 0.000000e+000 9.436083e-001
      outer loop
         vertex 1.623778e+000 1.000002e+000 9.663380e-001
         vertex 1.660081e+000 6.100000e+001 9.538378e-001
         vertex 1.623778e+000 6.100000e+001 9.663380e-001
      endloop
   endfacet
   facet normal 3.529301e-001 0.000000e+000 9.356497e-001
      outer loop
         vertex 1.623778e+000 1.000002e+000 9.663380e-001
         vertex 1.623778e+000 6.100000e+001 9.663380e-001
         vertex 1.587933e+000 1.000002e+000 9.800978e-001
      endloop
   endfacet
   facet normal 3.637937e-001 0.000000e+000 9.314795e-001
      outer loop
         vertex 1.587933e+000 1.000002e+000 9.800978e-001
         vertex 1.623778e+000 6.100000e+001 9.663380e-001
         vertex 1.587933e+000 6.100000e+001 9.800978e-001
      endloop
   endfacet
   facet normal 3.853688e-001 0.000000e+000 9.227627e-001
      outer loop
         vertex 1.587933e+000 1.000002e+000 9.800978e-001
         vertex 1.587933e+000 6.100000e+001 9.800978e-001
         vertex 1.552589e+000 1.000002e+000 9.951000e-001
      endloop
   endfacet
   facet normal 3.960803e-001 0.000000e+000 9.182159e-001
      outer loop
         vertex 1.552589e+000 1.000002e+000 9.951000e-001
         vertex 1.587933e+000 6.100000e+001 9.800978e-001
         vertex 1.552589e+000 6.100000e+001 9.951000e-001
      endloop
   endfacet
   facet normal 4.173380e-001 0.000000e+000 9.087514e-001
      outer loop
         vertex 1.552589e+000 1.000002e+000 9.951000e-001
         vertex 1.552589e+000 6.100000e+001 9.951000e-001
         vertex 1.517791e+000 1.000002e+000 1.011326e+000
      endloop
   endfacet
   facet normal 4.278843e-001 0.000000e+000 9.038336e-001
      outer loop
         vertex 1.517791e+000 1.000002e+000 1.011326e+000
         vertex 1.552589e+000 6.100000e+001 9.951000e-001
         vertex 1.517791e+000 6.100000e+001 1.011326e+000
      endloop
   endfacet
   facet normal 4.487987e-001 0.000000e+000 8.936329e-001
      outer loop
         vertex 1.517791e+000 1.000002e+000 1.011326e+000
         vertex 1.517791e+000 6.100000e+001 1.011326e+000
         vertex 1.483581e+000 1.000002e+000 1.028758e+000
      endloop
   endfacet
   facet normal 4.591669e-001 0.000000e+000 8.883500e-001
      outer loop
         vertex 1.483581e+000 1.000002e+000 1.028758e+000
         vertex 1.517791e+000 6.100000e+001 1.011326e+000
         vertex 1.483581e+000 6.100000e+001 1.028758e+000
      endloop
   endfacet
   facet normal 4.797127e-001 0.000000e+000 8.774257e-001
      outer loop
         vertex 1.483581e+000 1.000002e+000 1.028758e+000
         vertex 1.483581e+000 6.100000e+001 1.028758e+000
         vertex 1.449999e+000 1.000002e+000 1.047372e+000
      endloop
   endfacet
   facet normal 4.898902e-001 0.000000e+000 8.717842e-001
      outer loop
         vertex 1.449999e+000 1.000002e+000 1.047372e+000
         vertex 1.483581e+000 6.100000e+001 1.028758e+000
         vertex 1.449999e+000 6.100000e+001 1.047372e+000
      endloop
   endfacet
   facet normal 5.100421e-001 0.000000e+000 8.601494e-001
      outer loop
         vertex 1.449999e+000 1.000002e+000 1.047372e+000
         vertex 1.449999e+000 6.100000e+001 1.047372e+000
         vertex 1.417088e+000 1.000002e+000 1.067147e+000
      endloop
   endfacet
   facet normal 5.200166e-001 0.000000e+000 8.541561e-001
      outer loop
         vertex 1.417088e+000 1.000002e+000 1.067147e+000
         vertex 1.449999e+000 6.100000e+001 1.047372e+000
         vertex 1.417088e+000 6.100000e+001 1.067147e+000
      endloop
   endfacet
   facet normal 5.397502e-001 0.000000e+000 8.418252e-001
      outer loop
         vertex 1.417088e+000 1.000002e+000 1.067147e+000
         vertex 1.417088e+000 6.100000e+001 1.067147e+000
         vertex 1.384888e+000 1.000002e+000 1.088059e+000
      endloop
   endfacet
   facet normal 5.495094e-001 0.000000e+000 8.354875e-001
      outer loop
         vertex 1.384888e+000 1.000002e+000 1.088059e+000
         vertex 1.417088e+000 6.100000e+001 1.067147e+000
         vertex 1.384888e+000 6.100000e+001 1.088059e+000
      endloop
   endfacet
   facet normal 5.688007e-001 0.000000e+000 8.224754e-001
      outer loop
         vertex 1.384888e+000 1.000002e+000 1.088059e+000
         vertex 1.384888e+000 6.100000e+001 1.088059e+000
         vertex 1.353436e+000 1.000002e+000 1.110081e+000
      endloop
   endfacet
   facet normal 5.783327e-001 0.000000e+000 8.158010e-001
      outer loop
         vertex 1.353436e+000 1.000002e+000 1.110081e+000
         vertex 1.384888e+000 6.100000e+001 1.088059e+000
         vertex 1.353436e+000 6.100000e+001 1.110081e+000
      endloop
   endfacet
   facet normal 5.971582e-001 0.000000e+000 8.021235e-001
      outer loop
         vertex 1.353436e+000 1.000002e+000 1.110081e+000
         vertex 1.353436e+000 6.100000e+001 1.110081e+000
         vertex 1.322772e+000 1.000002e+000 1.133188e+000
      endloop
   endfacet
   facet normal 6.064515e-001 0.000000e+000 7.951205e-001
      outer loop
         vertex 1.322772e+000 1.000002e+000 1.133188e+000
         vertex 1.353436e+000 6.100000e+001 1.110081e+000
         vertex 1.322772e+000 6.100000e+001 1.133188e+000
      endloop
   endfacet
   facet normal 6.247881e-001 0.000000e+000 7.807943e-001
      outer loop
         vertex 1.322772e+000 1.000002e+000 1.133188e+000
         vertex 1.322772e+000 6.100000e+001 1.133188e+000
         vertex 1.292934e+000 1.000002e+000 1.157351e+000
      endloop
   endfacet
   facet normal 6.338314e-001 0.000000e+000 7.734712e-001
      outer loop
         vertex 1.292934e+000 1.000002e+000 1.157351e+000
         vertex 1.322772e+000 6.100000e+001 1.133188e+000
         vertex 1.292934e+000 6.100000e+001 1.157351e+000
      endloop
   endfacet
   facet normal 6.516569e-001 0.000000e+000 7.585139e-001
      outer loop
         vertex 1.292934e+000 1.000002e+000 1.157351e+000
         vertex 1.292934e+000 6.100000e+001 1.157351e+000
         vertex 1.263957e+000 1.000002e+000 1.182541e+000
      endloop
   endfacet
   facet normal 6.604390e-001 0.000000e+000 7.508796e-001
      outer loop
         vertex 1.263957e+000 1.000002e+000 1.182541e+000
         vertex 1.292934e+000 6.100000e+001 1.157351e+000
         vertex 1.263957e+000 6.100000e+001 1.182541e+000
      endloop
   endfacet
   facet normal 6.777316e-001 0.000000e+000 7.353093e-001
      outer loop
         vertex 1.263957e+000 1.000002e+000 1.182541e+000
         vertex 1.263957e+000 6.100000e+001 1.182541e+000
         vertex 1.235875e+000 1.000002e+000 1.208726e+000
      endloop
   endfacet
   facet normal 6.862420e-001 0.000000e+000 7.273733e-001
      outer loop
         vertex 1.235875e+000 1.000002e+000 1.208726e+000
         vertex 1.263957e+000 6.100000e+001 1.182541e+000
         vertex 1.235875e+000 6.100000e+001 1.208726e+000
      endloop
   endfacet
   facet normal 7.029807e-001 0.000000e+000 7.112089e-001
      outer loop
         vertex 1.235875e+000 1.000002e+000 1.208726e+000
         vertex 1.235875e+000 6.100000e+001 1.208726e+000
         vertex 1.208726e+000 1.000002e+000 1.235876e+000
      endloop
   endfacet
   facet normal 7.112090e-001 0.000000e+000 7.029806e-001
      outer loop
         vertex 1.208726e+000 1.000002e+000 1.235876e+000
         vertex 1.235875e+000 6.100000e+001 1.208726e+000
         vertex 1.208726e+000 6.100000e+001 1.235876e+000
      endloop
   endfacet
   facet normal 7.273733e-001 0.000000e+000 6.862420e-001
      outer loop
         vertex 1.208726e+000 1.000002e+000 1.235876e+000
         vertex 1.208726e+000 6.100000e+001 1.235876e+000
         vertex 1.182540e+000 1.000002e+000 1.263956e+000
      endloop
   endfacet
   facet normal 7.353093e-001 0.000000e+000 6.777316e-001
      outer loop
         vertex 1.182540e+000 1.000002e+000 1.263956e+000
         vertex 1.208726e+000 6.100000e+001 1.235876e+000
         vertex 1.182540e+000 6.100000e+001 1.263956e+000
      endloop
   endfacet
   facet normal 7.508796e-001 0.000000e+000 6.604390e-001
      outer loop
         vertex 1.182540e+000 1.000002e+000 1.263956e+000
         vertex 1.182540e+000 6.100000e+001 1.263956e+000
         vertex 1.157351e+000 1.000002e+000 1.292934e+000
      endloop
   endfacet
   facet normal 7.585139e-001 0.000000e+000 6.516569e-001
      outer loop
         vertex 1.157351e+000 1.000002e+000 1.292934e+000
         vertex 1.182540e+000 6.100000e+001 1.263956e+000
         vertex 1.157351e+000 6.100000e+001 1.292934e+000
      endloop
   endfacet
   facet normal 7.734712e-001 0.000000e+000 6.338314e-001
      outer loop
         vertex 1.157351e+000 1.000002e+000 1.292934e+000
         vertex 1.157351e+000 6.100000e+001 1.292934e+000
         vertex 1.133188e+000 1.000002e+000 1.322772e+000
      endloop
   endfacet
   facet normal 7.807944e-001 0.000000e+000 6.247881e-001
      outer loop
         vertex 1.133188e+000 1.000002e+000 1.322772e+000
         vertex 1.157351e+000 6.100000e+001 1.292934e+000
         vertex 1.133188e+000 6.100000e+001 1.322772e+000
      endloop
   endfacet
   facet normal 7.951205e-001 0.000000e+000 6.064515e-001
      outer loop
         vertex 1.133188e+000 1.000002e+000 1.322772e+000
         vertex 1.133188e+000 6.100000e+001 1.322772e+000
         vertex 1.110081e+000 1.000002e+000 1.353436e+000
      endloop
   endfacet
   facet normal 8.021235e-001 0.000000e+000 5.971582e-001
      outer loop
         vertex 1.110081e+000 1.000002e+000 1.353436e+000
         vertex 1.133188e+000 6.100000e+001 1.322772e+000
         vertex 1.110081e+000 6.100000e+001 1.353436e+000
      endloop
   endfacet
   facet normal 8.158010e-001 0.000000e+000 5.783327e-001
      outer loop
         vertex 1.110081e+000 1.000002e+000 1.353436e+000
         vertex 1.110081e+000 6.100000e+001 1.353436e+000
         vertex 1.088059e+000 1.000002e+000 1.384888e+000
      endloop
   endfacet
   facet normal 8.224754e-001 0.000000e+000 5.688007e-001
      outer loop
         vertex 1.088059e+000 1.000002e+000 1.384888e+000
         vertex 1.110081e+000 6.100000e+001 1.353436e+000
         vertex 1.088059e+000 6.100000e+001 1.384888e+000
      endloop
   endfacet
   facet normal 8.354875e-001 0.000000e+000 5.495094e-001
      outer loop
         vertex 1.088059e+000 1.000002e+000 1.384888e+000
         vertex 1.088059e+000 6.100000e+001 1.384888e+000
         vertex 1.067147e+000 1.000002e+000 1.417089e+000
      endloop
   endfacet
   facet normal 8.418252e-001 0.000000e+000 5.397502e-001
      outer loop
         vertex 1.067147e+000 1.000002e+000 1.417089e+000
         vertex 1.088059e+000 6.100000e+001 1.384888e+000
         vertex 1.067147e+000 6.100000e+001 1.417089e+000
      endloop
   endfacet
   facet normal 8.541562e-001 0.000000e+000 5.200166e-001
      outer loop
         vertex 1.067147e+000 1.000002e+000 1.417089e+000
         vertex 1.067147e+000 6.100000e+001 1.417089e+000
         vertex 1.047372e+000 1.000002e+000 1.450000e+000
      endloop
   endfacet
   facet normal 8.601494e-001 0.000000e+000 5.100421e-001
      outer loop
         vertex 1.047372e+000 1.000002e+000 1.450000e+000
         vertex 1.067147e+000 6.100000e+001 1.417089e+000
         vertex 1.047372e+000 6.100000e+001 1.450000e+000
      endloop
   endfacet
   facet normal 8.717842e-001 0.000000e+000 4.898902e-001
      outer loop
         vertex 1.047372e+000 1.000002e+000 1.450000e+000
         vertex 1.047372e+000 6.100000e+001 1.450000e+000
         vertex 1.028758e+000 1.000002e+000 1.483581e+000
      endloop
   endfacet
   facet normal 8.774256e-001 0.000000e+000 4.797127e-001
      outer loop
         vertex 1.028758e+000 1.000002e+000 1.483581e+000
         vertex 1.047372e+000 6.100000e+001 1.450000e+000
         vertex 1.028758e+000 6.100000e+001 1.483581e+000
      endloop
   endfacet
   facet normal 8.883500e-001 0.000000e+000 4.591669e-001
      outer loop
         vertex 1.028758e+000 1.000002e+000 1.483581e+000
         vertex 1.028758e+000 6.100000e+001 1.483581e+000
         vertex 1.011326e+000 1.000002e+000 1.517792e+000
      endloop
   endfacet
   facet normal 8.936329e-001 0.000000e+000 4.487987e-001
      outer loop
         vertex 1.011326e+000 1.000002e+000 1.517792e+000
         vertex 1.028758e+000 6.100000e+001 1.483581e+000
         vertex 1.011326e+000 6.100000e+001 1.517792e+000
      endloop
   endfacet
   facet normal 9.038336e-001 0.000000e+000 4.278843e-001
      outer loop
         vertex 1.011326e+000 1.000002e+000 1.517792e+000
         vertex 1.011326e+000 6.100000e+001 1.517792e+000
         vertex 9.950995e-001 1.000002e+000 1.552590e+000
      endloop
   endfacet
   facet normal 9.087514e-001 0.000000e+000 4.173380e-001
      outer loop
         vertex 9.950995e-001 1.000002e+000 1.552590e+000
         vertex 1.011326e+000 6.100000e+001 1.517792e+000
         vertex 9.950995e-001 6.100000e+001 1.552590e+000
      endloop
   endfacet
   facet normal 9.182159e-001 0.000000e+000 3.960802e-001
      outer loop
         vertex 9.950995e-001 1.000002e+000 1.552590e+000
         vertex 9.950995e-001 6.100000e+001 1.552590e+000
         vertex 9.800978e-001 1.000002e+000 1.587932e+000
      endloop
   endfacet
   facet normal 9.227627e-001 0.000000e+000 3.853688e-001
      outer loop
         vertex 9.800978e-001 1.000002e+000 1.587932e+000
         vertex 9.950995e-001 6.100000e+001 1.552590e+000
         vertex 9.800978e-001 6.100000e+001 1.587932e+000
      endloop
   endfacet
   facet normal 9.314796e-001 0.000000e+000 3.637937e-001
      outer loop
         vertex 9.800978e-001 1.000002e+000 1.587932e+000
         vertex 9.800978e-001 6.100000e+001 1.587932e+000
         vertex 9.663375e-001 1.000002e+000 1.623778e+000
      endloop
   endfacet
   facet normal 9.356497e-001 0.000000e+000 3.529301e-001
      outer loop
         vertex 9.663375e-001 1.000002e+000 1.623778e+000
         vertex 9.800978e-001 6.100000e+001 1.587932e+000
         vertex 9.663375e-001 6.100000e+001 1.623778e+000
      endloop
   endfacet
   facet normal 9.436083e-001 0.000000e+000 3.310639e-001
      outer loop
         vertex 9.663375e-001 1.000002e+000 1.623778e+000
         vertex 9.663375e-001 6.100000e+001 1.623778e+000
         vertex 9.538373e-001 1.000002e+000 1.660081e+000
      endloop
   endfacet
   facet normal 9.473968e-001 0.000000e+000 3.200614e-001
      outer loop
         vertex 9.538373e-001 1.000002e+000 1.660081e+000
         vertex 9.663375e-001 6.100000e+001 1.623778e+000
         vertex 9.538373e-001 6.100000e+001 1.660081e+000
      endloop
   endfacet
   facet normal 9.545875e-001 0.000000e+000 2.979308e-001
      outer loop
         vertex 9.538373e-001 1.000002e+000 1.660081e+000
         vertex 9.538373e-001 6.100000e+001 1.660081e+000
         vertex 9.426121e-001 1.000002e+000 1.696799e+000
      endloop
   endfacet
   facet normal 9.579897e-001 0.000000e+000 2.868027e-001
      outer loop
         vertex 9.426121e-001 1.000002e+000 1.696799e+000
         vertex 9.538373e-001 6.100000e+001 1.660081e+000
         vertex 9.426121e-001 6.100000e+001 1.696799e+000
      endloop
   endfacet
   facet normal 9.644036e-001 0.000000e+000 2.644347e-001
      outer loop
         vertex 9.426121e-001 1.000002e+000 1.696799e+000
         vertex 9.426121e-001 6.100000e+001 1.696799e+000
         vertex 9.326749e-001 1.000002e+000 1.733886e+000
      endloop
   endfacet
   facet normal 9.674153e-001 0.000000e+000 2.531947e-001
      outer loop
         vertex 9.326749e-001 1.000002e+000 1.733886e+000
         vertex 9.426121e-001 6.100000e+001 1.696799e+000
         vertex 9.326749e-001 6.100000e+001 1.733886e+000
      endloop
   endfacet
   facet normal 9.730448e-001 0.000000e+000 2.306164e-001
      outer loop
         vertex 9.326749e-001 1.000002e+000 1.733886e+000
         vertex 9.326749e-001 6.100000e+001 1.733886e+000
         vertex 9.240378e-001 1.000002e+000 1.771297e+000
      endloop
   endfacet
   facet normal 9.756624e-001 0.000000e+000 2.192781e-001
      outer loop
         vertex 9.240378e-001 1.000002e+000 1.771297e+000
         vertex 9.326749e-001 6.100000e+001 1.733886e+000
         vertex 9.240378e-001 6.100000e+001 1.771297e+000
      endloop
   endfacet
   facet normal 9.805004e-001 0.000000e+000 1.965171e-001
      outer loop
         vertex 9.240378e-001 1.000002e+000 1.771297e+000
         vertex 9.240378e-001 6.100000e+001 1.771297e+000
         vertex 9.167110e-001 1.000002e+000 1.808987e+000
      endloop
   endfacet
   facet normal 9.827207e-001 0.000000e+000 1.850944e-001
      outer loop
         vertex 9.167110e-001 1.000002e+000 1.808987e+000
         vertex 9.240378e-001 6.100000e+001 1.771297e+000
         vertex 9.167110e-001 6.100000e+001 1.808987e+000
      endloop
   endfacet
   facet normal 9.867615e-001 0.000000e+000 1.621784e-001
      outer loop
         vertex 9.167110e-001 1.000002e+000 1.808987e+000
         vertex 9.167110e-001 6.100000e+001 1.808987e+000
         vertex 9.107050e-001 1.000002e+000 1.846910e+000
      endloop
   endfacet
   facet normal 9.885818e-001 0.000000e+000 1.506852e-001
      outer loop
         vertex 9.107050e-001 1.000002e+000 1.846910e+000
         vertex 9.167110e-001 6.100000e+001 1.808987e+000
         vertex 9.107050e-001 6.100000e+001 1.846910e+000
      endloop
   endfacet
   facet normal 9.918203e-001 0.000000e+000 1.276422e-001
      outer loop
         vertex 9.107050e-001 1.000002e+000 1.846910e+000
         vertex 9.107050e-001 6.100000e+001 1.846910e+000
         vertex 9.060260e-001 1.000002e+000 1.885019e+000
      endloop
   endfacet
   facet normal 9.932384e-001 0.000000e+000 1.160924e-001
      outer loop
         vertex 9.060260e-001 1.000002e+000 1.885019e+000
         vertex 9.107050e-001 6.100000e+001 1.846910e+000
         vertex 9.060260e-001 6.100000e+001 1.885019e+000
      endloop
   endfacet
   facet normal 9.956707e-001 0.000000e+000 9.295037e-002
      outer loop
         vertex 9.060260e-001 1.000002e+000 1.885019e+000
         vertex 9.060260e-001 6.100000e+001 1.885019e+000
         vertex 9.026797e-001 1.000002e+000 1.923268e+000
      endloop
   endfacet
   facet normal 9.966849e-001 0.000000e+000 8.135815e-002
      outer loop
         vertex 9.026797e-001 1.000002e+000 1.923268e+000
         vertex 9.060260e-001 6.100000e+001 1.885019e+000
         vertex 9.026797e-001 6.100000e+001 1.923268e+000
      endloop
   endfacet
   facet normal 9.983081e-001 0.000000e+000 5.814535e-002
      outer loop
         vertex 9.026797e-001 1.000002e+000 1.923268e+000
         vertex 9.026797e-001 6.100000e+001 1.923268e+000
         vertex 9.006699e-001 1.000002e+000 1.961610e+000
      endloop
   endfacet
   facet normal 9.989172e-001 0.000000e+000 4.652479e-002
      outer loop
         vertex 9.006699e-001 1.000002e+000 1.961610e+000
         vertex 9.026797e-001 6.100000e+001 1.923268e+000
         vertex 9.006699e-001 6.100000e+001 1.961610e+000
      endloop
   endfacet
   facet normal 9.997292e-001 0.000000e+000 2.326948e-002
      outer loop
         vertex 9.006699e-001 1.000002e+000 1.961610e+000
         vertex 9.006699e-001 6.100000e+001 1.961610e+000
         vertex 8.999994e-001 1.000002e+000 2.000000e+000
      endloop
   endfacet
   facet normal 9.999323e-001 0.000000e+000 1.163474e-002
      outer loop
         vertex 8.999994e-001 1.000002e+000 2.000000e+000
         vertex 9.006699e-001 6.100000e+001 1.961610e+000
         vertex 8.999994e-001 6.100000e+001 2.000000e+000
      endloop
   endfacet
   facet normal 0.000000e+000 0.000000e+000 1.000000e+000
      outer loop
         vertex 1.999999e+000 1.000002e+000 8.999999e-001
         vertex 2.800000e+001 1.000002e+000 8.999999e-001
         vertex 1.999999e+000 6.100000e+001 8.999999e-001
      endloop
   endfacet
   facet normal 0.000000e+000 0.000000e+000 1.000000e+000
      outer loop
         vertex 1.999999e+000 6.100000e+001 8.999999e-001
         vertex 2.800000e+001 1.000002e+000 8.999999e-001
         vertex 2.800000e+001 6.100000e+001 8.999999e-001
      endloop
   endfacet
   facet normal -9.999352e-001 0.000000e+000 1.138184e-002
      outer loop
         vertex 2.910000e+001 1.000002e+000 2.000000e+000
         vertex 2.910000e+001 6.100000e+001 2.000000e+000
         vertex 2.909936e+001 1.000002e+000 1.962445e+000
      endloop
   endfacet
   facet normal -9.997408e-001 0.000000e+000 2.276369e-002
      outer loop
         vertex 2.909936e+001 1.000002e+000 1.962445e+000
         vertex 2.910000e+001 6.100000e+001 2.000000e+000
         vertex 2.909936e+001 6.100000e+001 1.962445e+000
      endloop
   endfacet
   facet normal -9.989637e-001 0.000000e+000 4.551410e-002
      outer loop
         vertex 2.909936e+001 1.000002e+000 1.962445e+000
         vertex 2.909936e+001 6.100000e+001 1.962445e+000
         vertex 2.909743e+001 1.000002e+000 1.924933e+000
      endloop
   endfacet
   facet normal -9.983808e-001 0.000000e+000 5.688269e-002
      outer loop
         vertex 2.909743e+001 1.000002e+000 1.924933e+000
         vertex 2.909936e+001 6.100000e+001 1.962445e+000
         vertex 2.909743e+001 6.100000e+001 1.924933e+000
      endloop
   endfacet
   facet normal -9.968274e-001 0.000000e+000 7.959332e-002
      outer loop
         vertex 2.909743e+001 1.000002e+000 1.924933e+000
         vertex 2.909743e+001 6.100000e+001 1.924933e+000
         vertex 2.909423e+001 1.000002e+000 1.887509e+000
      endloop
   endfacet
   facet normal -9.958568e-001 0.000000e+000 9.093536e-002
      outer loop
         vertex 2.909423e+001 1.000002e+000 1.887509e+000
         vertex 2.909743e+001 6.100000e+001 1.924933e+000
         vertex 2.909423e+001 6.100000e+001 1.887509e+000
      endloop
   endfacet
   facet normal -9.935289e-001 0.000000e+000 1.135797e-001
      outer loop
         vertex 2.909423e+001 1.000002e+000 1.887509e+000
         vertex 2.909423e+001 6.100000e+001 1.887509e+000
         vertex 2.908975e+001 1.000002e+000 1.850217e+000
      endloop
   endfacet
   facet normal -9.921716e-001 0.000000e+000 1.248820e-001
      outer loop
         vertex 2.908975e+001 1.000002e+000 1.850217e+000
         vertex 2.909423e+001 6.100000e+001 1.887509e+000
         vertex 2.908975e+001 6.100000e+001 1.850217e+000
      endloop
   endfacet
   facet normal -9.890719e-001 0.000000e+000 1.474337e-001
      outer loop
         vertex 2.908975e+001 1.000002e+000 1.850217e+000
         vertex 2.908975e+001 6.100000e+001 1.850217e+000
         vertex 2.908401e+001 1.000002e+000 1.813098e+000
      endloop
   endfacet
   facet normal -9.873295e-001 0.000000e+000 1.586830e-001
      outer loop
         vertex 2.908401e+001 1.000002e+000 1.813098e+000
         vertex 2.908975e+001 6.100000e+001 1.850217e+000
         vertex 2.908401e+001 6.100000e+001 1.813098e+000
      endloop
   endfacet
   facet normal -9.834618e-001 0.000000e+000 1.811157e-001
      outer loop
         vertex 2.908401e+001 1.000002e+000 1.813098e+000
         vertex 2.908401e+001 6.100000e+001 1.813098e+000
         vertex 2.907699e+001 1.000002e+000 1.776198e+000
      endloop
   endfacet
   facet normal -9.813364e-001 0.000000e+000 1.922991e-001
      outer loop
         vertex 2.907699e+001 1.000002e+000 1.776198e+000
         vertex 2.908401e+001 6.100000e+001 1.813098e+000
         vertex 2.907699e+001 6.100000e+001 1.776198e+000
      endloop
   endfacet
   facet normal -9.767050e-001 0.000000e+000 2.145866e-001
      outer loop
         vertex 2.907699e+001 1.000002e+000 1.776198e+000
         vertex 2.907699e+001 6.100000e+001 1.776198e+000
         vertex 2.906872e+001 1.000002e+000 1.739559e+000
      endloop
   endfacet
   facet normal -9.741990e-001 0.000000e+000 2.256909e-001
      outer loop
         vertex 2.906872e+001 1.000002e+000 1.739559e+000
         vertex 2.907699e+001 6.100000e+001 1.776198e+000
         vertex 2.906872e+001 6.100000e+001 1.739559e+000
      endloop
   endfacet
   facet normal -9.688093e-001 0.000000e+000 2.478073e-001
      outer loop
         vertex 2.906872e+001 1.000002e+000 1.739559e+000
         vertex 2.906872e+001 6.100000e+001 1.739559e+000
         vertex 2.905921e+001 1.000002e+000 1.703223e+000
      endloop
   endfacet
   facet normal -9.659257e-001 0.000000e+000 2.588195e-001
      outer loop
         vertex 2.905921e+001 1.000002e+000 1.703223e+000
         vertex 2.906872e+001 6.100000e+001 1.739559e+000
         vertex 2.905921e+001 6.100000e+001 1.703223e+000
      endloop
   endfacet
   facet normal -9.597842e-001 0.000000e+000 2.807391e-001
      outer loop
         vertex 2.905921e+001 1.000002e+000 1.703223e+000
         vertex 2.905921e+001 6.100000e+001 1.703223e+000
         vertex 2.904846e+001 1.000002e+000 1.667234e+000
      endloop
   endfacet
   facet normal -9.565262e-001 0.000000e+000 2.916464e-001
      outer loop
         vertex 2.904846e+001 1.000002e+000 1.667234e+000
         vertex 2.905921e+001 6.100000e+001 1.703223e+000
         vertex 2.904846e+001 6.100000e+001 1.667234e+000
      endloop
   endfacet
   facet normal -9.496399e-001 0.000000e+000 3.133435e-001
      outer loop
         vertex 2.904846e+001 1.000002e+000 1.667234e+000
         vertex 2.904846e+001 6.100000e+001 1.667234e+000
         vertex 2.903649e+001 1.000002e+000 1.631632e+000
      endloop
   endfacet
   facet normal -9.460114e-001 0.000000e+000 3.241332e-001
      outer loop
         vertex 2.903649e+001 1.000002e+000 1.631632e+000
         vertex 2.904846e+001 6.100000e+001 1.667234e+000
         vertex 2.903649e+001 6.100000e+001 1.631632e+000
      endloop
   endfacet
   facet normal -9.383883e-001 0.000000e+000 3.455826e-001
      outer loop
         vertex 2.903649e+001 1.000002e+000 1.631632e+000
         vertex 2.903649e+001 6.100000e+001 1.631632e+000
         vertex 2.902331e+001 1.000002e+000 1.596460e+000
      endloop
   endfacet
   facet normal -9.343936e-001 0.000000e+000 3.562422e-001
      outer loop
         vertex 2.902331e+001 1.000002e+000 1.596460e+000
         vertex 2.903649e+001 6.100000e+001 1.631632e+000
         vertex 2.902331e+001 6.100000e+001 1.596460e+000
      endloop
   endfacet
   facet normal -9.260427e-001 0.000000e+000 3.774188e-001
      outer loop
         vertex 2.902331e+001 1.000002e+000 1.596460e+000
         vertex 2.902331e+001 6.100000e+001 1.596460e+000
         vertex 2.900893e+001 1.000002e+000 1.561759e+000
      endloop
   endfacet
   facet normal -9.216864e-001 0.000000e+000 3.879358e-001
      outer loop
         vertex 2.900893e+001 1.000002e+000 1.561759e+000
         vertex 2.902331e+001 6.100000e+001 1.596460e+000
         vertex 2.900893e+001 6.100000e+001 1.561759e+000
      endloop
   endfacet
   facet normal -9.126174e-001 0.000000e+000 4.088148e-001
      outer loop
         vertex 2.900893e+001 1.000002e+000 1.561759e+000
         vertex 2.900893e+001 6.100000e+001 1.561759e+000
         vertex 2.899338e+001 1.000002e+000 1.527568e+000
      endloop
   endfacet
   facet normal -9.079046e-001 0.000000e+000 4.191770e-001
      outer loop
         vertex 2.899338e+001 1.000002e+000 1.527568e+000
         vertex 2.900893e+001 6.100000e+001 1.561759e+000
         vertex 2.899338e+001 6.100000e+001 1.527568e+000
      endloop
   endfacet
   facet normal -8.981279e-001 0.000000e+000 4.397343e-001
      outer loop
         vertex 2.899338e+001 1.000002e+000 1.527568e+000
         vertex 2.899338e+001 6.100000e+001 1.527568e+000
         vertex 2.897667e+001 1.000002e+000 1.493928e+000
      endloop
   endfacet
   facet normal -8.930641e-001 0.000000e+000 4.499294e-001
      outer loop
         vertex 2.897667e+001 1.000002e+000 1.493928e+000
         vertex 2.899338e+001 6.100000e+001 1.527568e+000
         vertex 2.897667e+001 6.100000e+001 1.493928e+000
      endloop
   endfacet
   facet normal -8.825913e-001 0.000000e+000 4.701410e-001
      outer loop
         vertex 2.897667e+001 1.000002e+000 1.493928e+000
         vertex 2.897667e+001 6.100000e+001 1.493928e+000
         vertex 2.895883e+001 1.000002e+000 1.460879e+000
      endloop
   endfacet
   facet normal -8.771824e-001 0.000000e+000 4.801574e-001
      outer loop
         vertex 2.895883e+001 1.000002e+000 1.460879e+000
         vertex 2.897667e+001 6.100000e+001 1.493928e+000
         vertex 2.895883e+001 6.100000e+001 1.460879e+000
      endloop
   endfacet
   facet normal -8.660257e-001 0.000000e+000 4.999996e-001
      outer loop
         vertex 2.895883e+001 1.000002e+000 1.460879e+000
         vertex 2.895883e+001 6.100000e+001 1.460879e+000
         vertex 2.893986e+001 1.000002e+000 1.428457e+000
      endloop
   endfacet
   facet normal -8.602779e-001 0.000000e+000 5.098254e-001
      outer loop
         vertex 2.893986e+001 1.000002e+000 1.428457e+000
         vertex 2.895883e+001 6.100000e+001 1.460879e+000
         vertex 2.893986e+001 6.100000e+001 1.428457e+000
      endloop
   endfacet
   facet normal -8.484502e-001 0.000000e+000 5.292751e-001
      outer loop
         vertex 2.893986e+001 1.000002e+000 1.428457e+000
         vertex 2.893986e+001 6.100000e+001 1.428457e+000
         vertex 2.891980e+001 1.000002e+000 1.396703e+000
      endloop
   endfacet
   facet normal -8.423703e-001 0.000000e+000 5.388991e-001
      outer loop
         vertex 2.891980e+001 1.000002e+000 1.396703e+000
         vertex 2.893986e+001 6.100000e+001 1.428457e+000
         vertex 2.891980e+001 6.100000e+001 1.396703e+000
      endloop
   endfacet
   facet normal -8.298855e-001 0.000000e+000 5.579337e-001
      outer loop
         vertex 2.891980e+001 1.000002e+000 1.396703e+000
         vertex 2.891980e+001 6.100000e+001 1.396703e+000
         vertex 2.889867e+001 1.000002e+000 1.365651e+000
      endloop
   endfacet
   facet normal -8.234807e-001 0.000000e+000 5.673443e-001
      outer loop
         vertex 2.889867e+001 1.000002e+000 1.365651e+000
         vertex 2.891980e+001 6.100000e+001 1.396703e+000
         vertex 2.889867e+001 6.100000e+001 1.365651e+000
      endloop
   endfacet
   facet normal -8.103533e-001 0.000000e+000 5.859416e-001
      outer loop
         vertex 2.889867e+001 1.000002e+000 1.365651e+000
         vertex 2.889867e+001 6.100000e+001 1.365651e+000
         vertex 2.887649e+001 1.000002e+000 1.335340e+000
      endloop
   endfacet
   facet normal -8.036308e-001 0.000000e+000 5.951281e-001
      outer loop
         vertex 2.887649e+001 1.000002e+000 1.335340e+000
         vertex 2.889867e+001 6.100000e+001 1.365651e+000
         vertex 2.887649e+001 6.100000e+001 1.335340e+000
      endloop
   endfacet
   facet normal -7.898762e-001 0.000000e+000 6.132664e-001
      outer loop
         vertex 2.887649e+001 1.000002e+000 1.335340e+000
         vertex 2.887649e+001 6.100000e+001 1.335340e+000
         vertex 2.885328e+001 1.000002e+000 1.305803e+000
      endloop
   endfacet
   facet normal -7.828439e-001 0.000000e+000 6.222181e-001
      outer loop
         vertex 2.885328e+001 1.000002e+000 1.305803e+000
         vertex 2.887649e+001 6.100000e+001 1.335340e+000
         vertex 2.885328e+001 6.100000e+001 1.305803e+000
      endloop
   endfacet
   facet normal -7.684781e-001 0.000000e+000 6.398761e-001
      outer loop
         vertex 2.885328e+001 1.000002e+000 1.305803e+000
         vertex 2.885328e+001 6.100000e+001 1.305803e+000
         vertex 2.882908e+001 1.000002e+000 1.277076e+000
      endloop
   endfacet
   facet normal -7.611444e-001 0.000000e+000 6.485825e-001
      outer loop
         vertex 2.882908e+001 1.000002e+000 1.277076e+000
         vertex 2.885328e+001 6.100000e+001 1.305803e+000
         vertex 2.882908e+001 6.100000e+001 1.277076e+000
      endloop
   endfacet
   facet normal -7.461840e-001 0.000000e+000 6.657398e-001
      outer loop
         vertex 2.882908e+001 1.000002e+000 1.277076e+000
         vertex 2.882908e+001 6.100000e+001 1.277076e+000
         vertex 2.880392e+001 1.000002e+000 1.249191e+000
      endloop
   endfacet
   facet normal -7.385573e-001 0.000000e+000 6.741906e-001
      outer loop
         vertex 2.880392e+001 1.000002e+000 1.249191e+000
         vertex 2.882908e+001 6.100000e+001 1.277076e+000
         vertex 2.880392e+001 6.100000e+001 1.249191e+000
      endloop
   endfacet
   facet normal -7.230199e-001 0.000000e+000 6.908273e-001
      outer loop
         vertex 2.880392e+001 1.000002e+000 1.249191e+000
         vertex 2.880392e+001 6.100000e+001 1.249191e+000
         vertex 2.877782e+001 1.000002e+000 1.222183e+000
      endloop
   endfacet
   facet normal -7.151092e-001 0.000000e+000 6.990128e-001
      outer loop
         vertex 2.877782e+001 1.000002e+000 1.222183e+000
         vertex 2.880392e+001 6.100000e+001 1.249191e+000
         vertex 2.877782e+001 6.100000e+001 1.222183e+000
      endloop
   endfacet
   facet normal -6.990128e-001 0.000000e+000 7.151092e-001
      outer loop
         vertex 2.877782e+001 1.000002e+000 1.222183e+000
         vertex 2.877782e+001 6.100000e+001 1.222183e+000
         vertex 2.875081e+001 1.000002e+000 1.196080e+000
      endloop
   endfacet
   facet normal -6.908273e-001 0.000000e+000 7.230199e-001
      outer loop
         vertex 2.875081e+001 1.000002e+000 1.196080e+000
         vertex 2.877782e+001 6.100000e+001 1.222183e+000
         vertex 2.875081e+001 6.100000e+001 1.196080e+000
      endloop
   endfacet
   facet normal -6.741906e-001 0.000000e+000 7.385573e-001
      outer loop
         vertex 2.875081e+001 1.000002e+000 1.196080e+000
         vertex 2.875081e+001 6.100000e+001 1.196080e+000
         vertex 2.872292e+001 1.000002e+000 1.170916e+000
      endloop
   endfacet
   facet normal -6.657398e-001 0.000000e+000 7.461840e-001
      outer loop
         vertex 2.872292e+001 1.000002e+000 1.170916e+000
         vertex 2.875081e+001 6.100000e+001 1.196080e+000
         vertex 2.872292e+001 6.100000e+001 1.170916e+000
      endloop
   endfacet
   facet normal -6.485825e-001 0.000000e+000 7.611444e-001
      outer loop
         vertex 2.872292e+001 1.000002e+000 1.170916e+000
         vertex 2.872292e+001 6.100000e+001 1.170916e+000
         vertex 2.869420e+001 1.000002e+000 1.146717e+000
      endloop
   endfacet
   facet normal -6.398761e-001 0.000000e+000 7.684781e-001
      outer loop
         vertex 2.869420e+001 1.000002e+000 1.146717e+000
         vertex 2.872292e+001 6.100000e+001 1.170916e+000
         vertex 2.869420e+001 6.100000e+001 1.146717e+000
      endloop
   endfacet
   facet normal -6.222181e-001 0.000000e+000 7.828440e-001
      outer loop
         vertex 2.869420e+001 1.000002e+000 1.146717e+000
         vertex 2.869420e+001 6.100000e+001 1.146717e+000
         vertex 2.866466e+001 1.000002e+000 1.123514e+000
      endloop
   endfacet
   facet normal -6.132663e-001 0.000000e+000 7.898762e-001
      outer loop
         vertex 2.866466e+001 1.000002e+000 1.123514e+000
         vertex 2.869420e+001 6.100000e+001 1.146717e+000
         vertex 2.866466e+001 6.100000e+001 1.123514e+000
      endloop
   endfacet
   facet normal -5.951281e-001 0.000000e+000 8.036308e-001
      outer loop
         vertex 2.866466e+001 1.000002e+000 1.123514e+000
         vertex 2.866466e+001 6.100000e+001 1.123514e+000
         vertex 2.863435e+001 1.000002e+000 1.101333e+000
      endloop
   endfacet
   facet normal -5.859416e-001 0.000000e+000 8.103533e-001
      outer loop
         vertex 2.863435e+001 1.000002e+000 1.101333e+000
         vertex 2.866466e+001 6.100000e+001 1.123514e+000
         vertex 2.863435e+001 6.100000e+001 1.101333e+000
      endloop
   endfacet
   facet normal -5.673443e-001 0.000000e+000 8.234807e-001
      outer loop
         vertex 2.863435e+001 1.000002e+000 1.101333e+000
         vertex 2.863435e+001 6.100000e+001 1.101333e+000
         vertex 2.860330e+001 1.000002e+000 1.080200e+000
      endloop
   endfacet
   facet normal -5.579337e-001 0.000000e+000 8.298855e-001
      outer loop
         vertex 2.860330e+001 1.000002e+000 1.080200e+000
         vertex 2.863435e+001 6.100000e+001 1.101333e+000
         vertex 2.860330e+001 6.100000e+001 1.080200e+000
      endloop
   endfacet
   facet normal -5.388991e-001 0.000000e+000 8.423703e-001
      outer loop
         vertex 2.860330e+001 1.000002e+000 1.080200e+000
         vertex 2.860330e+001 6.100000e+001 1.080200e+000
         vertex 2.857154e+001 1.000002e+000 1.060138e+000
      endloop
   endfacet
   facet normal -5.292751e-001 0.000000e+000 8.484502e-001
      outer loop
         vertex 2.857154e+001 1.000002e+000 1.060138e+000
         vertex 2.860330e+001 6.100000e+001 1.080200e+000
         vertex 2.857154e+001 6.100000e+001 1.060138e+000
      endloop
   endfacet
   facet normal -5.098255e-001 0.000000e+000 8.602779e-001
      outer loop
         vertex 2.857154e+001 1.000002e+000 1.060138e+000
         vertex 2.857154e+001 6.100000e+001 1.060138e+000
         vertex 2.853912e+001 1.000002e+000 1.041173e+000
      endloop
   endfacet
   facet normal -4.999996e-001 0.000000e+000 8.660257e-001
      outer loop
         vertex 2.853912e+001 1.000002e+000 1.041173e+000
         vertex 2.857154e+001 6.100000e+001 1.060138e+000
         vertex 2.853912e+001 6.100000e+001 1.041173e+000
      endloop
   endfacet
   facet normal -4.801574e-001 0.000000e+000 8.771824e-001
      outer loop
         vertex 2.853912e+001 1.000002e+000 1.041173e+000
         vertex 2.853912e+001 6.100000e+001 1.041173e+000
         vertex 2.850607e+001 1.000002e+000 1.023326e+000
      endloop
   endfacet
   facet normal -4.701410e-001 0.000000e+000 8.825913e-001
      outer loop
         vertex 2.850607e+001 1.000002e+000 1.023326e+000
         vertex 2.853912e+001 6.100000e+001 1.041173e+000
         vertex 2.850607e+001 6.100000e+001 1.023326e+000
      endloop
   endfacet
   facet normal -4.499294e-001 0.000000e+000 8.930641e-001
      outer loop
         vertex 2.850607e+001 1.000002e+000 1.023326e+000
         vertex 2.850607e+001 6.100000e+001 1.023326e+000
         vertex 2.847243e+001 1.000002e+000 1.006618e+000
      endloop
   endfacet
   facet normal -4.397343e-001 0.000000e+000 8.981279e-001
      outer loop
         vertex 2.847243e+001 1.000002e+000 1.006618e+000
         vertex 2.850607e+001 6.100000e+001 1.023326e+000
         vertex 2.847243e+001 6.100000e+001 1.006618e+000
      endloop
   endfacet
   facet normal -4.191770e-001 0.000000e+000 9.079046e-001
      outer loop
         vertex 2.847243e+001 1.000002e+000 1.006618e+000
         vertex 2.847243e+001 6.100000e+001 1.006618e+000
         vertex 2.843824e+001 1.000002e+000 9.910674e-001
      endloop
   endfacet
   facet normal -4.088148e-001 0.000000e+000 9.126173e-001
      outer loop
         vertex 2.843824e+001 1.000002e+000 9.910674e-001
         vertex 2.847243e+001 6.100000e+001 1.006618e+000
         vertex 2.843824e+001 6.100000e+001 9.910674e-001
      endloop
   endfacet
   facet normal -3.879358e-001 0.000000e+000 9.216865e-001
      outer loop
         vertex 2.843824e+001 1.000002e+000 9.910674e-001
         vertex 2.843824e+001 6.100000e+001 9.910674e-001
         vertex 2.840354e+001 1.000002e+000 9.766938e-001
      endloop
   endfacet
   facet normal -3.774188e-001 0.000000e+000 9.260427e-001
      outer loop
         vertex 2.840354e+001 1.000002e+000 9.766938e-001
         vertex 2.843824e+001 6.100000e+001 9.910674e-001
         vertex 2.840354e+001 6.100000e+001 9.766938e-001
      endloop
   endfacet
   facet normal -3.562422e-001 0.000000e+000 9.343936e-001
      outer loop
         vertex 2.840354e+001 1.000002e+000 9.766938e-001
         vertex 2.840354e+001 6.100000e+001 9.766938e-001
         vertex 2.836837e+001 1.000002e+000 9.635128e-001
      endloop
   endfacet
   facet normal -3.455826e-001 0.000000e+000 9.383883e-001
      outer loop
         vertex 2.836837e+001 1.000002e+000 9.635128e-001
         vertex 2.840354e+001 6.100000e+001 9.766938e-001
         vertex 2.836837e+001 6.100000e+001 9.635128e-001
      endloop
   endfacet
   facet normal -3.241333e-001 0.000000e+000 9.460115e-001
      outer loop
         vertex 2.836837e+001 1.000002e+000 9.635128e-001
         vertex 2.836837e+001 6.100000e+001 9.635128e-001
         vertex 2.833277e+001 1.000002e+000 9.515406e-001
      endloop
   endfacet
   facet normal -3.133435e-001 0.000000e+000 9.496399e-001
      outer loop
         vertex 2.833277e+001 1.000002e+000 9.515406e-001
         vertex 2.836837e+001 6.100000e+001 9.635128e-001
         vertex 2.833277e+001 6.100000e+001 9.515406e-001
      endloop
   endfacet
   facet normal -2.916464e-001 0.000000e+000 9.565262e-001
      outer loop
         vertex 2.833277e+001 1.000002e+000 9.515406e-001
         vertex 2.833277e+001 6.100000e+001 9.515406e-001
         vertex 2.829678e+001 1.000002e+000 9.407909e-001
      endloop
   endfacet
   facet normal -2.807390e-001 0.000000e+000 9.597842e-001
      outer loop
         vertex 2.829678e+001 1.000002e+000 9.407909e-001
         vertex 2.833277e+001 6.100000e+001 9.515406e-001
         vertex 2.829678e+001 6.100000e+001 9.407909e-001
      endloop
   endfacet
   facet normal -2.588195e-001 0.000000e+000 9.659257e-001
      outer loop
         vertex 2.829678e+001 1.000002e+000 9.407909e-001
         vertex 2.829678e+001 6.100000e+001 9.407909e-001
         vertex 2.826044e+001 1.000002e+000 9.312760e-001
      endloop
   endfacet
   facet normal -2.478073e-001 0.000000e+000 9.688093e-001
      outer loop
         vertex 2.826044e+001 1.000002e+000 9.312760e-001
         vertex 2.829678e+001 6.100000e+001 9.407909e-001
         vertex 2.826044e+001 6.100000e+001 9.312760e-001
      endloop
   endfacet
   facet normal -2.256909e-001 0.000000e+000 9.741990e-001
      outer loop
         vertex 2.826044e+001 1.000002e+000 9.312760e-001
         vertex 2.826044e+001 6.100000e+001 9.312760e-001
         vertex 2.822380e+001 1.000002e+000 9.230072e-001
      endloop
   endfacet
   facet normal -2.145866e-001 0.000000e+000 9.767050e-001
      outer loop
         vertex 2.822380e+001 1.000002e+000 9.230072e-001
         vertex 2.826044e+001 6.100000e+001 9.312760e-001
         vertex 2.822380e+001 6.100000e+001 9.230072e-001
      endloop
   endfacet
   facet normal -1.922991e-001 0.000000e+000 9.813364e-001
      outer loop
         vertex 2.822380e+001 1.000002e+000 9.230072e-001
         vertex 2.822380e+001 6.100000e+001 9.230072e-001
         vertex 2.818690e+001 1.000002e+000 9.159944e-001
      endloop
   endfacet
   facet normal -1.811157e-001 0.000000e+000 9.834618e-001
      outer loop
         vertex 2.818690e+001 1.000002e+000 9.159944e-001
         vertex 2.822380e+001 6.100000e+001 9.230072e-001
         vertex 2.818690e+001 6.100000e+001 9.159944e-001
      endloop
   endfacet
   facet normal -1.586830e-001 0.000000e+000 9.873295e-001
      outer loop
         vertex 2.818690e+001 1.000002e+000 9.159944e-001
         vertex 2.818690e+001 6.100000e+001 9.159944e-001
         vertex 2.814978e+001 1.000002e+000 9.102454e-001
      endloop
   endfacet
   facet normal -1.474337e-001 0.000000e+000 9.890719e-001
      outer loop
         vertex 2.814978e+001 1.000002e+000 9.102454e-001
         vertex 2.818690e+001 6.100000e+001 9.159944e-001
         vertex 2.814978e+001 6.100000e+001 9.102454e-001
      endloop
   endfacet
   facet normal -1.248820e-001 0.000000e+000 9.921716e-001
      outer loop
         vertex 2.814978e+001 1.000002e+000 9.102454e-001
         vertex 2.814978e+001 6.100000e+001 9.102454e-001
         vertex 2.811249e+001 1.000002e+000 9.057671e-001
      endloop
   endfacet
   facet normal -1.135797e-001 0.000000e+000 9.935289e-001
      outer loop
         vertex 2.811249e+001 1.000002e+000 9.057671e-001
         vertex 2.814978e+001 6.100000e+001 9.102454e-001
         vertex 2.811249e+001 6.100000e+001 9.057671e-001
      endloop
   endfacet
   facet normal -9.093536e-002 0.000000e+000 9.958568e-001
      outer loop
         vertex 2.811249e+001 1.000002e+000 9.057671e-001
         vertex 2.811249e+001 6.100000e+001 9.057671e-001
         vertex 2.807507e+001 1.000002e+000 9.025643e-001
      endloop
   endfacet
   facet normal -7.959332e-002 0.000000e+000 9.968274e-001
      outer loop
         vertex 2.807507e+001 1.000002e+000 9.025643e-001
         vertex 2.811249e+001 6.100000e+001 9.057671e-001
         vertex 2.807507e+001 6.100000e+001 9.025643e-001
      endloop
   endfacet
   facet normal -5.688269e-002 0.000000e+000 9.983808e-001
      outer loop
         vertex 2.807507e+001 1.000002e+000 9.025643e-001
         vertex 2.807507e+001 6.100000e+001 9.025643e-001
         vertex 2.803756e+001 1.000002e+000 9.006411e-001
      endloop
   endfacet
   facet normal -4.551410e-002 0.000000e+000 9.989637e-001
      outer loop
         vertex 2.803756e+001 1.000002e+000 9.006411e-001
         vertex 2.807507e+001 6.100000e+001 9.025643e-001
         vertex 2.803756e+001 6.100000e+001 9.006411e-001
      endloop
   endfacet
   facet normal -2.276369e-002 0.000000e+000 9.997408e-001
      outer loop
         vertex 2.803756e+001 1.000002e+000 9.006411e-001
         vertex 2.803756e+001 6.100000e+001 9.006411e-001
         vertex 2.800000e+001 1.000002e+000 8.999999e-001
      endloop
   endfacet
   facet normal -1.138184e-002 0.000000e+000 9.999352e-001
      outer loop
         vertex 2.800000e+001 1.000002e+000 8.999999e-001
         vertex 2.803756e+001 6.100000e+001 9.006411e-001
         vertex 2.800000e+001 6.100000e+001 8.999999e-001
      endloop
   endfacet
   facet normal -1.163474e-002 0.000000e+000 -9.999323e-001
      outer loop
         vertex 2.500000e+001 1.000002e+000 2.210000e+001
         vertex 2.500000e+001 6.100000e+001 2.210000e+001
         vertex 2.514309e+001 1.000002e+000 2.209750e+001
      endloop
   endfacet
   facet normal -2.326948e-002 0.000000e+000 -9.997292e-001
      outer loop
         vertex 2.514309e+001 1.000002e+000 2.209750e+001
         vertex 2.500000e+001 6.100000e+001 2.210000e+001
         vertex 2.514309e+001 6.100000e+001 2.209750e+001
      endloop
   endfacet
   facet normal -4.652479e-002 0.000000e+000 -9.989172e-001
      outer loop
         vertex 2.514309e+001 1.000002e+000 2.209750e+001
         vertex 2.514309e+001 6.100000e+001 2.209750e+001
         vertex 2.528600e+001 1.000002e+000 2.209001e+001
      endloop
   endfacet
   facet normal -5.814535e-002 0.000000e+000 -9.983081e-001
      outer loop
         vertex 2.528600e+001 1.000002e+000 2.209001e+001
         vertex 2.514309e+001 6.100000e+001 2.209750e+001
         vertex 2.528600e+001 6.100000e+001 2.209001e+001
      endloop
   endfacet
   facet normal -8.135815e-002 0.000000e+000 -9.966849e-001
      outer loop
         vertex 2.528600e+001 1.000002e+000 2.209001e+001
         vertex 2.528600e+001 6.100000e+001 2.209001e+001
         vertex 2.542857e+001 1.000002e+000 2.207754e+001
      endloop
   endfacet
   facet normal -9.295038e-002 0.000000e+000 -9.956707e-001
      outer loop
         vertex 2.542857e+001 1.000002e+000 2.207754e+001
         vertex 2.528600e+001 6.100000e+001 2.209001e+001
         vertex 2.542857e+001 6.100000e+001 2.207754e+001
      endloop
   endfacet
   facet normal -1.160924e-001 0.000000e+000 -9.932384e-001
      outer loop
         vertex 2.542857e+001 1.000002e+000 2.207754e+001
         vertex 2.542857e+001 6.100000e+001 2.207754e+001
         vertex 2.557061e+001 1.000002e+000 2.206010e+001
      endloop
   endfacet
   facet normal -1.276422e-001 0.000000e+000 -9.918203e-001
      outer loop
         vertex 2.557061e+001 1.000002e+000 2.206010e+001
         vertex 2.542857e+001 6.100000e+001 2.207754e+001
         vertex 2.557061e+001 6.100000e+001 2.206010e+001
      endloop
   endfacet
   facet normal -1.506852e-001 0.000000e+000 -9.885818e-001
      outer loop
         vertex 2.557061e+001 1.000002e+000 2.206010e+001
         vertex 2.557061e+001 6.100000e+001 2.206010e+001
         vertex 2.571196e+001 1.000002e+000 2.203771e+001
      endloop
   endfacet
   facet normal -1.621784e-001 0.000000e+000 -9.867615e-001
      outer loop
         vertex 2.571196e+001 1.000002e+000 2.203771e+001
         vertex 2.557061e+001 6.100000e+001 2.206010e+001
         vertex 2.571196e+001 6.100000e+001 2.203771e+001
      endloop
   endfacet
   facet normal -1.850944e-001 0.000000e+000 -9.827207e-001
      outer loop
         vertex 2.571196e+001 1.000002e+000 2.203771e+001
         vertex 2.571196e+001 6.100000e+001 2.203771e+001
         vertex 2.585244e+001 1.000002e+000 2.201040e+001
      endloop
   endfacet
   facet normal -1.965171e-001 0.000000e+000 -9.805004e-001
      outer loop
         vertex 2.585244e+001 1.000002e+000 2.201040e+001
         vertex 2.571196e+001 6.100000e+001 2.203771e+001
         vertex 2.585244e+001 6.100000e+001 2.201040e+001
      endloop
   endfacet
   facet normal -2.192781e-001 0.000000e+000 -9.756624e-001
      outer loop
         vertex 2.585244e+001 1.000002e+000 2.201040e+001
         vertex 2.585244e+001 6.100000e+001 2.201040e+001
         vertex 2.599188e+001 1.000002e+000 2.197821e+001
      endloop
   endfacet
   facet normal -2.306164e-001 0.000000e+000 -9.730448e-001
      outer loop
         vertex 2.599188e+001 1.000002e+000 2.197821e+001
         vertex 2.585244e+001 6.100000e+001 2.201040e+001
         vertex 2.599188e+001 6.100000e+001 2.197821e+001
      endloop
   endfacet
   facet normal -2.531947e-001 0.000000e+000 -9.674153e-001
      outer loop
         vertex 2.599188e+001 1.000002e+000 2.197821e+001
         vertex 2.599188e+001 6.100000e+001 2.197821e+001
         vertex 2.613011e+001 1.000002e+000 2.194117e+001
      endloop
   endfacet
   facet normal -2.644347e-001 0.000000e+000 -9.644036e-001
      outer loop
         vertex 2.613011e+001 1.000002e+000 2.194117e+001
         vertex 2.599188e+001 6.100000e+001 2.197821e+001
         vertex 2.613011e+001 6.100000e+001 2.194117e+001
      endloop
   endfacet
   facet normal -2.868027e-001 0.000000e+000 -9.579897e-001
      outer loop
         vertex 2.613011e+001 1.000002e+000 2.194117e+001
         vertex 2.613011e+001 6.100000e+001 2.194117e+001
         vertex 2.626697e+001 1.000002e+000 2.189933e+001
      endloop
   endfacet
   facet normal -2.979308e-001 0.000000e+000 -9.545875e-001
      outer loop
         vertex 2.626697e+001 1.000002e+000 2.189933e+001
         vertex 2.613011e+001 6.100000e+001 2.194117e+001
         vertex 2.626697e+001 6.100000e+001 2.189933e+001
      endloop
   endfacet
   facet normal -3.200614e-001 0.000000e+000 -9.473968e-001
      outer loop
         vertex 2.626697e+001 1.000002e+000 2.189933e+001
         vertex 2.626697e+001 6.100000e+001 2.189933e+001
         vertex 2.640228e+001 1.000002e+000 2.185274e+001
      endloop
   endfacet
   facet normal -3.310639e-001 0.000000e+000 -9.436083e-001
      outer loop
         vertex 2.640228e+001 1.000002e+000 2.185274e+001
         vertex 2.626697e+001 6.100000e+001 2.189933e+001
         vertex 2.640228e+001 6.100000e+001 2.185274e+001
      endloop
   endfacet
   facet normal -3.529301e-001 0.000000e+000 -9.356497e-001
      outer loop
         vertex 2.640228e+001 1.000002e+000 2.185274e+001
         vertex 2.640228e+001 6.100000e+001 2.185274e+001
         vertex 2.653589e+001 1.000002e+000 2.180145e+001
      endloop
   endfacet
   facet normal -3.637937e-001 0.000000e+000 -9.314795e-001
      outer loop
         vertex 2.653589e+001 1.000002e+000 2.180145e+001
         vertex 2.640228e+001 6.100000e+001 2.185274e+001
         vertex 2.653589e+001 6.100000e+001 2.180145e+001
      endloop
   endfacet
   facet normal -3.853688e-001 0.000000e+000 -9.227627e-001
      outer loop
         vertex 2.653589e+001 1.000002e+000 2.180145e+001
         vertex 2.653589e+001 6.100000e+001 2.180145e+001
         vertex 2.666762e+001 1.000002e+000 2.174554e+001
      endloop
   endfacet
   facet normal -3.960803e-001 0.000000e+000 -9.182159e-001
      outer loop
         vertex 2.666762e+001 1.000002e+000 2.174554e+001
         vertex 2.653589e+001 6.100000e+001 2.180145e+001
         vertex 2.666762e+001 6.100000e+001 2.174554e+001
      endloop
   endfacet
   facet normal -4.173380e-001 0.000000e+000 -9.087514e-001
      outer loop
         vertex 2.666762e+001 1.000002e+000 2.174554e+001
         vertex 2.666762e+001 6.100000e+001 2.174554e+001
         vertex 2.679732e+001 1.000002e+000 2.168506e+001
      endloop
   endfacet
   facet normal -4.278843e-001 0.000000e+000 -9.038336e-001
      outer loop
         vertex 2.679732e+001 1.000002e+000 2.168506e+001
         vertex 2.666762e+001 6.100000e+001 2.174554e+001
         vertex 2.679732e+001 6.100000e+001 2.168506e+001
      endloop
   endfacet
   facet normal -4.487987e-001 0.000000e+000 -8.936329e-001
      outer loop
         vertex 2.679732e+001 1.000002e+000 2.168506e+001
         vertex 2.679732e+001 6.100000e+001 2.168506e+001
         vertex 2.692483e+001 1.000002e+000 2.162008e+001
      endloop
   endfacet
   facet normal -4.591669e-001 0.000000e+000 -8.883500e-001
      outer loop
         vertex 2.692483e+001 1.000002e+000 2.162008e+001
         vertex 2.679732e+001 6.100000e+001 2.168506e+001
         vertex 2.692483e+001 6.100000e+001 2.162008e+001
      endloop
   endfacet
   facet normal -4.797127e-001 0.000000e+000 -8.774257e-001
      outer loop
         vertex 2.692483e+001 1.000002e+000 2.162008e+001
         vertex 2.692483e+001 6.100000e+001 2.162008e+001
         vertex 2.705000e+001 1.000002e+000 2.155070e+001
      endloop
   endfacet
   facet normal -4.898902e-001 0.000000e+000 -8.717842e-001
      outer loop
         vertex 2.705000e+001 1.000002e+000 2.155070e+001
         vertex 2.692483e+001 6.100000e+001 2.162008e+001
         vertex 2.705000e+001 6.100000e+001 2.155070e+001
      endloop
   endfacet
   facet normal -5.100421e-001 0.000000e+000 -8.601494e-001
      outer loop
         vertex 2.705000e+001 1.000002e+000 2.155070e+001
         vertex 2.705000e+001 6.100000e+001 2.155070e+001
         vertex 2.717267e+001 1.000002e+000 2.147700e+001
      endloop
   endfacet
   facet normal -5.200166e-001 0.000000e+000 -8.541561e-001
      outer loop
         vertex 2.717267e+001 1.000002e+000 2.147700e+001
         vertex 2.705000e+001 6.100000e+001 2.155070e+001
         vertex 2.717267e+001 6.100000e+001 2.147700e+001
      endloop
   endfacet
   facet normal -5.397502e-001 0.000000e+000 -8.418252e-001
      outer loop
         vertex 2.717267e+001 1.000002e+000 2.147700e+001
         vertex 2.717267e+001 6.100000e+001 2.147700e+001
         vertex 2.729269e+001 1.000002e+000 2.139906e+001
      endloop
   endfacet
   facet normal -5.495094e-001 0.000000e+000 -8.354875e-001
      outer loop
         vertex 2.729269e+001 1.000002e+000 2.139906e+001
         vertex 2.717267e+001 6.100000e+001 2.147700e+001
         vertex 2.729269e+001 6.100000e+001 2.139906e+001
      endloop
   endfacet
   facet normal -5.688007e-001 0.000000e+000 -8.224754e-001
      outer loop
         vertex 2.729269e+001 1.000002e+000 2.139906e+001
         vertex 2.729269e+001 6.100000e+001 2.139906e+001
         vertex 2.740992e+001 1.000002e+000 2.131697e+001
      endloop
   endfacet
   facet normal -5.783327e-001 0.000000e+000 -8.158010e-001
      outer loop
         vertex 2.740992e+001 1.000002e+000 2.131697e+001
         vertex 2.729269e+001 6.100000e+001 2.139906e+001
         vertex 2.740992e+001 6.100000e+001 2.131697e+001
      endloop
   endfacet
   facet normal -5.971582e-001 0.000000e+000 -8.021235e-001
      outer loop
         vertex 2.740992e+001 1.000002e+000 2.131697e+001
         vertex 2.740992e+001 6.100000e+001 2.131697e+001
         vertex 2.752421e+001 1.000002e+000 2.123084e+001
      endloop
   endfacet
   facet normal -6.064515e-001 0.000000e+000 -7.951205e-001
      outer loop
         vertex 2.752421e+001 1.000002e+000 2.123084e+001
         vertex 2.740992e+001 6.100000e+001 2.131697e+001
         vertex 2.752421e+001 6.100000e+001 2.123084e+001
      endloop
   endfacet
   facet normal -6.247881e-001 0.000000e+000 -7.807943e-001
      outer loop
         vertex 2.752421e+001 1.000002e+000 2.123084e+001
         vertex 2.752421e+001 6.100000e+001 2.123084e+001
         vertex 2.763543e+001 1.000002e+000 2.114078e+001
      endloop
   endfacet
   facet normal -6.338314e-001 0.000000e+000 -7.734712e-001
      outer loop
         vertex 2.763543e+001 1.000002e+000 2.114078e+001
         vertex 2.752421e+001 6.100000e+001 2.123084e+001
         vertex 2.763543e+001 6.100000e+001 2.114078e+001
      endloop
   endfacet
   facet normal -6.516569e-001 0.000000e+000 -7.585139e-001
      outer loop
         vertex 2.763543e+001 1.000002e+000 2.114078e+001
         vertex 2.763543e+001 6.100000e+001 2.114078e+001
         vertex 2.774344e+001 1.000002e+000 2.104689e+001
      endloop
   endfacet
   facet normal -6.604390e-001 0.000000e+000 -7.508796e-001
      outer loop
         vertex 2.774344e+001 1.000002e+000 2.104689e+001
         vertex 2.763543e+001 6.100000e+001 2.114078e+001
         vertex 2.774344e+001 6.100000e+001 2.104689e+001
      endloop
   endfacet
   facet normal -6.777316e-001 0.000000e+000 -7.353093e-001
      outer loop
         vertex 2.774344e+001 1.000002e+000 2.104689e+001
         vertex 2.774344e+001 6.100000e+001 2.104689e+001
         vertex 2.784810e+001 1.000002e+000 2.094929e+001
      endloop
   endfacet
   facet normal -6.862420e-001 0.000000e+000 -7.273733e-001
      outer loop
         vertex 2.784810e+001 1.000002e+000 2.094929e+001
         vertex 2.774344e+001 6.100000e+001 2.104689e+001
         vertex 2.784810e+001 6.100000e+001 2.094929e+001
      endloop
   endfacet
   facet normal -7.029807e-001 0.000000e+000 -7.112089e-001
      outer loop
         vertex 2.784810e+001 1.000002e+000 2.094929e+001
         vertex 2.784810e+001 6.100000e+001 2.094929e+001
         vertex 2.794929e+001 1.000002e+000 2.084810e+001
      endloop
   endfacet
   facet normal -7.112090e-001 0.000000e+000 -7.029806e-001
      outer loop
         vertex 2.794929e+001 1.000002e+000 2.084810e+001
         vertex 2.784810e+001 6.100000e+001 2.094929e+001
         vertex 2.794929e+001 6.100000e+001 2.084810e+001
      endloop
   endfacet
   facet normal -7.273733e-001 0.000000e+000 -6.862420e-001
      outer loop
         vertex 2.794929e+001 1.000002e+000 2.084810e+001
         vertex 2.794929e+001 6.100000e+001 2.084810e+001
         vertex 2.804689e+001 1.000002e+000 2.074343e+001
      endloop
   endfacet
   facet normal -7.353093e-001 0.000000e+000 -6.777316e-001
      outer loop
         vertex 2.804689e+001 1.000002e+000 2.074343e+001
         vertex 2.794929e+001 6.100000e+001 2.084810e+001
         vertex 2.804689e+001 6.100000e+001 2.074343e+001
      endloop
   endfacet
   facet normal -7.508796e-001 0.000000e+000 -6.604390e-001
      outer loop
         vertex 2.804689e+001 1.000002e+000 2.074343e+001
         vertex 2.804689e+001 6.100000e+001 2.074343e+001
         vertex 2.814078e+001 1.000002e+000 2.063543e+001
      endloop
   endfacet
   facet normal -7.585139e-001 0.000000e+000 -6.516569e-001
      outer loop
         vertex 2.814078e+001 1.000002e+000 2.063543e+001
         vertex 2.804689e+001 6.100000e+001 2.074343e+001
         vertex 2.814078e+001 6.100000e+001 2.063543e+001
      endloop
   endfacet
   facet normal -7.734712e-001 0.000000e+000 -6.338314e-001
      outer loop
         vertex 2.814078e+001 1.000002e+000 2.063543e+001
         vertex 2.814078e+001 6.100000e+001 2.063543e+001
         vertex 2.823084e+001 1.000002e+000 2.052421e+001
      endloop
   endfacet
   facet normal -7.807944e-001 0.000000e+000 -6.247881e-001
      outer loop
         vertex 2.823084e+001 1.000002e+000 2.052421e+001
         vertex 2.814078e+001 6.100000e+001 2.063543e+001
         vertex 2.823084e+001 6.100000e+001 2.052421e+001
      endloop
   endfacet
   facet normal -7.951205e-001 0.000000e+000 -6.064515e-001
      outer loop
         vertex 2.823084e+001 1.000002e+000 2.052421e+001
         vertex 2.823084e+001 6.100000e+001 2.052421e+001
         vertex 2.831697e+001 1.000002e+000 2.040992e+001
      endloop
   endfacet
   facet normal -8.021235e-001 0.000000e+000 -5.971582e-001
      outer loop
         vertex 2.831697e+001 1.000002e+000 2.040992e+001
         vertex 2.823084e+001 6.100000e+001 2.052421e+001
         vertex 2.831697e+001 6.100000e+001 2.040992e+001
      endloop
   endfacet
   facet normal -8.158010e-001 0.000000e+000 -5.783327e-001
      outer loop
         vertex 2.831697e+001 1.000002e+000 2.040992e+001
         vertex 2.831697e+001 6.100000e+001 2.040992e+001
         vertex 2.839905e+001 1.000002e+000 2.029269e+001
      endloop
   endfacet
   facet normal -8.224754e-001 0.000000e+000 -5.688007e-001
      outer loop
         vertex 2.839905e+001 1.000002e+000 2.029269e+001
         vertex 2.831697e+001 6.100000e+001 2.040992e+001
         vertex 2.839905e+001 6.100000e+001 2.029269e+001
      endloop
   endfacet
   facet normal -8.354875e-001 0.000000e+000 -5.495094e-001
      outer loop
         vertex 2.839905e+001 1.000002e+000 2.029269e+001
         vertex 2.839905e+001 6.100000e+001 2.029269e+001
         vertex 2.847700e+001 1.000002e+000 2.017267e+001
      endloop
   endfacet
   facet normal -8.418252e-001 0.000000e+000 -5.397502e-001
      outer loop
         vertex 2.847700e+001 1.000002e+000 2.017267e+001
         vertex 2.839905e+001 6.100000e+001 2.029269e+001
         vertex 2.847700e+001 6.100000e+001 2.017267e+001
      endloop
   endfacet
   facet normal -8.541562e-001 0.000000e+000 -5.200166e-001
      outer loop
         vertex 2.847700e+001 1.000002e+000 2.017267e+001
         vertex 2.847700e+001 6.100000e+001 2.017267e+001
         vertex 2.855070e+001 1.000002e+000 2.005000e+001
      endloop
   endfacet
   facet normal -8.601494e-001 0.000000e+000 -5.100421e-001
      outer loop
         vertex 2.855070e+001 1.000002e+000 2.005000e+001
         vertex 2.847700e+001 6.100000e+001 2.017267e+001
         vertex 2.855070e+001 6.100000e+001 2.005000e+001
      endloop
   endfacet
   facet normal -8.717842e-001 0.000000e+000 -4.898902e-001
      outer loop
         vertex 2.855070e+001 1.000002e+000 2.005000e+001
         vertex 2.855070e+001 6.100000e+001 2.005000e+001
         vertex 2.862008e+001 1.000002e+000 1.992484e+001
      endloop
   endfacet
   facet normal -8.774256e-001 0.000000e+000 -4.797127e-001
      outer loop
         vertex 2.862008e+001 1.000002e+000 1.992484e+001
         vertex 2.855070e+001 6.100000e+001 2.005000e+001
         vertex 2.862008e+001 6.100000e+001 1.992484e+001
      endloop
   endfacet
   facet normal -8.883500e-001 0.000000e+000 -4.591669e-001
      outer loop
         vertex 2.862008e+001 1.000002e+000 1.992484e+001
         vertex 2.862008e+001 6.100000e+001 1.992484e+001
         vertex 2.868505e+001 1.000002e+000 1.979732e+001
      endloop
   endfacet
   facet normal -8.936329e-001 0.000000e+000 -4.487987e-001
      outer loop
         vertex 2.868505e+001 1.000002e+000 1.979732e+001
         vertex 2.862008e+001 6.100000e+001 1.992484e+001
         vertex 2.868505e+001 6.100000e+001 1.979732e+001
      endloop
   endfacet
   facet normal -9.038336e-001 0.000000e+000 -4.278843e-001
      outer loop
         vertex 2.868505e+001 1.000002e+000 1.979732e+001
         vertex 2.868505e+001 6.100000e+001 1.979732e+001
         vertex 2.874553e+001 1.000002e+000 1.966762e+001
      endloop
   endfacet
   facet normal -9.087514e-001 0.000000e+000 -4.173380e-001
      outer loop
         vertex 2.874553e+001 1.000002e+000 1.966762e+001
         vertex 2.868505e+001 6.100000e+001 1.979732e+001
         vertex 2.874553e+001 6.100000e+001 1.966762e+001
      endloop
   endfacet
   facet normal -9.182159e-001 0.000000e+000 -3.960802e-001
      outer loop
         vertex 2.874553e+001 1.000002e+000 1.966762e+001
         vertex 2.874553e+001 6.100000e+001 1.966762e+001
         vertex 2.880145e+001 1.000002e+000 1.953589e+001
      endloop
   endfacet
   facet normal -9.227627e-001 0.000000e+000 -3.853688e-001
      outer loop
         vertex 2.880145e+001 1.000002e+000 1.953589e+001
         vertex 2.874553e+001 6.100000e+001 1.966762e+001
         vertex 2.880145e+001 6.100000e+001 1.953589e+001
      endloop
   endfacet
   facet normal -9.314796e-001 0.000000e+000 -3.637937e-001
      outer loop
         vertex 2.880145e+001 1.000002e+000 1.953589e+001
         vertex 2.880145e+001 6.100000e+001 1.953589e+001
         vertex 2.885274e+001 1.000002e+000 1.940228e+001
      endloop
   endfacet
   facet normal -9.356497e-001 0.000000e+000 -3.529301e-001
      outer loop
         vertex 2.885274e+001 1.000002e+000 1.940228e+001
         vertex 2.880145e+001 6.100000e+001 1.953589e+001
         vertex 2.885274e+001 6.100000e+001 1.940228e+001
      endloop
   endfacet
   facet normal -9.436083e-001 0.000000e+000 -3.310639e-001
      outer loop
         vertex 2.885274e+001 1.000002e+000 1.940228e+001
         vertex 2.885274e+001 6.100000e+001 1.940228e+001
         vertex 2.889933e+001 1.000002e+000 1.926697e+001
      endloop
   endfacet
   facet normal -9.473968e-001 0.000000e+000 -3.200614e-001
      outer loop
         vertex 2.889933e+001 1.000002e+000 1.926697e+001
         vertex 2.885274e+001 6.100000e+001 1.940228e+001
         vertex 2.889933e+001 6.100000e+001 1.926697e+001
      endloop
   endfacet
   facet normal -9.545875e-001 0.000000e+000 -2.979308e-001
      outer loop
         vertex 2.889933e+001 1.000002e+000 1.926697e+001
         vertex 2.889933e+001 6.100000e+001 1.926697e+001
         vertex 2.894117e+001 1.000002e+000 1.913011e+001
      endloop
   endfacet
   facet normal -9.579897e-001 0.000000e+000 -2.868027e-001
      outer loop
         vertex 2.894117e+001 1.000002e+000 1.913011e+001
         vertex 2.889933e+001 6.100000e+001 1.926697e+001
         vertex 2.894117e+001 6.100000e+001 1.913011e+001
      endloop
   endfacet
   facet normal -9.644036e-001 0.000000e+000 -2.644347e-001
      outer loop
         vertex 2.894117e+001 1.000002e+000 1.913011e+001
         vertex 2.894117e+001 6.100000e+001 1.913011e+001
         vertex 2.897821e+001 1.000002e+000 1.899188e+001
      endloop
   endfacet
   facet normal -9.674153e-001 0.000000e+000 -2.531947e-001
      outer loop
         vertex 2.897821e+001 1.000002e+000 1.899188e+001
         vertex 2.894117e+001 6.100000e+001 1.913011e+001
         vertex 2.897821e+001 6.100000e+001 1.899188e+001
      endloop
   endfacet
   facet normal -9.730448e-001 0.000000e+000 -2.306164e-001
      outer loop
         vertex 2.897821e+001 1.000002e+000 1.899188e+001
         vertex 2.897821e+001 6.100000e+001 1.899188e+001
         vertex 2.901040e+001 1.000002e+000 1.885244e+001
      endloop
   endfacet
   facet normal -9.756624e-001 0.000000e+000 -2.192781e-001
      outer loop
         vertex 2.901040e+001 1.000002e+000 1.885244e+001
         vertex 2.897821e+001 6.100000e+001 1.899188e+001
         vertex 2.901040e+001 6.100000e+001 1.885244e+001
      endloop
   endfacet
   facet normal -9.805004e-001 0.000000e+000 -1.965171e-001
      outer loop
         vertex 2.901040e+001 1.000002e+000 1.885244e+001
         vertex 2.901040e+001 6.100000e+001 1.885244e+001
         vertex 2.903771e+001 1.000002e+000 1.871196e+001
      endloop
   endfacet
   facet normal -9.827207e-001 0.000000e+000 -1.850944e-001
      outer loop
         vertex 2.903771e+001 1.000002e+000 1.871196e+001
         vertex 2.901040e+001 6.100000e+001 1.885244e+001
         vertex 2.903771e+001 6.100000e+001 1.871196e+001
      endloop
   endfacet
   facet normal -9.867615e-001 0.000000e+000 -1.621784e-001
      outer loop
         vertex 2.903771e+001 1.000002e+000 1.871196e+001
         vertex 2.903771e+001 6.100000e+001 1.871196e+001
         vertex 2.906010e+001 1.000002e+000 1.857061e+001
      endloop
   endfacet
   facet normal -9.885818e-001 0.000000e+000 -1.506852e-001
      outer loop
         vertex 2.906010e+001 1.000002e+000 1.857061e+001
         vertex 2.903771e+001 6.100000e+001 1.871196e+001
         vertex 2.906010e+001 6.100000e+001 1.857061e+001
      endloop
   endfacet
   facet normal -9.918203e-001 0.000000e+000 -1.276422e-001
      outer loop
         vertex 2.906010e+001 1.000002e+000 1.857061e+001
         vertex 2.906010e+001 6.100000e+001 1.857061e+001
         vertex 2.907754e+001 1.000002e+000 1.842857e+001
      endloop
   endfacet
   facet normal -9.932384e-001 0.000000e+000 -1.160924e-001
      outer loop
         vertex 2.907754e+001 1.000002e+000 1.842857e+001
         vertex 2.906010e+001 6.100000e+001 1.857061e+001
         vertex 2.907754e+001 6.100000e+001 1.842857e+001
      endloop
   endfacet
   facet normal -9.956707e-001 0.000000e+000 -9.295037e-002
      outer loop
         vertex 2.907754e+001 1.000002e+000 1.842857e+001
         vertex 2.907754e+001 6.100000e+001 1.842857e+001
         vertex 2.909001e+001 1.000002e+000 1.828600e+001
      endloop
   endfacet
   facet normal -9.966849e-001 0.000000e+000 -8.135815e-002
      outer loop
         vertex 2.909001e+001 1.000002e+000 1.828600e+001
         vertex 2.907754e+001 6.100000e+001 1.842857e+001
         vertex 2.909001e+001 6.100000e+001 1.828600e+001
      endloop
   endfacet
   facet normal -9.983081e-001 0.000000e+000 -5.814535e-002
      outer loop
         vertex 2.909001e+001 1.000002e+000 1.828600e+001
         vertex 2.909001e+001 6.100000e+001 1.828600e+001
         vertex 2.909750e+001 1.000002e+000 1.814309e+001
      endloop
   endfacet
   facet normal -9.989172e-001 0.000000e+000 -4.652479e-002
      outer loop
         vertex 2.909750e+001 1.000002e+000 1.814309e+001
         vertex 2.909001e+001 6.100000e+001 1.828600e+001
         vertex 2.909750e+001 6.100000e+001 1.814309e+001
      endloop
   endfacet
   facet normal -9.997292e-001 0.000000e+000 -2.326948e-002
      outer loop
         vertex 2.909750e+001 1.000002e+000 1.814309e+001
         vertex 2.909750e+001 6.100000e+001 1.814309e+001
         vertex 2.910000e+001 1.000002e+000 1.800000e+001
      endloop
   endfacet
   facet normal -9.999323e-001 0.000000e+000 -1.163474e-002
      outer loop
         vertex 2.910000e+001 1.000002e+000 1.800000e+001
         vertex 2.909750e+001 6.100000e+001 1.814309e+001
         vertex 2.910000e+001 6.100000e+001 1.800000e+001
      endloop
   endfacet
   facet normal 0.000000e+000 0.000000e+000 -1.000000e+000
      outer loop
         vertex 2.500000e+001 1.000002e+000 2.210000e+001
         vertex 5.000000e+000 1.000002e+000 2.210000e+001
         vertex 2.500000e+001 6.100000e+001 2.210000e+001
      endloop
   endfacet
   facet normal 0.000000e+000 0.000000e+000 -1.000000e+000
      outer loop
         vertex 2.500000e+001 6.100000e+001 2.210000e+001
         vertex 5.000000e+000 1.000002e+000 2.210000e+001
         vertex 5.000000e+000 6.100000e+001 2.210000e+001
      endloop
   endfacet
   facet normal 9.999323e-001 0.000000e+000 -1.163474e-002
      outer loop
         vertex 8.999994e-001 1.000002e+000 1.800000e+001
         vertex 8.999994e-001 6.100000e+001 1.800000e+001
         vertex 9.024972e-001 1.000002e+000 1.814309e+001
      endloop
   endfacet
   facet normal 9.997292e-001 0.000000e+000 -2.326948e-002
      outer loop
         vertex 9.024972e-001 1.000002e+000 1.814309e+001
         vertex 8.999994e-001 6.100000e+001 1.800000e+001
         vertex 9.024972e-001 6.100000e+001 1.814309e+001
      endloop
   endfacet
   facet normal 9.989172e-001 0.000000e+000 -4.652479e-002
      outer loop
         vertex 9.024972e-001 1.000002e+000 1.814309e+001
         vertex 9.024972e-001 6.100000e+001 1.814309e+001
         vertex 9.099869e-001 1.000002e+000 1.828600e+001
      endloop
   endfacet
   facet normal 9.983081e-001 0.000000e+000 -5.814535e-002
      outer loop
         vertex 9.099869e-001 1.000002e+000 1.828600e+001
         vertex 9.024972e-001 6.100000e+001 1.814309e+001
         vertex 9.099869e-001 6.100000e+001 1.828600e+001
      endloop
   endfacet
   facet normal 9.966849e-001 0.000000e+000 -8.135815e-002
      outer loop
         vertex 9.099869e-001 1.000002e+000 1.828600e+001
         vertex 9.099869e-001 6.100000e+001 1.828600e+001
         vertex 9.224601e-001 1.000002e+000 1.842857e+001
      endloop
   endfacet
   facet normal 9.956707e-001 0.000000e+000 -9.295038e-002
      outer loop
         vertex 9.224601e-001 1.000002e+000 1.842857e+001
         vertex 9.099869e-001 6.100000e+001 1.828600e+001
         vertex 9.224601e-001 6.100000e+001 1.842857e+001
      endloop
   endfacet
   facet normal 9.932384e-001 0.000000e+000 -1.160924e-001
      outer loop
         vertex 9.224601e-001 1.000002e+000 1.842857e+001
         vertex 9.224601e-001 6.100000e+001 1.842857e+001
         vertex 9.399010e-001 1.000002e+000 1.857061e+001
      endloop
   endfacet
   facet normal 9.918203e-001 0.000000e+000 -1.276422e-001
      outer loop
         vertex 9.399010e-001 1.000002e+000 1.857061e+001
         vertex 9.224601e-001 6.100000e+001 1.842857e+001
         vertex 9.399010e-001 6.100000e+001 1.857061e+001
      endloop
   endfacet
   facet normal 9.885818e-001 0.000000e+000 -1.506852e-001
      outer loop
         vertex 9.399010e-001 1.000002e+000 1.857061e+001
         vertex 9.399010e-001 6.100000e+001 1.857061e+001
         vertex 9.622881e-001 1.000002e+000 1.871196e+001
      endloop
   endfacet
   facet normal 9.867615e-001 0.000000e+000 -1.621784e-001
      outer loop
         vertex 9.622881e-001 1.000002e+000 1.871196e+001
         vertex 9.399010e-001 6.100000e+001 1.857061e+001
         vertex 9.622881e-001 6.100000e+001 1.871196e+001
      endloop
   endfacet
   facet normal 9.827207e-001 0.000000e+000 -1.850944e-001
      outer loop
         vertex 9.622881e-001 1.000002e+000 1.871196e+001
         vertex 9.622881e-001 6.100000e+001 1.871196e+001
         vertex 9.895945e-001 1.000002e+000 1.885244e+001
      endloop
   endfacet
   facet normal 9.805004e-001 0.000000e+000 -1.965171e-001
      outer loop
         vertex 9.895945e-001 1.000002e+000 1.885244e+001
         vertex 9.622881e-001 6.100000e+001 1.871196e+001
         vertex 9.895945e-001 6.100000e+001 1.885244e+001
      endloop
   endfacet
   facet normal 9.756624e-001 0.000000e+000 -2.192781e-001
      outer loop
         vertex 9.895945e-001 1.000002e+000 1.885244e+001
         vertex 9.895945e-001 6.100000e+001 1.885244e+001
         vertex 1.021788e+000 1.000002e+000 1.899188e+001
      endloop
   endfacet
   facet normal 9.730448e-001 0.000000e+000 -2.306164e-001
      outer loop
         vertex 1.021788e+000 1.000002e+000 1.899188e+001
         vertex 9.895945e-001 6.100000e+001 1.885244e+001
         vertex 1.021788e+000 6.100000e+001 1.899188e+001
      endloop
   endfacet
   facet normal 9.674153e-001 0.000000e+000 -2.531947e-001
      outer loop
         vertex 1.021788e+000 1.000002e+000 1.899188e+001
         vertex 1.021788e+000 6.100000e+001 1.899188e+001
         vertex 1.058827e+000 1.000002e+000 1.913011e+001
      endloop
   endfacet
   facet normal 9.644036e-001 0.000000e+000 -2.644347e-001
      outer loop
         vertex 1.058827e+000 1.000002e+000 1.913011e+001
         vertex 1.021788e+000 6.100000e+001 1.899188e+001
         vertex 1.058827e+000 6.100000e+001 1.913011e+001
      endloop
   endfacet
   facet normal 9.579897e-001 0.000000e+000 -2.868027e-001
      outer loop
         vertex 1.058827e+000 1.000002e+000 1.913011e+001
         vertex 1.058827e+000 6.100000e+001 1.913011e+001
         vertex 1.100668e+000 1.000002e+000 1.926697e+001
      endloop
   endfacet
   facet normal 9.545875e-001 0.000000e+000 -2.979308e-001
      outer loop
         vertex 1.100668e+000 1.000002e+000 1.926697e+001
         vertex 1.058827e+000 6.100000e+001 1.913011e+001
         vertex 1.100668e+000 6.100000e+001 1.926697e+001
      endloop
   endfacet
   facet normal 9.473968e-001 0.000000e+000 -3.200614e-001
      outer loop
         vertex 1.100668e+000 1.000002e+000 1.926697e+001
         vertex 1.100668e+000 6.100000e+001 1.926697e+001
         vertex 1.147260e+000 1.000002e+000 1.940228e+001
      endloop
   endfacet
   facet normal 9.436083e-001 0.000000e+000 -3.310639e-001
      outer loop
         vertex 1.147260e+000 1.000002e+000 1.940228e+001
         vertex 1.100668e+000 6.100000e+001 1.926697e+001
         vertex 1.147260e+000 6.100000e+001 1.940228e+001
      endloop
   endfacet
   facet normal 9.356497e-001 0.000000e+000 -3.529301e-001
      outer loop
         vertex 1.147260e+000 1.000002e+000 1.940228e+001
         vertex 1.147260e+000 6.100000e+001 1.940228e+001
         vertex 1.198546e+000 1.000002e+000 1.953589e+001
      endloop
   endfacet
   facet normal 9.314795e-001 0.000000e+000 -3.637937e-001
      outer loop
         vertex 1.198546e+000 1.000002e+000 1.953589e+001
         vertex 1.147260e+000 6.100000e+001 1.940228e+001
         vertex 1.198546e+000 6.100000e+001 1.953589e+001
      endloop
   endfacet
   facet normal 9.227627e-001 0.000000e+000 -3.853688e-001
      outer loop
         vertex 1.198546e+000 1.000002e+000 1.953589e+001
         vertex 1.198546e+000 6.100000e+001 1.953589e+001
         vertex 1.254464e+000 1.000002e+000 1.966762e+001
      endloop
   endfacet
   facet normal 9.182159e-001 0.000000e+000 -3.960803e-001
      outer loop
         vertex 1.254464e+000 1.000002e+000 1.966762e+001
         vertex 1.198546e+000 6.100000e+001 1.953589e+001
         vertex 1.254464e+000 6.100000e+001 1.966762e+001
      endloop
   endfacet
   facet normal 9.087514e-001 0.000000e+000 -4.173380e-001
      outer loop
         vertex 1.254464e+000 1.000002e+000 1.966762e+001
         vertex 1.254464e+000 6.100000e+001 1.966762e+001
         vertex 1.314945e+000 1.000002e+000 1.979732e+001
      endloop
   endfacet
   facet normal 9.038336e-001 0.000000e+000 -4.278843e-001
      outer loop
         vertex 1.314945e+000 1.000002e+000 1.979732e+001
         vertex 1.254464e+000 6.100000e+001 1.966762e+001
         vertex 1.314945e+000 6.100000e+001 1.979732e+001
      endloop
   endfacet
   facet normal 8.936329e-001 0.000000e+000 -4.487987e-001
      outer loop
         vertex 1.314945e+000 1.000002e+000 1.979732e+001
         vertex 1.314945e+000 6.100000e+001 1.979732e+001
         vertex 1.379915e+000 1.000002e+000 1.992484e+001
      endloop
   endfacet
   facet normal 8.883500e-001 0.000000e+000 -4.591669e-001
      outer loop
         vertex 1.379915e+000 1.000002e+000 1.992484e+001
         vertex 1.314945e+000 6.100000e+001 1.979732e+001
         vertex 1.379915e+000 6.100000e+001 1.992484e+001
      endloop
   endfacet
   facet normal 8.774257e-001 0.000000e+000 -4.797127e-001
      outer loop
         vertex 1.379915e+000 1.000002e+000 1.992484e+001
         vertex 1.379915e+000 6.100000e+001 1.992484e+001
         vertex 1.449295e+000 1.000002e+000 2.005000e+001
      endloop
   endfacet
   facet normal 8.717842e-001 0.000000e+000 -4.898902e-001
      outer loop
         vertex 1.449295e+000 1.000002e+000 2.005000e+001
         vertex 1.379915e+000 6.100000e+001 1.992484e+001
         vertex 1.449295e+000 6.100000e+001 2.005000e+001
      endloop
   endfacet
   facet normal 8.601494e-001 0.000000e+000 -5.100421e-001
      outer loop
         vertex 1.449295e+000 1.000002e+000 2.005000e+001
         vertex 1.449295e+000 6.100000e+001 2.005000e+001
         vertex 1.523003e+000 1.000002e+000 2.017267e+001
      endloop
   endfacet
   facet normal 8.541561e-001 0.000000e+000 -5.200166e-001
      outer loop
         vertex 1.523003e+000 1.000002e+000 2.017267e+001
         vertex 1.449295e+000 6.100000e+001 2.005000e+001
         vertex 1.523003e+000 6.100000e+001 2.017267e+001
      endloop
   endfacet
   facet normal 8.418252e-001 0.000000e+000 -5.397502e-001
      outer loop
         vertex 1.523003e+000 1.000002e+000 2.017267e+001
         vertex 1.523003e+000 6.100000e+001 2.017267e+001
         vertex 1.600945e+000 1.000002e+000 2.029269e+001
      endloop
   endfacet
   facet normal 8.354875e-001 0.000000e+000 -5.495094e-001
      outer loop
         vertex 1.600945e+000 1.000002e+000 2.029269e+001
         vertex 1.523003e+000 6.100000e+001 2.017267e+001
         vertex 1.600945e+000 6.100000e+001 2.029269e+001
      endloop
   endfacet
   facet normal 8.224754e-001 0.000000e+000 -5.688007e-001
      outer loop
         vertex 1.600945e+000 1.000002e+000 2.029269e+001
         vertex 1.600945e+000 6.100000e+001 2.029269e+001
         vertex 1.683030e+000 1.000002e+000 2.040992e+001
      endloop
   endfacet
   facet normal 8.158010e-001 0.000000e+000 -5.783327e-001
      outer loop
         vertex 1.683030e+000 1.000002e+000 2.040992e+001
         vertex 1.600945e+000 6.100000e+001 2.029269e+001
         vertex 1.683030e+000 6.100000e+001 2.040992e+001
      endloop
   endfacet
   facet normal 8.021235e-001 0.000000e+000 -5.971582e-001
      outer loop
         vertex 1.683030e+000 1.000002e+000 2.040992e+001
         vertex 1.683030e+000 6.100000e+001 2.040992e+001
         vertex 1.769155e+000 1.000002e+000 2.052421e+001
      endloop
   endfacet
   facet normal 7.951205e-001 0.000000e+000 -6.064515e-001
      outer loop
         vertex 1.769155e+000 1.000002e+000 2.052421e+001
         vertex 1.683030e+000 6.100000e+001 2.040992e+001
         vertex 1.769155e+000 6.100000e+001 2.052421e+001
      endloop
   endfacet
   facet normal 7.807943e-001 0.000000e+000 -6.247881e-001
      outer loop
         vertex 1.769155e+000 1.000002e+000 2.052421e+001
         vertex 1.769155e+000 6.100000e+001 2.052421e+001
         vertex 1.859218e+000 1.000002e+000 2.063543e+001
      endloop
   endfacet
   facet normal 7.734712e-001 0.000000e+000 -6.338314e-001
      outer loop
         vertex 1.859218e+000 1.000002e+000 2.063543e+001
         vertex 1.769155e+000 6.100000e+001 2.052421e+001
         vertex 1.859218e+000 6.100000e+001 2.063543e+001
      endloop
   endfacet
   facet normal 7.585139e-001 0.000000e+000 -6.516569e-001
      outer loop
         vertex 1.859218e+000 1.000002e+000 2.063543e+001
         vertex 1.859218e+000 6.100000e+001 2.063543e+001
         vertex 1.953106e+000 1.000002e+000 2.074343e+001
      endloop
   endfacet
   facet normal 7.508796e-001 0.000000e+000 -6.604390e-001
      outer loop
         vertex 1.953106e+000 1.000002e+000 2.074343e+001
         vertex 1.859218e+000 6.100000e+001 2.063543e+001
         vertex 1.953106e+000 6.100000e+001 2.074343e+001
      endloop
   endfacet
   facet normal 7.353093e-001 0.000000e+000 -6.777316e-001
      outer loop
         vertex 1.953106e+000 1.000002e+000 2.074343e+001
         vertex 1.953106e+000 6.100000e+001 2.074343e+001
         vertex 2.050706e+000 1.000002e+000 2.084810e+001
      endloop
   endfacet
   facet normal 7.273733e-001 0.000000e+000 -6.862420e-001
      outer loop
         vertex 2.050706e+000 1.000002e+000 2.084810e+001
         vertex 1.953106e+000 6.100000e+001 2.074343e+001
         vertex 2.050706e+000 6.100000e+001 2.084810e+001
      endloop
   endfacet
   facet normal 7.112089e-001 0.000000e+000 -7.029807e-001
      outer loop
         vertex 2.050706e+000 1.000002e+000 2.084810e+001
         vertex 2.050706e+000 6.100000e+001 2.084810e+001
         vertex 2.151900e+000 1.000002e+000 2.094929e+001
      endloop
   endfacet
   facet normal 7.029806e-001 0.000000e+000 -7.112090e-001
      outer loop
         vertex 2.151900e+000 1.000002e+000 2.094929e+001
         vertex 2.050706e+000 6.100000e+001 2.084810e+001
         vertex 2.151900e+000 6.100000e+001 2.094929e+001
      endloop
   endfacet
   facet normal 6.862420e-001 0.000000e+000 -7.273733e-001
      outer loop
         vertex 2.151900e+000 1.000002e+000 2.094929e+001
         vertex 2.151900e+000 6.100000e+001 2.094929e+001
         vertex 2.256564e+000 1.000002e+000 2.104689e+001
      endloop
   endfacet
   facet normal 6.777316e-001 0.000000e+000 -7.353093e-001
      outer loop
         vertex 2.256564e+000 1.000002e+000 2.104689e+001
         vertex 2.151900e+000 6.100000e+001 2.094929e+001
         vertex 2.256564e+000 6.100000e+001 2.104689e+001
      endloop
   endfacet
   facet normal 6.604390e-001 0.000000e+000 -7.508796e-001
      outer loop
         vertex 2.256564e+000 1.000002e+000 2.104689e+001
         vertex 2.256564e+000 6.100000e+001 2.104689e+001
         vertex 2.364570e+000 1.000002e+000 2.114078e+001
      endloop
   endfacet
   facet normal 6.516569e-001 0.000000e+000 -7.585139e-001
      outer loop
         vertex 2.364570e+000 1.000002e+000 2.114078e+001
         vertex 2.256564e+000 6.100000e+001 2.104689e+001
         vertex 2.364570e+000 6.100000e+001 2.114078e+001
      endloop
   endfacet
   facet normal 6.338314e-001 0.000000e+000 -7.734712e-001
      outer loop
         vertex 2.364570e+000 1.000002e+000 2.114078e+001
         vertex 2.364570e+000 6.100000e+001 2.114078e+001
         vertex 2.475788e+000 1.000002e+000 2.123084e+001
      endloop
   endfacet
   facet normal 6.247881e-001 0.000000e+000 -7.807944e-001
      outer loop
         vertex 2.475788e+000 1.000002e+000 2.123084e+001
         vertex 2.364570e+000 6.100000e+001 2.114078e+001
         vertex 2.475788e+000 6.100000e+001 2.123084e+001
      endloop
   endfacet
   facet normal 6.064515e-001 0.000000e+000 -7.951205e-001
      outer loop
         vertex 2.475788e+000 1.000002e+000 2.123084e+001
         vertex 2.475788e+000 6.100000e+001 2.123084e+001
         vertex 2.590080e+000 1.000002e+000 2.131697e+001
      endloop
   endfacet
   facet normal 5.971582e-001 0.000000e+000 -8.021235e-001
      outer loop
         vertex 2.590080e+000 1.000002e+000 2.131697e+001
         vertex 2.475788e+000 6.100000e+001 2.123084e+001
         vertex 2.590080e+000 6.100000e+001 2.131697e+001
      endloop
   endfacet
   facet normal 5.783327e-001 0.000000e+000 -8.158010e-001
      outer loop
         vertex 2.590080e+000 1.000002e+000 2.131697e+001
         vertex 2.590080e+000 6.100000e+001 2.131697e+001
         vertex 2.707309e+000 1.000002e+000 2.139906e+001
      endloop
   endfacet
   facet normal 5.688007e-001 0.000000e+000 -8.224754e-001
      outer loop
         vertex 2.707309e+000 1.000002e+000 2.139906e+001
         vertex 2.590080e+000 6.100000e+001 2.131697e+001
         vertex 2.707309e+000 6.100000e+001 2.139906e+001
      endloop
   endfacet
   facet normal 5.495094e-001 0.000000e+000 -8.354875e-001
      outer loop
         vertex 2.707309e+000 1.000002e+000 2.139906e+001
         vertex 2.707309e+000 6.100000e+001 2.139906e+001
         vertex 2.827331e+000 1.000002e+000 2.147700e+001
      endloop
   endfacet
   facet normal 5.397502e-001 0.000000e+000 -8.418252e-001
      outer loop
         vertex 2.827331e+000 1.000002e+000 2.147700e+001
         vertex 2.707309e+000 6.100000e+001 2.139906e+001
         vertex 2.827331e+000 6.100000e+001 2.147700e+001
      endloop
   endfacet
   facet normal 5.200166e-001 0.000000e+000 -8.541562e-001
      outer loop
         vertex 2.827331e+000 1.000002e+000 2.147700e+001
         vertex 2.827331e+000 6.100000e+001 2.147700e+001
         vertex 2.950000e+000 1.000002e+000 2.155070e+001
      endloop
   endfacet
   facet normal 5.100421e-001 0.000000e+000 -8.601494e-001
      outer loop
         vertex 2.950000e+000 1.000002e+000 2.155070e+001
         vertex 2.827331e+000 6.100000e+001 2.147700e+001
         vertex 2.950000e+000 6.100000e+001 2.155070e+001
      endloop
   endfacet
   facet normal 4.898902e-001 0.000000e+000 -8.717842e-001
      outer loop
         vertex 2.950000e+000 1.000002e+000 2.155070e+001
         vertex 2.950000e+000 6.100000e+001 2.155070e+001
         vertex 3.075167e+000 1.000002e+000 2.162008e+001
      endloop
   endfacet
   facet normal 4.797127e-001 0.000000e+000 -8.774256e-001
      outer loop
         vertex 3.075167e+000 1.000002e+000 2.162008e+001
         vertex 2.950000e+000 6.100000e+001 2.155070e+001
         vertex 3.075167e+000 6.100000e+001 2.162008e+001
      endloop
   endfacet
   facet normal 4.591669e-001 0.000000e+000 -8.883500e-001
      outer loop
         vertex 3.075167e+000 1.000002e+000 2.162008e+001
         vertex 3.075167e+000 6.100000e+001 2.162008e+001
         vertex 3.202678e+000 1.000002e+000 2.168506e+001
      endloop
   endfacet
   facet normal 4.487987e-001 0.000000e+000 -8.936329e-001
      outer loop
         vertex 3.202678e+000 1.000002e+000 2.168506e+001
         vertex 3.075167e+000 6.100000e+001 2.162008e+001
         vertex 3.202678e+000 6.100000e+001 2.168506e+001
      endloop
   endfacet
   facet normal 4.278843e-001 0.000000e+000 -9.038336e-001
      outer loop
         vertex 3.202678e+000 1.000002e+000 2.168506e+001
         vertex 3.202678e+000 6.100000e+001 2.168506e+001
         vertex 3.332379e+000 1.000002e+000 2.174554e+001
      endloop
   endfacet
   facet normal 4.173380e-001 0.000000e+000 -9.087514e-001
      outer loop
         vertex 3.332379e+000 1.000002e+000 2.174554e+001
         vertex 3.202678e+000 6.100000e+001 2.168506e+001
         vertex 3.332379e+000 6.100000e+001 2.174554e+001
      endloop
   endfacet
   facet normal 3.960802e-001 0.000000e+000 -9.182159e-001
      outer loop
         vertex 3.332379e+000 1.000002e+000 2.174554e+001
         vertex 3.332379e+000 6.100000e+001 2.174554e+001
         vertex 3.464113e+000 1.000002e+000 2.180145e+001
      endloop
   endfacet
   facet normal 3.853688e-001 0.000000e+000 -9.227627e-001
      outer loop
         vertex 3.464113e+000 1.000002e+000 2.180145e+001
         vertex 3.332379e+000 6.100000e+001 2.174554e+001
         vertex 3.464113e+000 6.100000e+001 2.180145e+001
      endloop
   endfacet
   facet normal 3.637937e-001 0.000000e+000 -9.314796e-001
      outer loop
         vertex 3.464113e+000 1.000002e+000 2.180145e+001
         vertex 3.464113e+000 6.100000e+001 2.180145e+001
         vertex 3.597717e+000 1.000002e+000 2.185274e+001
      endloop
   endfacet
   facet normal 3.529301e-001 0.000000e+000 -9.356497e-001
      outer loop
         vertex 3.597717e+000 1.000002e+000 2.185274e+001
         vertex 3.464113e+000 6.100000e+001 2.180145e+001
         vertex 3.597717e+000 6.100000e+001 2.185274e+001
      endloop
   endfacet
   facet normal 3.310639e-001 0.000000e+000 -9.436083e-001
      outer loop
         vertex 3.597717e+000 1.000002e+000 2.185274e+001
         vertex 3.597717e+000 6.100000e+001 2.185274e+001
         vertex 3.733031e+000 1.000002e+000 2.189933e+001
      endloop
   endfacet
   facet normal 3.200614e-001 0.000000e+000 -9.473968e-001
      outer loop
         vertex 3.733031e+000 1.000002e+000 2.189933e+001
         vertex 3.597717e+000 6.100000e+001 2.185274e+001
         vertex 3.733031e+000 6.100000e+001 2.189933e+001
      endloop
   endfacet
   facet normal 2.979308e-001 0.000000e+000 -9.545875e-001
      outer loop
         vertex 3.733031e+000 1.000002e+000 2.189933e+001
         vertex 3.733031e+000 6.100000e+001 2.189933e+001
         vertex 3.869886e+000 1.000002e+000 2.194117e+001
      endloop
   endfacet
   facet normal 2.868027e-001 0.000000e+000 -9.579897e-001
      outer loop
         vertex 3.869886e+000 1.000002e+000 2.194117e+001
         vertex 3.733031e+000 6.100000e+001 2.189933e+001
         vertex 3.869886e+000 6.100000e+001 2.194117e+001
      endloop
   endfacet
   facet normal 2.644347e-001 0.000000e+000 -9.644036e-001
      outer loop
         vertex 3.869886e+000 1.000002e+000 2.194117e+001
         vertex 3.869886e+000 6.100000e+001 2.194117e+001
         vertex 4.008120e+000 1.000002e+000 2.197821e+001
      endloop
   endfacet
   facet normal 2.531947e-001 0.000000e+000 -9.674153e-001
      outer loop
         vertex 4.008120e+000 1.000002e+000 2.197821e+001
         vertex 3.869886e+000 6.100000e+001 2.194117e+001
         vertex 4.008120e+000 6.100000e+001 2.197821e+001
      endloop
   endfacet
   facet normal 2.306164e-001 0.000000e+000 -9.730448e-001
      outer loop
         vertex 4.008120e+000 1.000002e+000 2.197821e+001
         vertex 4.008120e+000 6.100000e+001 2.197821e+001
         vertex 4.147562e+000 1.000002e+000 2.201040e+001
      endloop
   endfacet
   facet normal 2.192781e-001 0.000000e+000 -9.756624e-001
      outer loop
         vertex 4.147562e+000 1.000002e+000 2.201040e+001
         vertex 4.008120e+000 6.100000e+001 2.197821e+001
         vertex 4.147562e+000 6.100000e+001 2.201040e+001
      endloop
   endfacet
   facet normal 1.965171e-001 0.000000e+000 -9.805004e-001
      outer loop
         vertex 4.147562e+000 1.000002e+000 2.201040e+001
         vertex 4.147562e+000 6.100000e+001 2.201040e+001
         vertex 4.288042e+000 1.000002e+000 2.203771e+001
      endloop
   endfacet
   facet normal 1.850944e-001 0.000000e+000 -9.827207e-001
      outer loop
         vertex 4.288042e+000 1.000002e+000 2.203771e+001
         vertex 4.147562e+000 6.100000e+001 2.201040e+001
         vertex 4.288042e+000 6.100000e+001 2.203771e+001
      endloop
   endfacet
   facet normal 1.621784e-001 0.000000e+000 -9.867615e-001
      outer loop
         vertex 4.288042e+000 1.000002e+000 2.203771e+001
         vertex 4.288042e+000 6.100000e+001 2.203771e+001
         vertex 4.429390e+000 1.000002e+000 2.206010e+001
      endloop
   endfacet
   facet normal 1.506852e-001 0.000000e+000 -9.885818e-001
      outer loop
         vertex 4.429390e+000 1.000002e+000 2.206010e+001
         vertex 4.288042e+000 6.100000e+001 2.203771e+001
         vertex 4.429390e+000 6.100000e+001 2.206010e+001
      endloop
   endfacet
   facet normal 1.276422e-001 0.000000e+000 -9.918203e-001
      outer loop
         vertex 4.429390e+000 1.000002e+000 2.206010e+001
         vertex 4.429390e+000 6.100000e+001 2.206010e+001
         vertex 4.571433e+000 1.000002e+000 2.207754e+001
      endloop
   endfacet
   facet normal 1.160924e-001 0.000000e+000 -9.932384e-001
      outer loop
         vertex 4.571433e+000 1.000002e+000 2.207754e+001
         vertex 4.429390e+000 6.100000e+001 2.206010e+001
         vertex 4.571433e+000 6.100000e+001 2.207754e+001
      endloop
   endfacet
   facet normal 9.295037e-002 0.000000e+000 -9.956707e-001
      outer loop
         vertex 4.571433e+000 1.000002e+000 2.207754e+001
         vertex 4.571433e+000 6.100000e+001 2.207754e+001
         vertex 4.713998e+000 1.000002e+000 2.209001e+001
      endloop
   endfacet
   facet normal 8.135815e-002 0.000000e+000 -9.966849e-001
      outer loop
         vertex 4.713998e+000 1.000002e+000 2.209001e+001
         vertex 4.571433e+000 6.100000e+001 2.207754e+001
         vertex 4.713998e+000 6.100000e+001 2.209001e+001
      endloop
   endfacet
   facet normal 5.814535e-002 0.000000e+000 -9.983081e-001
      outer loop
         vertex 4.713998e+000 1.000002e+000 2.209001e+001
         vertex 4.713998e+000 6.100000e+001 2.209001e+001
         vertex 4.856912e+000 1.000002e+000 2.209750e+001
      endloop
   endfacet
   facet normal 4.652479e-002 0.000000e+000 -9.989172e-001
      outer loop
         vertex 4.856912e+000 1.000002e+000 2.209750e+001
         vertex 4.713998e+000 6.100000e+001 2.209001e+001
         vertex 4.856912e+000 6.100000e+001 2.209750e+001
      endloop
   endfacet
   facet normal 2.326948e-002 0.000000e+000 -9.997292e-001
      outer loop
         vertex 4.856912e+000 1.000002e+000 2.209750e+001
         vertex 4.856912e+000 6.100000e+001 2.209750e+001
         vertex 5.000000e+000 1.000002e+000 2.210000e+001
      endloop
   endfacet
   facet normal 1.163474e-002 0.000000e+000 -9.999323e-001
      outer loop
         vertex 5.000000e+000 1.000002e+000 2.210000e+001
         vertex 4.856912e+000 6.100000e+001 2.209750e+001
         vertex 5.000000e+000 6.100000e+001 2.210000e+001
      endloop
   endfacet
   facet normal 1.000000e+000 0.000000e+000 0.000000e+000
      outer loop
         vertex 8.999994e-001 1.000002e+000 1.800000e+001
         vertex 8.999994e-001 1.000002e+000 7.550125e+000
         vertex 8.999994e-001 1.100000e+001 7.550125e+000
      endloop
   endfacet
   facet normal 1.000000e+000 0.000000e+000 0.000000e+000
      outer loop
         vertex 8.999994e-001 1.000002e+000 4.196341e+000
         vertex 8.999994e-001 1.000002e+000 2.000000e+000
         vertex 8.999994e-001 1.100000e+001 4.196341e+000
      endloop
   endfacet
   facet normal 1.000000e+000 0.000000e+000 0.000000e+000
      outer loop
         vertex 8.999994e-001 1.100000e+001 4.196341e+000
         vertex 8.999994e-001 1.000002e+000 2.000000e+000
         vertex 8.999994e-001 6.100000e+001 2.000000e+000
      endloop
   endfacet
   facet normal 1.000000e+000 0.000000e+000 0.000000e+000
      outer loop
         vertex 8.999994e-001 1.100000e+001 4.196341e+000
         vertex 8.999994e-001 6.100000e+001 2.000000e+000
         vertex 8.999994e-001 1.100000e+001 7.550125e+000
      endloop
   endfacet
   facet normal 1.000000e+000 0.000000e+000 0.000000e+000
      outer loop
         vertex 8.999994e-001 1.100000e+001 7.550125e+000
         vertex 8.999994e-001 6.100000e+001 2.000000e+000
         vertex 8.999994e-001 6.100000e+001 1.800000e+001
      endloop
   endfacet
   facet normal 1.000000e+000 0.000000e+000 0.000000e+000
      outer loop
         vertex 8.999994e-001 1.100000e+001 7.550125e+000
         vertex 8.999994e-001 6.100000e+001 1.800000e+001
         vertex 8.999994e-001 1.000002e+000 1.800000e+001
      endloop
   endfacet
   facet normal 0.000000e+000 -1.000000e+000 0.000000e+000
      outer loop
         vertex 2.800000e+001 0.000000e+000 0.000000e+000
         vertex 3.000000e+001 0.000000e+000 2.000000e+000
         vertex 1.999999e+000 0.000000e+000 0.000000e+000
      endloop
   endfacet
   facet normal 0.000000e+000 -1.000000e+000 0.000000e+000
      outer loop
         vertex 1.999999e+000 0.000000e+000 0.000000e+000
         vertex 3.000000e+001 0.000000e+000 2.000000e+000
         vertex 0.000000e+000 0.000000e+000 2.000000e+000
      endloop
   endfacet
   facet normal 0.000000e+000 -1.000000e+000 0.000000e+000
      outer loop
         vertex 1.999999e+000 0.000000e+000 0.000000e+000
         vertex 0.000000e+000 0.000000e+000 2.000000e+000
         vertex 1.930200e+000 0.000000e+000 1.218170e-003
      endloop
   endfacet
   facet normal 0.000000e+000 -1.000000e+000 0.000000e+000
      outer loop
         vertex 2.879680e+001 0.000000e+000 1.655771e-001
         vertex 2.885897e+001 0.000000e+000 1.938506e-001
         vertex 3.000000e+001 0.000000e+000 2.000000e+000
      endloop
   endfacet
   facet normal 0.000000e+000 -1.000000e+000 0.000000e+000
      outer loop
         vertex 3.000000e+001 0.000000e+000 2.000000e+000
         vertex 2.885897e+001 0.000000e+000 1.938506e-001
         vertex 2.892013e+001 0.000000e+000 2.242294e-001
      endloop
   endfacet
   facet normal 0.000000e+000 -1.000000e+000 0.000000e+000
      outer loop
         vertex 2.980615e+001 0.000000e+000 1.141033e+000
         vertex 2.983442e+001 0.000000e+000 1.203197e+000
         vertex 3.000000e+001 0.000000e+000 2.000000e+000
      endloop
   endfacet
   facet normal 0.000000e+000 -1.000000e+000 0.000000e+000
      outer loop
         vertex 3.000000e+001 0.000000e+000 2.000000e+000
         vertex 3.000000e+001 0.000000e+000 1.800000e+001
         vertex 2.500000e+001 0.000000e+000 2.300000e+001
      endloop
   endfacet
   facet normal 0.000000e+000 -1.000000e+000 0.000000e+000
      outer loop
         vertex 2.500000e+001 0.000000e+000 2.300000e+001
         vertex 3.000000e+001 0.000000e+000 1.800000e+001
         vertex 2.999695e+001 0.000000e+000 1.817450e+001
      endloop
   endfacet
   facet normal 0.000000e+000 -1.000000e+000 0.000000e+000
      outer loop
         vertex 2.500000e+001 0.000000e+000 2.300000e+001
         vertex 2.999695e+001 0.000000e+000 1.817450e+001
         vertex 2.998782e+001 0.000000e+000 1.834878e+001
      endloop
   endfacet
   facet normal 0.000000e+000 -1.000000e+000 0.000000e+000
      outer loop
         vertex 1.315960e+000 0.000000e+000 1.206147e-001
         vertex 1.381965e+000 0.000000e+000 9.788666e-002
         vertex 0.000000e+000 0.000000e+000 2.000000e+000
      endloop
   endfacet
   facet normal 0.000000e+000 -1.000000e+000 0.000000e+000
      outer loop
         vertex 0.000000e+000 0.000000e+000 2.000000e+000
         vertex 1.381965e+000 0.000000e+000 9.788666e-002
         vertex 1.448725e+000 0.000000e+000 7.747672e-002
      endloop
   endfacet
   facet normal 0.000000e+000 -1.000000e+000 0.000000e+000
      outer loop
         vertex 0.000000e+000 0.000000e+000 2.000000e+000
         vertex 1.448725e+000 0.000000e+000 7.747672e-002
         vertex 1.516156e+000 0.000000e+000 5.940814e-002
      endloop
   endfacet
   facet normal 0.000000e+000 -1.000000e+000 0.000000e+000
      outer loop
         vertex 1.516156e+000 0.000000e+000 5.940814e-002
         vertex 1.584176e+000 0.000000e+000 4.370511e-002
         vertex 0.000000e+000 0.000000e+000 2.000000e+000
      endloop
   endfacet
   facet normal 0.000000e+000 -1.000000e+000 0.000000e+000
      outer loop
         vertex 0.000000e+000 0.000000e+000 2.000000e+000
         vertex 1.584176e+000 0.000000e+000 4.370511e-002
         vertex 1.652704e+000 0.000000e+000 3.038440e-002
      endloop
   endfacet
   facet normal 0.000000e+000 -1.000000e+000 0.000000e+000
      outer loop
         vertex 0.000000e+000 0.000000e+000 2.000000e+000
         vertex 1.652704e+000 0.000000e+000 3.038440e-002
         vertex 1.721653e+000 0.000000e+000 1.946371e-002
      endloop
   endfacet
   facet normal 0.000000e+000 -1.000000e+000 0.000000e+000
      outer loop
         vertex 2.800000e+001 0.000000e+000 0.000000e+000
         vertex 2.806828e+001 0.000000e+000 1.166016e-003
         vertex 3.000000e+001 0.000000e+000 2.000000e+000
      endloop
   endfacet
   facet normal 0.000000e+000 -1.000000e+000 0.000000e+000
      outer loop
         vertex 3.000000e+001 0.000000e+000 2.000000e+000
         vertex 2.806828e+001 0.000000e+000 1.166016e-003
         vertex 2.813648e+001 0.000000e+000 4.662201e-003
      endloop
   endfacet
   facet normal 0.000000e+000 -1.000000e+000 0.000000e+000
      outer loop
         vertex 3.000000e+001 0.000000e+000 2.000000e+000
         vertex 2.813648e+001 0.000000e+000 4.662201e-003
         vertex 2.820453e+001 0.000000e+000 1.048576e-002
      endloop
   endfacet
   facet normal 0.000000e+000 -1.000000e+000 0.000000e+000
      outer loop
         vertex 2.860503e+001 0.000000e+000 9.371061e-002
         vertex 2.866976e+001 0.000000e+000 1.154779e-001
         vertex 3.000000e+001 0.000000e+000 2.000000e+000
      endloop
   endfacet
   facet normal 0.000000e+000 -1.000000e+000 0.000000e+000
      outer loop
         vertex 3.000000e+001 0.000000e+000 2.000000e+000
         vertex 2.866976e+001 0.000000e+000 1.154779e-001
         vertex 2.873371e+001 0.000000e+000 1.394432e-001
      endloop
   endfacet
   facet normal 0.000000e+000 -1.000000e+000 0.000000e+000
      outer loop
         vertex 3.000000e+001 0.000000e+000 2.000000e+000
         vertex 2.873371e+001 0.000000e+000 1.394432e-001
         vertex 2.879680e+001 0.000000e+000 1.655771e-001
      endloop
   endfacet
   facet normal 0.000000e+000 -1.000000e+000 0.000000e+000
      outer loop
         vertex 2.980631e+001 0.000000e+000 1.937819e+001
         vertex 2.975528e+001 0.000000e+000 1.954509e+001
         vertex 2.500000e+001 0.000000e+000 2.300000e+001
      endloop
   endfacet
   facet normal 0.000000e+000 -1.000000e+000 0.000000e+000
      outer loop
         vertex 2.500000e+001 0.000000e+000 2.300000e+001
         vertex 2.975528e+001 0.000000e+000 1.954509e+001
         vertex 2.969846e+001 0.000000e+000 1.971010e+001
      endloop
   endfacet
   facet normal 0.000000e+000 -1.000000e+000 0.000000e+000
      outer loop
         vertex 2.500000e+001 0.000000e+000 2.300000e+001
         vertex 2.969846e+001 0.000000e+000 1.971010e+001
         vertex 2.517450e+001 0.000000e+000 2.299695e+001
      endloop
   endfacet
   facet normal 0.000000e+000 -1.000000e+000 0.000000e+000
      outer loop
         vertex 2.654509e+001 0.000000e+000 2.275528e+001
         vertex 2.637819e+001 0.000000e+000 2.280631e+001
         vertex 2.969846e+001 0.000000e+000 1.971010e+001
      endloop
   endfacet
   facet normal 0.000000e+000 -1.000000e+000 0.000000e+000
      outer loop
         vertex 2.969846e+001 0.000000e+000 1.971010e+001
         vertex 2.637819e+001 0.000000e+000 2.280631e+001
         vertex 2.620961e+001 0.000000e+000 2.285148e+001
      endloop
   endfacet
   facet normal 0.000000e+000 -1.000000e+000 0.000000e+000
      outer loop
         vertex 4.870817e-003 0.000000e+000 1.860487e+000
         vertex 1.095608e-002 0.000000e+000 1.790943e+000
         vertex 1.250787e+000 0.000000e+000 1.456323e-001
      endloop
   endfacet
   facet normal 0.000000e+000 -1.000000e+000 0.000000e+000
      outer loop
         vertex 1.250787e+000 0.000000e+000 1.456323e-001
         vertex 1.095608e-002 0.000000e+000 1.790943e+000
         vertex 1.946278e-002 0.000000e+000 1.721654e+000
      endloop
   endfacet
   facet normal 0.000000e+000 -1.000000e+000 0.000000e+000
      outer loop
         vertex 1.250787e+000 0.000000e+000 1.456323e-001
         vertex 1.946278e-002 0.000000e+000 1.721654e+000
         vertex 3.038347e-002 0.000000e+000 1.652704e+000
      endloop
   endfacet
   facet normal 0.000000e+000 -1.000000e+000 0.000000e+000
      outer loop
         vertex 2.820453e+001 0.000000e+000 1.048576e-002
         vertex 2.827233e+001 0.000000e+000 1.862831e-002
         vertex 3.000000e+001 0.000000e+000 2.000000e+000
      endloop
   endfacet
   facet normal 0.000000e+000 -1.000000e+000 0.000000e+000
      outer loop
         vertex 3.000000e+001 0.000000e+000 2.000000e+000
         vertex 2.827233e+001 0.000000e+000 1.862831e-002
         vertex 2.833982e+001 0.000000e+000 2.908055e-002
      endloop
   endfacet
   facet normal 0.000000e+000 -1.000000e+000 0.000000e+000
      outer loop
         vertex 3.000000e+001 0.000000e+000 2.000000e+000
         vertex 2.833982e+001 0.000000e+000 2.908055e-002
         vertex 2.840691e+001 0.000000e+000 4.183128e-002
      endloop
   endfacet
   facet normal 0.000000e+000 -1.000000e+000 0.000000e+000
      outer loop
         vertex 2.840691e+001 0.000000e+000 4.183128e-002
         vertex 2.847353e+001 0.000000e+000 5.686563e-002
         vertex 3.000000e+001 0.000000e+000 2.000000e+000
      endloop
   endfacet
   facet normal 0.000000e+000 -1.000000e+000 0.000000e+000
      outer loop
         vertex 3.000000e+001 0.000000e+000 2.000000e+000
         vertex 2.847353e+001 0.000000e+000 5.686563e-002
         vertex 2.853959e+001 0.000000e+000 7.416494e-002
      endloop
   endfacet
   facet normal 0.000000e+000 -1.000000e+000 0.000000e+000
      outer loop
         vertex 3.000000e+001 0.000000e+000 2.000000e+000
         vertex 2.853959e+001 0.000000e+000 7.416494e-002
         vertex 2.860503e+001 0.000000e+000 9.371061e-002
      endloop
   endfacet
   facet normal 0.000000e+000 -1.000000e+000 0.000000e+000
      outer loop
         vertex 2.892013e+001 0.000000e+000 2.242294e-001
         vertex 2.898022e+001 0.000000e+000 2.566790e-001
         vertex 3.000000e+001 0.000000e+000 2.000000e+000
      endloop
   endfacet
   facet normal 0.000000e+000 -1.000000e+000 0.000000e+000
      outer loop
         vertex 3.000000e+001 0.000000e+000 2.000000e+000
         vertex 2.898022e+001 0.000000e+000 2.566790e-001
         vertex 2.903917e+001 0.000000e+000 2.911612e-001
      endloop
   endfacet
   facet normal 0.000000e+000 -1.000000e+000 0.000000e+000
      outer loop
         vertex 3.000000e+001 0.000000e+000 2.000000e+000
         vertex 2.903917e+001 0.000000e+000 2.911612e-001
         vertex 2.909690e+001 0.000000e+000 3.276356e-001
      endloop
   endfacet
   facet normal 0.000000e+000 -1.000000e+000 0.000000e+000
      outer loop
         vertex 2.926218e+001 0.000000e+000 4.485771e-001
         vertex 2.931441e+001 0.000000e+000 4.925737e-001
         vertex 3.000000e+001 0.000000e+000 2.000000e+000
      endloop
   endfacet
   facet normal 0.000000e+000 -1.000000e+000 0.000000e+000
      outer loop
         vertex 3.000000e+001 0.000000e+000 2.000000e+000
         vertex 2.931441e+001 0.000000e+000 4.925737e-001
         vertex 2.936511e+001 0.000000e+000 5.383278e-001
      endloop
   endfacet
   facet normal 0.000000e+000 -1.000000e+000 0.000000e+000
      outer loop
         vertex 3.000000e+001 0.000000e+000 2.000000e+000
         vertex 2.936511e+001 0.000000e+000 5.383278e-001
         vertex 2.941422e+001 0.000000e+000 5.857865e-001
      endloop
   endfacet
   facet normal 0.000000e+000 -1.000000e+000 0.000000e+000
      outer loop
         vertex 2.980615e+001 0.000000e+000 1.141033e+000
         vertex 3.000000e+001 0.000000e+000 2.000000e+000
         vertex 2.977577e+001 0.000000e+000 1.079870e+000
      endloop
   endfacet
   facet normal 0.000000e+000 -1.000000e+000 0.000000e+000
      outer loop
         vertex 3.000000e+001 0.000000e+000 2.000000e+000
         vertex 2.500000e+001 0.000000e+000 2.300000e+001
         vertex 0.000000e+000 0.000000e+000 2.000000e+000
      endloop
   endfacet
   facet normal 0.000000e+000 -1.000000e+000 0.000000e+000
      outer loop
         vertex 0.000000e+000 0.000000e+000 2.000000e+000
         vertex 2.500000e+001 0.000000e+000 2.300000e+001
         vertex 5.000000e+000 0.000000e+000 2.300000e+001
      endloop
   endfacet
   facet normal 0.000000e+000 -1.000000e+000 0.000000e+000
      outer loop
         vertex 0.000000e+000 0.000000e+000 2.000000e+000
         vertex 5.000000e+000 0.000000e+000 2.300000e+001
         vertex 0.000000e+000 0.000000e+000 1.800000e+001
      endloop
   endfacet
   facet normal 0.000000e+000 -1.000000e+000 0.000000e+000
      outer loop
         vertex 0.000000e+000 0.000000e+000 1.800000e+001
         vertex 5.000000e+000 0.000000e+000 2.300000e+001
         vertex 4.825502e+000 0.000000e+000 2.299695e+001
      endloop
   endfacet
   facet normal 0.000000e+000 -1.000000e+000 0.000000e+000
      outer loop
         vertex 0.000000e+000 0.000000e+000 1.800000e+001
         vertex 4.825502e+000 0.000000e+000 2.299695e+001
         vertex 4.651218e+000 0.000000e+000 2.298782e+001
      endloop
   endfacet
   facet normal 0.000000e+000 -1.000000e+000 0.000000e+000
      outer loop
         vertex 1.315960e+000 0.000000e+000 1.206147e-001
         vertex 0.000000e+000 0.000000e+000 2.000000e+000
         vertex 1.250787e+000 0.000000e+000 1.456323e-001
      endloop
   endfacet
   facet normal 0.000000e+000 -1.000000e+000 0.000000e+000
      outer loop
         vertex 1.250787e+000 0.000000e+000 1.456323e-001
         vertex 0.000000e+000 0.000000e+000 2.000000e+000
         vertex 1.218170e-003 0.000000e+000 1.930201e+000
      endloop
   endfacet
   facet normal 0.000000e+000 -1.000000e+000 0.000000e+000
      outer loop
         vertex 1.250787e+000 0.000000e+000 1.456323e-001
         vertex 1.218170e-003 0.000000e+000 1.930201e+000
         vertex 4.870817e-003 0.000000e+000 1.860487e+000
      endloop
   endfacet
   facet normal 0.000000e+000 -1.000000e+000 0.000000e+000
      outer loop
         vertex 3.038347e-002 0.000000e+000 1.652704e+000
         vertex 4.370511e-002 0.000000e+000 1.584176e+000
         vertex 1.250787e+000 0.000000e+000 1.456323e-001
      endloop
   endfacet
   facet normal 0.000000e+000 -1.000000e+000 0.000000e+000
      outer loop
         vertex 1.250787e+000 0.000000e+000 1.456323e-001
         vertex 4.370511e-002 0.000000e+000 1.584176e+000
         vertex 5.940907e-002 0.000000e+000 1.516156e+000
      endloop
   endfacet
   facet normal 0.000000e+000 -1.000000e+000 0.000000e+000
      outer loop
         vertex 1.250787e+000 0.000000e+000 1.456323e-001
         vertex 5.940907e-002 0.000000e+000 1.516156e+000
         vertex 7.747672e-002 0.000000e+000 1.448725e+000
      endloop
   endfacet
   facet normal 0.000000e+000 -1.000000e+000 0.000000e+000
      outer loop
         vertex 1.250787e+000 0.000000e+000 1.456323e-001
         vertex 2.341047e-001 0.000000e+000 1.061057e+000
         vertex 2.679490e-001 0.000000e+000 9.999997e-001
      endloop
   endfacet
   facet normal 0.000000e+000 -1.000000e+000 0.000000e+000
      outer loop
         vertex 2.679490e-001 0.000000e+000 9.999997e-001
         vertex 3.039036e-001 0.000000e+000 9.401613e-001
         vertex 1.250787e+000 0.000000e+000 1.456323e-001
      endloop
   endfacet
   facet normal 0.000000e+000 -1.000000e+000 0.000000e+000
      outer loop
         vertex 1.250787e+000 0.000000e+000 1.456323e-001
         vertex 3.039036e-001 0.000000e+000 9.401613e-001
         vertex 3.419248e-001 0.000000e+000 8.816141e-001
      endloop
   endfacet
   facet normal 0.000000e+000 -1.000000e+000 0.000000e+000
      outer loop
         vertex 1.250787e+000 0.000000e+000 1.456323e-001
         vertex 3.419248e-001 0.000000e+000 8.816141e-001
         vertex 3.819661e-001 0.000000e+000 8.244296e-001
      endloop
   endfacet
   facet normal 0.000000e+000 -1.000000e+000 0.000000e+000
      outer loop
         vertex 3.819661e-001 0.000000e+000 8.244296e-001
         vertex 4.239781e-001 0.000000e+000 7.686769e-001
         vertex 1.250787e+000 0.000000e+000 1.456323e-001
      endloop
   endfacet
   facet normal 0.000000e+000 -1.000000e+000 0.000000e+000
      outer loop
         vertex 1.250787e+000 0.000000e+000 1.456323e-001
         vertex 4.239781e-001 0.000000e+000 7.686769e-001
         vertex 4.679104e-001 0.000000e+000 7.144246e-001
      endloop
   endfacet
   facet normal 0.000000e+000 -1.000000e+000 0.000000e+000
      outer loop
         vertex 1.250787e+000 0.000000e+000 1.456323e-001
         vertex 4.679104e-001 0.000000e+000 7.144246e-001
         vertex 5.137101e-001 0.000000e+000 6.617387e-001
      endloop
   endfacet
   facet normal 0.000000e+000 -1.000000e+000 0.000000e+000
      outer loop
         vertex 1.721653e+000 0.000000e+000 1.946371e-002
         vertex 1.790943e+000 0.000000e+000 1.095608e-002
         vertex 0.000000e+000 0.000000e+000 2.000000e+000
      endloop
   endfacet
   facet normal 0.000000e+000 -1.000000e+000 0.000000e+000
      outer loop
         vertex 0.000000e+000 0.000000e+000 2.000000e+000
         vertex 1.790943e+000 0.000000e+000 1.095608e-002
         vertex 1.860486e+000 0.000000e+000 4.871748e-003
      endloop
   endfacet
   facet normal 0.000000e+000 -1.000000e+000 0.000000e+000
      outer loop
         vertex 0.000000e+000 0.000000e+000 2.000000e+000
         vertex 1.860486e+000 0.000000e+000 4.871748e-003
         vertex 1.930200e+000 0.000000e+000 1.218170e-003
      endloop
   endfacet
   facet normal 0.000000e+000 -1.000000e+000 0.000000e+000
      outer loop
         vertex 2.909690e+001 0.000000e+000 3.276356e-001
         vertex 2.915336e+001 0.000000e+000 3.660601e-001
         vertex 3.000000e+001 0.000000e+000 2.000000e+000
      endloop
   endfacet
   facet normal 0.000000e+000 -1.000000e+000 0.000000e+000
      outer loop
         vertex 3.000000e+001 0.000000e+000 2.000000e+000
         vertex 2.915336e+001 0.000000e+000 3.660601e-001
         vertex 2.920847e+001 0.000000e+000 4.063896e-001
      endloop
   endfacet
   facet normal 0.000000e+000 -1.000000e+000 0.000000e+000
      outer loop
         vertex 3.000000e+001 0.000000e+000 2.000000e+000
         vertex 2.920847e+001 0.000000e+000 4.063896e-001
         vertex 2.926218e+001 0.000000e+000 4.485771e-001
      endloop
   endfacet
   facet normal 0.000000e+000 -1.000000e+000 0.000000e+000
      outer loop
         vertex 2.941422e+001 0.000000e+000 5.857865e-001
         vertex 2.946167e+001 0.000000e+000 6.348938e-001
         vertex 3.000000e+001 0.000000e+000 2.000000e+000
      endloop
   endfacet
   facet normal 0.000000e+000 -1.000000e+000 0.000000e+000
      outer loop
         vertex 3.000000e+001 0.000000e+000 2.000000e+000
         vertex 2.946167e+001 0.000000e+000 6.348938e-001
         vertex 2.950743e+001 0.000000e+000 6.855927e-001
      endloop
   endfacet
   facet normal 0.000000e+000 -1.000000e+000 0.000000e+000
      outer loop
         vertex 3.000000e+001 0.000000e+000 2.000000e+000
         vertex 2.950743e+001 0.000000e+000 6.855927e-001
         vertex 2.955142e+001 0.000000e+000 7.378240e-001
      endloop
   endfacet
   facet normal 0.000000e+000 -1.000000e+000 0.000000e+000
      outer loop
         vertex 2.983442e+001 0.000000e+000 1.203197e+000
         vertex 2.986056e+001 0.000000e+000 1.266291e+000
         vertex 3.000000e+001 0.000000e+000 2.000000e+000
      endloop
   endfacet
   facet normal 0.000000e+000 -1.000000e+000 0.000000e+000
      outer loop
         vertex 3.000000e+001 0.000000e+000 2.000000e+000
         vertex 2.986056e+001 0.000000e+000 1.266291e+000
         vertex 2.988452e+001 0.000000e+000 1.330241e+000
      endloop
   endfacet
   facet normal 0.000000e+000 -1.000000e+000 0.000000e+000
      outer loop
         vertex 3.000000e+001 0.000000e+000 2.000000e+000
         vertex 2.988452e+001 0.000000e+000 1.330241e+000
         vertex 2.990629e+001 0.000000e+000 1.394971e+000
      endloop
   endfacet
   facet normal 0.000000e+000 -1.000000e+000 0.000000e+000
      outer loop
         vertex 2.992404e+001 0.000000e+000 1.886824e+001
         vertex 2.989074e+001 0.000000e+000 1.903956e+001
         vertex 2.500000e+001 0.000000e+000 2.300000e+001
      endloop
   endfacet
   facet normal 0.000000e+000 -1.000000e+000 0.000000e+000
      outer loop
         vertex 2.500000e+001 0.000000e+000 2.300000e+001
         vertex 2.989074e+001 0.000000e+000 1.903956e+001
         vertex 2.985148e+001 0.000000e+000 1.920961e+001
      endloop
   endfacet
   facet normal 0.000000e+000 -1.000000e+000 0.000000e+000
      outer loop
         vertex 2.500000e+001 0.000000e+000 2.300000e+001
         vertex 2.985148e+001 0.000000e+000 1.920961e+001
         vertex 2.980631e+001 0.000000e+000 1.937819e+001
      endloop
   endfacet
   facet normal 0.000000e+000 -1.000000e+000 0.000000e+000
      outer loop
         vertex 2.654509e+001 0.000000e+000 2.275528e+001
         vertex 2.969846e+001 0.000000e+000 1.971010e+001
         vertex 2.671010e+001 0.000000e+000 2.269846e+001
      endloop
   endfacet
   facet normal 0.000000e+000 -1.000000e+000 0.000000e+000
      outer loop
         vertex 2.671010e+001 0.000000e+000 2.269846e+001
         vertex 2.969846e+001 0.000000e+000 1.971010e+001
         vertex 2.963592e+001 0.000000e+000 1.987303e+001
      endloop
   endfacet
   facet normal 0.000000e+000 -1.000000e+000 0.000000e+000
      outer loop
         vertex 2.671010e+001 0.000000e+000 2.269846e+001
         vertex 2.963592e+001 0.000000e+000 1.987303e+001
         vertex 2.956773e+001 0.000000e+000 2.003368e+001
      endloop
   endfacet
   facet normal 0.000000e+000 -1.000000e+000 0.000000e+000
      outer loop
         vertex 2.620961e+001 0.000000e+000 2.285148e+001
         vertex 2.603956e+001 0.000000e+000 2.289074e+001
         vertex 2.969846e+001 0.000000e+000 1.971010e+001
      endloop
   endfacet
   facet normal 0.000000e+000 -1.000000e+000 0.000000e+000
      outer loop
         vertex 2.969846e+001 0.000000e+000 1.971010e+001
         vertex 2.603956e+001 0.000000e+000 2.289074e+001
         vertex 2.586824e+001 0.000000e+000 2.292404e+001
      endloop
   endfacet
   facet normal 0.000000e+000 -1.000000e+000 0.000000e+000
      outer loop
         vertex 2.969846e+001 0.000000e+000 1.971010e+001
         vertex 2.586824e+001 0.000000e+000 2.292404e+001
         vertex 2.569586e+001 0.000000e+000 2.295134e+001
      endloop
   endfacet
   facet normal 0.000000e+000 -1.000000e+000 0.000000e+000
      outer loop
         vertex 1.786062e+000 0.000000e+000 2.183022e+001
         vertex 1.654346e+000 0.000000e+000 2.171572e+001
         vertex 0.000000e+000 0.000000e+000 1.800000e+001
      endloop
   endfacet
   facet normal 0.000000e+000 -1.000000e+000 0.000000e+000
      outer loop
         vertex 0.000000e+000 0.000000e+000 1.800000e+001
         vertex 1.654346e+000 0.000000e+000 2.171572e+001
         vertex 1.526708e+000 0.000000e+000 2.159670e+001
      endloop
   endfacet
   facet normal 0.000000e+000 -1.000000e+000 0.000000e+000
      outer loop
         vertex 0.000000e+000 0.000000e+000 1.800000e+001
         vertex 1.526708e+000 0.000000e+000 2.159670e+001
         vertex 1.403301e+000 0.000000e+000 2.147329e+001
      endloop
   endfacet
   facet normal 0.000000e+000 -1.000000e+000 0.000000e+000
      outer loop
         vertex 7.747672e-002 0.000000e+000 1.448725e+000
         vertex 9.788759e-002 0.000000e+000 1.381966e+000
         vertex 1.250787e+000 0.000000e+000 1.456323e-001
      endloop
   endfacet
   facet normal 0.000000e+000 -1.000000e+000 0.000000e+000
      outer loop
         vertex 1.250787e+000 0.000000e+000 1.456323e-001
         vertex 9.788759e-002 0.000000e+000 1.381966e+000
         vertex 1.206137e-001 0.000000e+000 1.315960e+000
      endloop
   endfacet
   facet normal 0.000000e+000 -1.000000e+000 0.000000e+000
      outer loop
         vertex 1.250787e+000 0.000000e+000 1.456323e-001
         vertex 1.206137e-001 0.000000e+000 1.315960e+000
         vertex 1.456328e-001 0.000000e+000 1.250787e+000
      endloop
   endfacet
   facet normal 0.000000e+000 -1.000000e+000 0.000000e+000
      outer loop
         vertex 5.137101e-001 0.000000e+000 6.617387e-001
         vertex 5.613202e-001 0.000000e+000 6.106831e-001
         vertex 1.250787e+000 0.000000e+000 1.456323e-001
      endloop
   endfacet
   facet normal 0.000000e+000 -1.000000e+000 0.000000e+000
      outer loop
         vertex 1.250787e+000 0.000000e+000 1.456323e-001
         vertex 5.613202e-001 0.000000e+000 6.106831e-001
         vertex 6.106831e-001 0.000000e+000 5.613202e-001
      endloop
   endfacet
   facet normal 0.000000e+000 -1.000000e+000 0.000000e+000
      outer loop
         vertex 1.250787e+000 0.000000e+000 1.456323e-001
         vertex 6.106831e-001 0.000000e+000 5.613202e-001
         vertex 6.617382e-001 0.000000e+000 5.137101e-001
      endloop
   endfacet
   facet normal 0.000000e+000 -1.000000e+000 0.000000e+000
      outer loop
         vertex 3.000000e+001 0.000000e+000 2.000000e+000
         vertex 2.995817e+001 0.000000e+000 1.593088e+000
         vertex 2.999883e+001 0.000000e+000 1.931718e+000
      endloop
   endfacet
   facet normal 0.000000e+000 -1.000000e+000 0.000000e+000
      outer loop
         vertex 2.999883e+001 0.000000e+000 1.931718e+000
         vertex 2.995817e+001 0.000000e+000 1.593088e+000
         vertex 2.999534e+001 0.000000e+000 1.863515e+000
      endloop
   endfacet
   facet normal 0.000000e+000 -1.000000e+000 0.000000e+000
      outer loop
         vertex 2.998782e+001 0.000000e+000 1.834878e+001
         vertex 2.997261e+001 0.000000e+000 1.852264e+001
         vertex 2.500000e+001 0.000000e+000 2.300000e+001
      endloop
   endfacet
   facet normal 0.000000e+000 -1.000000e+000 0.000000e+000
      outer loop
         vertex 2.500000e+001 0.000000e+000 2.300000e+001
         vertex 2.997261e+001 0.000000e+000 1.852264e+001
         vertex 2.995134e+001 0.000000e+000 1.869587e+001
      endloop
   endfacet
   facet normal 0.000000e+000 -1.000000e+000 0.000000e+000
      outer loop
         vertex 2.500000e+001 0.000000e+000 2.300000e+001
         vertex 2.995134e+001 0.000000e+000 1.869587e+001
         vertex 2.992404e+001 0.000000e+000 1.886824e+001
      endloop
   endfacet
   facet normal 0.000000e+000 -1.000000e+000 0.000000e+000
      outer loop
         vertex 2.956773e+001 0.000000e+000 2.003368e+001
         vertex 2.949397e+001 0.000000e+000 2.019186e+001
         vertex 2.671010e+001 0.000000e+000 2.269846e+001
      endloop
   endfacet
   facet normal 0.000000e+000 -1.000000e+000 0.000000e+000
      outer loop
         vertex 2.671010e+001 0.000000e+000 2.269846e+001
         vertex 2.949397e+001 0.000000e+000 2.019186e+001
         vertex 2.941474e+001 0.000000e+000 2.034736e+001
      endloop
   endfacet
   facet normal 0.000000e+000 -1.000000e+000 0.000000e+000
      outer loop
         vertex 2.671010e+001 0.000000e+000 2.269846e+001
         vertex 2.941474e+001 0.000000e+000 2.034736e+001
         vertex 2.933013e+001 0.000000e+000 2.050000e+001
      endloop
   endfacet
   facet normal 0.000000e+000 -1.000000e+000 0.000000e+000
      outer loop
         vertex 2.871572e+001 0.000000e+000 2.134565e+001
         vertex 2.859670e+001 0.000000e+000 2.147329e+001
         vertex 2.671010e+001 0.000000e+000 2.269846e+001
      endloop
   endfacet
   facet normal 0.000000e+000 -1.000000e+000 0.000000e+000
      outer loop
         vertex 2.671010e+001 0.000000e+000 2.269846e+001
         vertex 2.859670e+001 0.000000e+000 2.147329e+001
         vertex 2.847329e+001 0.000000e+000 2.159670e+001
      endloop
   endfacet
   facet normal 0.000000e+000 -1.000000e+000 0.000000e+000
      outer loop
         vertex 2.671010e+001 0.000000e+000 2.269846e+001
         vertex 2.847329e+001 0.000000e+000 2.159670e+001
         vertex 2.834565e+001 0.000000e+000 2.171572e+001
      endloop
   endfacet
   facet normal 0.000000e+000 -1.000000e+000 0.000000e+000
      outer loop
         vertex 2.834565e+001 0.000000e+000 2.171572e+001
         vertex 2.821394e+001 0.000000e+000 2.183022e+001
         vertex 2.671010e+001 0.000000e+000 2.269846e+001
      endloop
   endfacet
   facet normal 0.000000e+000 -1.000000e+000 0.000000e+000
      outer loop
         vertex 2.671010e+001 0.000000e+000 2.269846e+001
         vertex 2.821394e+001 0.000000e+000 2.183022e+001
         vertex 2.807831e+001 0.000000e+000 2.194005e+001
      endloop
   endfacet
   facet normal 0.000000e+000 -1.000000e+000 0.000000e+000
      outer loop
         vertex 2.671010e+001 0.000000e+000 2.269846e+001
         vertex 2.807831e+001 0.000000e+000 2.194005e+001
         vertex 2.793892e+001 0.000000e+000 2.204509e+001
      endloop
   endfacet
   facet normal 0.000000e+000 -1.000000e+000 0.000000e+000
      outer loop
         vertex 2.793892e+001 0.000000e+000 2.204509e+001
         vertex 2.779596e+001 0.000000e+000 2.214519e+001
         vertex 2.671010e+001 0.000000e+000 2.269846e+001
      endloop
   endfacet
   facet normal 0.000000e+000 -1.000000e+000 0.000000e+000
      outer loop
         vertex 2.671010e+001 0.000000e+000 2.269846e+001
         vertex 2.779596e+001 0.000000e+000 2.214519e+001
         vertex 2.764960e+001 0.000000e+000 2.224024e+001
      endloop
   endfacet
   facet normal 0.000000e+000 -1.000000e+000 0.000000e+000
      outer loop
         vertex 2.671010e+001 0.000000e+000 2.269846e+001
         vertex 2.764960e+001 0.000000e+000 2.224024e+001
         vertex 2.750000e+001 0.000000e+000 2.233013e+001
      endloop
   endfacet
   facet normal 0.000000e+000 -1.000000e+000 0.000000e+000
      outer loop
         vertex 2.750000e+001 0.000000e+000 2.233013e+001
         vertex 2.734736e+001 0.000000e+000 2.241474e+001
         vertex 2.671010e+001 0.000000e+000 2.269846e+001
      endloop
   endfacet
   facet normal 0.000000e+000 -1.000000e+000 0.000000e+000
      outer loop
         vertex 2.671010e+001 0.000000e+000 2.269846e+001
         vertex 2.734736e+001 0.000000e+000 2.241474e+001
         vertex 2.719185e+001 0.000000e+000 2.249397e+001
      endloop
   endfacet
   facet normal 0.000000e+000 -1.000000e+000 0.000000e+000
      outer loop
         vertex 2.671010e+001 0.000000e+000 2.269846e+001
         vertex 2.719185e+001 0.000000e+000 2.249397e+001
         vertex 2.687303e+001 0.000000e+000 2.263592e+001
      endloop
   endfacet
   facet normal 0.000000e+000 -1.000000e+000 0.000000e+000
      outer loop
         vertex 2.687303e+001 0.000000e+000 2.263592e+001
         vertex 2.719185e+001 0.000000e+000 2.249397e+001
         vertex 2.703368e+001 0.000000e+000 2.256773e+001
      endloop
   endfacet
   facet normal 0.000000e+000 -1.000000e+000 0.000000e+000
      outer loop
         vertex 4.651218e+000 0.000000e+000 2.298782e+001
         vertex 4.477357e+000 0.000000e+000 2.297261e+001
         vertex 0.000000e+000 0.000000e+000 1.800000e+001
      endloop
   endfacet
   facet normal 0.000000e+000 -1.000000e+000 0.000000e+000
      outer loop
         vertex 0.000000e+000 0.000000e+000 1.800000e+001
         vertex 4.477357e+000 0.000000e+000 2.297261e+001
         vertex 4.304134e+000 0.000000e+000 2.295134e+001
      endloop
   endfacet
   facet normal 0.000000e+000 -1.000000e+000 0.000000e+000
      outer loop
         vertex 0.000000e+000 0.000000e+000 1.800000e+001
         vertex 4.304134e+000 0.000000e+000 2.295134e+001
         vertex 4.131759e+000 0.000000e+000 2.292404e+001
      endloop
   endfacet
   facet normal 0.000000e+000 -1.000000e+000 0.000000e+000
      outer loop
         vertex 4.131759e+000 0.000000e+000 2.292404e+001
         vertex 3.960441e+000 0.000000e+000 2.289074e+001
         vertex 0.000000e+000 0.000000e+000 1.800000e+001
      endloop
   endfacet
   facet normal 0.000000e+000 -1.000000e+000 0.000000e+000
      outer loop
         vertex 0.000000e+000 0.000000e+000 1.800000e+001
         vertex 3.960441e+000 0.000000e+000 2.289074e+001
         vertex 3.790391e+000 0.000000e+000 2.285148e+001
      endloop
   endfacet
   facet normal 0.000000e+000 -1.000000e+000 0.000000e+000
      outer loop
         vertex 0.000000e+000 0.000000e+000 1.800000e+001
         vertex 3.790391e+000 0.000000e+000 2.285148e+001
         vertex 3.621813e+000 0.000000e+000 2.280631e+001
      endloop
   endfacet
   facet normal 0.000000e+000 -1.000000e+000 0.000000e+000
      outer loop
         vertex 3.621813e+000 0.000000e+000 2.280631e+001
         vertex 3.454914e+000 0.000000e+000 2.275528e+001
         vertex 0.000000e+000 0.000000e+000 1.800000e+001
      endloop
   endfacet
   facet normal 0.000000e+000 -1.000000e+000 0.000000e+000
      outer loop
         vertex 0.000000e+000 0.000000e+000 1.800000e+001
         vertex 3.454914e+000 0.000000e+000 2.275528e+001
         vertex 3.289899e+000 0.000000e+000 2.269846e+001
      endloop
   endfacet
   facet normal 0.000000e+000 -1.000000e+000 0.000000e+000
      outer loop
         vertex 0.000000e+000 0.000000e+000 1.800000e+001
         vertex 3.289899e+000 0.000000e+000 2.269846e+001
         vertex 3.126967e+000 0.000000e+000 2.263592e+001
      endloop
   endfacet
   facet normal 0.000000e+000 -1.000000e+000 0.000000e+000
      outer loop
         vertex 3.126967e+000 0.000000e+000 2.263592e+001
         vertex 2.966316e+000 0.000000e+000 2.256773e+001
         vertex 0.000000e+000 0.000000e+000 1.800000e+001
      endloop
   endfacet
   facet normal 0.000000e+000 -1.000000e+000 0.000000e+000
      outer loop
         vertex 0.000000e+000 0.000000e+000 1.800000e+001
         vertex 2.966316e+000 0.000000e+000 2.256773e+001
         vertex 2.808144e+000 0.000000e+000 2.249397e+001
      endloop
   endfacet
   facet normal 0.000000e+000 -1.000000e+000 0.000000e+000
      outer loop
         vertex 0.000000e+000 0.000000e+000 1.800000e+001
         vertex 2.808144e+000 0.000000e+000 2.249397e+001
         vertex 2.652642e+000 0.000000e+000 2.241474e+001
      endloop
   endfacet
   facet normal 0.000000e+000 -1.000000e+000 0.000000e+000
      outer loop
         vertex 2.652642e+000 0.000000e+000 2.241474e+001
         vertex 2.500000e+000 0.000000e+000 2.233013e+001
         vertex 0.000000e+000 0.000000e+000 1.800000e+001
      endloop
   endfacet
   facet normal 0.000000e+000 -1.000000e+000 0.000000e+000
      outer loop
         vertex 0.000000e+000 0.000000e+000 1.800000e+001
         vertex 2.500000e+000 0.000000e+000 2.233013e+001
         vertex 2.350403e+000 0.000000e+000 2.224024e+001
      endloop
   endfacet
   facet normal 0.000000e+000 -1.000000e+000 0.000000e+000
      outer loop
         vertex 0.000000e+000 0.000000e+000 1.800000e+001
         vertex 2.350403e+000 0.000000e+000 2.224024e+001
         vertex 2.204036e+000 0.000000e+000 2.214519e+001
      endloop
   endfacet
   facet normal 0.000000e+000 -1.000000e+000 0.000000e+000
      outer loop
         vertex 1.403301e+000 0.000000e+000 2.147329e+001
         vertex 1.284275e+000 0.000000e+000 2.134565e+001
         vertex 0.000000e+000 0.000000e+000 1.800000e+001
      endloop
   endfacet
   facet normal 0.000000e+000 -1.000000e+000 0.000000e+000
      outer loop
         vertex 0.000000e+000 0.000000e+000 1.800000e+001
         vertex 1.284275e+000 0.000000e+000 2.134565e+001
         vertex 1.169778e+000 0.000000e+000 2.121394e+001
      endloop
   endfacet
   facet normal 0.000000e+000 -1.000000e+000 0.000000e+000
      outer loop
         vertex 0.000000e+000 0.000000e+000 1.800000e+001
         vertex 1.169778e+000 0.000000e+000 2.121394e+001
         vertex 1.059946e+000 0.000000e+000 2.107831e+001
      endloop
   endfacet
   facet normal 0.000000e+000 -1.000000e+000 0.000000e+000
      outer loop
         vertex 6.698724e-001 0.000000e+000 2.050000e+001
         vertex 5.852617e-001 0.000000e+000 2.034736e+001
         vertex 3.045425e-003 0.000000e+000 1.817450e+001
      endloop
   endfacet
   facet normal 0.000000e+000 -1.000000e+000 0.000000e+000
      outer loop
         vertex 1.456328e-001 0.000000e+000 1.250787e+000
         vertex 1.729093e-001 0.000000e+000 1.186526e+000
         vertex 1.250787e+000 0.000000e+000 1.456323e-001
      endloop
   endfacet
   facet normal 0.000000e+000 -1.000000e+000 0.000000e+000
      outer loop
         vertex 1.250787e+000 0.000000e+000 1.456323e-001
         vertex 1.729093e-001 0.000000e+000 1.186526e+000
         vertex 2.024118e-001 0.000000e+000 1.123257e+000
      endloop
   endfacet
   facet normal 0.000000e+000 -1.000000e+000 0.000000e+000
      outer loop
         vertex 1.250787e+000 0.000000e+000 1.456323e-001
         vertex 2.024118e-001 0.000000e+000 1.123257e+000
         vertex 2.341047e-001 0.000000e+000 1.061057e+000
      endloop
   endfacet
   facet normal 0.000000e+000 -1.000000e+000 0.000000e+000
      outer loop
         vertex 7.144241e-001 0.000000e+000 4.679109e-001
         vertex 1.123258e+000 0.000000e+000 2.024118e-001
         vertex 6.617382e-001 0.000000e+000 5.137101e-001
      endloop
   endfacet
   facet normal 0.000000e+000 -1.000000e+000 0.000000e+000
      outer loop
         vertex 6.617382e-001 0.000000e+000 5.137101e-001
         vertex 1.123258e+000 0.000000e+000 2.024118e-001
         vertex 1.186526e+000 0.000000e+000 1.729089e-001
      endloop
   endfacet
   facet normal 0.000000e+000 -1.000000e+000 0.000000e+000
      outer loop
         vertex 6.617382e-001 0.000000e+000 5.137101e-001
         vertex 1.186526e+000 0.000000e+000 1.729089e-001
         vertex 1.250787e+000 0.000000e+000 1.456323e-001
      endloop
   endfacet
   facet normal 0.000000e+000 -1.000000e+000 0.000000e+000
      outer loop
         vertex 9.401608e-001 0.000000e+000 3.039036e-001
         vertex 1.000000e+000 0.000000e+000 2.679490e-001
         vertex 8.816141e-001 0.000000e+000 3.419248e-001
      endloop
   endfacet
   facet normal 0.000000e+000 -1.000000e+000 0.000000e+000
      outer loop
         vertex 8.816141e-001 0.000000e+000 3.419248e-001
         vertex 1.000000e+000 0.000000e+000 2.679490e-001
         vertex 8.244291e-001 0.000000e+000 3.819657e-001
      endloop
   endfacet
   facet normal 0.000000e+000 -1.000000e+000 0.000000e+000
      outer loop
         vertex 7.144241e-001 0.000000e+000 4.679109e-001
         vertex 7.686764e-001 0.000000e+000 4.239785e-001
         vertex 1.123258e+000 0.000000e+000 2.024118e-001
      endloop
   endfacet
   facet normal 0.000000e+000 -1.000000e+000 0.000000e+000
      outer loop
         vertex 1.123258e+000 0.000000e+000 2.024118e-001
         vertex 7.686764e-001 0.000000e+000 4.239785e-001
         vertex 8.244291e-001 0.000000e+000 3.819657e-001
      endloop
   endfacet
   facet normal 0.000000e+000 -1.000000e+000 0.000000e+000
      outer loop
         vertex 1.123258e+000 0.000000e+000 2.024118e-001
         vertex 8.244291e-001 0.000000e+000 3.819657e-001
         vertex 1.061057e+000 0.000000e+000 2.341047e-001
      endloop
   endfacet
   facet normal 0.000000e+000 -1.000000e+000 0.000000e+000
      outer loop
         vertex 1.061057e+000 0.000000e+000 2.341047e-001
         vertex 8.244291e-001 0.000000e+000 3.819657e-001
         vertex 1.000000e+000 0.000000e+000 2.679490e-001
      endloop
   endfacet
   facet normal 0.000000e+000 -1.000000e+000 0.000000e+000
      outer loop
         vertex 2.955142e+001 0.000000e+000 7.378240e-001
         vertex 2.959361e+001 0.000000e+000 7.915269e-001
         vertex 3.000000e+001 0.000000e+000 2.000000e+000
      endloop
   endfacet
   facet normal 0.000000e+000 -1.000000e+000 0.000000e+000
      outer loop
         vertex 3.000000e+001 0.000000e+000 2.000000e+000
         vertex 2.959361e+001 0.000000e+000 7.915269e-001
         vertex 2.963394e+001 0.000000e+000 8.466393e-001
      endloop
   endfacet
   facet normal 0.000000e+000 -1.000000e+000 0.000000e+000
      outer loop
         vertex 3.000000e+001 0.000000e+000 2.000000e+000
         vertex 2.963394e+001 0.000000e+000 8.466393e-001
         vertex 2.967236e+001 0.000000e+000 9.030961e-001
      endloop
   endfacet
   facet normal 0.000000e+000 -1.000000e+000 0.000000e+000
      outer loop
         vertex 2.990629e+001 0.000000e+000 1.394971e+000
         vertex 2.992583e+001 0.000000e+000 1.460406e+000
         vertex 3.000000e+001 0.000000e+000 2.000000e+000
      endloop
   endfacet
   facet normal 0.000000e+000 -1.000000e+000 0.000000e+000
      outer loop
         vertex 3.000000e+001 0.000000e+000 2.000000e+000
         vertex 2.992583e+001 0.000000e+000 1.460406e+000
         vertex 2.994313e+001 0.000000e+000 1.526471e+000
      endloop
   endfacet
   facet normal 0.000000e+000 -1.000000e+000 0.000000e+000
      outer loop
         vertex 3.000000e+001 0.000000e+000 2.000000e+000
         vertex 2.994313e+001 0.000000e+000 1.526471e+000
         vertex 2.995817e+001 0.000000e+000 1.593088e+000
      endloop
   endfacet
   facet normal 0.000000e+000 -1.000000e+000 0.000000e+000
      outer loop
         vertex 2.999534e+001 0.000000e+000 1.863515e+000
         vertex 2.995817e+001 0.000000e+000 1.593088e+000
         vertex 2.998952e+001 0.000000e+000 1.795472e+000
      endloop
   endfacet
   facet normal 0.000000e+000 -1.000000e+000 0.000000e+000
      outer loop
         vertex 2.998952e+001 0.000000e+000 1.795472e+000
         vertex 2.995817e+001 0.000000e+000 1.593088e+000
         vertex 2.997092e+001 0.000000e+000 1.660179e+000
      endloop
   endfacet
   facet normal 0.000000e+000 -1.000000e+000 0.000000e+000
      outer loop
         vertex 2.998952e+001 0.000000e+000 1.795472e+000
         vertex 2.997092e+001 0.000000e+000 1.660179e+000
         vertex 2.998137e+001 0.000000e+000 1.727667e+000
      endloop
   endfacet
   facet normal 0.000000e+000 -1.000000e+000 0.000000e+000
      outer loop
         vertex 2.904508e+001 0.000000e+000 2.093892e+001
         vertex 2.894005e+001 0.000000e+000 2.107831e+001
         vertex 2.671010e+001 0.000000e+000 2.269846e+001
      endloop
   endfacet
   facet normal 0.000000e+000 -1.000000e+000 0.000000e+000
      outer loop
         vertex 2.671010e+001 0.000000e+000 2.269846e+001
         vertex 2.894005e+001 0.000000e+000 2.107831e+001
         vertex 2.883022e+001 0.000000e+000 2.121394e+001
      endloop
   endfacet
   facet normal 0.000000e+000 -1.000000e+000 0.000000e+000
      outer loop
         vertex 2.671010e+001 0.000000e+000 2.269846e+001
         vertex 2.883022e+001 0.000000e+000 2.121394e+001
         vertex 2.871572e+001 0.000000e+000 2.134565e+001
      endloop
   endfacet
   facet normal 0.000000e+000 -1.000000e+000 0.000000e+000
      outer loop
         vertex 2.204036e+000 0.000000e+000 2.214519e+001
         vertex 2.061074e+000 0.000000e+000 2.204509e+001
         vertex 0.000000e+000 0.000000e+000 1.800000e+001
      endloop
   endfacet
   facet normal 0.000000e+000 -1.000000e+000 0.000000e+000
      outer loop
         vertex 0.000000e+000 0.000000e+000 1.800000e+001
         vertex 2.061074e+000 0.000000e+000 2.204509e+001
         vertex 1.921692e+000 0.000000e+000 2.194005e+001
      endloop
   endfacet
   facet normal 0.000000e+000 -1.000000e+000 0.000000e+000
      outer loop
         vertex 0.000000e+000 0.000000e+000 1.800000e+001
         vertex 1.921692e+000 0.000000e+000 2.194005e+001
         vertex 1.786062e+000 0.000000e+000 2.183022e+001
      endloop
   endfacet
   facet normal 0.000000e+000 -1.000000e+000 0.000000e+000
      outer loop
         vertex 2.967236e+001 0.000000e+000 9.030961e-001
         vertex 2.970884e+001 0.000000e+000 9.608320e-001
         vertex 3.000000e+001 0.000000e+000 2.000000e+000
      endloop
   endfacet
   facet normal 0.000000e+000 -1.000000e+000 0.000000e+000
      outer loop
         vertex 3.000000e+001 0.000000e+000 2.000000e+000
         vertex 2.970884e+001 0.000000e+000 9.608320e-001
         vertex 2.974332e+001 0.000000e+000 1.019780e+000
      endloop
   endfacet
   facet normal 0.000000e+000 -1.000000e+000 0.000000e+000
      outer loop
         vertex 3.000000e+001 0.000000e+000 2.000000e+000
         vertex 2.974332e+001 0.000000e+000 1.019780e+000
         vertex 2.977577e+001 0.000000e+000 1.079870e+000
      endloop
   endfacet
   facet normal 0.000000e+000 -1.000000e+000 0.000000e+000
      outer loop
         vertex 2.933013e+001 0.000000e+000 2.050000e+001
         vertex 2.924024e+001 0.000000e+000 2.064960e+001
         vertex 2.671010e+001 0.000000e+000 2.269846e+001
      endloop
   endfacet
   facet normal 0.000000e+000 -1.000000e+000 0.000000e+000
      outer loop
         vertex 2.671010e+001 0.000000e+000 2.269846e+001
         vertex 2.924024e+001 0.000000e+000 2.064960e+001
         vertex 2.914519e+001 0.000000e+000 2.079596e+001
      endloop
   endfacet
   facet normal 0.000000e+000 -1.000000e+000 0.000000e+000
      outer loop
         vertex 2.671010e+001 0.000000e+000 2.269846e+001
         vertex 2.914519e+001 0.000000e+000 2.079596e+001
         vertex 2.904508e+001 0.000000e+000 2.093892e+001
      endloop
   endfacet
   facet normal 0.000000e+000 -1.000000e+000 0.000000e+000
      outer loop
         vertex 2.569586e+001 0.000000e+000 2.295134e+001
         vertex 2.552264e+001 0.000000e+000 2.297261e+001
         vertex 2.969846e+001 0.000000e+000 1.971010e+001
      endloop
   endfacet
   facet normal 0.000000e+000 -1.000000e+000 0.000000e+000
      outer loop
         vertex 2.969846e+001 0.000000e+000 1.971010e+001
         vertex 2.552264e+001 0.000000e+000 2.297261e+001
         vertex 2.534878e+001 0.000000e+000 2.298782e+001
      endloop
   endfacet
   facet normal 0.000000e+000 -1.000000e+000 0.000000e+000
      outer loop
         vertex 2.969846e+001 0.000000e+000 1.971010e+001
         vertex 2.534878e+001 0.000000e+000 2.298782e+001
         vertex 2.517450e+001 0.000000e+000 2.299695e+001
      endloop
   endfacet
   facet normal 0.000000e+000 -1.000000e+000 0.000000e+000
      outer loop
         vertex 1.059946e+000 0.000000e+000 2.107831e+001
         vertex 9.549148e-001 0.000000e+000 2.093892e+001
         vertex 0.000000e+000 0.000000e+000 1.800000e+001
      endloop
   endfacet
   facet normal 0.000000e+000 -1.000000e+000 0.000000e+000
      outer loop
         vertex 0.000000e+000 0.000000e+000 1.800000e+001
         vertex 9.549148e-001 0.000000e+000 2.093892e+001
         vertex 8.548116e-001 0.000000e+000 2.079596e+001
      endloop
   endfacet
   facet normal 0.000000e+000 -1.000000e+000 0.000000e+000
      outer loop
         vertex 0.000000e+000 0.000000e+000 1.800000e+001
         vertex 8.548116e-001 0.000000e+000 2.079596e+001
         vertex 3.045425e-003 0.000000e+000 1.817450e+001
      endloop
   endfacet
   facet normal 0.000000e+000 -1.000000e+000 0.000000e+000
      outer loop
         vertex 3.045425e-003 0.000000e+000 1.817450e+001
         vertex 8.548116e-001 0.000000e+000 2.079596e+001
         vertex 7.597590e-001 0.000000e+000 2.064960e+001
      endloop
   endfacet
   facet normal 0.000000e+000 -1.000000e+000 0.000000e+000
      outer loop
         vertex 3.045425e-003 0.000000e+000 1.817450e+001
         vertex 7.597590e-001 0.000000e+000 2.064960e+001
         vertex 6.698724e-001 0.000000e+000 2.050000e+001
      endloop
   endfacet
   facet normal 0.000000e+000 -1.000000e+000 0.000000e+000
      outer loop
         vertex 5.852617e-001 0.000000e+000 2.034736e+001
         vertex 5.060295e-001 0.000000e+000 2.019186e+001
         vertex 3.045425e-003 0.000000e+000 1.817450e+001
      endloop
   endfacet
   facet normal 0.000000e+000 -1.000000e+000 0.000000e+000
      outer loop
         vertex 3.045425e-003 0.000000e+000 1.817450e+001
         vertex 5.060295e-001 0.000000e+000 2.019186e+001
         vertex 4.322724e-001 0.000000e+000 2.003368e+001
      endloop
   endfacet
   facet normal 0.000000e+000 -1.000000e+000 0.000000e+000
      outer loop
         vertex 3.045425e-003 0.000000e+000 1.817450e+001
         vertex 4.322724e-001 0.000000e+000 2.003368e+001
         vertex 3.640801e-001 0.000000e+000 1.987303e+001
      endloop
   endfacet
   facet normal 0.000000e+000 -1.000000e+000 0.000000e+000
      outer loop
         vertex 4.865974e-002 0.000000e+000 1.869587e+001
         vertex 2.739020e-002 0.000000e+000 1.852264e+001
         vertex 1.217984e-002 0.000000e+000 1.834878e+001
      endloop
   endfacet
   facet normal 0.000000e+000 -1.000000e+000 0.000000e+000
      outer loop
         vertex 3.640801e-001 0.000000e+000 1.987303e+001
         vertex 3.015371e-001 0.000000e+000 1.971010e+001
         vertex 3.045425e-003 0.000000e+000 1.817450e+001
      endloop
   endfacet
   facet normal 0.000000e+000 -1.000000e+000 0.000000e+000
      outer loop
         vertex 3.045425e-003 0.000000e+000 1.817450e+001
         vertex 3.015371e-001 0.000000e+000 1.971010e+001
         vertex 2.447171e-001 0.000000e+000 1.954509e+001
      endloop
   endfacet
   facet normal 0.000000e+000 -1.000000e+000 0.000000e+000
      outer loop
         vertex 3.045425e-003 0.000000e+000 1.817450e+001
         vertex 2.447171e-001 0.000000e+000 1.954509e+001
         vertex 1.936909e-001 0.000000e+000 1.937819e+001
      endloop
   endfacet
   facet normal 0.000000e+000 -1.000000e+000 0.000000e+000
      outer loop
         vertex 1.936909e-001 0.000000e+000 1.937819e+001
         vertex 1.485217e-001 0.000000e+000 1.920961e+001
         vertex 3.045425e-003 0.000000e+000 1.817450e+001
      endloop
   endfacet
   facet normal 0.000000e+000 -1.000000e+000 0.000000e+000
      outer loop
         vertex 3.045425e-003 0.000000e+000 1.817450e+001
         vertex 1.485217e-001 0.000000e+000 1.920961e+001
         vertex 1.092609e-001 0.000000e+000 1.903956e+001
      endloop
   endfacet
   facet normal 0.000000e+000 -1.000000e+000 0.000000e+000
      outer loop
         vertex 3.045425e-003 0.000000e+000 1.817450e+001
         vertex 1.092609e-001 0.000000e+000 1.903956e+001
         vertex 1.217984e-002 0.000000e+000 1.834878e+001
      endloop
   endfacet
   facet normal 0.000000e+000 -1.000000e+000 0.000000e+000
      outer loop
         vertex 1.217984e-002 0.000000e+000 1.834878e+001
         vertex 1.092609e-001 0.000000e+000 1.903956e+001
         vertex 7.596053e-002 0.000000e+000 1.886824e+001
      endloop
   endfacet
   facet normal 0.000000e+000 -1.000000e+000 0.000000e+000
      outer loop
         vertex 1.217984e-002 0.000000e+000 1.834878e+001
         vertex 7.596053e-002 0.000000e+000 1.886824e+001
         vertex 4.865974e-002 0.000000e+000 1.869587e+001
      endloop
   endfacet
   facet normal -1.000000e+000 0.000000e+000 0.000000e+000
      outer loop
         vertex 2.707680e+000 6.000005e+000 6.995909e+000
         vertex 2.707680e+000 6.000005e+000 5.196330e+000
         vertex 2.707680e+000 1.000002e+000 6.995909e+000
      endloop
   endfacet
   facet normal -1.000000e+000 0.000000e+000 0.000000e+000
      outer loop
         vertex 2.707680e+000 1.000002e+000 6.995909e+000
         vertex 2.707680e+000 6.000005e+000 5.196330e+000
         vertex 2.707680e+000 1.000002e+000 5.196330e+000
      endloop
   endfacet
   facet normal 0.000000e+000 1.000000e+000 0.000000e+000
      outer loop
         vertex 2.707680e+000 6.000005e+000 5.196330e+000
         vertex 2.707680e+000 6.000005e+000 6.995909e+000
         vertex 2.730453e+001 6.000005e+000 5.196330e+000
      endloop
   endfacet
   facet normal 0.000000e+000 1.000000e+000 0.000000e+000
      outer loop
         vertex 2.730453e+001 6.000005e+000 5.196330e+000
         vertex 2.707680e+000 6.000005e+000 6.995909e+000
         vertex 2.730453e+001 6.000005e+000 6.995909e+000
      endloop
   endfacet
   facet normal 0.000000e+000 0.000000e+000 -1.000000e+000
      outer loop
         vertex 2.707680e+000 6.000005e+000 3.211182e+000
         vertex 2.730453e+001 6.000005e+000 3.211182e+000
         vertex 2.707680e+000 1.000002e+000 3.211182e+000
      endloop
   endfacet
   facet normal 0.000000e+000 0.000000e+000 -1.000000e+000
      outer loop
         vertex 2.707680e+000 1.000002e+000 3.211182e+000
         vertex 2.730453e+001 6.000005e+000 3.211182e+000
         vertex 2.730453e+001 1.000002e+000 3.211182e+000
      endloop
   endfacet
   facet normal -1.000000e+000 0.000000e+000 0.000000e+000
      outer loop
         vertex 2.707680e+000 6.000005e+000 4.196341e+000
         vertex 2.707680e+000 6.000005e+000 3.211182e+000
         vertex 2.707680e+000 1.000002e+000 4.196341e+000
      endloop
   endfacet
   facet normal -1.000000e+000 0.000000e+000 0.000000e+000
      outer loop
         vertex 2.707680e+000 1.000002e+000 4.196341e+000
         vertex 2.707680e+000 6.000005e+000 3.211182e+000
         vertex 2.707680e+000 1.000002e+000 3.211182e+000
      endloop
   endfacet
   facet normal 0.000000e+000 1.000000e+000 0.000000e+000
      outer loop
         vertex 2.707680e+000 6.000005e+000 4.196341e+000
         vertex 2.730453e+001 6.000005e+000 4.196341e+000
         vertex 2.707680e+000 6.000005e+000 3.211182e+000
      endloop
   endfacet
   facet normal 0.000000e+000 1.000000e+000 0.000000e+000
      outer loop
         vertex 2.707680e+000 6.000005e+000 3.211182e+000
         vertex 2.730453e+001 6.000005e+000 4.196341e+000
         vertex 2.730453e+001 6.000005e+000 4.164847e+000
      endloop
   endfacet
   facet normal 0.000000e+000 1.000000e+000 0.000000e+000
      outer loop
         vertex 2.707680e+000 6.000005e+000 3.211182e+000
         vertex 2.730453e+001 6.000005e+000 4.164847e+000
         vertex 2.730453e+001 6.000005e+000 3.211182e+000
      endloop
   endfacet
   facet normal -1.000000e+000 0.000000e+000 0.000000e+000
      outer loop
         vertex 2.730453e+001 9.010487e+000 4.164847e+000
         vertex 2.730453e+001 6.000005e+000 4.164847e+000
         vertex 2.730453e+001 9.010487e+000 7.550125e+000
      endloop
   endfacet
   facet normal -1.000000e+000 0.000000e+000 0.000000e+000
      outer loop
         vertex 2.730453e+001 9.010487e+000 7.550125e+000
         vertex 2.730453e+001 6.000005e+000 4.164847e+000
         vertex 2.730453e+001 6.000005e+000 4.196341e+000
      endloop
   endfacet
   facet normal -1.000000e+000 0.000000e+000 0.000000e+000
      outer loop
         vertex 2.730453e+001 1.000002e+000 6.995909e+000
         vertex 2.730453e+001 1.000002e+000 7.550125e+000
         vertex 2.730453e+001 6.000005e+000 6.995909e+000
      endloop
   endfacet
   facet normal -1.000000e+000 0.000000e+000 0.000000e+000
      outer loop
         vertex 2.730453e+001 6.000005e+000 6.995909e+000
         vertex 2.730453e+001 1.000002e+000 7.550125e+000
         vertex 2.730453e+001 9.010487e+000 7.550125e+000
      endloop
   endfacet
   facet normal -1.000000e+000 0.000000e+000 0.000000e+000
      outer loop
         vertex 2.730453e+001 6.000005e+000 6.995909e+000
         vertex 2.730453e+001 9.010487e+000 7.550125e+000
         vertex 2.730453e+001 6.000005e+000 5.196330e+000
      endloop
   endfacet
   facet normal -1.000000e+000 0.000000e+000 0.000000e+000
      outer loop
         vertex 2.730453e+001 6.000005e+000 5.196330e+000
         vertex 2.730453e+001 9.010487e+000 7.550125e+000
         vertex 2.730453e+001 6.000005e+000 4.196341e+000
      endloop
   endfacet
   facet normal -1.000000e+000 0.000000e+000 0.000000e+000
      outer loop
         vertex 2.730453e+001 6.000005e+000 5.196330e+000
         vertex 2.730453e+001 6.000005e+000 4.196341e+000
         vertex 2.730453e+001 1.000002e+000 5.196330e+000
      endloop
   endfacet
   facet normal -1.000000e+000 0.000000e+000 0.000000e+000
      outer loop
         vertex 2.730453e+001 1.000002e+000 5.196330e+000
         vertex 2.730453e+001 6.000005e+000 4.196341e+000
         vertex 2.730453e+001 1.000002e+000 4.196341e+000
      endloop
   endfacet
   facet normal -2.993035e-017 0.000000e+000 1.000000e+000
      outer loop
         vertex 2.730453e+001 1.000002e+000 7.550125e+000
         vertex 2.910000e+001 1.000002e+000 7.550125e+000
         vertex 2.730453e+001 9.010487e+000 7.550125e+000
      endloop
   endfacet
   facet normal -2.993035e-017 0.000000e+000 1.000000e+000
      outer loop
         vertex 2.730453e+001 9.010487e+000 7.550125e+000
         vertex 2.910000e+001 1.000002e+000 7.550125e+000
         vertex 2.910000e+001 1.100000e+001 7.550125e+000
      endloop
   endfacet
   facet normal -2.993035e-017 0.000000e+000 1.000000e+000
      outer loop
         vertex 2.730453e+001 9.010487e+000 7.550125e+000
         vertex 2.910000e+001 1.100000e+001 7.550125e+000
         vertex 2.730569e+001 9.078771e+000 7.550125e+000
      endloop
   endfacet
   facet normal -2.993035e-017 0.000000e+000 1.000000e+000
      outer loop
         vertex 2.730569e+001 9.078771e+000 7.550125e+000
         vertex 2.910000e+001 1.100000e+001 7.550125e+000
         vertex 2.903219e+001 1.099186e+001 7.550125e+000
      endloop
   endfacet
   facet normal -2.993035e-017 0.000000e+000 1.000000e+000
      outer loop
         vertex 2.903219e+001 1.099186e+001 7.550125e+000
         vertex 2.896471e+001 1.098141e+001 7.550125e+000
         vertex 2.730569e+001 9.078771e+000 7.550125e+000
      endloop
   endfacet
   facet normal -2.993035e-017 0.000000e+000 1.000000e+000
      outer loop
         vertex 2.730569e+001 9.078771e+000 7.550125e+000
         vertex 2.896471e+001 1.098141e+001 7.550125e+000
         vertex 2.889762e+001 1.096866e+001 7.550125e+000
      endloop
   endfacet
   facet normal -2.993035e-017 0.000000e+000 1.000000e+000
      outer loop
         vertex 2.730569e+001 9.078771e+000 7.550125e+000
         vertex 2.889762e+001 1.096866e+001 7.550125e+000
         vertex 2.883100e+001 1.095362e+001 7.550125e+000
      endloop
   endfacet
   facet normal -2.993035e-017 0.000000e+000 1.000000e+000
      outer loop
         vertex 2.730569e+001 9.078771e+000 7.550125e+000
         vertex 2.863477e+001 1.089501e+001 7.550125e+000
         vertex 2.857082e+001 1.087105e+001 7.550125e+000
      endloop
   endfacet
   facet normal -2.993035e-017 0.000000e+000 1.000000e+000
      outer loop
         vertex 2.838440e+001 1.078626e+001 7.550125e+000
         vertex 2.832431e+001 1.075381e+001 7.550125e+000
         vertex 2.730569e+001 9.078771e+000 7.550125e+000
      endloop
   endfacet
   facet normal -2.993035e-017 0.000000e+000 1.000000e+000
      outer loop
         vertex 2.730569e+001 9.078771e+000 7.550125e+000
         vertex 2.832431e+001 1.075381e+001 7.550125e+000
         vertex 2.826536e+001 1.071933e+001 7.550125e+000
      endloop
   endfacet
   facet normal -2.993035e-017 0.000000e+000 1.000000e+000
      outer loop
         vertex 2.883100e+001 1.095362e+001 7.550125e+000
         vertex 2.876493e+001 1.093632e+001 7.550125e+000
         vertex 2.730569e+001 9.078771e+000 7.550125e+000
      endloop
   endfacet
   facet normal -2.993035e-017 0.000000e+000 1.000000e+000
      outer loop
         vertex 2.730569e+001 9.078771e+000 7.550125e+000
         vertex 2.876493e+001 1.093632e+001 7.550125e+000
         vertex 2.869950e+001 1.091678e+001 7.550125e+000
      endloop
   endfacet
   facet normal -2.993035e-017 0.000000e+000 1.000000e+000
      outer loop
         vertex 2.730569e+001 9.078771e+000 7.550125e+000
         vertex 2.869950e+001 1.091678e+001 7.550125e+000
         vertex 2.863477e+001 1.089501e+001 7.550125e+000
      endloop
   endfacet
   facet normal -2.993035e-017 0.000000e+000 1.000000e+000
      outer loop
         vertex 2.857082e+001 1.087105e+001 7.550125e+000
         vertex 2.850772e+001 1.084491e+001 7.550125e+000
         vertex 2.730569e+001 9.078771e+000 7.550125e+000
      endloop
   endfacet
   facet normal -2.993035e-017 0.000000e+000 1.000000e+000
      outer loop
         vertex 2.730569e+001 9.078771e+000 7.550125e+000
         vertex 2.850772e+001 1.084491e+001 7.550125e+000
         vertex 2.844556e+001 1.081664e+001 7.550125e+000
      endloop
   endfacet
   facet normal -2.993035e-017 0.000000e+000 1.000000e+000
      outer loop
         vertex 2.730569e+001 9.078771e+000 7.550125e+000
         vertex 2.844556e+001 1.081664e+001 7.550125e+000
         vertex 2.838440e+001 1.078626e+001 7.550125e+000
      endloop
   endfacet
   facet normal -2.993035e-017 0.000000e+000 1.000000e+000
      outer loop
         vertex 2.826536e+001 1.071933e+001 7.550125e+000
         vertex 2.820762e+001 1.068285e+001 7.550125e+000
         vertex 2.730569e+001 9.078771e+000 7.550125e+000
      endloop
   endfacet
   facet normal -2.993035e-017 0.000000e+000 1.000000e+000
      outer loop
         vertex 2.730569e+001 9.078771e+000 7.550125e+000
         vertex 2.820762e+001 1.068285e+001 7.550125e+000
         vertex 2.815117e+001 1.064443e+001 7.550125e+000
      endloop
   endfacet
   facet normal -2.993035e-017 0.000000e+000 1.000000e+000
      outer loop
         vertex 2.730569e+001 9.078771e+000 7.550125e+000
         vertex 2.815117e+001 1.064443e+001 7.550125e+000
         vertex 2.809605e+001 1.060410e+001 7.550125e+000
      endloop
   endfacet
   facet normal -2.993035e-017 0.000000e+000 1.000000e+000
      outer loop
         vertex 2.809605e+001 1.060410e+001 7.550125e+000
         vertex 2.804235e+001 1.056191e+001 7.550125e+000
         vertex 2.730569e+001 9.078771e+000 7.550125e+000
      endloop
   endfacet
   facet normal -2.993035e-017 0.000000e+000 1.000000e+000
      outer loop
         vertex 2.730569e+001 9.078771e+000 7.550125e+000
         vertex 2.804235e+001 1.056191e+001 7.550125e+000
         vertex 2.799012e+001 1.051791e+001 7.550125e+000
      endloop
   endfacet
   facet normal -2.993035e-017 0.000000e+000 1.000000e+000
      outer loop
         vertex 2.730569e+001 9.078771e+000 7.550125e+000
         vertex 2.799012e+001 1.051791e+001 7.550125e+000
         vertex 2.793942e+001 1.047216e+001 7.550125e+000
      endloop
   endfacet
   facet normal -2.993035e-017 0.000000e+000 1.000000e+000
      outer loop
         vertex 2.793942e+001 1.047216e+001 7.550125e+000
         vertex 2.789031e+001 1.042470e+001 7.550125e+000
         vertex 2.730569e+001 9.078771e+000 7.550125e+000
      endloop
   endfacet
   facet normal -2.993035e-017 0.000000e+000 1.000000e+000
      outer loop
         vertex 2.730569e+001 9.078771e+000 7.550125e+000
         vertex 2.789031e+001 1.042470e+001 7.550125e+000
         vertex 2.784286e+001 1.037559e+001 7.550125e+000
      endloop
   endfacet
   facet normal -2.993035e-017 0.000000e+000 1.000000e+000
      outer loop
         vertex 2.730569e+001 9.078771e+000 7.550125e+000
         vertex 2.784286e+001 1.037559e+001 7.550125e+000
         vertex 2.779710e+001 1.032490e+001 7.550125e+000
      endloop
   endfacet
   facet normal -2.993035e-017 0.000000e+000 1.000000e+000
      outer loop
         vertex 2.767059e+001 1.016385e+001 7.550125e+000
         vertex 2.763216e+001 1.010739e+001 7.550125e+000
         vertex 2.752876e+001 9.930618e+000 7.550125e+000
      endloop
   endfacet
   facet normal -2.993035e-017 0.000000e+000 1.000000e+000
      outer loop
         vertex 2.752876e+001 9.930618e+000 7.550125e+000
         vertex 2.763216e+001 1.010739e+001 7.550125e+000
         vertex 2.759569e+001 1.004966e+001 7.550125e+000
      endloop
   endfacet
   facet normal -2.993035e-017 0.000000e+000 1.000000e+000
      outer loop
         vertex 2.752876e+001 9.930618e+000 7.550125e+000
         vertex 2.759569e+001 1.004966e+001 7.550125e+000
         vertex 2.756121e+001 9.990707e+000 7.550125e+000
      endloop
   endfacet
   facet normal -2.993035e-017 0.000000e+000 1.000000e+000
      outer loop
         vertex 2.779710e+001 1.032490e+001 7.550125e+000
         vertex 2.775310e+001 1.027266e+001 7.550125e+000
         vertex 2.730569e+001 9.078771e+000 7.550125e+000
      endloop
   endfacet
   facet normal -2.993035e-017 0.000000e+000 1.000000e+000
      outer loop
         vertex 2.730569e+001 9.078771e+000 7.550125e+000
         vertex 2.775310e+001 1.027266e+001 7.550125e+000
         vertex 2.771092e+001 1.021896e+001 7.550125e+000
      endloop
   endfacet
   facet normal -2.993035e-017 0.000000e+000 1.000000e+000
      outer loop
         vertex 2.730569e+001 9.078771e+000 7.550125e+000
         vertex 2.771092e+001 1.021896e+001 7.550125e+000
         vertex 2.730919e+001 9.146974e+000 7.550125e+000
      endloop
   endfacet
   facet normal -2.993035e-017 0.000000e+000 1.000000e+000
      outer loop
         vertex 2.730919e+001 9.146974e+000 7.550125e+000
         vertex 2.771092e+001 1.021896e+001 7.550125e+000
         vertex 2.731501e+001 9.215016e+000 7.550125e+000
      endloop
   endfacet
   facet normal -2.993035e-017 0.000000e+000 1.000000e+000
      outer loop
         vertex 2.767059e+001 1.016385e+001 7.550125e+000
         vertex 2.752876e+001 9.930618e+000 7.550125e+000
         vertex 2.771092e+001 1.021896e+001 7.550125e+000
      endloop
   endfacet
   facet normal -2.993035e-017 0.000000e+000 1.000000e+000
      outer loop
         vertex 2.771092e+001 1.021896e+001 7.550125e+000
         vertex 2.752876e+001 9.930618e+000 7.550125e+000
         vertex 2.749837e+001 9.869456e+000 7.550125e+000
      endloop
   endfacet
   facet normal -2.993035e-017 0.000000e+000 1.000000e+000
      outer loop
         vertex 2.771092e+001 1.021896e+001 7.550125e+000
         vertex 2.749837e+001 9.869456e+000 7.550125e+000
         vertex 2.747010e+001 9.807289e+000 7.550125e+000
      endloop
   endfacet
   facet normal -2.993035e-017 0.000000e+000 1.000000e+000
      outer loop
         vertex 2.747010e+001 9.807289e+000 7.550125e+000
         vertex 2.744397e+001 9.744197e+000 7.550125e+000
         vertex 2.771092e+001 1.021896e+001 7.550125e+000
      endloop
   endfacet
   facet normal -2.993035e-017 0.000000e+000 1.000000e+000
      outer loop
         vertex 2.771092e+001 1.021896e+001 7.550125e+000
         vertex 2.744397e+001 9.744197e+000 7.550125e+000
         vertex 2.742000e+001 9.680249e+000 7.550125e+000
      endloop
   endfacet
   facet normal -2.993035e-017 0.000000e+000 1.000000e+000
      outer loop
         vertex 2.771092e+001 1.021896e+001 7.550125e+000
         vertex 2.742000e+001 9.680249e+000 7.550125e+000
         vertex 2.739824e+001 9.615519e+000 7.550125e+000
      endloop
   endfacet
   facet normal -2.993035e-017 0.000000e+000 1.000000e+000
      outer loop
         vertex 2.739824e+001 9.615519e+000 7.550125e+000
         vertex 2.737869e+001 9.550079e+000 7.550125e+000
         vertex 2.771092e+001 1.021896e+001 7.550125e+000
      endloop
   endfacet
   facet normal -2.993035e-017 0.000000e+000 1.000000e+000
      outer loop
         vertex 2.771092e+001 1.021896e+001 7.550125e+000
         vertex 2.737869e+001 9.550079e+000 7.550125e+000
         vertex 2.736139e+001 9.484015e+000 7.550125e+000
      endloop
   endfacet
   facet normal -2.993035e-017 0.000000e+000 1.000000e+000
      outer loop
         vertex 2.771092e+001 1.021896e+001 7.550125e+000
         vertex 2.736139e+001 9.484015e+000 7.550125e+000
         vertex 2.734636e+001 9.417399e+000 7.550125e+000
      endloop
   endfacet
   facet normal -2.993035e-017 0.000000e+000 1.000000e+000
      outer loop
         vertex 2.734636e+001 9.417399e+000 7.550125e+000
         vertex 2.733361e+001 9.350307e+000 7.550125e+000
         vertex 2.771092e+001 1.021896e+001 7.550125e+000
      endloop
   endfacet
   facet normal -2.993035e-017 0.000000e+000 1.000000e+000
      outer loop
         vertex 2.771092e+001 1.021896e+001 7.550125e+000
         vertex 2.733361e+001 9.350307e+000 7.550125e+000
         vertex 2.732315e+001 9.282820e+000 7.550125e+000
      endloop
   endfacet
   facet normal -2.993035e-017 0.000000e+000 1.000000e+000
      outer loop
         vertex 2.771092e+001 1.021896e+001 7.550125e+000
         vertex 2.732315e+001 9.282820e+000 7.550125e+000
         vertex 2.731501e+001 9.215016e+000 7.550125e+000
      endloop
   endfacet
   facet normal -1.576605e-002 0.000000e+000 -9.998757e-001
      outer loop
         vertex 2.910000e+001 1.000002e+000 4.136537e+000
         vertex 2.730453e+001 1.000002e+000 4.164847e+000
         vertex 2.910000e+001 1.100000e+001 4.136537e+000
      endloop
   endfacet
   facet normal -1.576605e-002 0.000000e+000 -9.998757e-001
      outer loop
         vertex 2.910000e+001 1.100000e+001 4.136537e+000
         vertex 2.730453e+001 1.000002e+000 4.164847e+000
         vertex 2.730453e+001 6.000005e+000 4.164847e+000
      endloop
   endfacet
   facet normal -1.576605e-002 0.000000e+000 -9.998757e-001
      outer loop
         vertex 2.910000e+001 1.100000e+001 4.136537e+000
         vertex 2.730453e+001 6.000005e+000 4.164847e+000
         vertex 2.730453e+001 9.010487e+000 4.164847e+000
      endloop
   endfacet
   facet normal -1.576605e-002 0.000000e+000 -9.998757e-001
      outer loop
         vertex 2.889762e+001 1.096866e+001 4.139728e+000
         vertex 2.896471e+001 1.098141e+001 4.138670e+000
         vertex 2.730453e+001 9.010487e+000 4.164847e+000
      endloop
   endfacet
   facet normal -1.576605e-002 0.000000e+000 -9.998757e-001
      outer loop
         vertex 2.730453e+001 9.010487e+000 4.164847e+000
         vertex 2.896471e+001 1.098141e+001 4.138670e+000
         vertex 2.903219e+001 1.099186e+001 4.137606e+000
      endloop
   endfacet
   facet normal -1.576605e-002 0.000000e+000 -9.998757e-001
      outer loop
         vertex 2.730453e+001 9.010487e+000 4.164847e+000
         vertex 2.903219e+001 1.099186e+001 4.137606e+000
         vertex 2.910000e+001 1.100000e+001 4.136537e+000
      endloop
   endfacet
   facet normal -1.576605e-002 0.000000e+000 -9.998757e-001
      outer loop
         vertex 2.869950e+001 1.091678e+001 4.142851e+000
         vertex 2.876493e+001 1.093632e+001 4.141820e+000
         vertex 2.730453e+001 9.010487e+000 4.164847e+000
      endloop
   endfacet
   facet normal -1.576605e-002 0.000000e+000 -9.998757e-001
      outer loop
         vertex 2.730453e+001 9.010487e+000 4.164847e+000
         vertex 2.876493e+001 1.093632e+001 4.141820e+000
         vertex 2.883100e+001 1.095362e+001 4.140779e+000
      endloop
   endfacet
   facet normal -1.576605e-002 0.000000e+000 -9.998757e-001
      outer loop
         vertex 2.730453e+001 9.010487e+000 4.164847e+000
         vertex 2.883100e+001 1.095362e+001 4.140779e+000
         vertex 2.889762e+001 1.096866e+001 4.139728e+000
      endloop
   endfacet
   facet normal -1.576605e-002 0.000000e+000 -9.998757e-001
      outer loop
         vertex 2.850772e+001 1.084491e+001 4.145875e+000
         vertex 2.857082e+001 1.087105e+001 4.144881e+000
         vertex 2.730453e+001 9.010487e+000 4.164847e+000
      endloop
   endfacet
   facet normal -1.576605e-002 0.000000e+000 -9.998757e-001
      outer loop
         vertex 2.730453e+001 9.010487e+000 4.164847e+000
         vertex 2.857082e+001 1.087105e+001 4.144881e+000
         vertex 2.863477e+001 1.089501e+001 4.143872e+000
      endloop
   endfacet
   facet normal -1.576605e-002 0.000000e+000 -9.998757e-001
      outer loop
         vertex 2.730453e+001 9.010487e+000 4.164847e+000
         vertex 2.863477e+001 1.089501e+001 4.143872e+000
         vertex 2.869950e+001 1.091678e+001 4.142851e+000
      endloop
   endfacet
   facet normal -1.576605e-002 0.000000e+000 -9.998757e-001
      outer loop
         vertex 2.832431e+001 1.075381e+001 4.148768e+000
         vertex 2.838440e+001 1.078626e+001 4.147820e+000
         vertex 2.730453e+001 9.010487e+000 4.164847e+000
      endloop
   endfacet
   facet normal -1.576605e-002 0.000000e+000 -9.998757e-001
      outer loop
         vertex 2.730453e+001 9.010487e+000 4.164847e+000
         vertex 2.838440e+001 1.078626e+001 4.147820e+000
         vertex 2.844556e+001 1.081664e+001 4.146856e+000
      endloop
   endfacet
   facet normal -1.576605e-002 0.000000e+000 -9.998757e-001
      outer loop
         vertex 2.730453e+001 9.010487e+000 4.164847e+000
         vertex 2.844556e+001 1.081664e+001 4.146856e+000
         vertex 2.850772e+001 1.084491e+001 4.145875e+000
      endloop
   endfacet
   facet normal -1.576605e-002 0.000000e+000 -9.998757e-001
      outer loop
         vertex 2.815117e+001 1.064443e+001 4.151498e+000
         vertex 2.820762e+001 1.068285e+001 4.150608e+000
         vertex 2.730453e+001 9.010487e+000 4.164847e+000
      endloop
   endfacet
   facet normal -1.576605e-002 0.000000e+000 -9.998757e-001
      outer loop
         vertex 2.730453e+001 9.010487e+000 4.164847e+000
         vertex 2.820762e+001 1.068285e+001 4.150608e+000
         vertex 2.826536e+001 1.071933e+001 4.149698e+000
      endloop
   endfacet
   facet normal -1.576605e-002 0.000000e+000 -9.998757e-001
      outer loop
         vertex 2.730453e+001 9.010487e+000 4.164847e+000
         vertex 2.826536e+001 1.071933e+001 4.149698e+000
         vertex 2.832431e+001 1.075381e+001 4.148768e+000
      endloop
   endfacet
   facet normal -1.576605e-002 0.000000e+000 -9.998757e-001
      outer loop
         vertex 2.799012e+001 1.051791e+001 4.154037e+000
         vertex 2.804235e+001 1.056191e+001 4.153214e+000
         vertex 2.730453e+001 9.010487e+000 4.164847e+000
      endloop
   endfacet
   facet normal -1.576605e-002 0.000000e+000 -9.998757e-001
      outer loop
         vertex 2.730453e+001 9.010487e+000 4.164847e+000
         vertex 2.804235e+001 1.056191e+001 4.153214e+000
         vertex 2.809605e+001 1.060410e+001 4.152367e+000
      endloop
   endfacet
   facet normal -1.576605e-002 0.000000e+000 -9.998757e-001
      outer loop
         vertex 2.730453e+001 9.010487e+000 4.164847e+000
         vertex 2.809605e+001 1.060410e+001 4.152367e+000
         vertex 2.815117e+001 1.064443e+001 4.151498e+000
      endloop
   endfacet
   facet normal -1.576605e-002 0.000000e+000 -9.998757e-001
      outer loop
         vertex 2.784286e+001 1.037559e+001 4.156360e+000
         vertex 2.789031e+001 1.042470e+001 4.155611e+000
         vertex 2.730453e+001 9.010487e+000 4.164847e+000
      endloop
   endfacet
   facet normal -1.576605e-002 0.000000e+000 -9.998757e-001
      outer loop
         vertex 2.730453e+001 9.010487e+000 4.164847e+000
         vertex 2.789031e+001 1.042470e+001 4.155611e+000
         vertex 2.793942e+001 1.047216e+001 4.154837e+000
      endloop
   endfacet
   facet normal -1.576605e-002 0.000000e+000 -9.998757e-001
      outer loop
         vertex 2.730453e+001 9.010487e+000 4.164847e+000
         vertex 2.793942e+001 1.047216e+001 4.154837e+000
         vertex 2.799012e+001 1.051791e+001 4.154037e+000
      endloop
   endfacet
   facet normal -1.576605e-002 0.000000e+000 -9.998757e-001
      outer loop
         vertex 2.771092e+001 1.021896e+001 4.158440e+000
         vertex 2.775310e+001 1.027266e+001 4.157774e+000
         vertex 2.730453e+001 9.010487e+000 4.164847e+000
      endloop
   endfacet
   facet normal -1.576605e-002 0.000000e+000 -9.998757e-001
      outer loop
         vertex 2.730453e+001 9.010487e+000 4.164847e+000
         vertex 2.775310e+001 1.027266e+001 4.157774e+000
         vertex 2.779710e+001 1.032490e+001 4.157081e+000
      endloop
   endfacet
   facet normal -1.576605e-002 0.000000e+000 -9.998757e-001
      outer loop
         vertex 2.730453e+001 9.010487e+000 4.164847e+000
         vertex 2.779710e+001 1.032490e+001 4.157081e+000
         vertex 2.784286e+001 1.037559e+001 4.156360e+000
      endloop
   endfacet
   facet normal -1.576605e-002 0.000000e+000 -9.998757e-001
      outer loop
         vertex 2.759569e+001 1.004966e+001 4.160257e+000
         vertex 2.763216e+001 1.010739e+001 4.159681e+000
         vertex 2.730453e+001 9.010487e+000 4.164847e+000
      endloop
   endfacet
   facet normal -1.576605e-002 0.000000e+000 -9.998757e-001
      outer loop
         vertex 2.730453e+001 9.010487e+000 4.164847e+000
         vertex 2.763216e+001 1.010739e+001 4.159681e+000
         vertex 2.767059e+001 1.016385e+001 4.159076e+000
      endloop
   endfacet
   facet normal -1.576605e-002 0.000000e+000 -9.998757e-001
      outer loop
         vertex 2.730453e+001 9.010487e+000 4.164847e+000
         vertex 2.767059e+001 1.016385e+001 4.159076e+000
         vertex 2.771092e+001 1.021896e+001 4.158440e+000
      endloop
   endfacet
   facet normal -1.576605e-002 0.000000e+000 -9.998757e-001
      outer loop
         vertex 2.749837e+001 9.869456e+000 4.161791e+000
         vertex 2.752876e+001 9.930618e+000 4.161312e+000
         vertex 2.730453e+001 9.010487e+000 4.164847e+000
      endloop
   endfacet
   facet normal -1.576605e-002 0.000000e+000 -9.998757e-001
      outer loop
         vertex 2.730453e+001 9.010487e+000 4.164847e+000
         vertex 2.752876e+001 9.930618e+000 4.161312e+000
         vertex 2.756121e+001 9.990707e+000 4.160800e+000
      endloop
   endfacet
   facet normal -1.576605e-002 0.000000e+000 -9.998757e-001
      outer loop
         vertex 2.730453e+001 9.010487e+000 4.164847e+000
         vertex 2.756121e+001 9.990707e+000 4.160800e+000
         vertex 2.759569e+001 1.004966e+001 4.160257e+000
      endloop
   endfacet
   facet normal -1.576605e-002 0.000000e+000 -9.998757e-001
      outer loop
         vertex 2.742000e+001 9.680249e+000 4.163027e+000
         vertex 2.744397e+001 9.744197e+000 4.162649e+000
         vertex 2.730453e+001 9.010487e+000 4.164847e+000
      endloop
   endfacet
   facet normal -1.576605e-002 0.000000e+000 -9.998757e-001
      outer loop
         vertex 2.730453e+001 9.010487e+000 4.164847e+000
         vertex 2.744397e+001 9.744197e+000 4.162649e+000
         vertex 2.747010e+001 9.807289e+000 4.162237e+000
      endloop
   endfacet
   facet normal -1.576605e-002 0.000000e+000 -9.998757e-001
      outer loop
         vertex 2.730453e+001 9.010487e+000 4.164847e+000
         vertex 2.747010e+001 9.807289e+000 4.162237e+000
         vertex 2.749837e+001 9.869456e+000 4.161791e+000
      endloop
   endfacet
   facet normal -1.576605e-002 0.000000e+000 -9.998757e-001
      outer loop
         vertex 2.736139e+001 9.484015e+000 4.163951e+000
         vertex 2.737869e+001 9.550079e+000 4.163678e+000
         vertex 2.730453e+001 9.010487e+000 4.164847e+000
      endloop
   endfacet
   facet normal -1.576605e-002 0.000000e+000 -9.998757e-001
      outer loop
         vertex 2.730453e+001 9.010487e+000 4.164847e+000
         vertex 2.737869e+001 9.550079e+000 4.163678e+000
         vertex 2.739824e+001 9.615519e+000 4.163371e+000
      endloop
   endfacet
   facet normal -1.576605e-002 0.000000e+000 -9.998757e-001
      outer loop
         vertex 2.730453e+001 9.010487e+000 4.164847e+000
         vertex 2.739824e+001 9.615519e+000 4.163371e+000
         vertex 2.742000e+001 9.680249e+000 4.163027e+000
      endloop
   endfacet
   facet normal -1.576605e-002 0.000000e+000 -9.998757e-001
      outer loop
         vertex 2.732315e+001 9.282820e+000 4.164554e+000
         vertex 2.733361e+001 9.350307e+000 4.164389e+000
         vertex 2.730453e+001 9.010487e+000 4.164847e+000
      endloop
   endfacet
   facet normal -1.576605e-002 0.000000e+000 -9.998757e-001
      outer loop
         vertex 2.730453e+001 9.010487e+000 4.164847e+000
         vertex 2.733361e+001 9.350307e+000 4.164389e+000
         vertex 2.734636e+001 9.417399e+000 4.164188e+000
      endloop
   endfacet
   facet normal -1.576605e-002 0.000000e+000 -9.998757e-001
      outer loop
         vertex 2.730453e+001 9.010487e+000 4.164847e+000
         vertex 2.734636e+001 9.417399e+000 4.164188e+000
         vertex 2.736139e+001 9.484015e+000 4.163951e+000
      endloop
   endfacet
   facet normal -1.576605e-002 0.000000e+000 -9.998757e-001
      outer loop
         vertex 2.730569e+001 9.078771e+000 4.164829e+000
         vertex 2.730919e+001 9.146974e+000 4.164774e+000
         vertex 2.730453e+001 9.010487e+000 4.164847e+000
      endloop
   endfacet
   facet normal -1.576605e-002 0.000000e+000 -9.998757e-001
      outer loop
         vertex 2.730453e+001 9.010487e+000 4.164847e+000
         vertex 2.730919e+001 9.146974e+000 4.164774e+000
         vertex 2.731501e+001 9.215016e+000 4.164683e+000
      endloop
   endfacet
   facet normal -1.576605e-002 0.000000e+000 -9.998757e-001
      outer loop
         vertex 2.730453e+001 9.010487e+000 4.164847e+000
         vertex 2.731501e+001 9.215016e+000 4.164683e+000
         vertex 2.732315e+001 9.282820e+000 4.164554e+000
      endloop
   endfacet
   facet normal 1.000000e+000 0.000000e+000 0.000000e+000
      outer loop
         vertex 2.699800e+000 9.010047e+000 7.550125e+000
         vertex 2.699800e+000 1.000002e+000 7.550125e+000
         vertex 2.699800e+000 9.010047e+000 4.196341e+000
      endloop
   endfacet
   facet normal 1.000000e+000 0.000000e+000 0.000000e+000
      outer loop
         vertex 2.699800e+000 9.010047e+000 4.196341e+000
         vertex 2.699800e+000 1.000002e+000 7.550125e+000
         vertex 2.699800e+000 1.000002e+000 4.196341e+000
      endloop
   endfacet
   facet normal 0.000000e+000 0.000000e+000 -1.000000e+000
      outer loop
         vertex 2.699800e+000 1.000002e+000 4.196341e+000
         vertex 8.999994e-001 1.000002e+000 4.196341e+000
         vertex 2.699800e+000 9.010047e+000 4.196341e+000
      endloop
   endfacet
   facet normal 0.000000e+000 0.000000e+000 -1.000000e+000
      outer loop
         vertex 2.699800e+000 9.010047e+000 4.196341e+000
         vertex 8.999994e-001 1.000002e+000 4.196341e+000
         vertex 8.999994e-001 1.100000e+001 4.196341e+000
      endloop
   endfacet
   facet normal 0.000000e+000 0.000000e+000 -1.000000e+000
      outer loop
         vertex 2.533739e+000 9.807963e+000 4.196341e+000
         vertex 2.559948e+000 9.744789e+000 4.196341e+000
         vertex 1.677285e+000 1.075490e+001 4.196341e+000
      endloop
   endfacet
   facet normal 0.000000e+000 0.000000e+000 -1.000000e+000
      outer loop
         vertex 8.999994e-001 1.100000e+001 4.196341e+000
         vertex 9.679226e-001 1.099199e+001 4.196341e+000
         vertex 2.699800e+000 9.010047e+000 4.196341e+000
      endloop
   endfacet
   facet normal 0.000000e+000 0.000000e+000 -1.000000e+000
      outer loop
         vertex 2.699800e+000 9.010047e+000 4.196341e+000
         vertex 9.679226e-001 1.099199e+001 4.196341e+000
         vertex 1.035532e+000 1.098167e+001 4.196341e+000
      endloop
   endfacet
   facet normal 0.000000e+000 0.000000e+000 -1.000000e+000
      outer loop
         vertex 2.699800e+000 9.010047e+000 4.196341e+000
         vertex 1.035532e+000 1.098167e+001 4.196341e+000
         vertex 1.102748e+000 1.096904e+001 4.196341e+000
      endloop
   endfacet
   facet normal 0.000000e+000 0.000000e+000 -1.000000e+000
      outer loop
         vertex 1.102748e+000 1.096904e+001 4.196341e+000
         vertex 1.169494e+000 1.095411e+001 4.196341e+000
         vertex 2.699800e+000 9.010047e+000 4.196341e+000
      endloop
   endfacet
   facet normal 0.000000e+000 0.000000e+000 -1.000000e+000
      outer loop
         vertex 2.699800e+000 9.010047e+000 4.196341e+000
         vertex 1.169494e+000 1.095411e+001 4.196341e+000
         vertex 1.235690e+000 1.093692e+001 4.196341e+000
      endloop
   endfacet
   facet normal 0.000000e+000 0.000000e+000 -1.000000e+000
      outer loop
         vertex 2.699800e+000 9.010047e+000 4.196341e+000
         vertex 1.235690e+000 1.093692e+001 4.196341e+000
         vertex 1.301260e+000 1.091747e+001 4.196341e+000
      endloop
   endfacet
   facet normal 0.000000e+000 0.000000e+000 -1.000000e+000
      outer loop
         vertex 1.301260e+000 1.091747e+001 4.196341e+000
         vertex 1.366125e+000 1.089579e+001 4.196341e+000
         vertex 2.699800e+000 9.010047e+000 4.196341e+000
      endloop
   endfacet
   facet normal 0.000000e+000 0.000000e+000 -1.000000e+000
      outer loop
         vertex 2.699800e+000 9.010047e+000 4.196341e+000
         vertex 1.366125e+000 1.089579e+001 4.196341e+000
         vertex 1.430212e+000 1.087190e+001 4.196341e+000
      endloop
   endfacet
   facet normal 0.000000e+000 0.000000e+000 -1.000000e+000
      outer loop
         vertex 2.699800e+000 9.010047e+000 4.196341e+000
         vertex 1.430212e+000 1.087190e+001 4.196341e+000
         vertex 1.493446e+000 1.084584e+001 4.196341e+000
      endloop
   endfacet
   facet normal 0.000000e+000 0.000000e+000 -1.000000e+000
      outer loop
         vertex 1.493446e+000 1.084584e+001 4.196341e+000
         vertex 1.555750e+000 1.081763e+001 4.196341e+000
         vertex 2.699800e+000 9.010047e+000 4.196341e+000
      endloop
   endfacet
   facet normal 0.000000e+000 0.000000e+000 -1.000000e+000
      outer loop
         vertex 2.699800e+000 9.010047e+000 4.196341e+000
         vertex 1.555750e+000 1.081763e+001 4.196341e+000
         vertex 1.617054e+000 1.078730e+001 4.196341e+000
      endloop
   endfacet
   facet normal 0.000000e+000 0.000000e+000 -1.000000e+000
      outer loop
         vertex 2.699800e+000 9.010047e+000 4.196341e+000
         vertex 1.617054e+000 1.078730e+001 4.196341e+000
         vertex 1.677285e+000 1.075490e+001 4.196341e+000
      endloop
   endfacet
   facet normal 0.000000e+000 0.000000e+000 -1.000000e+000
      outer loop
         vertex 1.736373e+000 1.072046e+001 4.196341e+000
         vertex 1.794249e+000 1.068402e+001 4.196341e+000
         vertex 2.442377e+000 9.991590e+000 4.196341e+000
      endloop
   endfacet
   facet normal 0.000000e+000 0.000000e+000 -1.000000e+000
      outer loop
         vertex 2.442377e+000 9.991590e+000 4.196341e+000
         vertex 1.794249e+000 1.068402e+001 4.196341e+000
         vertex 1.850845e+000 1.064562e+001 4.196341e+000
      endloop
   endfacet
   facet normal 0.000000e+000 0.000000e+000 -1.000000e+000
      outer loop
         vertex 2.533739e+000 9.807963e+000 4.196341e+000
         vertex 1.677285e+000 1.075490e+001 4.196341e+000
         vertex 2.505384e+000 9.870201e+000 4.196341e+000
      endloop
   endfacet
   facet normal 0.000000e+000 0.000000e+000 -1.000000e+000
      outer loop
         vertex 1.850845e+000 1.064562e+001 4.196341e+000
         vertex 1.906095e+000 1.060531e+001 4.196341e+000
         vertex 2.442377e+000 9.991590e+000 4.196341e+000
      endloop
   endfacet
   facet normal 0.000000e+000 0.000000e+000 -1.000000e+000
      outer loop
         vertex 2.442377e+000 9.991590e+000 4.196341e+000
         vertex 1.906095e+000 1.060531e+001 4.196341e+000
         vertex 1.959934e+000 1.056313e+001 4.196341e+000
      endloop
   endfacet
   facet normal 0.000000e+000 0.000000e+000 -1.000000e+000
      outer loop
         vertex 2.442377e+000 9.991590e+000 4.196341e+000
         vertex 1.959934e+000 1.056313e+001 4.196341e+000
         vertex 2.407797e+000 1.005060e+001 4.196341e+000
      endloop
   endfacet
   facet normal 0.000000e+000 0.000000e+000 -1.000000e+000
      outer loop
         vertex 2.407797e+000 1.005060e+001 4.196341e+000
         vertex 1.959934e+000 1.056313e+001 4.196341e+000
         vertex 2.371220e+000 1.010839e+001 4.196341e+000
      endloop
   endfacet
   facet normal 0.000000e+000 0.000000e+000 -1.000000e+000
      outer loop
         vertex 2.371220e+000 1.010839e+001 4.196341e+000
         vertex 1.959934e+000 1.056313e+001 4.196341e+000
         vertex 2.012299e+000 1.051914e+001 4.196341e+000
      endloop
   endfacet
   facet normal 0.000000e+000 0.000000e+000 -1.000000e+000
      outer loop
         vertex 2.371220e+000 1.010839e+001 4.196341e+000
         vertex 2.012299e+000 1.051914e+001 4.196341e+000
         vertex 2.063130e+000 1.047337e+001 4.196341e+000
      endloop
   endfacet
   facet normal 0.000000e+000 0.000000e+000 -1.000000e+000
      outer loop
         vertex 2.689283e+000 9.214878e+000 4.196341e+000
         vertex 1.677285e+000 1.075490e+001 4.196341e+000
         vertex 2.681117e+000 9.282783e+000 4.196341e+000
      endloop
   endfacet
   facet normal 0.000000e+000 0.000000e+000 -1.000000e+000
      outer loop
         vertex 2.681117e+000 9.282783e+000 4.196341e+000
         vertex 1.677285e+000 1.075490e+001 4.196341e+000
         vertex 2.670633e+000 9.350367e+000 4.196341e+000
      endloop
   endfacet
   facet normal 0.000000e+000 0.000000e+000 -1.000000e+000
      outer loop
         vertex 2.689283e+000 9.214878e+000 4.196341e+000
         vertex 2.695124e+000 9.146735e+000 4.196341e+000
         vertex 1.677285e+000 1.075490e+001 4.196341e+000
      endloop
   endfacet
   facet normal 0.000000e+000 0.000000e+000 -1.000000e+000
      outer loop
         vertex 1.677285e+000 1.075490e+001 4.196341e+000
         vertex 2.695124e+000 9.146735e+000 4.196341e+000
         vertex 2.698630e+000 9.078432e+000 4.196341e+000
      endloop
   endfacet
   facet normal 0.000000e+000 0.000000e+000 -1.000000e+000
      outer loop
         vertex 1.677285e+000 1.075490e+001 4.196341e+000
         vertex 2.698630e+000 9.078432e+000 4.196341e+000
         vertex 2.699800e+000 9.010047e+000 4.196341e+000
      endloop
   endfacet
   facet normal 0.000000e+000 0.000000e+000 -1.000000e+000
      outer loop
         vertex 1.736373e+000 1.072046e+001 4.196341e+000
         vertex 2.442377e+000 9.991590e+000 4.196341e+000
         vertex 1.677285e+000 1.075490e+001 4.196341e+000
      endloop
   endfacet
   facet normal 0.000000e+000 0.000000e+000 -1.000000e+000
      outer loop
         vertex 1.677285e+000 1.075490e+001 4.196341e+000
         vertex 2.442377e+000 9.991590e+000 4.196341e+000
         vertex 2.474918e+000 9.931434e+000 4.196341e+000
      endloop
   endfacet
   facet normal 0.000000e+000 0.000000e+000 -1.000000e+000
      outer loop
         vertex 1.677285e+000 1.075490e+001 4.196341e+000
         vertex 2.474918e+000 9.931434e+000 4.196341e+000
         vertex 2.505384e+000 9.870201e+000 4.196341e+000
      endloop
   endfacet
   facet normal 0.000000e+000 0.000000e+000 -1.000000e+000
      outer loop
         vertex 2.559948e+000 9.744789e+000 4.196341e+000
         vertex 2.583982e+000 9.680759e+000 4.196341e+000
         vertex 1.677285e+000 1.075490e+001 4.196341e+000
      endloop
   endfacet
   facet normal 0.000000e+000 0.000000e+000 -1.000000e+000
      outer loop
         vertex 1.677285e+000 1.075490e+001 4.196341e+000
         vertex 2.583982e+000 9.680759e+000 4.196341e+000
         vertex 2.605814e+000 9.615943e+000 4.196341e+000
      endloop
   endfacet
   facet normal 0.000000e+000 0.000000e+000 -1.000000e+000
      outer loop
         vertex 1.677285e+000 1.075490e+001 4.196341e+000
         vertex 2.605814e+000 9.615943e+000 4.196341e+000
         vertex 2.625416e+000 9.550419e+000 4.196341e+000
      endloop
   endfacet
   facet normal 0.000000e+000 0.000000e+000 -1.000000e+000
      outer loop
         vertex 2.625416e+000 9.550419e+000 4.196341e+000
         vertex 2.642766e+000 9.484265e+000 4.196341e+000
         vertex 1.677285e+000 1.075490e+001 4.196341e+000
      endloop
   endfacet
   facet normal 0.000000e+000 0.000000e+000 -1.000000e+000
      outer loop
         vertex 1.677285e+000 1.075490e+001 4.196341e+000
         vertex 2.642766e+000 9.484265e+000 4.196341e+000
         vertex 2.657845e+000 9.417553e+000 4.196341e+000
      endloop
   endfacet
   facet normal 0.000000e+000 0.000000e+000 -1.000000e+000
      outer loop
         vertex 1.677285e+000 1.075490e+001 4.196341e+000
         vertex 2.657845e+000 9.417553e+000 4.196341e+000
         vertex 2.670633e+000 9.350367e+000 4.196341e+000
      endloop
   endfacet
   facet normal 0.000000e+000 0.000000e+000 -1.000000e+000
      outer loop
         vertex 2.063130e+000 1.047337e+001 4.196341e+000
         vertex 2.112367e+000 1.042591e+001 4.196341e+000
         vertex 2.371220e+000 1.010839e+001 4.196341e+000
      endloop
   endfacet
   facet normal 0.000000e+000 0.000000e+000 -1.000000e+000
      outer loop
         vertex 2.371220e+000 1.010839e+001 4.196341e+000
         vertex 2.112367e+000 1.042591e+001 4.196341e+000
         vertex 2.159951e+000 1.037678e+001 4.196341e+000
      endloop
   endfacet
   facet normal 0.000000e+000 0.000000e+000 -1.000000e+000
      outer loop
         vertex 2.371220e+000 1.010839e+001 4.196341e+000
         vertex 2.159951e+000 1.037678e+001 4.196341e+000
         vertex 2.205829e+000 1.032605e+001 4.196341e+000
      endloop
   endfacet
   facet normal 0.000000e+000 0.000000e+000 -1.000000e+000
      outer loop
         vertex 2.205829e+000 1.032605e+001 4.196341e+000
         vertex 2.249945e+000 1.027379e+001 4.196341e+000
         vertex 2.371220e+000 1.010839e+001 4.196341e+000
      endloop
   endfacet
   facet normal 0.000000e+000 0.000000e+000 -1.000000e+000
      outer loop
         vertex 2.371220e+000 1.010839e+001 4.196341e+000
         vertex 2.249945e+000 1.027379e+001 4.196341e+000
         vertex 2.292248e+000 1.022005e+001 4.196341e+000
      endloop
   endfacet
   facet normal 0.000000e+000 0.000000e+000 -1.000000e+000
      outer loop
         vertex 2.371220e+000 1.010839e+001 4.196341e+000
         vertex 2.292248e+000 1.022005e+001 4.196341e+000
         vertex 2.332688e+000 1.016489e+001 4.196341e+000
      endloop
   endfacet
   facet normal 3.012007e-017 0.000000e+000 1.000000e+000
      outer loop
         vertex 8.999994e-001 1.000002e+000 7.550125e+000
         vertex 2.699800e+000 1.000002e+000 7.550125e+000
         vertex 8.999994e-001 1.100000e+001 7.550125e+000
      endloop
   endfacet
   facet normal 3.012007e-017 0.000000e+000 1.000000e+000
      outer loop
         vertex 8.999994e-001 1.100000e+001 7.550125e+000
         vertex 2.699800e+000 1.000002e+000 7.550125e+000
         vertex 2.699800e+000 9.010047e+000 7.550125e+000
      endloop
   endfacet
   facet normal 3.012007e-017 0.000000e+000 1.000000e+000
      outer loop
         vertex 8.999994e-001 1.100000e+001 7.550125e+000
         vertex 2.699800e+000 9.010047e+000 7.550125e+000
         vertex 9.679226e-001 1.099199e+001 7.550125e+000
      endloop
   endfacet
   facet normal 3.012007e-017 0.000000e+000 1.000000e+000
      outer loop
         vertex 1.850845e+000 1.064562e+001 7.550125e+000
         vertex 1.794249e+000 1.068402e+001 7.550125e+000
         vertex 2.442377e+000 9.991590e+000 7.550125e+000
      endloop
   endfacet
   facet normal 3.012007e-017 0.000000e+000 1.000000e+000
      outer loop
         vertex 1.617054e+000 1.078730e+001 7.550125e+000
         vertex 1.555750e+000 1.081763e+001 7.550125e+000
         vertex 2.699800e+000 9.010047e+000 7.550125e+000
      endloop
   endfacet
   facet normal 3.012007e-017 0.000000e+000 1.000000e+000
      outer loop
         vertex 2.695124e+000 9.146735e+000 7.550125e+000
         vertex 2.689283e+000 9.214878e+000 7.550125e+000
         vertex 1.677285e+000 1.075490e+001 7.550125e+000
      endloop
   endfacet
   facet normal 3.012007e-017 0.000000e+000 1.000000e+000
      outer loop
         vertex 2.112367e+000 1.042591e+001 7.550125e+000
         vertex 2.063130e+000 1.047337e+001 7.550125e+000
         vertex 2.371220e+000 1.010839e+001 7.550125e+000
      endloop
   endfacet
   facet normal 3.012007e-017 0.000000e+000 1.000000e+000
      outer loop
         vertex 1.555750e+000 1.081763e+001 7.550125e+000
         vertex 1.493446e+000 1.084584e+001 7.550125e+000
         vertex 2.699800e+000 9.010047e+000 7.550125e+000
      endloop
   endfacet
   facet normal 3.012007e-017 0.000000e+000 1.000000e+000
      outer loop
         vertex 2.699800e+000 9.010047e+000 7.550125e+000
         vertex 1.493446e+000 1.084584e+001 7.550125e+000
         vertex 1.430212e+000 1.087190e+001 7.550125e+000
      endloop
   endfacet
   facet normal 3.012007e-017 0.000000e+000 1.000000e+000
      outer loop
         vertex 2.699800e+000 9.010047e+000 7.550125e+000
         vertex 1.430212e+000 1.087190e+001 7.550125e+000
         vertex 1.366125e+000 1.089579e+001 7.550125e+000
      endloop
   endfacet
   facet normal 3.012007e-017 0.000000e+000 1.000000e+000
      outer loop
         vertex 1.366125e+000 1.089579e+001 7.550125e+000
         vertex 1.301260e+000 1.091747e+001 7.550125e+000
         vertex 2.699800e+000 9.010047e+000 7.550125e+000
      endloop
   endfacet
   facet normal 3.012007e-017 0.000000e+000 1.000000e+000
      outer loop
         vertex 2.699800e+000 9.010047e+000 7.550125e+000
         vertex 1.301260e+000 1.091747e+001 7.550125e+000
         vertex 1.235690e+000 1.093692e+001 7.550125e+000
      endloop
   endfacet
   facet normal 3.012007e-017 0.000000e+000 1.000000e+000
      outer loop
         vertex 2.699800e+000 9.010047e+000 7.550125e+000
         vertex 1.235690e+000 1.093692e+001 7.550125e+000
         vertex 1.169494e+000 1.095411e+001 7.550125e+000
      endloop
   endfacet
   facet normal 3.012007e-017 0.000000e+000 1.000000e+000
      outer loop
         vertex 1.617054e+000 1.078730e+001 7.550125e+000
         vertex 2.699800e+000 9.010047e+000 7.550125e+000
         vertex 1.677285e+000 1.075490e+001 7.550125e+000
      endloop
   endfacet
   facet normal 3.012007e-017 0.000000e+000 1.000000e+000
      outer loop
         vertex 1.677285e+000 1.075490e+001 7.550125e+000
         vertex 2.699800e+000 9.010047e+000 7.550125e+000
         vertex 2.698630e+000 9.078432e+000 7.550125e+000
      endloop
   endfacet
   facet normal 3.012007e-017 0.000000e+000 1.000000e+000
      outer loop
         vertex 1.677285e+000 1.075490e+001 7.550125e+000
         vertex 2.698630e+000 9.078432e+000 7.550125e+000
         vertex 2.695124e+000 9.146735e+000 7.550125e+000
      endloop
   endfacet
   facet normal 3.012007e-017 0.000000e+000 1.000000e+000
      outer loop
         vertex 2.689283e+000 9.214878e+000 7.550125e+000
         vertex 2.681117e+000 9.282783e+000 7.550125e+000
         vertex 1.677285e+000 1.075490e+001 7.550125e+000
      endloop
   endfacet
   facet normal 3.012007e-017 0.000000e+000 1.000000e+000
      outer loop
         vertex 1.677285e+000 1.075490e+001 7.550125e+000
         vertex 2.681117e+000 9.282783e+000 7.550125e+000
         vertex 2.670633e+000 9.350367e+000 7.550125e+000
      endloop
   endfacet
   facet normal 3.012007e-017 0.000000e+000 1.000000e+000
      outer loop
         vertex 1.677285e+000 1.075490e+001 7.550125e+000
         vertex 2.670633e+000 9.350367e+000 7.550125e+000
         vertex 2.657845e+000 9.417553e+000 7.550125e+000
      endloop
   endfacet
   facet normal 3.012007e-017 0.000000e+000 1.000000e+000
      outer loop
         vertex 1.677285e+000 1.075490e+001 7.550125e+000
         vertex 2.533739e+000 9.807963e+000 7.550125e+000
         vertex 2.505384e+000 9.870201e+000 7.550125e+000
      endloop
   endfacet
   facet normal 3.012007e-017 0.000000e+000 1.000000e+000
      outer loop
         vertex 2.112367e+000 1.042591e+001 7.550125e+000
         vertex 2.371220e+000 1.010839e+001 7.550125e+000
         vertex 2.159951e+000 1.037678e+001 7.550125e+000
      endloop
   endfacet
   facet normal 3.012007e-017 0.000000e+000 1.000000e+000
      outer loop
         vertex 2.063130e+000 1.047337e+001 7.550125e+000
         vertex 2.012299e+000 1.051914e+001 7.550125e+000
         vertex 2.371220e+000 1.010839e+001 7.550125e+000
      endloop
   endfacet
   facet normal 3.012007e-017 0.000000e+000 1.000000e+000
      outer loop
         vertex 2.371220e+000 1.010839e+001 7.550125e+000
         vertex 2.012299e+000 1.051914e+001 7.550125e+000
         vertex 1.959934e+000 1.056313e+001 7.550125e+000
      endloop
   endfacet
   facet normal 3.012007e-017 0.000000e+000 1.000000e+000
      outer loop
         vertex 2.371220e+000 1.010839e+001 7.550125e+000
         vertex 1.959934e+000 1.056313e+001 7.550125e+000
         vertex 2.407797e+000 1.005060e+001 7.550125e+000
      endloop
   endfacet
   facet normal 3.012007e-017 0.000000e+000 1.000000e+000
      outer loop
         vertex 2.407797e+000 1.005060e+001 7.550125e+000
         vertex 1.959934e+000 1.056313e+001 7.550125e+000
         vertex 2.442377e+000 9.991590e+000 7.550125e+000
      endloop
   endfacet
   facet normal 3.012007e-017 0.000000e+000 1.000000e+000
      outer loop
         vertex 2.442377e+000 9.991590e+000 7.550125e+000
         vertex 1.959934e+000 1.056313e+001 7.550125e+000
         vertex 1.906095e+000 1.060531e+001 7.550125e+000
      endloop
   endfacet
   facet normal 3.012007e-017 0.000000e+000 1.000000e+000
      outer loop
         vertex 2.442377e+000 9.991590e+000 7.550125e+000
         vertex 1.906095e+000 1.060531e+001 7.550125e+000
         vertex 1.850845e+000 1.064562e+001 7.550125e+000
      endloop
   endfacet
   facet normal 3.012007e-017 0.000000e+000 1.000000e+000
      outer loop
         vertex 1.169494e+000 1.095411e+001 7.550125e+000
         vertex 1.102748e+000 1.096904e+001 7.550125e+000
         vertex 2.699800e+000 9.010047e+000 7.550125e+000
      endloop
   endfacet
   facet normal 3.012007e-017 0.000000e+000 1.000000e+000
      outer loop
         vertex 2.699800e+000 9.010047e+000 7.550125e+000
         vertex 1.102748e+000 1.096904e+001 7.550125e+000
         vertex 1.035532e+000 1.098167e+001 7.550125e+000
      endloop
   endfacet
   facet normal 3.012007e-017 0.000000e+000 1.000000e+000
      outer loop
         vertex 2.699800e+000 9.010047e+000 7.550125e+000
         vertex 1.035532e+000 1.098167e+001 7.550125e+000
         vertex 9.679226e-001 1.099199e+001 7.550125e+000
      endloop
   endfacet
   facet normal 3.012007e-017 0.000000e+000 1.000000e+000
      outer loop
         vertex 2.657845e+000 9.417553e+000 7.550125e+000
         vertex 2.642766e+000 9.484265e+000 7.550125e+000
         vertex 1.677285e+000 1.075490e+001 7.550125e+000
      endloop
   endfacet
   facet normal 3.012007e-017 0.000000e+000 1.000000e+000
      outer loop
         vertex 1.677285e+000 1.075490e+001 7.550125e+000
         vertex 2.642766e+000 9.484265e+000 7.550125e+000
         vertex 2.625416e+000 9.550419e+000 7.550125e+000
      endloop
   endfacet
   facet normal 3.012007e-017 0.000000e+000 1.000000e+000
      outer loop
         vertex 1.677285e+000 1.075490e+001 7.550125e+000
         vertex 2.625416e+000 9.550419e+000 7.550125e+000
         vertex 2.605814e+000 9.615943e+000 7.550125e+000
      endloop
   endfacet
   facet normal 3.012007e-017 0.000000e+000 1.000000e+000
      outer loop
         vertex 2.605814e+000 9.615943e+000 7.550125e+000
         vertex 2.583982e+000 9.680759e+000 7.550125e+000
         vertex 1.677285e+000 1.075490e+001 7.550125e+000
      endloop
   endfacet
   facet normal 3.012007e-017 0.000000e+000 1.000000e+000
      outer loop
         vertex 1.677285e+000 1.075490e+001 7.550125e+000
         vertex 2.583982e+000 9.680759e+000 7.550125e+000
         vertex 2.559948e+000 9.744789e+000 7.550125e+000
      endloop
   endfacet
   facet normal 3.012007e-017 0.000000e+000 1.000000e+000
      outer loop
         vertex 1.677285e+000 1.075490e+001 7.550125e+000
         vertex 2.559948e+000 9.744789e+000 7.550125e+000
         vertex 2.533739e+000 9.807963e+000 7.550125e+000
      endloop
   endfacet
   facet normal 3.012007e-017 0.000000e+000 1.000000e+000
      outer loop
         vertex 1.794249e+000 1.068402e+001 7.550125e+000
         vertex 1.736373e+000 1.072046e+001 7.550125e+000
         vertex 2.442377e+000 9.991590e+000 7.550125e+000
      endloop
   endfacet
   facet normal 3.012007e-017 0.000000e+000 1.000000e+000
      outer loop
         vertex 2.442377e+000 9.991590e+000 7.550125e+000
         vertex 1.736373e+000 1.072046e+001 7.550125e+000
         vertex 1.677285e+000 1.075490e+001 7.550125e+000
      endloop
   endfacet
   facet normal 3.012007e-017 0.000000e+000 1.000000e+000
      outer loop
         vertex 2.442377e+000 9.991590e+000 7.550125e+000
         vertex 1.677285e+000 1.075490e+001 7.550125e+000
         vertex 2.474918e+000 9.931434e+000 7.550125e+000
      endloop
   endfacet
   facet normal 3.012007e-017 0.000000e+000 1.000000e+000
      outer loop
         vertex 2.474918e+000 9.931434e+000 7.550125e+000
         vertex 1.677285e+000 1.075490e+001 7.550125e+000
         vertex 2.505384e+000 9.870201e+000 7.550125e+000
      endloop
   endfacet
   facet normal 3.012007e-017 0.000000e+000 1.000000e+000
      outer loop
         vertex 2.371220e+000 1.010839e+001 7.550125e+000
         vertex 2.332688e+000 1.016489e+001 7.550125e+000
         vertex 2.292248e+000 1.022005e+001 7.550125e+000
      endloop
   endfacet
   facet normal 3.012007e-017 0.000000e+000 1.000000e+000
      outer loop
         vertex 2.292248e+000 1.022005e+001 7.550125e+000
         vertex 2.249945e+000 1.027379e+001 7.550125e+000
         vertex 2.371220e+000 1.010839e+001 7.550125e+000
      endloop
   endfacet
   facet normal 3.012007e-017 0.000000e+000 1.000000e+000
      outer loop
         vertex 2.371220e+000 1.010839e+001 7.550125e+000
         vertex 2.249945e+000 1.027379e+001 7.550125e+000
         vertex 2.205829e+000 1.032605e+001 7.550125e+000
      endloop
   endfacet
   facet normal 3.012007e-017 0.000000e+000 1.000000e+000
      outer loop
         vertex 2.371220e+000 1.010839e+001 7.550125e+000
         vertex 2.205829e+000 1.032605e+001 7.550125e+000
         vertex 2.159951e+000 1.037678e+001 7.550125e+000
      endloop
   endfacet
   facet normal -9.999352e-001 1.138185e-002 0.000000e+000
      outer loop
         vertex 2.730453e+001 9.010487e+000 4.164847e+000
         vertex 2.730453e+001 9.010487e+000 7.550125e+000
         vertex 2.730569e+001 9.078771e+000 7.550125e+000
      endloop
   endfacet
   facet normal -9.997408e-001 2.276370e-002 0.000000e+000
      outer loop
         vertex 2.730453e+001 9.010487e+000 4.164847e+000
         vertex 2.730569e+001 9.078771e+000 7.550125e+000
         vertex 2.730569e+001 9.078771e+000 4.164829e+000
      endloop
   endfacet
   facet normal -9.989637e-001 4.551414e-002 0.000000e+000
      outer loop
         vertex 2.730569e+001 9.078771e+000 4.164829e+000
         vertex 2.730569e+001 9.078771e+000 7.550125e+000
         vertex 2.730919e+001 9.146974e+000 7.550125e+000
      endloop
   endfacet
   facet normal -9.983808e-001 5.688272e-002 0.000000e+000
      outer loop
         vertex 2.730569e+001 9.078771e+000 4.164829e+000
         vertex 2.730919e+001 9.146974e+000 7.550125e+000
         vertex 2.730919e+001 9.146974e+000 4.164774e+000
      endloop
   endfacet
   facet normal -9.968274e-001 7.959337e-002 0.000000e+000
      outer loop
         vertex 2.730919e+001 9.146974e+000 4.164774e+000
         vertex 2.730919e+001 9.146974e+000 7.550125e+000
         vertex 2.731501e+001 9.215016e+000 7.550125e+000
      endloop
   endfacet
   facet normal -9.958568e-001 9.093542e-002 0.000000e+000
      outer loop
         vertex 2.730919e+001 9.146974e+000 4.164774e+000
         vertex 2.731501e+001 9.215016e+000 7.550125e+000
         vertex 2.731501e+001 9.215016e+000 4.164683e+000
      endloop
   endfacet
   facet normal -9.935289e-001 1.135798e-001 0.000000e+000
      outer loop
         vertex 2.731501e+001 9.215016e+000 4.164683e+000
         vertex 2.731501e+001 9.215016e+000 7.550125e+000
         vertex 2.732315e+001 9.282820e+000 7.550125e+000
      endloop
   endfacet
   facet normal -9.921716e-001 1.248821e-001 0.000000e+000
      outer loop
         vertex 2.731501e+001 9.215016e+000 4.164683e+000
         vertex 2.732315e+001 9.282820e+000 7.550125e+000
         vertex 2.732315e+001 9.282820e+000 4.164554e+000
      endloop
   endfacet
   facet normal -9.890719e-001 1.474337e-001 0.000000e+000
      outer loop
         vertex 2.732315e+001 9.282820e+000 4.164554e+000
         vertex 2.732315e+001 9.282820e+000 7.550125e+000
         vertex 2.733361e+001 9.350307e+000 7.550125e+000
      endloop
   endfacet
   facet normal -9.873295e-001 1.586831e-001 0.000000e+000
      outer loop
         vertex 2.732315e+001 9.282820e+000 4.164554e+000
         vertex 2.733361e+001 9.350307e+000 7.550125e+000
         vertex 2.733361e+001 9.350307e+000 4.164389e+000
      endloop
   endfacet
   facet normal -9.834617e-001 1.811158e-001 0.000000e+000
      outer loop
         vertex 2.733361e+001 9.350307e+000 4.164389e+000
         vertex 2.733361e+001 9.350307e+000 7.550125e+000
         vertex 2.734636e+001 9.417399e+000 7.550125e+000
      endloop
   endfacet
   facet normal -9.813363e-001 1.922992e-001 0.000000e+000
      outer loop
         vertex 2.733361e+001 9.350307e+000 4.164389e+000
         vertex 2.734636e+001 9.417399e+000 7.550125e+000
         vertex 2.734636e+001 9.417399e+000 4.164188e+000
      endloop
   endfacet
   facet normal -9.767050e-001 2.145868e-001 0.000000e+000
      outer loop
         vertex 2.734636e+001 9.417399e+000 4.164188e+000
         vertex 2.734636e+001 9.417399e+000 7.550125e+000
         vertex 2.736139e+001 9.484015e+000 7.550125e+000
      endloop
   endfacet
   facet normal -9.741989e-001 2.256910e-001 0.000000e+000
      outer loop
         vertex 2.734636e+001 9.417399e+000 4.164188e+000
         vertex 2.736139e+001 9.484015e+000 7.550125e+000
         vertex 2.736139e+001 9.484015e+000 4.163951e+000
      endloop
   endfacet
   facet normal -9.688093e-001 2.478075e-001 0.000000e+000
      outer loop
         vertex 2.736139e+001 9.484015e+000 4.163951e+000
         vertex 2.736139e+001 9.484015e+000 7.550125e+000
         vertex 2.737869e+001 9.550079e+000 7.550125e+000
      endloop
   endfacet
   facet normal -9.659256e-001 2.588197e-001 0.000000e+000
      outer loop
         vertex 2.736139e+001 9.484015e+000 4.163951e+000
         vertex 2.737869e+001 9.550079e+000 7.550125e+000
         vertex 2.737869e+001 9.550079e+000 4.163678e+000
      endloop
   endfacet
   facet normal -9.597841e-001 2.807392e-001 0.000000e+000
      outer loop
         vertex 2.737869e+001 9.550079e+000 4.163678e+000
         vertex 2.737869e+001 9.550079e+000 7.550125e+000
         vertex 2.739824e+001 9.615519e+000 7.550125e+000
      endloop
   endfacet
   facet normal -9.565262e-001 2.916465e-001 0.000000e+000
      outer loop
         vertex 2.737869e+001 9.550079e+000 4.163678e+000
         vertex 2.739824e+001 9.615519e+000 7.550125e+000
         vertex 2.739824e+001 9.615519e+000 4.163371e+000
      endloop
   endfacet
   facet normal -9.496398e-001 3.133437e-001 0.000000e+000
      outer loop
         vertex 2.739824e+001 9.615519e+000 4.163371e+000
         vertex 2.739824e+001 9.615519e+000 7.550125e+000
         vertex 2.742000e+001 9.680249e+000 7.550125e+000
      endloop
   endfacet
   facet normal -9.460114e-001 3.241335e-001 0.000000e+000
      outer loop
         vertex 2.739824e+001 9.615519e+000 4.163371e+000
         vertex 2.742000e+001 9.680249e+000 7.550125e+000
         vertex 2.742000e+001 9.680249e+000 4.163027e+000
      endloop
   endfacet
   facet normal -9.383883e-001 3.455828e-001 0.000000e+000
      outer loop
         vertex 2.742000e+001 9.680249e+000 4.163027e+000
         vertex 2.742000e+001 9.680249e+000 7.550125e+000
         vertex 2.744397e+001 9.744197e+000 7.550125e+000
      endloop
   endfacet
   facet normal -9.343936e-001 3.562424e-001 0.000000e+000
      outer loop
         vertex 2.742000e+001 9.680249e+000 4.163027e+000
         vertex 2.744397e+001 9.744197e+000 7.550125e+000
         vertex 2.744397e+001 9.744197e+000 4.162649e+000
      endloop
   endfacet
   facet normal -9.260426e-001 3.774190e-001 0.000000e+000
      outer loop
         vertex 2.744397e+001 9.744197e+000 4.162649e+000
         vertex 2.744397e+001 9.744197e+000 7.550125e+000
         vertex 2.747010e+001 9.807289e+000 7.550125e+000
      endloop
   endfacet
   facet normal -9.216864e-001 3.879360e-001 0.000000e+000
      outer loop
         vertex 2.744397e+001 9.744197e+000 4.162649e+000
         vertex 2.747010e+001 9.807289e+000 7.550125e+000
         vertex 2.747010e+001 9.807289e+000 4.162237e+000
      endloop
   endfacet
   facet normal -9.126172e-001 4.088151e-001 0.000000e+000
      outer loop
         vertex 2.747010e+001 9.807289e+000 4.162237e+000
         vertex 2.747010e+001 9.807289e+000 7.550125e+000
         vertex 2.749837e+001 9.869456e+000 7.550125e+000
      endloop
   endfacet
   facet normal -9.079044e-001 4.191772e-001 0.000000e+000
      outer loop
         vertex 2.747010e+001 9.807289e+000 4.162237e+000
         vertex 2.749837e+001 9.869456e+000 7.550125e+000
         vertex 2.749837e+001 9.869456e+000 4.161791e+000
      endloop
   endfacet
   facet normal -8.981279e-001 4.397345e-001 0.000000e+000
      outer loop
         vertex 2.749837e+001 9.869456e+000 4.161791e+000
         vertex 2.749837e+001 9.869456e+000 7.550125e+000
         vertex 2.752876e+001 9.930618e+000 7.550125e+000
      endloop
   endfacet
   facet normal -8.930640e-001 4.499297e-001 0.000000e+000
      outer loop
         vertex 2.749837e+001 9.869456e+000 4.161791e+000
         vertex 2.752876e+001 9.930618e+000 7.550125e+000
         vertex 2.752876e+001 9.930618e+000 4.161312e+000
      endloop
   endfacet
   facet normal -8.825912e-001 4.701413e-001 0.000000e+000
      outer loop
         vertex 2.752876e+001 9.930618e+000 4.161312e+000
         vertex 2.752876e+001 9.930618e+000 7.550125e+000
         vertex 2.756121e+001 9.990707e+000 7.550125e+000
      endloop
   endfacet
   facet normal -8.771822e-001 4.801577e-001 0.000000e+000
      outer loop
         vertex 2.752876e+001 9.930618e+000 4.161312e+000
         vertex 2.756121e+001 9.990707e+000 7.550125e+000
         vertex 2.756121e+001 9.990707e+000 4.160800e+000
      endloop
   endfacet
   facet normal -8.660255e-001 4.999999e-001 0.000000e+000
      outer loop
         vertex 2.756121e+001 9.990707e+000 4.160800e+000
         vertex 2.756121e+001 9.990707e+000 7.550125e+000
         vertex 2.759569e+001 1.004966e+001 7.550125e+000
      endloop
   endfacet
   facet normal -8.602777e-001 5.098257e-001 0.000000e+000
      outer loop
         vertex 2.756121e+001 9.990707e+000 4.160800e+000
         vertex 2.759569e+001 1.004966e+001 7.550125e+000
         vertex 2.759569e+001 1.004966e+001 4.160257e+000
      endloop
   endfacet
   facet normal -8.484501e-001 5.292755e-001 0.000000e+000
      outer loop
         vertex 2.759569e+001 1.004966e+001 4.160257e+000
         vertex 2.759569e+001 1.004966e+001 7.550125e+000
         vertex 2.763216e+001 1.010739e+001 7.550125e+000
      endloop
   endfacet
   facet normal -8.423701e-001 5.388994e-001 0.000000e+000
      outer loop
         vertex 2.759569e+001 1.004966e+001 4.160257e+000
         vertex 2.763216e+001 1.010739e+001 7.550125e+000
         vertex 2.763216e+001 1.010739e+001 4.159681e+000
      endloop
   endfacet
   facet normal -8.298854e-001 5.579339e-001 0.000000e+000
      outer loop
         vertex 2.763216e+001 1.010739e+001 4.159681e+000
         vertex 2.763216e+001 1.010739e+001 7.550125e+000
         vertex 2.767059e+001 1.016385e+001 7.550125e+000
      endloop
   endfacet
   facet normal -8.234804e-001 5.673447e-001 0.000000e+000
      outer loop
         vertex 2.763216e+001 1.010739e+001 4.159681e+000
         vertex 2.767059e+001 1.016385e+001 7.550125e+000
         vertex 2.767059e+001 1.016385e+001 4.159076e+000
      endloop
   endfacet
   facet normal -8.103530e-001 5.859419e-001 0.000000e+000
      outer loop
         vertex 2.767059e+001 1.016385e+001 4.159076e+000
         vertex 2.767059e+001 1.016385e+001 7.550125e+000
         vertex 2.771092e+001 1.021896e+001 7.550125e+000
      endloop
   endfacet
   facet normal -8.036306e-001 5.951285e-001 0.000000e+000
      outer loop
         vertex 2.767059e+001 1.016385e+001 4.159076e+000
         vertex 2.771092e+001 1.021896e+001 7.550125e+000
         vertex 2.771092e+001 1.021896e+001 4.158440e+000
      endloop
   endfacet
   facet normal -7.898759e-001 6.132667e-001 0.000000e+000
      outer loop
         vertex 2.771092e+001 1.021896e+001 4.158440e+000
         vertex 2.771092e+001 1.021896e+001 7.550125e+000
         vertex 2.775310e+001 1.027266e+001 7.550125e+000
      endloop
   endfacet
   facet normal -7.828437e-001 6.222184e-001 0.000000e+000
      outer loop
         vertex 2.771092e+001 1.021896e+001 4.158440e+000
         vertex 2.775310e+001 1.027266e+001 7.550125e+000
         vertex 2.775310e+001 1.027266e+001 4.157774e+000
      endloop
   endfacet
   facet normal -7.684778e-001 6.398764e-001 0.000000e+000
      outer loop
         vertex 2.775310e+001 1.027266e+001 4.157774e+000
         vertex 2.775310e+001 1.027266e+001 7.550125e+000
         vertex 2.779710e+001 1.032490e+001 7.550125e+000
      endloop
   endfacet
   facet normal -7.611440e-001 6.485828e-001 0.000000e+000
      outer loop
         vertex 2.775310e+001 1.027266e+001 4.157774e+000
         vertex 2.779710e+001 1.032490e+001 7.550125e+000
         vertex 2.779710e+001 1.032490e+001 4.157081e+000
      endloop
   endfacet
   facet normal -7.461837e-001 6.657401e-001 0.000000e+000
      outer loop
         vertex 2.779710e+001 1.032490e+001 4.157081e+000
         vertex 2.779710e+001 1.032490e+001 7.550125e+000
         vertex 2.784286e+001 1.037559e+001 7.550125e+000
      endloop
   endfacet
   facet normal -7.385570e-001 6.741911e-001 0.000000e+000
      outer loop
         vertex 2.779710e+001 1.032490e+001 4.157081e+000
         vertex 2.784286e+001 1.037559e+001 7.550125e+000
         vertex 2.784286e+001 1.037559e+001 4.156360e+000
      endloop
   endfacet
   facet normal -7.230196e-001 6.908275e-001 0.000000e+000
      outer loop
         vertex 2.784286e+001 1.037559e+001 4.156360e+000
         vertex 2.784286e+001 1.037559e+001 7.550125e+000
         vertex 2.789031e+001 1.042470e+001 7.550125e+000
      endloop
   endfacet
   facet normal -7.151088e-001 6.990132e-001 0.000000e+000
      outer loop
         vertex 2.784286e+001 1.037559e+001 4.156360e+000
         vertex 2.789031e+001 1.042470e+001 7.550125e+000
         vertex 2.789031e+001 1.042470e+001 4.155611e+000
      endloop
   endfacet
   facet normal -6.990125e-001 7.151095e-001 0.000000e+000
      outer loop
         vertex 2.789031e+001 1.042470e+001 4.155611e+000
         vertex 2.789031e+001 1.042470e+001 7.550125e+000
         vertex 2.793942e+001 1.047216e+001 7.550125e+000
      endloop
   endfacet
   facet normal -6.908268e-001 7.230203e-001 0.000000e+000
      outer loop
         vertex 2.789031e+001 1.042470e+001 4.155611e+000
         vertex 2.793942e+001 1.047216e+001 7.550125e+000
         vertex 2.793942e+001 1.047216e+001 4.154837e+000
      endloop
   endfacet
   facet normal -6.741903e-001 7.385577e-001 0.000000e+000
      outer loop
         vertex 2.793942e+001 1.047216e+001 4.154837e+000
         vertex 2.793942e+001 1.047216e+001 7.550125e+000
         vertex 2.799012e+001 1.051791e+001 7.550125e+000
      endloop
   endfacet
   facet normal -6.657393e-001 7.461844e-001 0.000000e+000
      outer loop
         vertex 2.793942e+001 1.047216e+001 4.154837e+000
         vertex 2.799012e+001 1.051791e+001 7.550125e+000
         vertex 2.799012e+001 1.051791e+001 4.154037e+000
      endloop
   endfacet
   facet normal -6.485820e-001 7.611448e-001 0.000000e+000
      outer loop
         vertex 2.799012e+001 1.051791e+001 4.154037e+000
         vertex 2.799012e+001 1.051791e+001 7.550125e+000
         vertex 2.804235e+001 1.056191e+001 7.550125e+000
      endloop
   endfacet
   facet normal -6.398756e-001 7.684785e-001 0.000000e+000
      outer loop
         vertex 2.799012e+001 1.051791e+001 4.154037e+000
         vertex 2.804235e+001 1.056191e+001 7.550125e+000
         vertex 2.804235e+001 1.056191e+001 4.153214e+000
      endloop
   endfacet
   facet normal -6.222175e-001 7.828444e-001 0.000000e+000
      outer loop
         vertex 2.804235e+001 1.056191e+001 4.153214e+000
         vertex 2.804235e+001 1.056191e+001 7.550125e+000
         vertex 2.809605e+001 1.060410e+001 7.550125e+000
      endloop
   endfacet
   facet normal -6.132659e-001 7.898765e-001 0.000000e+000
      outer loop
         vertex 2.804235e+001 1.056191e+001 4.153214e+000
         vertex 2.809605e+001 1.060410e+001 7.550125e+000
         vertex 2.809605e+001 1.060410e+001 4.152367e+000
      endloop
   endfacet
   facet normal -5.951276e-001 8.036312e-001 0.000000e+000
      outer loop
         vertex 2.809605e+001 1.060410e+001 4.152367e+000
         vertex 2.809605e+001 1.060410e+001 7.550125e+000
         vertex 2.815117e+001 1.064443e+001 7.550125e+000
      endloop
   endfacet
   facet normal -5.859411e-001 8.103536e-001 0.000000e+000
      outer loop
         vertex 2.809605e+001 1.060410e+001 4.152367e+000
         vertex 2.815117e+001 1.064443e+001 7.550125e+000
         vertex 2.815117e+001 1.064443e+001 4.151498e+000
      endloop
   endfacet
   facet normal -5.673438e-001 8.234810e-001 0.000000e+000
      outer loop
         vertex 2.815117e+001 1.064443e+001 4.151498e+000
         vertex 2.815117e+001 1.064443e+001 7.550125e+000
         vertex 2.820762e+001 1.068285e+001 7.550125e+000
      endloop
   endfacet
   facet normal -5.579331e-001 8.298859e-001 0.000000e+000
      outer loop
         vertex 2.815117e+001 1.064443e+001 4.151498e+000
         vertex 2.820762e+001 1.068285e+001 7.550125e+000
         vertex 2.820762e+001 1.068285e+001 4.150608e+000
      endloop
   endfacet
   facet normal -5.388985e-001 8.423707e-001 0.000000e+000
      outer loop
         vertex 2.820762e+001 1.068285e+001 4.150608e+000
         vertex 2.820762e+001 1.068285e+001 7.550125e+000
         vertex 2.826536e+001 1.071933e+001 7.550125e+000
      endloop
   endfacet
   facet normal -5.292746e-001 8.484507e-001 0.000000e+000
      outer loop
         vertex 2.820762e+001 1.068285e+001 4.150608e+000
         vertex 2.826536e+001 1.071933e+001 7.550125e+000
         vertex 2.826536e+001 1.071933e+001 4.149698e+000
      endloop
   endfacet
   facet normal -5.098248e-001 8.602782e-001 0.000000e+000
      outer loop
         vertex 2.826536e+001 1.071933e+001 4.149698e+000
         vertex 2.826536e+001 1.071933e+001 7.550125e+000
         vertex 2.832431e+001 1.075381e+001 7.550125e+000
      endloop
   endfacet
   facet normal -4.999990e-001 8.660260e-001 0.000000e+000
      outer loop
         vertex 2.826536e+001 1.071933e+001 4.149698e+000
         vertex 2.832431e+001 1.075381e+001 7.550125e+000
         vertex 2.832431e+001 1.075381e+001 4.148768e+000
      endloop
   endfacet
   facet normal -4.801567e-001 8.771827e-001 0.000000e+000
      outer loop
         vertex 2.832431e+001 1.075381e+001 4.148768e+000
         vertex 2.832431e+001 1.075381e+001 7.550125e+000
         vertex 2.838440e+001 1.078626e+001 7.550125e+000
      endloop
   endfacet
   facet normal -4.701404e-001 8.825917e-001 0.000000e+000
      outer loop
         vertex 2.832431e+001 1.075381e+001 4.148768e+000
         vertex 2.838440e+001 1.078626e+001 7.550125e+000
         vertex 2.838440e+001 1.078626e+001 4.147820e+000
      endloop
   endfacet
   facet normal -4.499288e-001 8.930644e-001 0.000000e+000
      outer loop
         vertex 2.838440e+001 1.078626e+001 4.147820e+000
         vertex 2.838440e+001 1.078626e+001 7.550125e+000
         vertex 2.844556e+001 1.081664e+001 7.550125e+000
      endloop
   endfacet
   facet normal -4.397336e-001 8.981283e-001 0.000000e+000
      outer loop
         vertex 2.838440e+001 1.078626e+001 4.147820e+000
         vertex 2.844556e+001 1.081664e+001 7.550125e+000
         vertex 2.844556e+001 1.081664e+001 4.146856e+000
      endloop
   endfacet
   facet normal -4.191763e-001 9.079049e-001 0.000000e+000
      outer loop
         vertex 2.844556e+001 1.081664e+001 4.146856e+000
         vertex 2.844556e+001 1.081664e+001 7.550125e+000
         vertex 2.850772e+001 1.084491e+001 7.550125e+000
      endloop
   endfacet
   facet normal -4.088142e-001 9.126177e-001 0.000000e+000
      outer loop
         vertex 2.844556e+001 1.081664e+001 4.146856e+000
         vertex 2.850772e+001 1.084491e+001 7.550125e+000
         vertex 2.850772e+001 1.084491e+001 4.145875e+000
      endloop
   endfacet
   facet normal -3.879351e-001 9.216868e-001 0.000000e+000
      outer loop
         vertex 2.850772e+001 1.084491e+001 4.145875e+000
         vertex 2.850772e+001 1.084491e+001 7.550125e+000
         vertex 2.857082e+001 1.087105e+001 7.550125e+000
      endloop
   endfacet
   facet normal -3.774180e-001 9.260430e-001 0.000000e+000
      outer loop
         vertex 2.850772e+001 1.084491e+001 4.145875e+000
         vertex 2.857082e+001 1.087105e+001 7.550125e+000
         vertex 2.857082e+001 1.087105e+001 4.144881e+000
      endloop
   endfacet
   facet normal -3.562414e-001 9.343939e-001 0.000000e+000
      outer loop
         vertex 2.857082e+001 1.087105e+001 4.144881e+000
         vertex 2.857082e+001 1.087105e+001 7.550125e+000
         vertex 2.863477e+001 1.089501e+001 7.550125e+000
      endloop
   endfacet
   facet normal -3.455818e-001 9.383886e-001 0.000000e+000
      outer loop
         vertex 2.857082e+001 1.087105e+001 4.144881e+000
         vertex 2.863477e+001 1.089501e+001 7.550125e+000
         vertex 2.863477e+001 1.089501e+001 4.143872e+000
      endloop
   endfacet
   facet normal -3.241325e-001 9.460117e-001 0.000000e+000
      outer loop
         vertex 2.863477e+001 1.089501e+001 4.143872e+000
         vertex 2.863477e+001 1.089501e+001 7.550125e+000
         vertex 2.869950e+001 1.091678e+001 7.550125e+000
      endloop
   endfacet
   facet normal -3.133427e-001 9.496402e-001 0.000000e+000
      outer loop
         vertex 2.863477e+001 1.089501e+001 4.143872e+000
         vertex 2.869950e+001 1.091678e+001 7.550125e+000
         vertex 2.869950e+001 1.091678e+001 4.142851e+000
      endloop
   endfacet
   facet normal -2.916456e-001 9.565265e-001 0.000000e+000
      outer loop
         vertex 2.869950e+001 1.091678e+001 4.142851e+000
         vertex 2.869950e+001 1.091678e+001 7.550125e+000
         vertex 2.876493e+001 1.093632e+001 7.550125e+000
      endloop
   endfacet
   facet normal -2.807383e-001 9.597844e-001 0.000000e+000
      outer loop
         vertex 2.869950e+001 1.091678e+001 4.142851e+000
         vertex 2.876493e+001 1.093632e+001 7.550125e+000
         vertex 2.876493e+001 1.093632e+001 4.141820e+000
      endloop
   endfacet
   facet normal -2.588187e-001 9.659259e-001 0.000000e+000
      outer loop
         vertex 2.876493e+001 1.093632e+001 4.141820e+000
         vertex 2.876493e+001 1.093632e+001 7.550125e+000
         vertex 2.883100e+001 1.095362e+001 7.550125e+000
      endloop
   endfacet
   facet normal -2.478065e-001 9.688095e-001 0.000000e+000
      outer loop
         vertex 2.876493e+001 1.093632e+001 4.141820e+000
         vertex 2.883100e+001 1.095362e+001 7.550125e+000
         vertex 2.883100e+001 1.095362e+001 4.140779e+000
      endloop
   endfacet
   facet normal -2.256900e-001 9.741992e-001 0.000000e+000
      outer loop
         vertex 2.883100e+001 1.095362e+001 4.140779e+000
         vertex 2.883100e+001 1.095362e+001 7.550125e+000
         vertex 2.889762e+001 1.096866e+001 7.550125e+000
      endloop
   endfacet
   facet normal -2.145858e-001 9.767051e-001 0.000000e+000
      outer loop
         vertex 2.883100e+001 1.095362e+001 4.140779e+000
         vertex 2.889762e+001 1.096866e+001 7.550125e+000
         vertex 2.889762e+001 1.096866e+001 4.139728e+000
      endloop
   endfacet
   facet normal -1.922982e-001 9.813365e-001 0.000000e+000
      outer loop
         vertex 2.889762e+001 1.096866e+001 4.139728e+000
         vertex 2.889762e+001 1.096866e+001 7.550125e+000
         vertex 2.896471e+001 1.098141e+001 7.550125e+000
      endloop
   endfacet
   facet normal -1.811148e-001 9.834620e-001 0.000000e+000
      outer loop
         vertex 2.889762e+001 1.096866e+001 4.139728e+000
         vertex 2.896471e+001 1.098141e+001 7.550125e+000
         vertex 2.896471e+001 1.098141e+001 4.138670e+000
      endloop
   endfacet
   facet normal -1.586821e-001 9.873297e-001 0.000000e+000
      outer loop
         vertex 2.896471e+001 1.098141e+001 4.138670e+000
         vertex 2.896471e+001 1.098141e+001 7.550125e+000
         vertex 2.903219e+001 1.099186e+001 7.550125e+000
      endloop
   endfacet
   facet normal -1.474327e-001 9.890721e-001 0.000000e+000
      outer loop
         vertex 2.896471e+001 1.098141e+001 4.138670e+000
         vertex 2.903219e+001 1.099186e+001 7.550125e+000
         vertex 2.903219e+001 1.099186e+001 4.137606e+000
      endloop
   endfacet
   facet normal -1.248810e-001 9.921717e-001 0.000000e+000
      outer loop
         vertex 2.903219e+001 1.099186e+001 4.137606e+000
         vertex 2.903219e+001 1.099186e+001 7.550125e+000
         vertex 2.910000e+001 1.100000e+001 7.550125e+000
      endloop
   endfacet
   facet normal -1.135787e-001 9.935290e-001 0.000000e+000
      outer loop
         vertex 2.903219e+001 1.099186e+001 4.137606e+000
         vertex 2.910000e+001 1.100000e+001 7.550125e+000
         vertex 2.910000e+001 1.100000e+001 4.136537e+000
      endloop
   endfacet
   facet normal 9.999350e-001 1.139870e-002 0.000000e+000
      outer loop
         vertex 2.699800e+000 9.010047e+000 7.550125e+000
         vertex 2.699800e+000 9.010047e+000 4.196341e+000
         vertex 2.698630e+000 9.078432e+000 4.196341e+000
      endloop
   endfacet
   facet normal 9.997401e-001 2.279741e-002 0.000000e+000
      outer loop
         vertex 2.699800e+000 9.010047e+000 7.550125e+000
         vertex 2.698630e+000 9.078432e+000 4.196341e+000
         vertex 2.698630e+000 9.078432e+000 7.550125e+000
      endloop
   endfacet
   facet normal 9.989606e-001 4.558149e-002 0.000000e+000
      outer loop
         vertex 2.698630e+000 9.078432e+000 7.550125e+000
         vertex 2.698630e+000 9.078432e+000 4.196341e+000
         vertex 2.695124e+000 9.146735e+000 4.196341e+000
      endloop
   endfacet
   facet normal 9.983760e-001 5.696686e-002 0.000000e+000
      outer loop
         vertex 2.698630e+000 9.078432e+000 7.550125e+000
         vertex 2.695124e+000 9.146735e+000 4.196341e+000
         vertex 2.695124e+000 9.146735e+000 7.550125e+000
      endloop
   endfacet
   facet normal 9.968180e-001 7.971097e-002 0.000000e+000
      outer loop
         vertex 2.695124e+000 9.146735e+000 7.550125e+000
         vertex 2.695124e+000 9.146735e+000 4.196341e+000
         vertex 2.689283e+000 9.214878e+000 4.196341e+000
      endloop
   endfacet
   facet normal 9.958445e-001 9.106970e-002 0.000000e+000
      outer loop
         vertex 2.695124e+000 9.146735e+000 7.550125e+000
         vertex 2.689283e+000 9.214878e+000 4.196341e+000
         vertex 2.689283e+000 9.214878e+000 7.550125e+000
      endloop
   endfacet
   facet normal 9.935097e-001 1.137472e-001 0.000000e+000
      outer loop
         vertex 2.689283e+000 9.214878e+000 7.550125e+000
         vertex 2.689283e+000 9.214878e+000 4.196341e+000
         vertex 2.681117e+000 9.282783e+000 4.196341e+000
      endloop
   endfacet
   facet normal 9.921484e-001 1.250660e-001 0.000000e+000
      outer loop
         vertex 2.689283e+000 9.214878e+000 7.550125e+000
         vertex 2.681117e+000 9.282783e+000 4.196341e+000
         vertex 2.681117e+000 9.282783e+000 7.550125e+000
      endloop
   endfacet
   facet normal 9.890396e-001 1.476505e-001 0.000000e+000
      outer loop
         vertex 2.681117e+000 9.282783e+000 7.550125e+000
         vertex 2.681117e+000 9.282783e+000 4.196341e+000
         vertex 2.670633e+000 9.350367e+000 4.196341e+000
      endloop
   endfacet
   facet normal 9.872921e-001 1.589161e-001 0.000000e+000
      outer loop
         vertex 2.681117e+000 9.282783e+000 7.550125e+000
         vertex 2.670633e+000 9.350367e+000 4.196341e+000
         vertex 2.670633e+000 9.350367e+000 7.550125e+000
      endloop
   endfacet
   facet normal 9.834129e-001 1.813811e-001 0.000000e+000
      outer loop
         vertex 2.670633e+000 9.350367e+000 7.550125e+000
         vertex 2.670633e+000 9.350367e+000 4.196341e+000
         vertex 2.657845e+000 9.417553e+000 4.196341e+000
      endloop
   endfacet
   facet normal 9.812812e-001 1.925804e-001 0.000000e+000
      outer loop
         vertex 2.670633e+000 9.350367e+000 7.550125e+000
         vertex 2.657845e+000 9.417553e+000 4.196341e+000
         vertex 2.657845e+000 9.417553e+000 7.550125e+000
      endloop
   endfacet
   facet normal 9.766362e-001 2.148996e-001 0.000000e+000
      outer loop
         vertex 2.657845e+000 9.417553e+000 7.550125e+000
         vertex 2.657845e+000 9.417553e+000 4.196341e+000
         vertex 2.642766e+000 9.484265e+000 4.196341e+000
      endloop
   endfacet
   facet normal 9.741228e-001 2.260194e-001 0.000000e+000
      outer loop
         vertex 2.657845e+000 9.417553e+000 7.550125e+000
         vertex 2.642766e+000 9.484265e+000 4.196341e+000
         vertex 2.642766e+000 9.484265e+000 7.550125e+000
      endloop
   endfacet
   facet normal 9.687173e-001 2.481667e-001 0.000000e+000
      outer loop
         vertex 2.642766e+000 9.484265e+000 7.550125e+000
         vertex 2.642766e+000 9.484265e+000 4.196341e+000
         vertex 2.625416e+000 9.550419e+000 4.196341e+000
      endloop
   endfacet
   facet normal 9.658252e-001 2.591941e-001 0.000000e+000
      outer loop
         vertex 2.642766e+000 9.484265e+000 7.550125e+000
         vertex 2.625416e+000 9.550419e+000 4.196341e+000
         vertex 2.625416e+000 9.550419e+000 7.550125e+000
      endloop
   endfacet
   facet normal 9.596657e-001 2.811437e-001 0.000000e+000
      outer loop
         vertex 2.625416e+000 9.550419e+000 7.550125e+000
         vertex 2.625416e+000 9.550419e+000 4.196341e+000
         vertex 2.605814e+000 9.615943e+000 4.196341e+000
      endloop
   endfacet
   facet normal 9.563982e-001 2.920658e-001 0.000000e+000
      outer loop
         vertex 2.625416e+000 9.550419e+000 7.550125e+000
         vertex 2.605814e+000 9.615943e+000 4.196341e+000
         vertex 2.605814e+000 9.615943e+000 7.550125e+000
      endloop
   endfacet
   facet normal 9.494918e-001 3.137919e-001 0.000000e+000
      outer loop
         vertex 2.605814e+000 9.615943e+000 7.550125e+000
         vertex 2.605814e+000 9.615943e+000 4.196341e+000
         vertex 2.583982e+000 9.680759e+000 4.196341e+000
      endloop
   endfacet
   facet normal 9.458528e-001 3.245959e-001 0.000000e+000
      outer loop
         vertex 2.605814e+000 9.615943e+000 7.550125e+000
         vertex 2.583982e+000 9.680759e+000 4.196341e+000
         vertex 2.583982e+000 9.680759e+000 7.550125e+000
      endloop
   endfacet
   facet normal 9.382075e-001 3.460731e-001 0.000000e+000
      outer loop
         vertex 2.583982e+000 9.680759e+000 7.550125e+000
         vertex 2.583982e+000 9.680759e+000 4.196341e+000
         vertex 2.559948e+000 9.744789e+000 4.196341e+000
      endloop
   endfacet
   facet normal 9.342013e-001 3.567464e-001 0.000000e+000
      outer loop
         vertex 2.583982e+000 9.680759e+000 7.550125e+000
         vertex 2.559948e+000 9.744789e+000 4.196341e+000
         vertex 2.559948e+000 9.744789e+000 7.550125e+000
      endloop
   endfacet
   facet normal 9.258261e-001 3.779496e-001 0.000000e+000
      outer loop
         vertex 2.559948e+000 9.744789e+000 7.550125e+000
         vertex 2.559948e+000 9.744789e+000 4.196341e+000
         vertex 2.533739e+000 9.807963e+000 4.196341e+000
      endloop
   endfacet
   facet normal 9.214573e-001 3.884797e-001 0.000000e+000
      outer loop
         vertex 2.559948e+000 9.744789e+000 7.550125e+000
         vertex 2.533739e+000 9.807963e+000 4.196341e+000
         vertex 2.533739e+000 9.807963e+000 7.550125e+000
      endloop
   endfacet
   facet normal 9.123621e-001 4.093842e-001 0.000000e+000
      outer loop
         vertex 2.533739e+000 9.807963e+000 7.550125e+000
         vertex 2.533739e+000 9.807963e+000 4.196341e+000
         vertex 2.505384e+000 9.870201e+000 4.196341e+000
      endloop
   endfacet
   facet normal 9.076357e-001 4.197587e-001 0.000000e+000
      outer loop
         vertex 2.533739e+000 9.807963e+000 7.550125e+000
         vertex 2.505384e+000 9.870201e+000 4.196341e+000
         vertex 2.505384e+000 9.870201e+000 7.550125e+000
      endloop
   endfacet
   facet normal 8.978311e-001 4.403400e-001 0.000000e+000
      outer loop
         vertex 2.505384e+000 9.870201e+000 7.550125e+000
         vertex 2.505384e+000 9.870201e+000 4.196341e+000
         vertex 2.474918e+000 9.931434e+000 4.196341e+000
      endloop
   endfacet
   facet normal 8.927528e-001 4.505468e-001 0.000000e+000
      outer loop
         vertex 2.505384e+000 9.870201e+000 7.550125e+000
         vertex 2.474918e+000 9.931434e+000 4.196341e+000
         vertex 2.474918e+000 9.931434e+000 7.550125e+000
      endloop
   endfacet
   facet normal 8.822502e-001 4.707809e-001 0.000000e+000
      outer loop
         vertex 2.474918e+000 9.931434e+000 7.550125e+000
         vertex 2.474918e+000 9.931434e+000 4.196341e+000
         vertex 2.442377e+000 9.991590e+000 4.196341e+000
      endloop
   endfacet
   facet normal 8.768258e-001 4.808081e-001 0.000000e+000
      outer loop
         vertex 2.474918e+000 9.931434e+000 7.550125e+000
         vertex 2.442377e+000 9.991590e+000 4.196341e+000
         vertex 2.442377e+000 9.991590e+000 7.550125e+000
      endloop
   endfacet
   facet normal 8.656375e-001 5.006711e-001 0.000000e+000
      outer loop
         vertex 2.442377e+000 9.991590e+000 7.550125e+000
         vertex 2.442377e+000 9.991590e+000 4.196341e+000
         vertex 2.407797e+000 1.005060e+001 4.196341e+000
      endloop
   endfacet
   facet normal 8.598735e-001 5.105071e-001 0.000000e+000
      outer loop
         vertex 2.442377e+000 9.991590e+000 7.550125e+000
         vertex 2.407797e+000 1.005060e+001 4.196341e+000
         vertex 2.407797e+000 1.005060e+001 7.550125e+000
      endloop
   endfacet
   facet normal 8.480126e-001 5.299761e-001 0.000000e+000
      outer loop
         vertex 2.407797e+000 1.005060e+001 7.550125e+000
         vertex 2.407797e+000 1.005060e+001 4.196341e+000
         vertex 2.371220e+000 1.010839e+001 4.196341e+000
      endloop
   endfacet
   facet normal 8.419156e-001 5.396091e-001 0.000000e+000
      outer loop
         vertex 2.407797e+000 1.005060e+001 7.550125e+000
         vertex 2.371220e+000 1.010839e+001 4.196341e+000
         vertex 2.371220e+000 1.010839e+001 7.550125e+000
      endloop
   endfacet
   facet normal 8.293960e-001 5.586612e-001 0.000000e+000
      outer loop
         vertex 2.371220e+000 1.010839e+001 7.550125e+000
         vertex 2.371220e+000 1.010839e+001 4.196341e+000
         vertex 2.332688e+000 1.016489e+001 4.196341e+000
      endloop
   endfacet
   facet normal 8.229733e-001 5.680801e-001 0.000000e+000
      outer loop
         vertex 2.371220e+000 1.010839e+001 7.550125e+000
         vertex 2.332688e+000 1.016489e+001 4.196341e+000
         vertex 2.332688e+000 1.016489e+001 7.550125e+000
      endloop
   endfacet
   facet normal 8.098094e-001 5.866929e-001 0.000000e+000
      outer loop
         vertex 2.332688e+000 1.016489e+001 7.550125e+000
         vertex 2.332688e+000 1.016489e+001 4.196341e+000
         vertex 2.292248e+000 1.022005e+001 4.196341e+000
      endloop
   endfacet
   facet normal 8.030685e-001 5.958868e-001 0.000000e+000
      outer loop
         vertex 2.332688e+000 1.016489e+001 7.550125e+000
         vertex 2.292248e+000 1.022005e+001 4.196341e+000
         vertex 2.292248e+000 1.022005e+001 7.550125e+000
      endloop
   endfacet
   facet normal 7.892760e-001 6.140386e-001 0.000000e+000
      outer loop
         vertex 2.292248e+000 1.022005e+001 7.550125e+000
         vertex 2.292248e+000 1.022005e+001 4.196341e+000
         vertex 2.249945e+000 1.027379e+001 4.196341e+000
      endloop
   endfacet
   facet normal 7.822245e-001 6.229966e-001 0.000000e+000
      outer loop
         vertex 2.292248e+000 1.022005e+001 7.550125e+000
         vertex 2.249945e+000 1.027379e+001 4.196341e+000
         vertex 2.249945e+000 1.027379e+001 7.550125e+000
      endloop
   endfacet
   facet normal 7.678195e-001 6.406662e-001 0.000000e+000
      outer loop
         vertex 2.249945e+000 1.027379e+001 7.550125e+000
         vertex 2.249945e+000 1.027379e+001 4.196341e+000
         vertex 2.205829e+000 1.032605e+001 4.196341e+000
      endloop
   endfacet
   facet normal 7.604659e-001 6.493779e-001 0.000000e+000
      outer loop
         vertex 2.249945e+000 1.027379e+001 7.550125e+000
         vertex 2.205829e+000 1.032605e+001 4.196341e+000
         vertex 2.205829e+000 1.032605e+001 7.550125e+000
      endloop
   endfacet
   facet normal 7.454651e-001 6.665447e-001 0.000000e+000
      outer loop
         vertex 2.205829e+000 1.032605e+001 7.550125e+000
         vertex 2.205829e+000 1.032605e+001 4.196341e+000
         vertex 2.159951e+000 1.037678e+001 4.196341e+000
      endloop
   endfacet
   facet normal 7.378179e-001 6.749998e-001 0.000000e+000
      outer loop
         vertex 2.205829e+000 1.032605e+001 7.550125e+000
         vertex 2.159951e+000 1.037678e+001 4.196341e+000
         vertex 2.159951e+000 1.037678e+001 7.550125e+000
      endloop
   endfacet
   facet normal 7.222389e-001 6.916437e-001 0.000000e+000
      outer loop
         vertex 2.159951e+000 1.037678e+001 7.550125e+000
         vertex 2.159951e+000 1.037678e+001 4.196341e+000
         vertex 2.112367e+000 1.042591e+001 4.196341e+000
      endloop
   endfacet
   facet normal 7.143071e-001 6.998324e-001 0.000000e+000
      outer loop
         vertex 2.159951e+000 1.037678e+001 7.550125e+000
         vertex 2.112367e+000 1.042591e+001 4.196341e+000
         vertex 2.112367e+000 1.042591e+001 7.550125e+000
      endloop
   endfacet
   facet normal 6.981682e-001 7.159339e-001 0.000000e+000
      outer loop
         vertex 2.112367e+000 1.042591e+001 7.550125e+000
         vertex 2.112367e+000 1.042591e+001 4.196341e+000
         vertex 2.063130e+000 1.047337e+001 4.196341e+000
      endloop
   endfacet
   facet normal 6.899610e-001 7.238466e-001 0.000000e+000
      outer loop
         vertex 2.112367e+000 1.042591e+001 7.550125e+000
         vertex 2.063130e+000 1.047337e+001 4.196341e+000
         vertex 2.063130e+000 1.047337e+001 7.550125e+000
      endloop
   endfacet
   facet normal 6.732810e-001 7.393867e-001 0.000000e+000
      outer loop
         vertex 2.063130e+000 1.047337e+001 7.550125e+000
         vertex 2.063130e+000 1.047337e+001 4.196341e+000
         vertex 2.012299e+000 1.051914e+001 4.196341e+000
      endloop
   endfacet
   facet normal 6.648081e-001 7.470142e-001 0.000000e+000
      outer loop
         vertex 2.063130e+000 1.047337e+001 7.550125e+000
         vertex 2.012299e+000 1.051914e+001 4.196341e+000
         vertex 2.012299e+000 1.051914e+001 7.550125e+000
      endloop
   endfacet
   facet normal 6.476064e-001 7.619750e-001 0.000000e+000
      outer loop
         vertex 2.012299e+000 1.051914e+001 7.550125e+000
         vertex 2.012299e+000 1.051914e+001 4.196341e+000
         vertex 1.959934e+000 1.056313e+001 4.196341e+000
      endloop
   endfacet
   facet normal 6.388777e-001 7.693083e-001 0.000000e+000
      outer loop
         vertex 2.012299e+000 1.051914e+001 7.550125e+000
         vertex 1.959934e+000 1.056313e+001 4.196341e+000
         vertex 1.959934e+000 1.056313e+001 7.550125e+000
      endloop
   endfacet
   facet normal 6.211746e-001 7.836722e-001 0.000000e+000
      outer loop
         vertex 1.959934e+000 1.056313e+001 7.550125e+000
         vertex 1.959934e+000 1.056313e+001 4.196341e+000
         vertex 1.906095e+000 1.060531e+001 4.196341e+000
      endloop
   endfacet
   facet normal 6.122002e-001 7.907028e-001 0.000000e+000
      outer loop
         vertex 1.959934e+000 1.056313e+001 7.550125e+000
         vertex 1.906095e+000 1.060531e+001 4.196341e+000
         vertex 1.906095e+000 1.060531e+001 7.550125e+000
      endloop
   endfacet
   facet normal 5.940163e-001 8.044530e-001 0.000000e+000
      outer loop
         vertex 1.906095e+000 1.060531e+001 7.550125e+000
         vertex 1.906095e+000 1.060531e+001 4.196341e+000
         vertex 1.850845e+000 1.064562e+001 4.196341e+000
      endloop
   endfacet
   facet normal 5.848067e-001 8.111727e-001 0.000000e+000
      outer loop
         vertex 1.906095e+000 1.060531e+001 7.550125e+000
         vertex 1.850845e+000 1.064562e+001 4.196341e+000
         vertex 1.850845e+000 1.064562e+001 7.550125e+000
      endloop
   endfacet
   facet normal 5.661634e-001 8.242930e-001 0.000000e+000
      outer loop
         vertex 1.850845e+000 1.064562e+001 7.550125e+000
         vertex 1.850845e+000 1.064562e+001 4.196341e+000
         vertex 1.794249e+000 1.068402e+001 4.196341e+000
      endloop
   endfacet
   facet normal 5.567295e-001 8.306938e-001 0.000000e+000
      outer loop
         vertex 1.850845e+000 1.064562e+001 7.550125e+000
         vertex 1.794249e+000 1.068402e+001 4.196341e+000
         vertex 1.794249e+000 1.068402e+001 7.550125e+000
      endloop
   endfacet
   facet normal 5.376484e-001 8.431692e-001 0.000000e+000
      outer loop
         vertex 1.794249e+000 1.068402e+001 7.550125e+000
         vertex 1.794249e+000 1.068402e+001 4.196341e+000
         vertex 1.736373e+000 1.072046e+001 4.196341e+000
      endloop
   endfacet
   facet normal 5.280012e-001 8.492436e-001 0.000000e+000
      outer loop
         vertex 1.794249e+000 1.068402e+001 7.550125e+000
         vertex 1.736373e+000 1.072046e+001 4.196341e+000
         vertex 1.736373e+000 1.072046e+001 7.550125e+000
      endloop
   endfacet
   facet normal 5.085047e-001 8.610592e-001 0.000000e+000
      outer loop
         vertex 1.736373e+000 1.072046e+001 7.550125e+000
         vertex 1.736373e+000 1.072046e+001 4.196341e+000
         vertex 1.677285e+000 1.075490e+001 4.196341e+000
      endloop
   endfacet
   facet normal 4.986553e-001 8.668004e-001 0.000000e+000
      outer loop
         vertex 1.736373e+000 1.072046e+001 7.550125e+000
         vertex 1.677285e+000 1.075490e+001 4.196341e+000
         vertex 1.677285e+000 1.075490e+001 7.550125e+000
      endloop
   endfacet
   facet normal 4.787663e-001 8.779424e-001 0.000000e+000
      outer loop
         vertex 1.677285e+000 1.075490e+001 7.550125e+000
         vertex 1.677285e+000 1.075490e+001 4.196341e+000
         vertex 1.617054e+000 1.078730e+001 4.196341e+000
      endloop
   endfacet
   facet normal 4.687265e-001 8.833434e-001 0.000000e+000
      outer loop
         vertex 1.677285e+000 1.075490e+001 7.550125e+000
         vertex 1.617054e+000 1.078730e+001 4.196341e+000
         vertex 1.617054e+000 1.078730e+001 7.550125e+000
      endloop
   endfacet
   facet normal 4.484680e-001 8.937988e-001 0.000000e+000
      outer loop
         vertex 1.617054e+000 1.078730e+001 7.550125e+000
         vertex 1.617054e+000 1.078730e+001 4.196341e+000
         vertex 1.555750e+000 1.081763e+001 4.196341e+000
      endloop
   endfacet
   facet normal 4.382494e-001 8.988535e-001 0.000000e+000
      outer loop
         vertex 1.617054e+000 1.078730e+001 7.550125e+000
         vertex 1.555750e+000 1.081763e+001 4.196341e+000
         vertex 1.555750e+000 1.081763e+001 7.550125e+000
      endloop
   endfacet
   facet normal 4.176453e-001 9.086102e-001 0.000000e+000
      outer loop
         vertex 1.555750e+000 1.081763e+001 7.550125e+000
         vertex 1.555750e+000 1.081763e+001 4.196341e+000
         vertex 1.493446e+000 1.084584e+001 4.196341e+000
      endloop
   endfacet
   facet normal 4.072599e-001 9.133123e-001 0.000000e+000
      outer loop
         vertex 1.555750e+000 1.081763e+001 7.550125e+000
         vertex 1.493446e+000 1.084584e+001 4.196341e+000
         vertex 1.493446e+000 1.084584e+001 7.550125e+000
      endloop
   endfacet
   facet normal 3.863342e-001 9.223589e-001 0.000000e+000
      outer loop
         vertex 1.493446e+000 1.084584e+001 7.550125e+000
         vertex 1.493446e+000 1.084584e+001 4.196341e+000
         vertex 1.430212e+000 1.087190e+001 4.196341e+000
      endloop
   endfacet
   facet normal 3.757940e-001 9.267032e-001 0.000000e+000
      outer loop
         vertex 1.493446e+000 1.084584e+001 7.550125e+000
         vertex 1.430212e+000 1.087190e+001 4.196341e+000
         vertex 1.430212e+000 1.087190e+001 7.550125e+000
      endloop
   endfacet
   facet normal 3.545713e-001 9.350290e-001 0.000000e+000
      outer loop
         vertex 1.430212e+000 1.087190e+001 7.550125e+000
         vertex 1.430212e+000 1.087190e+001 4.196341e+000
         vertex 1.366125e+000 1.089579e+001 4.196341e+000
      endloop
   endfacet
   facet normal 3.438888e-001 9.390104e-001 0.000000e+000
      outer loop
         vertex 1.430212e+000 1.087190e+001 7.550125e+000
         vertex 1.366125e+000 1.089579e+001 4.196341e+000
         vertex 1.366125e+000 1.089579e+001 7.550125e+000
      endloop
   endfacet
   facet normal 3.223938e-001 9.466057e-001 0.000000e+000
      outer loop
         vertex 1.366125e+000 1.089579e+001 7.550125e+000
         vertex 1.366125e+000 1.089579e+001 4.196341e+000
         vertex 1.301260e+000 1.091747e+001 4.196341e+000
      endloop
   endfacet
   facet normal 3.115814e-001 9.502195e-001 0.000000e+000
      outer loop
         vertex 1.366125e+000 1.089579e+001 7.550125e+000
         vertex 1.301260e+000 1.091747e+001 4.196341e+000
         vertex 1.301260e+000 1.091747e+001 7.550125e+000
      endloop
   endfacet
   facet normal 2.898393e-001 9.570753e-001 0.000000e+000
      outer loop
         vertex 1.301260e+000 1.091747e+001 7.550125e+000
         vertex 1.301260e+000 1.091747e+001 4.196341e+000
         vertex 1.235690e+000 1.093692e+001 4.196341e+000
      endloop
   endfacet
   facet normal 2.789096e-001 9.603174e-001 0.000000e+000
      outer loop
         vertex 1.301260e+000 1.091747e+001 7.550125e+000
         vertex 1.235690e+000 1.093692e+001 4.196341e+000
         vertex 1.235690e+000 1.093692e+001 7.550125e+000
      endloop
   endfacet
   facet normal 2.569458e-001 9.664258e-001 0.000000e+000
      outer loop
         vertex 1.235690e+000 1.093692e+001 7.550125e+000
         vertex 1.235690e+000 1.093692e+001 4.196341e+000
         vertex 1.169494e+000 1.095411e+001 4.196341e+000
      endloop
   endfacet
   facet normal 2.459117e-001 9.692923e-001 0.000000e+000
      outer loop
         vertex 1.235690e+000 1.093692e+001 7.550125e+000
         vertex 1.169494e+000 1.095411e+001 4.196341e+000
         vertex 1.169494e+000 1.095411e+001 7.550125e+000
      endloop
   endfacet
   facet normal 2.237519e-001 9.746462e-001 0.000000e+000
      outer loop
         vertex 1.169494e+000 1.095411e+001 7.550125e+000
         vertex 1.169494e+000 1.095411e+001 4.196341e+000
         vertex 1.102748e+000 1.096904e+001 4.196341e+000
      endloop
   endfacet
   facet normal 2.126262e-001 9.771336e-001 0.000000e+000
      outer loop
         vertex 1.169494e+000 1.095411e+001 7.550125e+000
         vertex 1.102748e+000 1.096904e+001 4.196341e+000
         vertex 1.102748e+000 1.096904e+001 7.550125e+000
      endloop
   endfacet
   facet normal 1.902963e-001 9.817267e-001 0.000000e+000
      outer loop
         vertex 1.102748e+000 1.096904e+001 7.550125e+000
         vertex 1.102748e+000 1.096904e+001 4.196341e+000
         vertex 1.035532e+000 1.098167e+001 4.196341e+000
      endloop
   endfacet
   facet normal 1.790920e-001 9.838324e-001 0.000000e+000
      outer loop
         vertex 1.102748e+000 1.096904e+001 7.550125e+000
         vertex 1.035532e+000 1.098167e+001 4.196341e+000
         vertex 1.035532e+000 1.098167e+001 7.550125e+000
      endloop
   endfacet
   facet normal 1.566181e-001 9.876592e-001 0.000000e+000
      outer loop
         vertex 1.035532e+000 1.098167e+001 7.550125e+000
         vertex 1.035532e+000 1.098167e+001 4.196341e+000
         vertex 9.679226e-001 1.099199e+001 4.196341e+000
      endloop
   endfacet
   facet normal 1.453484e-001 9.893805e-001 0.000000e+000
      outer loop
         vertex 1.035532e+000 1.098167e+001 7.550125e+000
         vertex 9.679226e-001 1.099199e+001 4.196341e+000
         vertex 9.679226e-001 1.099199e+001 7.550125e+000
      endloop
   endfacet
   facet normal 1.227568e-001 9.924368e-001 0.000000e+000
      outer loop
         vertex 9.679226e-001 1.099199e+001 7.550125e+000
         vertex 9.679226e-001 1.099199e+001 4.196341e+000
         vertex 8.999994e-001 1.100000e+001 4.196341e+000
      endloop
   endfacet
   facet normal 1.114349e-001 9.937717e-001 0.000000e+000
      outer loop
         vertex 9.679226e-001 1.099199e+001 7.550125e+000
         vertex 8.999994e-001 1.100000e+001 4.196341e+000
         vertex 8.999994e-001 1.100000e+001 7.550125e+000
      endloop
   endfacet
endsolid