solid 2
   facet normal 1.000000e+000 0.000000e+000 0.000000e+000
      outer loop
         vertex 1.800000e+000 7.200001e+001 1.800000e+001
         vertex 1.800000e+000 7.200001e+001 1.683410e+001
         vertex 1.800000e+000 7.300000e+001 1.683410e+001
      endloop
   endfacet
   facet normal 1.000000e+000 0.000000e+000 0.000000e+000
      outer loop
         vertex 1.800000e+000 7.300000e+001 1.583172e+001
         vertex 1.800000e+000 8.200000e+001 2.000000e+000
         vertex 1.800000e+000 7.300000e+001 1.683410e+001
      endloop
   endfacet
   facet normal 1.000000e+000 0.000000e+000 0.000000e+000
      outer loop
         vertex 1.800000e+000 7.300000e+001 1.683410e+001
         vertex 1.800000e+000 8.200000e+001 2.000000e+000
         vertex 1.800000e+000 8.200000e+001 1.800000e+001
      endloop
   endfacet
   facet normal 1.000000e+000 0.000000e+000 0.000000e+000
      outer loop
         vertex 1.800000e+000 7.300000e+001 1.683410e+001
         vertex 1.800000e+000 8.200000e+001 1.800000e+001
         vertex 1.800000e+000 7.200001e+001 1.800000e+001
      endloop
   endfacet
   facet normal 1.000000e+000 0.000000e+000 0.000000e+000
      outer loop
         vertex 1.800000e+000 7.200001e+001 4.196331e+000
         vertex 1.800000e+000 7.200001e+001 2.000000e+000
         vertex 1.800000e+000 7.300000e+001 4.196331e+000
      endloop
   endfacet
   facet normal 1.000000e+000 0.000000e+000 0.000000e+000
      outer loop
         vertex 1.800000e+000 7.300000e+001 4.196331e+000
         vertex 1.800000e+000 7.200001e+001 2.000000e+000
         vertex 1.800000e+000 8.200000e+001 2.000000e+000
      endloop
   endfacet
   facet normal 1.000000e+000 0.000000e+000 0.000000e+000
      outer loop
         vertex 1.800000e+000 7.300000e+001 4.196331e+000
         vertex 1.800000e+000 8.200000e+001 2.000000e+000
         vertex 1.800000e+000 7.300000e+001 7.995909e+000
      endloop
   endfacet
   facet normal 1.000000e+000 0.000000e+000 0.000000e+000
      outer loop
         vertex 1.800000e+000 7.300000e+001 7.995909e+000
         vertex 1.800000e+000 8.200000e+001 2.000000e+000
         vertex 1.800000e+000 7.300000e+001 1.583172e+001
      endloop
   endfacet
   facet normal 1.000000e+000 0.000000e+000 0.000000e+000
      outer loop
         vertex 1.800000e+000 7.300000e+001 7.995909e+000
         vertex 1.800000e+000 7.300000e+001 1.583172e+001
         vertex 1.800000e+000 7.200001e+001 7.995909e+000
      endloop
   endfacet
   facet normal 1.000000e+000 0.000000e+000 0.000000e+000
      outer loop
         vertex 1.800000e+000 7.200001e+001 7.995909e+000
         vertex 1.800000e+000 7.300000e+001 1.583172e+001
         vertex 1.800000e+000 7.200001e+001 1.583172e+001
      endloop
   endfacet
   facet normal -1.000000e+000 0.000000e+000 0.000000e+000
      outer loop
         vertex 2.820000e+001 7.300000e+001 7.995909e+000
         vertex 2.820000e+001 7.200001e+001 7.995909e+000
         vertex 2.820000e+001 7.200001e+001 1.583172e+001
      endloop
   endfacet
   facet normal -1.000000e+000 0.000000e+000 0.000000e+000
      outer loop
         vertex 2.820000e+001 7.200001e+001 1.683410e+001
         vertex 2.820000e+001 7.200001e+001 1.800000e+001
         vertex 2.820000e+001 7.300000e+001 1.683410e+001
      endloop
   endfacet
   facet normal -1.000000e+000 0.000000e+000 0.000000e+000
      outer loop
         vertex 2.820000e+001 7.300000e+001 1.683410e+001
         vertex 2.820000e+001 7.200001e+001 1.800000e+001
         vertex 2.820000e+001 8.200000e+001 1.800000e+001
      endloop
   endfacet
   facet normal -1.000000e+000 0.000000e+000 0.000000e+000
      outer loop
         vertex 2.820000e+001 7.300000e+001 1.683410e+001
         vertex 2.820000e+001 8.200000e+001 1.800000e+001
         vertex 2.820000e+001 7.300000e+001 1.583172e+001
      endloop
   endfacet
   facet normal -1.000000e+000 0.000000e+000 0.000000e+000
      outer loop
         vertex 2.820000e+001 7.300000e+001 1.583172e+001
         vertex 2.820000e+001 8.200000e+001 1.800000e+001
         vertex 2.820000e+001 8.200000e+001 2.000000e+000
      endloop
   endfacet
   facet normal -1.000000e+000 0.000000e+000 0.000000e+000
      outer loop
         vertex 2.820000e+001 7.200001e+001 1.583172e+001
         vertex 2.820000e+001 7.300000e+001 1.583172e+001
         vertex 2.820000e+001 7.300000e+001 7.995909e+000
      endloop
   endfacet
   facet normal -1.000000e+000 0.000000e+000 0.000000e+000
      outer loop
         vertex 2.820000e+001 7.300000e+001 7.995909e+000
         vertex 2.820000e+001 7.300000e+001 1.583172e+001
         vertex 2.820000e+001 8.200000e+001 2.000000e+000
      endloop
   endfacet
   facet normal -1.000000e+000 0.000000e+000 0.000000e+000
      outer loop
         vertex 2.820000e+001 7.300000e+001 7.995909e+000
         vertex 2.820000e+001 8.200000e+001 2.000000e+000
         vertex 2.820000e+001 7.300000e+001 4.196331e+000
      endloop
   endfacet
   facet normal -1.000000e+000 0.000000e+000 0.000000e+000
      outer loop
         vertex 2.820000e+001 7.300000e+001 4.196331e+000
         vertex 2.820000e+001 8.200000e+001 2.000000e+000
         vertex 2.820000e+001 7.200001e+001 2.000000e+000
      endloop
   endfacet
   facet normal -1.000000e+000 0.000000e+000 0.000000e+000
      outer loop
         vertex 2.820000e+001 7.300000e+001 4.196331e+000
         vertex 2.820000e+001 7.200001e+001 2.000000e+000
         vertex 2.820000e+001 7.200001e+001 4.196331e+000
      endloop
   endfacet
   facet normal 0.000000e+000 1.000000e+000 0.000000e+000
      outer loop
         vertex 2.820000e+001 7.200001e+001 7.995909e+000
         vertex 1.800000e+000 7.200001e+001 7.995909e+000
         vertex 2.820000e+001 7.200001e+001 1.583172e+001
      endloop
   endfacet
   facet normal 0.000000e+000 1.000000e+000 0.000000e+000
      outer loop
         vertex 2.820000e+001 7.200001e+001 1.583172e+001
         vertex 1.800000e+000 7.200001e+001 7.995909e+000
         vertex 1.800000e+000 7.200001e+001 1.583172e+001
      endloop
   endfacet
   facet normal 0.000000e+000 1.000000e+000 0.000000e+000
      outer loop
         vertex 5.000000e+000 7.200001e+001 2.120000e+001
         vertex 2.500000e+001 7.200001e+001 2.120000e+001
         vertex 2.820000e+001 7.200001e+001 1.800000e+001
      endloop
   endfacet
   facet normal 0.000000e+000 1.000000e+000 0.000000e+000
      outer loop
         vertex 4.888321e+000 7.200001e+001 2.119805e+001
         vertex 5.000000e+000 7.200001e+001 2.120000e+001
         vertex 1.800000e+000 7.200001e+001 1.800000e+001
      endloop
   endfacet
   facet normal 0.000000e+000 1.000000e+000 0.000000e+000
      outer loop
         vertex 1.800000e+000 7.200001e+001 1.800000e+001
         vertex 5.000000e+000 7.200001e+001 2.120000e+001
         vertex 2.820000e+001 7.200001e+001 1.800000e+001
      endloop
   endfacet
   facet normal 0.000000e+000 1.000000e+000 0.000000e+000
      outer loop
         vertex 1.800000e+000 7.200001e+001 1.800000e+001
         vertex 2.820000e+001 7.200001e+001 1.800000e+001
         vertex 1.800000e+000 7.200001e+001 1.683410e+001
      endloop
   endfacet
   facet normal 0.000000e+000 1.000000e+000 0.000000e+000
      outer loop
         vertex 1.800000e+000 7.200001e+001 1.683410e+001
         vertex 2.820000e+001 7.200001e+001 1.800000e+001
         vertex 2.820000e+001 7.200001e+001 1.683410e+001
      endloop
   endfacet
   facet normal 0.000000e+000 1.000000e+000 0.000000e+000
      outer loop
         vertex 2.500000e+001 7.200001e+001 2.120000e+001
         vertex 2.511168e+001 7.200001e+001 2.119805e+001
         vertex 2.820000e+001 7.200001e+001 1.800000e+001
      endloop
   endfacet
   facet normal 0.000000e+000 1.000000e+000 0.000000e+000
      outer loop
         vertex 2.820000e+001 7.200001e+001 1.800000e+001
         vertex 2.511168e+001 7.200001e+001 2.119805e+001
         vertex 2.522322e+001 7.200001e+001 2.119220e+001
      endloop
   endfacet
   facet normal 0.000000e+000 1.000000e+000 0.000000e+000
      outer loop
         vertex 2.820000e+001 7.200001e+001 1.800000e+001
         vertex 2.522322e+001 7.200001e+001 2.119220e+001
         vertex 2.533449e+001 7.200001e+001 2.118247e+001
      endloop
   endfacet
   facet normal 0.000000e+000 1.000000e+000 0.000000e+000
      outer loop
         vertex 2.820000e+001 7.200001e+001 1.800000e+001
         vertex 2.566532e+001 7.200001e+001 2.113007e+001
         vertex 2.577415e+001 7.200001e+001 2.110495e+001
      endloop
   endfacet
   facet normal 0.000000e+000 1.000000e+000 0.000000e+000
      outer loop
         vertex 2.577415e+001 7.200001e+001 2.110495e+001
         vertex 2.588204e+001 7.200001e+001 2.107604e+001
         vertex 2.820000e+001 7.200001e+001 1.800000e+001
      endloop
   endfacet
   facet normal 0.000000e+000 1.000000e+000 0.000000e+000
      outer loop
         vertex 2.820000e+001 7.200001e+001 1.800000e+001
         vertex 2.588204e+001 7.200001e+001 2.107604e+001
         vertex 2.598886e+001 7.200001e+001 2.104338e+001
      endloop
   endfacet
   facet normal 0.000000e+000 1.000000e+000 0.000000e+000
      outer loop
         vertex 2.820000e+001 7.200001e+001 1.800000e+001
         vertex 2.598886e+001 7.200001e+001 2.104338e+001
         vertex 2.609447e+001 7.200001e+001 2.100702e+001
      endloop
   endfacet
   facet normal 0.000000e+000 1.000000e+000 0.000000e+000
      outer loop
         vertex 2.347079e+000 7.200001e+001 1.978942e+001
         vertex 2.411146e+000 7.200001e+001 1.988091e+001
         vertex 1.800000e+000 7.200001e+001 1.800000e+001
      endloop
   endfacet
   facet normal 0.000000e+000 1.000000e+000 0.000000e+000
      outer loop
         vertex 4.554646e+000 7.200001e+001 2.116886e+001
         vertex 4.665509e+000 7.200001e+001 2.118247e+001
         vertex 1.800000e+000 7.200001e+001 1.800000e+001
      endloop
   endfacet
   facet normal 0.000000e+000 1.000000e+000 0.000000e+000
      outer loop
         vertex 1.800000e+000 7.200001e+001 1.800000e+001
         vertex 4.665509e+000 7.200001e+001 2.118247e+001
         vertex 4.776779e+000 7.200001e+001 2.119220e+001
      endloop
   endfacet
   facet normal 0.000000e+000 1.000000e+000 0.000000e+000
      outer loop
         vertex 1.800000e+000 7.200001e+001 1.800000e+001
         vertex 4.776779e+000 7.200001e+001 2.119220e+001
         vertex 4.888321e+000 7.200001e+001 2.119805e+001
      endloop
   endfacet
   facet normal 0.000000e+000 1.000000e+000 0.000000e+000
      outer loop
         vertex 2.533449e+001 7.200001e+001 2.118247e+001
         vertex 2.544535e+001 7.200001e+001 2.116886e+001
         vertex 2.820000e+001 7.200001e+001 1.800000e+001
      endloop
   endfacet
   facet normal 0.000000e+000 1.000000e+000 0.000000e+000
      outer loop
         vertex 2.820000e+001 7.200001e+001 1.800000e+001
         vertex 2.544535e+001 7.200001e+001 2.116886e+001
         vertex 2.555567e+001 7.200001e+001 2.115138e+001
      endloop
   endfacet
   facet normal 0.000000e+000 1.000000e+000 0.000000e+000
      outer loop
         vertex 2.820000e+001 7.200001e+001 1.800000e+001
         vertex 2.555567e+001 7.200001e+001 2.115138e+001
         vertex 2.566532e+001 7.200001e+001 2.113007e+001
      endloop
   endfacet
   facet normal 0.000000e+000 1.000000e+000 0.000000e+000
      outer loop
         vertex 2.609447e+001 7.200001e+001 2.100702e+001
         vertex 2.619874e+001 7.200001e+001 2.096699e+001
         vertex 2.820000e+001 7.200001e+001 1.800000e+001
      endloop
   endfacet
   facet normal 0.000000e+000 1.000000e+000 0.000000e+000
      outer loop
         vertex 2.820000e+001 7.200001e+001 1.800000e+001
         vertex 2.619874e+001 7.200001e+001 2.096699e+001
         vertex 2.630156e+001 7.200001e+001 2.092335e+001
      endloop
   endfacet
   facet normal 0.000000e+000 1.000000e+000 0.000000e+000
      outer loop
         vertex 2.820000e+001 7.200001e+001 1.800000e+001
         vertex 2.630156e+001 7.200001e+001 2.092335e+001
         vertex 2.640279e+001 7.200001e+001 2.087614e+001
      endloop
   endfacet
   facet normal 0.000000e+000 1.000000e+000 0.000000e+000
      outer loop
         vertex 2.347079e+000 7.200001e+001 1.978942e+001
         vertex 1.800000e+000 7.200001e+001 1.800000e+001
         vertex 2.286246e+000 7.200001e+001 1.969574e+001
      endloop
   endfacet
   facet normal 0.000000e+000 1.000000e+000 0.000000e+000
      outer loop
         vertex 3.497691e+000 7.200001e+001 2.082543e+001
         vertex 3.597212e+000 7.200001e+001 2.087614e+001
         vertex 1.800000e+000 7.200001e+001 1.800000e+001
      endloop
   endfacet
   facet normal 0.000000e+000 1.000000e+000 0.000000e+000
      outer loop
         vertex 2.819220e+001 7.200001e+001 1.822322e+001
         vertex 2.819805e+001 7.200001e+001 1.811168e+001
         vertex 2.660000e+001 7.200001e+001 2.077128e+001
      endloop
   endfacet
   facet normal 0.000000e+000 1.000000e+000 0.000000e+000
      outer loop
         vertex 2.660000e+001 7.200001e+001 2.077128e+001
         vertex 2.819805e+001 7.200001e+001 1.811168e+001
         vertex 2.820000e+001 7.200001e+001 1.800000e+001
      endloop
   endfacet
   facet normal 0.000000e+000 1.000000e+000 0.000000e+000
      outer loop
         vertex 2.660000e+001 7.200001e+001 2.077128e+001
         vertex 2.820000e+001 7.200001e+001 1.800000e+001
         vertex 2.650231e+001 7.200001e+001 2.082543e+001
      endloop
   endfacet
   facet normal 0.000000e+000 1.000000e+000 0.000000e+000
      outer loop
         vertex 2.650231e+001 7.200001e+001 2.082543e+001
         vertex 2.820000e+001 7.200001e+001 1.800000e+001
         vertex 2.640279e+001 7.200001e+001 2.087614e+001
      endloop
   endfacet
   facet normal 0.000000e+000 1.000000e+000 0.000000e+000
      outer loop
         vertex 2.722291e+001 7.200001e+001 2.030189e+001
         vertex 2.730189e+001 7.200001e+001 2.022291e+001
         vertex 2.816886e+001 7.200001e+001 1.844535e+001
      endloop
   endfacet
   facet normal 0.000000e+000 1.000000e+000 0.000000e+000
      outer loop
         vertex 2.816886e+001 7.200001e+001 1.844535e+001
         vertex 2.730189e+001 7.200001e+001 2.022291e+001
         vertex 2.737806e+001 7.200001e+001 2.014122e+001
      endloop
   endfacet
   facet normal 0.000000e+000 1.000000e+000 0.000000e+000
      outer loop
         vertex 2.816886e+001 7.200001e+001 1.844535e+001
         vertex 2.737806e+001 7.200001e+001 2.014122e+001
         vertex 2.815139e+001 7.200001e+001 1.855568e+001
      endloop
   endfacet
   facet normal 0.000000e+000 1.000000e+000 0.000000e+000
      outer loop
         vertex 2.411146e+000 7.200001e+001 1.988091e+001
         vertex 2.478366e+000 7.200001e+001 1.997012e+001
         vertex 1.800000e+000 7.200001e+001 1.800000e+001
      endloop
   endfacet
   facet normal 0.000000e+000 1.000000e+000 0.000000e+000
      outer loop
         vertex 1.800000e+000 7.200001e+001 1.800000e+001
         vertex 2.478366e+000 7.200001e+001 1.997012e+001
         vertex 2.548657e+000 7.200001e+001 2.005692e+001
      endloop
   endfacet
   facet normal 0.000000e+000 1.000000e+000 0.000000e+000
      outer loop
         vertex 1.800000e+000 7.200001e+001 1.800000e+001
         vertex 2.548657e+000 7.200001e+001 2.005692e+001
         vertex 2.621937e+000 7.200001e+001 2.014122e+001
      endloop
   endfacet
   facet normal 0.000000e+000 1.000000e+000 0.000000e+000
      outer loop
         vertex 2.621937e+000 7.200001e+001 2.014122e+001
         vertex 2.698112e+000 7.200001e+001 2.022291e+001
         vertex 1.800000e+000 7.200001e+001 1.800000e+001
      endloop
   endfacet
   facet normal 0.000000e+000 1.000000e+000 0.000000e+000
      outer loop
         vertex 1.800000e+000 7.200001e+001 1.800000e+001
         vertex 2.698112e+000 7.200001e+001 2.022291e+001
         vertex 2.777093e+000 7.200001e+001 2.030189e+001
      endloop
   endfacet
   facet normal 0.000000e+000 1.000000e+000 0.000000e+000
      outer loop
         vertex 1.800000e+000 7.200001e+001 1.800000e+001
         vertex 2.777093e+000 7.200001e+001 2.030189e+001
         vertex 2.858782e+000 7.200001e+001 2.037807e+001
      endloop
   endfacet
   facet normal 0.000000e+000 1.000000e+000 0.000000e+000
      outer loop
         vertex 3.497691e+000 7.200001e+001 2.082543e+001
         vertex 1.800000e+000 7.200001e+001 1.800000e+001
         vertex 3.400000e+000 7.200001e+001 2.077128e+001
      endloop
   endfacet
   facet normal 0.000000e+000 1.000000e+000 0.000000e+000
      outer loop
         vertex 3.597212e+000 7.200001e+001 2.087614e+001
         vertex 3.698442e+000 7.200001e+001 2.092335e+001
         vertex 1.800000e+000 7.200001e+001 1.800000e+001
      endloop
   endfacet
   facet normal 0.000000e+000 1.000000e+000 0.000000e+000
      outer loop
         vertex 1.800000e+000 7.200001e+001 1.800000e+001
         vertex 3.698442e+000 7.200001e+001 2.092335e+001
         vertex 3.801258e+000 7.200001e+001 2.096699e+001
      endloop
   endfacet
   facet normal 0.000000e+000 1.000000e+000 0.000000e+000
      outer loop
         vertex 1.800000e+000 7.200001e+001 1.800000e+001
         vertex 3.801258e+000 7.200001e+001 2.096699e+001
         vertex 3.905536e+000 7.200001e+001 2.100702e+001
      endloop
   endfacet
   facet normal 0.000000e+000 1.000000e+000 0.000000e+000
      outer loop
         vertex 3.905536e+000 7.200001e+001 2.100702e+001
         vertex 4.011146e+000 7.200001e+001 2.104338e+001
         vertex 1.800000e+000 7.200001e+001 1.800000e+001
      endloop
   endfacet
   facet normal 0.000000e+000 1.000000e+000 0.000000e+000
      outer loop
         vertex 1.800000e+000 7.200001e+001 1.800000e+001
         vertex 4.011146e+000 7.200001e+001 2.104338e+001
         vertex 4.117960e+000 7.200001e+001 2.107604e+001
      endloop
   endfacet
   facet normal 0.000000e+000 1.000000e+000 0.000000e+000
      outer loop
         vertex 1.800000e+000 7.200001e+001 1.800000e+001
         vertex 4.117960e+000 7.200001e+001 2.107604e+001
         vertex 4.225850e+000 7.200001e+001 2.110495e+001
      endloop
   endfacet
   facet normal 0.000000e+000 1.000000e+000 0.000000e+000
      outer loop
         vertex 4.225850e+000 7.200001e+001 2.110495e+001
         vertex 4.334682e+000 7.200001e+001 2.113007e+001
         vertex 1.800000e+000 7.200001e+001 1.800000e+001
      endloop
   endfacet
   facet normal 0.000000e+000 1.000000e+000 0.000000e+000
      outer loop
         vertex 1.800000e+000 7.200001e+001 1.800000e+001
         vertex 4.334682e+000 7.200001e+001 2.113007e+001
         vertex 4.444325e+000 7.200001e+001 2.115138e+001
      endloop
   endfacet
   facet normal 0.000000e+000 1.000000e+000 0.000000e+000
      outer loop
         vertex 1.800000e+000 7.200001e+001 1.800000e+001
         vertex 4.444325e+000 7.200001e+001 2.115138e+001
         vertex 4.554646e+000 7.200001e+001 2.116886e+001
      endloop
   endfacet
   facet normal 0.000000e+000 1.000000e+000 0.000000e+000
      outer loop
         vertex 1.817530e+000 7.200001e+001 1.833449e+001
         vertex 2.174567e+000 7.200001e+001 1.950231e+001
         vertex 1.807795e+000 7.200001e+001 1.822322e+001
      endloop
   endfacet
   facet normal 0.000000e+000 1.000000e+000 0.000000e+000
      outer loop
         vertex 1.807795e+000 7.200001e+001 1.822322e+001
         vertex 2.174567e+000 7.200001e+001 1.950231e+001
         vertex 1.801949e+000 7.200001e+001 1.811168e+001
      endloop
   endfacet
   facet normal 0.000000e+000 1.000000e+000 0.000000e+000
      outer loop
         vertex 1.817530e+000 7.200001e+001 1.833449e+001
         vertex 1.831142e+000 7.200001e+001 1.844535e+001
         vertex 2.174567e+000 7.200001e+001 1.950231e+001
      endloop
   endfacet
   facet normal 0.000000e+000 1.000000e+000 0.000000e+000
      outer loop
         vertex 2.174567e+000 7.200001e+001 1.950231e+001
         vertex 1.831142e+000 7.200001e+001 1.844535e+001
         vertex 1.848615e+000 7.200001e+001 1.855568e+001
      endloop
   endfacet
   facet normal 0.000000e+000 1.000000e+000 0.000000e+000
      outer loop
         vertex 2.174567e+000 7.200001e+001 1.950231e+001
         vertex 1.848615e+000 7.200001e+001 1.855568e+001
         vertex 1.869927e+000 7.200001e+001 1.866532e+001
      endloop
   endfacet
   facet normal 0.000000e+000 1.000000e+000 0.000000e+000
      outer loop
         vertex 1.869927e+000 7.200001e+001 1.866532e+001
         vertex 1.895053e+000 7.200001e+001 1.877415e+001
         vertex 2.174567e+000 7.200001e+001 1.950231e+001
      endloop
   endfacet
   facet normal 0.000000e+000 1.000000e+000 0.000000e+000
      outer loop
         vertex 2.174567e+000 7.200001e+001 1.950231e+001
         vertex 1.895053e+000 7.200001e+001 1.877415e+001
         vertex 1.923962e+000 7.200001e+001 1.888204e+001
      endloop
   endfacet
   facet normal 0.000000e+000 1.000000e+000 0.000000e+000
      outer loop
         vertex 2.174567e+000 7.200001e+001 1.950231e+001
         vertex 1.923962e+000 7.200001e+001 1.888204e+001
         vertex 1.956619e+000 7.200001e+001 1.898886e+001
      endloop
   endfacet
   facet normal 0.000000e+000 1.000000e+000 0.000000e+000
      outer loop
         vertex 1.956619e+000 7.200001e+001 1.898886e+001
         vertex 1.992984e+000 7.200001e+001 1.909446e+001
         vertex 2.174567e+000 7.200001e+001 1.950231e+001
      endloop
   endfacet
   facet normal 0.000000e+000 1.000000e+000 0.000000e+000
      outer loop
         vertex 2.174567e+000 7.200001e+001 1.950231e+001
         vertex 1.992984e+000 7.200001e+001 1.909446e+001
         vertex 2.033011e+000 7.200001e+001 1.919874e+001
      endloop
   endfacet
   facet normal 0.000000e+000 1.000000e+000 0.000000e+000
      outer loop
         vertex 2.174567e+000 7.200001e+001 1.950231e+001
         vertex 2.033011e+000 7.200001e+001 1.919874e+001
         vertex 2.123859e+000 7.200001e+001 1.940279e+001
      endloop
   endfacet
   facet normal 0.000000e+000 1.000000e+000 0.000000e+000
      outer loop
         vertex 2.123859e+000 7.200001e+001 1.940279e+001
         vertex 2.033011e+000 7.200001e+001 1.919874e+001
         vertex 2.076655e+000 7.200001e+001 1.930156e+001
      endloop
   endfacet
   facet normal 0.000000e+000 1.000000e+000 0.000000e+000
      outer loop
         vertex 1.801949e+000 7.200001e+001 1.811168e+001
         vertex 2.174567e+000 7.200001e+001 1.950231e+001
         vertex 1.800000e+000 7.200001e+001 1.800000e+001
      endloop
   endfacet
   facet normal 0.000000e+000 1.000000e+000 0.000000e+000
      outer loop
         vertex 1.800000e+000 7.200001e+001 1.800000e+001
         vertex 2.174567e+000 7.200001e+001 1.950231e+001
         vertex 2.228718e+000 7.200001e+001 1.960000e+001
      endloop
   endfacet
   facet normal 0.000000e+000 1.000000e+000 0.000000e+000
      outer loop
         vertex 1.800000e+000 7.200001e+001 1.800000e+001
         vertex 2.228718e+000 7.200001e+001 1.960000e+001
         vertex 2.286246e+000 7.200001e+001 1.969574e+001
      endloop
   endfacet
   facet normal 0.000000e+000 1.000000e+000 0.000000e+000
      outer loop
         vertex 2.669574e+001 7.200001e+001 2.071375e+001
         vertex 2.816886e+001 7.200001e+001 1.844535e+001
         vertex 2.660000e+001 7.200001e+001 2.077128e+001
      endloop
   endfacet
   facet normal 0.000000e+000 1.000000e+000 0.000000e+000
      outer loop
         vertex 2.660000e+001 7.200001e+001 2.077128e+001
         vertex 2.816886e+001 7.200001e+001 1.844535e+001
         vertex 2.818247e+001 7.200001e+001 1.833449e+001
      endloop
   endfacet
   facet normal 0.000000e+000 1.000000e+000 0.000000e+000
      outer loop
         vertex 2.660000e+001 7.200001e+001 2.077128e+001
         vertex 2.818247e+001 7.200001e+001 1.833449e+001
         vertex 2.819220e+001 7.200001e+001 1.822322e+001
      endloop
   endfacet
   facet normal 0.000000e+000 1.000000e+000 0.000000e+000
      outer loop
         vertex 2.669574e+001 7.200001e+001 2.071375e+001
         vertex 2.678942e+001 7.200001e+001 2.065292e+001
         vertex 2.816886e+001 7.200001e+001 1.844535e+001
      endloop
   endfacet
   facet normal 0.000000e+000 1.000000e+000 0.000000e+000
      outer loop
         vertex 2.816886e+001 7.200001e+001 1.844535e+001
         vertex 2.678942e+001 7.200001e+001 2.065292e+001
         vertex 2.688091e+001 7.200001e+001 2.058885e+001
      endloop
   endfacet
   facet normal 0.000000e+000 1.000000e+000 0.000000e+000
      outer loop
         vertex 2.816886e+001 7.200001e+001 1.844535e+001
         vertex 2.688091e+001 7.200001e+001 2.058885e+001
         vertex 2.697012e+001 7.200001e+001 2.052163e+001
      endloop
   endfacet
   facet normal 0.000000e+000 1.000000e+000 0.000000e+000
      outer loop
         vertex 2.745134e+001 7.200001e+001 2.005692e+001
         vertex 2.752164e+001 7.200001e+001 1.997012e+001
         vertex 2.758886e+001 7.200001e+001 1.988091e+001
      endloop
   endfacet
   facet normal 0.000000e+000 1.000000e+000 0.000000e+000
      outer loop
         vertex 2.771375e+001 7.200001e+001 1.969574e+001
         vertex 2.777128e+001 7.200001e+001 1.960000e+001
         vertex 2.737806e+001 7.200001e+001 2.014122e+001
      endloop
   endfacet
   facet normal 0.000000e+000 1.000000e+000 0.000000e+000
      outer loop
         vertex 2.737806e+001 7.200001e+001 2.014122e+001
         vertex 2.777128e+001 7.200001e+001 1.960000e+001
         vertex 2.782543e+001 7.200001e+001 1.950231e+001
      endloop
   endfacet
   facet normal 0.000000e+000 1.000000e+000 0.000000e+000
      outer loop
         vertex 2.782543e+001 7.200001e+001 1.950231e+001
         vertex 2.787614e+001 7.200001e+001 1.940279e+001
         vertex 2.737806e+001 7.200001e+001 2.014122e+001
      endloop
   endfacet
   facet normal 0.000000e+000 1.000000e+000 0.000000e+000
      outer loop
         vertex 2.737806e+001 7.200001e+001 2.014122e+001
         vertex 2.787614e+001 7.200001e+001 1.940279e+001
         vertex 2.792335e+001 7.200001e+001 1.930156e+001
      endloop
   endfacet
   facet normal 0.000000e+000 1.000000e+000 0.000000e+000
      outer loop
         vertex 2.737806e+001 7.200001e+001 2.014122e+001
         vertex 2.792335e+001 7.200001e+001 1.930156e+001
         vertex 2.796699e+001 7.200001e+001 1.919874e+001
      endloop
   endfacet
   facet normal 0.000000e+000 1.000000e+000 0.000000e+000
      outer loop
         vertex 2.858782e+000 7.200001e+001 2.037807e+001
         vertex 2.943079e+000 7.200001e+001 2.045134e+001
         vertex 1.800000e+000 7.200001e+001 1.800000e+001
      endloop
   endfacet
   facet normal 0.000000e+000 1.000000e+000 0.000000e+000
      outer loop
         vertex 1.800000e+000 7.200001e+001 1.800000e+001
         vertex 2.943079e+000 7.200001e+001 2.045134e+001
         vertex 3.029883e+000 7.200001e+001 2.052163e+001
      endloop
   endfacet
   facet normal 0.000000e+000 1.000000e+000 0.000000e+000
      outer loop
         vertex 1.800000e+000 7.200001e+001 1.800000e+001
         vertex 3.029883e+000 7.200001e+001 2.052163e+001
         vertex 3.119087e+000 7.200001e+001 2.058885e+001
      endloop
   endfacet
   facet normal 0.000000e+000 1.000000e+000 0.000000e+000
      outer loop
         vertex 3.119087e+000 7.200001e+001 2.058885e+001
         vertex 3.210583e+000 7.200001e+001 2.065292e+001
         vertex 1.800000e+000 7.200001e+001 1.800000e+001
      endloop
   endfacet
   facet normal 0.000000e+000 1.000000e+000 0.000000e+000
      outer loop
         vertex 1.800000e+000 7.200001e+001 1.800000e+001
         vertex 3.210583e+000 7.200001e+001 2.065292e+001
         vertex 3.304258e+000 7.200001e+001 2.071375e+001
      endloop
   endfacet
   facet normal 0.000000e+000 1.000000e+000 0.000000e+000
      outer loop
         vertex 1.800000e+000 7.200001e+001 1.800000e+001
         vertex 3.304258e+000 7.200001e+001 2.071375e+001
         vertex 3.400000e+000 7.200001e+001 2.077128e+001
      endloop
   endfacet
   facet normal 0.000000e+000 1.000000e+000 0.000000e+000
      outer loop
         vertex 2.697012e+001 7.200001e+001 2.052163e+001
         vertex 2.705692e+001 7.200001e+001 2.045134e+001
         vertex 2.816886e+001 7.200001e+001 1.844535e+001
      endloop
   endfacet
   facet normal 0.000000e+000 1.000000e+000 0.000000e+000
      outer loop
         vertex 2.816886e+001 7.200001e+001 1.844535e+001
         vertex 2.705692e+001 7.200001e+001 2.045134e+001
         vertex 2.714122e+001 7.200001e+001 2.037807e+001
      endloop
   endfacet
   facet normal 0.000000e+000 1.000000e+000 0.000000e+000
      outer loop
         vertex 2.816886e+001 7.200001e+001 1.844535e+001
         vertex 2.714122e+001 7.200001e+001 2.037807e+001
         vertex 2.722291e+001 7.200001e+001 2.030189e+001
      endloop
   endfacet
   facet normal 0.000000e+000 1.000000e+000 0.000000e+000
      outer loop
         vertex 2.807604e+001 7.200001e+001 1.888204e+001
         vertex 2.810495e+001 7.200001e+001 1.877415e+001
         vertex 2.737806e+001 7.200001e+001 2.014122e+001
      endloop
   endfacet
   facet normal 0.000000e+000 1.000000e+000 0.000000e+000
      outer loop
         vertex 2.737806e+001 7.200001e+001 2.014122e+001
         vertex 2.810495e+001 7.200001e+001 1.877415e+001
         vertex 2.813007e+001 7.200001e+001 1.866532e+001
      endloop
   endfacet
   facet normal 0.000000e+000 1.000000e+000 0.000000e+000
      outer loop
         vertex 2.737806e+001 7.200001e+001 2.014122e+001
         vertex 2.813007e+001 7.200001e+001 1.866532e+001
         vertex 2.815139e+001 7.200001e+001 1.855568e+001
      endloop
   endfacet
   facet normal 0.000000e+000 1.000000e+000 0.000000e+000
      outer loop
         vertex 2.745134e+001 7.200001e+001 2.005692e+001
         vertex 2.758886e+001 7.200001e+001 1.988091e+001
         vertex 2.737806e+001 7.200001e+001 2.014122e+001
      endloop
   endfacet
   facet normal 0.000000e+000 1.000000e+000 0.000000e+000
      outer loop
         vertex 2.737806e+001 7.200001e+001 2.014122e+001
         vertex 2.758886e+001 7.200001e+001 1.988091e+001
         vertex 2.765292e+001 7.200001e+001 1.978942e+001
      endloop
   endfacet
   facet normal 0.000000e+000 1.000000e+000 0.000000e+000
      outer loop
         vertex 2.737806e+001 7.200001e+001 2.014122e+001
         vertex 2.765292e+001 7.200001e+001 1.978942e+001
         vertex 2.771375e+001 7.200001e+001 1.969574e+001
      endloop
   endfacet
   facet normal 0.000000e+000 1.000000e+000 0.000000e+000
      outer loop
         vertex 2.796699e+001 7.200001e+001 1.919874e+001
         vertex 2.800702e+001 7.200001e+001 1.909446e+001
         vertex 2.737806e+001 7.200001e+001 2.014122e+001
      endloop
   endfacet
   facet normal 0.000000e+000 1.000000e+000 0.000000e+000
      outer loop
         vertex 2.737806e+001 7.200001e+001 2.014122e+001
         vertex 2.800702e+001 7.200001e+001 1.909446e+001
         vertex 2.804338e+001 7.200001e+001 1.898886e+001
      endloop
   endfacet
   facet normal 0.000000e+000 1.000000e+000 0.000000e+000
      outer loop
         vertex 2.737806e+001 7.200001e+001 2.014122e+001
         vertex 2.804338e+001 7.200001e+001 1.898886e+001
         vertex 2.807604e+001 7.200001e+001 1.888204e+001
      endloop
   endfacet
   facet normal 0.000000e+000 1.000000e+000 0.000000e+000
      outer loop
         vertex 1.800000e+000 7.200001e+001 2.000000e+000
         vertex 1.800000e+000 7.200001e+001 4.196331e+000
         vertex 2.820000e+001 7.200001e+001 4.196331e+000
      endloop
   endfacet
   facet normal 0.000000e+000 1.000000e+000 0.000000e+000
      outer loop
         vertex 1.800000e+000 7.200001e+001 2.000000e+000
         vertex 2.800000e+001 7.200001e+001 1.800000e+000
         vertex 1.999999e+000 7.200001e+001 1.800000e+000
      endloop
   endfacet
   facet normal 0.000000e+000 1.000000e+000 0.000000e+000
      outer loop
         vertex 2.815074e+001 7.200001e+001 1.868559e+000
         vertex 2.814617e+001 7.200001e+001 1.863489e+000
         vertex 2.800000e+001 7.200001e+001 1.800000e+000
      endloop
   endfacet
   facet normal 0.000000e+000 1.000000e+000 0.000000e+000
      outer loop
         vertex 1.801946e+000 7.200001e+001 1.972165e+000
         vertex 1.801095e+000 7.200001e+001 1.979094e+000
         vertex 1.999999e+000 7.200001e+001 1.800000e+000
      endloop
   endfacet
   facet normal 0.000000e+000 1.000000e+000 0.000000e+000
      outer loop
         vertex 2.817433e+001 7.200001e+001 1.901978e+000
         vertex 2.817088e+001 7.200001e+001 1.896083e+000
         vertex 2.800000e+001 7.200001e+001 1.800000e+000
      endloop
   endfacet
   facet normal 0.000000e+000 1.000000e+000 0.000000e+000
      outer loop
         vertex 2.800000e+001 7.200001e+001 1.800000e+000
         vertex 2.817088e+001 7.200001e+001 1.896083e+000
         vertex 2.816724e+001 7.200001e+001 1.890310e+000
      endloop
   endfacet
   facet normal 0.000000e+000 1.000000e+000 0.000000e+000
      outer loop
         vertex 2.800000e+001 7.200001e+001 1.800000e+000
         vertex 2.816724e+001 7.200001e+001 1.890310e+000
         vertex 2.816339e+001 7.200001e+001 1.884664e+000
      endloop
   endfacet
   facet normal 0.000000e+000 1.000000e+000 0.000000e+000
      outer loop
         vertex 2.816339e+001 7.200001e+001 1.884664e+000
         vertex 2.815936e+001 7.200001e+001 1.879152e+000
         vertex 2.800000e+001 7.200001e+001 1.800000e+000
      endloop
   endfacet
   facet normal 0.000000e+000 1.000000e+000 0.000000e+000
      outer loop
         vertex 2.800000e+001 7.200001e+001 1.800000e+000
         vertex 2.815936e+001 7.200001e+001 1.879152e+000
         vertex 2.815514e+001 7.200001e+001 1.873782e+000
      endloop
   endfacet
   facet normal 0.000000e+000 1.000000e+000 0.000000e+000
      outer loop
         vertex 2.800000e+001 7.200001e+001 1.800000e+000
         vertex 2.815514e+001 7.200001e+001 1.873782e+000
         vertex 2.815074e+001 7.200001e+001 1.868559e+000
      endloop
   endfacet
   facet normal 0.000000e+000 1.000000e+000 0.000000e+000
      outer loop
         vertex 1.801095e+000 7.200001e+001 1.979094e+000
         vertex 1.800487e+000 7.200001e+001 1.986049e+000
         vertex 1.999999e+000 7.200001e+001 1.800000e+000
      endloop
   endfacet
   facet normal 0.000000e+000 1.000000e+000 0.000000e+000
      outer loop
         vertex 1.999999e+000 7.200001e+001 1.800000e+000
         vertex 1.800487e+000 7.200001e+001 1.986049e+000
         vertex 1.800122e+000 7.200001e+001 1.993020e+000
      endloop
   endfacet
   facet normal 0.000000e+000 1.000000e+000 0.000000e+000
      outer loop
         vertex 1.999999e+000 7.200001e+001 1.800000e+000
         vertex 1.800122e+000 7.200001e+001 1.993020e+000
         vertex 1.800000e+000 7.200001e+001 2.000000e+000
      endloop
   endfacet
   facet normal 0.000000e+000 1.000000e+000 0.000000e+000
      outer loop
         vertex 2.819988e+001 7.200001e+001 1.993172e+000
         vertex 2.819954e+001 7.200001e+001 1.986351e+000
         vertex 2.800000e+001 7.200001e+001 1.800000e+000
      endloop
   endfacet
   facet normal 0.000000e+000 1.000000e+000 0.000000e+000
      outer loop
         vertex 2.819954e+001 7.200001e+001 1.986351e+000
         vertex 2.819895e+001 7.200001e+001 1.979547e+000
         vertex 2.800000e+001 7.200001e+001 1.800000e+000
      endloop
   endfacet
   facet normal 0.000000e+000 1.000000e+000 0.000000e+000
      outer loop
         vertex 2.800000e+001 7.200001e+001 1.800000e+000
         vertex 2.819895e+001 7.200001e+001 1.979547e+000
         vertex 2.819814e+001 7.200001e+001 1.972767e+000
      endloop
   endfacet
   facet normal 0.000000e+000 1.000000e+000 0.000000e+000
      outer loop
         vertex 2.800000e+001 7.200001e+001 1.800000e+000
         vertex 2.819814e+001 7.200001e+001 1.972767e+000
         vertex 2.819709e+001 7.200001e+001 1.966018e+000
      endloop
   endfacet
   facet normal 0.000000e+000 1.000000e+000 0.000000e+000
      outer loop
         vertex 2.818606e+001 7.200001e+001 1.926629e+000
         vertex 2.818344e+001 7.200001e+001 1.920320e+000
         vertex 2.800000e+001 7.200001e+001 1.800000e+000
      endloop
   endfacet
   facet normal 0.000000e+000 1.000000e+000 0.000000e+000
      outer loop
         vertex 1.800000e+000 7.200001e+001 2.000000e+000
         vertex 2.820000e+001 7.200001e+001 4.196331e+000
         vertex 2.800000e+001 7.200001e+001 1.800000e+000
      endloop
   endfacet
   facet normal 0.000000e+000 1.000000e+000 0.000000e+000
      outer loop
         vertex 2.800000e+001 7.200001e+001 1.800000e+000
         vertex 2.820000e+001 7.200001e+001 4.196331e+000
         vertex 2.820000e+001 7.200001e+001 2.000000e+000
      endloop
   endfacet
   facet normal 0.000000e+000 1.000000e+000 0.000000e+000
      outer loop
         vertex 2.800000e+001 7.200001e+001 1.800000e+000
         vertex 2.820000e+001 7.200001e+001 2.000000e+000
         vertex 2.819988e+001 7.200001e+001 1.993172e+000
      endloop
   endfacet
   facet normal 0.000000e+000 1.000000e+000 0.000000e+000
      outer loop
         vertex 2.814617e+001 7.200001e+001 1.863489e+000
         vertex 2.814142e+001 7.200001e+001 1.858579e+000
         vertex 2.800000e+001 7.200001e+001 1.800000e+000
      endloop
   endfacet
   facet normal 0.000000e+000 1.000000e+000 0.000000e+000
      outer loop
         vertex 2.800000e+001 7.200001e+001 1.800000e+000
         vertex 2.814142e+001 7.200001e+001 1.858579e+000
         vertex 2.813651e+001 7.200001e+001 1.853832e+000
      endloop
   endfacet
   facet normal 0.000000e+000 1.000000e+000 0.000000e+000
      outer loop
         vertex 2.800000e+001 7.200001e+001 1.800000e+000
         vertex 2.813651e+001 7.200001e+001 1.853832e+000
         vertex 2.813144e+001 7.200001e+001 1.849257e+000
      endloop
   endfacet
   facet normal 0.000000e+000 1.000000e+000 0.000000e+000
      outer loop
         vertex 2.809201e+001 7.200001e+001 1.822423e+000
         vertex 2.808590e+001 7.200001e+001 1.819385e+000
         vertex 2.812085e+001 7.200001e+001 1.840639e+000
      endloop
   endfacet
   facet normal 0.000000e+000 1.000000e+000 0.000000e+000
      outer loop
         vertex 1.814563e+000 7.200001e+001 1.925079e+000
         vertex 1.812061e+000 7.200001e+001 1.931596e+000
         vertex 1.999999e+000 7.200001e+001 1.800000e+000
      endloop
   endfacet
   facet normal 0.000000e+000 1.000000e+000 0.000000e+000
      outer loop
         vertex 2.819709e+001 7.200001e+001 1.966018e+000
         vertex 2.819582e+001 7.200001e+001 1.959309e+000
         vertex 2.800000e+001 7.200001e+001 1.800000e+000
      endloop
   endfacet
   facet normal 0.000000e+000 1.000000e+000 0.000000e+000
      outer loop
         vertex 2.800000e+001 7.200001e+001 1.800000e+000
         vertex 2.819582e+001 7.200001e+001 1.959309e+000
         vertex 2.819431e+001 7.200001e+001 1.952647e+000
      endloop
   endfacet
   facet normal 0.000000e+000 1.000000e+000 0.000000e+000
      outer loop
         vertex 2.800000e+001 7.200001e+001 1.800000e+000
         vertex 2.819431e+001 7.200001e+001 1.952647e+000
         vertex 2.819258e+001 7.200001e+001 1.946040e+000
      endloop
   endfacet
   facet normal 0.000000e+000 1.000000e+000 0.000000e+000
      outer loop
         vertex 2.811534e+001 7.200001e+001 1.836606e+000
         vertex 2.810969e+001 7.200001e+001 1.832764e+000
         vertex 2.810392e+001 7.200001e+001 1.829116e+000
      endloop
   endfacet
   facet normal 0.000000e+000 1.000000e+000 0.000000e+000
      outer loop
         vertex 2.802723e+001 7.200001e+001 1.801863e+000
         vertex 2.802045e+001 7.200001e+001 1.801048e+000
         vertex 2.812085e+001 7.200001e+001 1.840639e+000
      endloop
   endfacet
   facet normal 0.000000e+000 1.000000e+000 0.000000e+000
      outer loop
         vertex 2.812085e+001 7.200001e+001 1.840639e+000
         vertex 2.802045e+001 7.200001e+001 1.801048e+000
         vertex 2.801365e+001 7.200001e+001 1.800466e+000
      endloop
   endfacet
   facet normal 0.000000e+000 1.000000e+000 0.000000e+000
      outer loop
         vertex 1.834192e+000 7.200001e+001 1.888162e+000
         vertex 1.830390e+000 7.200001e+001 1.894016e+000
         vertex 1.999999e+000 7.200001e+001 1.800000e+000
      endloop
   endfacet
   facet normal 0.000000e+000 1.000000e+000 0.000000e+000
      outer loop
         vertex 1.999999e+000 7.200001e+001 1.800000e+000
         vertex 1.830390e+000 7.200001e+001 1.894016e+000
         vertex 1.826795e+000 7.200001e+001 1.900000e+000
      endloop
   endfacet
   facet normal 0.000000e+000 1.000000e+000 0.000000e+000
      outer loop
         vertex 1.999999e+000 7.200001e+001 1.800000e+000
         vertex 1.826795e+000 7.200001e+001 1.900000e+000
         vertex 1.823410e+000 7.200001e+001 1.906106e+000
      endloop
   endfacet
   facet normal 0.000000e+000 1.000000e+000 0.000000e+000
      outer loop
         vertex 2.818344e+001 7.200001e+001 1.920320e+000
         vertex 2.818061e+001 7.200001e+001 1.914103e+000
         vertex 2.800000e+001 7.200001e+001 1.800000e+000
      endloop
   endfacet
   facet normal 0.000000e+000 1.000000e+000 0.000000e+000
      outer loop
         vertex 2.800000e+001 7.200001e+001 1.800000e+000
         vertex 2.818061e+001 7.200001e+001 1.914103e+000
         vertex 2.817758e+001 7.200001e+001 1.907987e+000
      endloop
   endfacet
   facet normal 0.000000e+000 1.000000e+000 0.000000e+000
      outer loop
         vertex 2.800000e+001 7.200001e+001 1.800000e+000
         vertex 2.817758e+001 7.200001e+001 1.907987e+000
         vertex 2.817433e+001 7.200001e+001 1.901978e+000
      endloop
   endfacet
   facet normal 0.000000e+000 1.000000e+000 0.000000e+000
      outer loop
         vertex 2.806698e+001 7.200001e+001 1.811548e+000
         vertex 2.806050e+001 7.200001e+001 1.809371e+000
         vertex 2.812085e+001 7.200001e+001 1.840639e+000
      endloop
   endfacet
   facet normal 0.000000e+000 1.000000e+000 0.000000e+000
      outer loop
         vertex 2.812085e+001 7.200001e+001 1.840639e+000
         vertex 2.806050e+001 7.200001e+001 1.809371e+000
         vertex 2.805396e+001 7.200001e+001 1.807416e+000
      endloop
   endfacet
   facet normal 0.000000e+000 1.000000e+000 0.000000e+000
      outer loop
         vertex 2.812085e+001 7.200001e+001 1.840639e+000
         vertex 2.805396e+001 7.200001e+001 1.807416e+000
         vertex 2.804735e+001 7.200001e+001 1.805686e+000
      endloop
   endfacet
   facet normal 0.000000e+000 1.000000e+000 0.000000e+000
      outer loop
         vertex 2.813144e+001 7.200001e+001 1.849257e+000
         vertex 2.812622e+001 7.200001e+001 1.844858e+000
         vertex 2.800000e+001 7.200001e+001 1.800000e+000
      endloop
   endfacet
   facet normal 0.000000e+000 1.000000e+000 0.000000e+000
      outer loop
         vertex 2.800000e+001 7.200001e+001 1.800000e+000
         vertex 2.812622e+001 7.200001e+001 1.844858e+000
         vertex 2.812085e+001 7.200001e+001 1.840639e+000
      endloop
   endfacet
   facet normal 0.000000e+000 1.000000e+000 0.000000e+000
      outer loop
         vertex 2.800000e+001 7.200001e+001 1.800000e+000
         vertex 2.812085e+001 7.200001e+001 1.840639e+000
         vertex 2.800683e+001 7.200001e+001 1.800117e+000
      endloop
   endfacet
   facet normal 0.000000e+000 1.000000e+000 0.000000e+000
      outer loop
         vertex 2.800683e+001 7.200001e+001 1.800117e+000
         vertex 2.812085e+001 7.200001e+001 1.840639e+000
         vertex 2.801365e+001 7.200001e+001 1.800466e+000
      endloop
   endfacet
   facet normal 0.000000e+000 1.000000e+000 0.000000e+000
      outer loop
         vertex 1.993020e+000 7.200001e+001 1.800122e+000
         vertex 1.906105e+000 7.200001e+001 1.823410e+000
         vertex 1.999999e+000 7.200001e+001 1.800000e+000
      endloop
   endfacet
   facet normal 0.000000e+000 1.000000e+000 0.000000e+000
      outer loop
         vertex 1.999999e+000 7.200001e+001 1.800000e+000
         vertex 1.906105e+000 7.200001e+001 1.823410e+000
         vertex 1.900000e+000 7.200001e+001 1.826795e+000
      endloop
   endfacet
   facet normal 0.000000e+000 1.000000e+000 0.000000e+000
      outer loop
         vertex 1.999999e+000 7.200001e+001 1.800000e+000
         vertex 1.900000e+000 7.200001e+001 1.826795e+000
         vertex 1.894016e+000 7.200001e+001 1.830390e+000
      endloop
   endfacet
   facet normal 0.000000e+000 1.000000e+000 0.000000e+000
      outer loop
         vertex 1.894016e+000 7.200001e+001 1.830390e+000
         vertex 1.888162e+000 7.200001e+001 1.834192e+000
         vertex 1.999999e+000 7.200001e+001 1.800000e+000
      endloop
   endfacet
   facet normal 0.000000e+000 1.000000e+000 0.000000e+000
      outer loop
         vertex 1.999999e+000 7.200001e+001 1.800000e+000
         vertex 1.888162e+000 7.200001e+001 1.834192e+000
         vertex 1.882442e+000 7.200001e+001 1.838197e+000
      endloop
   endfacet
   facet normal 0.000000e+000 1.000000e+000 0.000000e+000
      outer loop
         vertex 1.999999e+000 7.200001e+001 1.800000e+000
         vertex 1.882442e+000 7.200001e+001 1.838197e+000
         vertex 1.876867e+000 7.200001e+001 1.842398e+000
      endloop
   endfacet
   facet normal 0.000000e+000 1.000000e+000 0.000000e+000
      outer loop
         vertex 1.823410e+000 7.200001e+001 1.906106e+000
         vertex 1.820241e+000 7.200001e+001 1.912326e+000
         vertex 1.999999e+000 7.200001e+001 1.800000e+000
      endloop
   endfacet
   facet normal 0.000000e+000 1.000000e+000 0.000000e+000
      outer loop
         vertex 1.999999e+000 7.200001e+001 1.800000e+000
         vertex 1.820241e+000 7.200001e+001 1.912326e+000
         vertex 1.817291e+000 7.200001e+001 1.918653e+000
      endloop
   endfacet
   facet normal 0.000000e+000 1.000000e+000 0.000000e+000
      outer loop
         vertex 1.999999e+000 7.200001e+001 1.800000e+000
         vertex 1.817291e+000 7.200001e+001 1.918653e+000
         vertex 1.814563e+000 7.200001e+001 1.925079e+000
      endloop
   endfacet
   facet normal 0.000000e+000 1.000000e+000 0.000000e+000
      outer loop
         vertex 1.812061e+000 7.200001e+001 1.931596e+000
         vertex 1.809789e+000 7.200001e+001 1.938196e+000
         vertex 1.999999e+000 7.200001e+001 1.800000e+000
      endloop
   endfacet
   facet normal 0.000000e+000 1.000000e+000 0.000000e+000
      outer loop
         vertex 1.999999e+000 7.200001e+001 1.800000e+000
         vertex 1.809789e+000 7.200001e+001 1.938196e+000
         vertex 1.807747e+000 7.200001e+001 1.944872e+000
      endloop
   endfacet
   facet normal 0.000000e+000 1.000000e+000 0.000000e+000
      outer loop
         vertex 1.999999e+000 7.200001e+001 1.800000e+000
         vertex 1.807747e+000 7.200001e+001 1.944872e+000
         vertex 1.805941e+000 7.200001e+001 1.951615e+000
      endloop
   endfacet
   facet normal 0.000000e+000 1.000000e+000 0.000000e+000
      outer loop
         vertex 2.819258e+001 7.200001e+001 1.946040e+000
         vertex 2.819063e+001 7.200001e+001 1.939497e+000
         vertex 2.800000e+001 7.200001e+001 1.800000e+000
      endloop
   endfacet
   facet normal 0.000000e+000 1.000000e+000 0.000000e+000
      outer loop
         vertex 2.800000e+001 7.200001e+001 1.800000e+000
         vertex 2.819063e+001 7.200001e+001 1.939497e+000
         vertex 2.818845e+001 7.200001e+001 1.933024e+000
      endloop
   endfacet
   facet normal 0.000000e+000 1.000000e+000 0.000000e+000
      outer loop
         vertex 2.800000e+001 7.200001e+001 1.800000e+000
         vertex 2.818845e+001 7.200001e+001 1.933024e+000
         vertex 2.818606e+001 7.200001e+001 1.926629e+000
      endloop
   endfacet
   facet normal 0.000000e+000 1.000000e+000 0.000000e+000
      outer loop
         vertex 2.811534e+001 7.200001e+001 1.836606e+000
         vertex 2.810392e+001 7.200001e+001 1.829116e+000
         vertex 2.812085e+001 7.200001e+001 1.840639e+000
      endloop
   endfacet
   facet normal 0.000000e+000 1.000000e+000 0.000000e+000
      outer loop
         vertex 2.812085e+001 7.200001e+001 1.840639e+000
         vertex 2.810392e+001 7.200001e+001 1.829116e+000
         vertex 2.809802e+001 7.200001e+001 1.825668e+000
      endloop
   endfacet
   facet normal 0.000000e+000 1.000000e+000 0.000000e+000
      outer loop
         vertex 2.812085e+001 7.200001e+001 1.840639e+000
         vertex 2.809802e+001 7.200001e+001 1.825668e+000
         vertex 2.809201e+001 7.200001e+001 1.822423e+000
      endloop
   endfacet
   facet normal 0.000000e+000 1.000000e+000 0.000000e+000
      outer loop
         vertex 2.808590e+001 7.200001e+001 1.819385e+000
         vertex 2.807968e+001 7.200001e+001 1.816558e+000
         vertex 2.812085e+001 7.200001e+001 1.840639e+000
      endloop
   endfacet
   facet normal 0.000000e+000 1.000000e+000 0.000000e+000
      outer loop
         vertex 2.812085e+001 7.200001e+001 1.840639e+000
         vertex 2.807968e+001 7.200001e+001 1.816558e+000
         vertex 2.807337e+001 7.200001e+001 1.813944e+000
      endloop
   endfacet
   facet normal 0.000000e+000 1.000000e+000 0.000000e+000
      outer loop
         vertex 2.812085e+001 7.200001e+001 1.840639e+000
         vertex 2.807337e+001 7.200001e+001 1.813944e+000
         vertex 2.806698e+001 7.200001e+001 1.811548e+000
      endloop
   endfacet
   facet normal 0.000000e+000 1.000000e+000 0.000000e+000
      outer loop
         vertex 2.804735e+001 7.200001e+001 1.805686e+000
         vertex 2.804069e+001 7.200001e+001 1.804183e+000
         vertex 2.812085e+001 7.200001e+001 1.840639e+000
      endloop
   endfacet
   facet normal 0.000000e+000 1.000000e+000 0.000000e+000
      outer loop
         vertex 2.812085e+001 7.200001e+001 1.840639e+000
         vertex 2.804069e+001 7.200001e+001 1.804183e+000
         vertex 2.803398e+001 7.200001e+001 1.802908e+000
      endloop
   endfacet
   facet normal 0.000000e+000 1.000000e+000 0.000000e+000
      outer loop
         vertex 2.812085e+001 7.200001e+001 1.840639e+000
         vertex 2.803398e+001 7.200001e+001 1.802908e+000
         vertex 2.802723e+001 7.200001e+001 1.801863e+000
      endloop
   endfacet
   facet normal 0.000000e+000 1.000000e+000 0.000000e+000
      outer loop
         vertex 1.861068e+000 7.200001e+001 1.856132e+000
         vertex 1.856131e+000 7.200001e+001 1.861068e+000
         vertex 1.999999e+000 7.200001e+001 1.800000e+000
      endloop
   endfacet
   facet normal 0.000000e+000 1.000000e+000 0.000000e+000
      outer loop
         vertex 1.999999e+000 7.200001e+001 1.800000e+000
         vertex 1.856131e+000 7.200001e+001 1.861068e+000
         vertex 1.851371e+000 7.200001e+001 1.866174e+000
      endloop
   endfacet
   facet normal 0.000000e+000 1.000000e+000 0.000000e+000
      outer loop
         vertex 1.999999e+000 7.200001e+001 1.800000e+000
         vertex 1.851371e+000 7.200001e+001 1.866174e+000
         vertex 1.846791e+000 7.200001e+001 1.871442e+000
      endloop
   endfacet
   facet normal 0.000000e+000 1.000000e+000 0.000000e+000
      outer loop
         vertex 1.846791e+000 7.200001e+001 1.871442e+000
         vertex 1.842397e+000 7.200001e+001 1.876867e+000
         vertex 1.999999e+000 7.200001e+001 1.800000e+000
      endloop
   endfacet
   facet normal 0.000000e+000 1.000000e+000 0.000000e+000
      outer loop
         vertex 1.999999e+000 7.200001e+001 1.800000e+000
         vertex 1.842397e+000 7.200001e+001 1.876867e+000
         vertex 1.838196e+000 7.200001e+001 1.882443e+000
      endloop
   endfacet
   facet normal 0.000000e+000 1.000000e+000 0.000000e+000
      outer loop
         vertex 1.999999e+000 7.200001e+001 1.800000e+000
         vertex 1.838196e+000 7.200001e+001 1.882443e+000
         vertex 1.834192e+000 7.200001e+001 1.888162e+000
      endloop
   endfacet
   facet normal 0.000000e+000 1.000000e+000 0.000000e+000
      outer loop
         vertex 1.805941e+000 7.200001e+001 1.951615e+000
         vertex 1.804370e+000 7.200001e+001 1.958418e+000
         vertex 1.999999e+000 7.200001e+001 1.800000e+000
      endloop
   endfacet
   facet normal 0.000000e+000 1.000000e+000 0.000000e+000
      outer loop
         vertex 1.999999e+000 7.200001e+001 1.800000e+000
         vertex 1.804370e+000 7.200001e+001 1.958418e+000
         vertex 1.803039e+000 7.200001e+001 1.965270e+000
      endloop
   endfacet
   facet normal 0.000000e+000 1.000000e+000 0.000000e+000
      outer loop
         vertex 1.999999e+000 7.200001e+001 1.800000e+000
         vertex 1.803039e+000 7.200001e+001 1.965270e+000
         vertex 1.801946e+000 7.200001e+001 1.972165e+000
      endloop
   endfacet
   facet normal 0.000000e+000 1.000000e+000 0.000000e+000
      outer loop
         vertex 1.993020e+000 7.200001e+001 1.800122e+000
         vertex 1.986048e+000 7.200001e+001 1.800487e+000
         vertex 1.906105e+000 7.200001e+001 1.823410e+000
      endloop
   endfacet
   facet normal 0.000000e+000 1.000000e+000 0.000000e+000
      outer loop
         vertex 1.906105e+000 7.200001e+001 1.823410e+000
         vertex 1.986048e+000 7.200001e+001 1.800487e+000
         vertex 1.979094e+000 7.200001e+001 1.801095e+000
      endloop
   endfacet
   facet normal 0.000000e+000 1.000000e+000 0.000000e+000
      outer loop
         vertex 1.906105e+000 7.200001e+001 1.823410e+000
         vertex 1.979094e+000 7.200001e+001 1.801095e+000
         vertex 1.972165e+000 7.200001e+001 1.801946e+000
      endloop
   endfacet
   facet normal 0.000000e+000 1.000000e+000 0.000000e+000
      outer loop
         vertex 1.876867e+000 7.200001e+001 1.842398e+000
         vertex 1.871442e+000 7.200001e+001 1.846791e+000
         vertex 1.999999e+000 7.200001e+001 1.800000e+000
      endloop
   endfacet
   facet normal 0.000000e+000 1.000000e+000 0.000000e+000
      outer loop
         vertex 1.999999e+000 7.200001e+001 1.800000e+000
         vertex 1.871442e+000 7.200001e+001 1.846791e+000
         vertex 1.866174e+000 7.200001e+001 1.851371e+000
      endloop
   endfacet
   facet normal 0.000000e+000 1.000000e+000 0.000000e+000
      outer loop
         vertex 1.999999e+000 7.200001e+001 1.800000e+000
         vertex 1.866174e+000 7.200001e+001 1.851371e+000
         vertex 1.861068e+000 7.200001e+001 1.856132e+000
      endloop
   endfacet
   facet normal 0.000000e+000 1.000000e+000 0.000000e+000
      outer loop
         vertex 1.972165e+000 7.200001e+001 1.801946e+000
         vertex 1.965270e+000 7.200001e+001 1.803038e+000
         vertex 1.906105e+000 7.200001e+001 1.823410e+000
      endloop
   endfacet
   facet normal 0.000000e+000 1.000000e+000 0.000000e+000
      outer loop
         vertex 1.906105e+000 7.200001e+001 1.823410e+000
         vertex 1.965270e+000 7.200001e+001 1.803038e+000
         vertex 1.958418e+000 7.200001e+001 1.804370e+000
      endloop
   endfacet
   facet normal 0.000000e+000 1.000000e+000 0.000000e+000
      outer loop
         vertex 1.906105e+000 7.200001e+001 1.823410e+000
         vertex 1.958418e+000 7.200001e+001 1.804370e+000
         vertex 1.912326e+000 7.200001e+001 1.820241e+000
      endloop
   endfacet
   facet normal 0.000000e+000 1.000000e+000 0.000000e+000
      outer loop
         vertex 1.912326e+000 7.200001e+001 1.820241e+000
         vertex 1.958418e+000 7.200001e+001 1.804370e+000
         vertex 1.918652e+000 7.200001e+001 1.817291e+000
      endloop
   endfacet
   facet normal 0.000000e+000 1.000000e+000 0.000000e+000
      outer loop
         vertex 1.918652e+000 7.200001e+001 1.817291e+000
         vertex 1.958418e+000 7.200001e+001 1.804370e+000
         vertex 1.951615e+000 7.200001e+001 1.805941e+000
      endloop
   endfacet
   facet normal 0.000000e+000 1.000000e+000 0.000000e+000
      outer loop
         vertex 1.918652e+000 7.200001e+001 1.817291e+000
         vertex 1.951615e+000 7.200001e+001 1.805941e+000
         vertex 1.944872e+000 7.200001e+001 1.807747e+000
      endloop
   endfacet
   facet normal 0.000000e+000 1.000000e+000 0.000000e+000
      outer loop
         vertex 1.944872e+000 7.200001e+001 1.807747e+000
         vertex 1.938196e+000 7.200001e+001 1.809788e+000
         vertex 1.918652e+000 7.200001e+001 1.817291e+000
      endloop
   endfacet
   facet normal 0.000000e+000 1.000000e+000 0.000000e+000
      outer loop
         vertex 1.918652e+000 7.200001e+001 1.817291e+000
         vertex 1.938196e+000 7.200001e+001 1.809788e+000
         vertex 1.931596e+000 7.200001e+001 1.812061e+000
      endloop
   endfacet
   facet normal 0.000000e+000 1.000000e+000 0.000000e+000
      outer loop
         vertex 1.918652e+000 7.200001e+001 1.817291e+000
         vertex 1.931596e+000 7.200001e+001 1.812061e+000
         vertex 1.925078e+000 7.200001e+001 1.814563e+000
      endloop
   endfacet
   facet normal 0.000000e+000 1.000000e+000 0.000000e+000
      outer loop
         vertex 1.456328e-001 7.200001e+001 1.250787e+000
         vertex 1.072816e+000 7.200001e+001 1.625393e+000
         vertex 1.729093e-001 7.200001e+001 1.186526e+000
      endloop
   endfacet
   facet normal 0.000000e+000 1.000000e+000 0.000000e+000
      outer loop
         vertex 1.729093e-001 7.200001e+001 1.186526e+000
         vertex 1.072816e+000 7.200001e+001 1.625393e+000
         vertex 1.086454e+000 7.200001e+001 1.593263e+000
      endloop
   endfacet
   facet normal 0.000000e+000 1.000000e+000 0.000000e+000
      outer loop
         vertex 1.729093e-001 7.200001e+001 1.186526e+000
         vertex 1.086454e+000 7.200001e+001 1.593263e+000
         vertex 2.024118e-001 7.200001e+001 1.123257e+000
      endloop
   endfacet
   facet normal 0.000000e+000 1.000000e+000 0.000000e+000
      outer loop
         vertex 2.024118e-001 7.200001e+001 1.123257e+000
         vertex 1.086454e+000 7.200001e+001 1.593263e+000
         vertex 1.101206e+000 7.200001e+001 1.561629e+000
      endloop
   endfacet
   facet normal 0.000000e+000 1.000000e+000 0.000000e+000
      outer loop
         vertex 2.024118e-001 7.200001e+001 1.123257e+000
         vertex 1.101206e+000 7.200001e+001 1.561629e+000
         vertex 2.341047e-001 7.200001e+001 1.061057e+000
      endloop
   endfacet
   facet normal 0.000000e+000 1.000000e+000 0.000000e+000
      outer loop
         vertex 2.341047e-001 7.200001e+001 1.061057e+000
         vertex 1.101206e+000 7.200001e+001 1.561629e+000
         vertex 1.117053e+000 7.200001e+001 1.530529e+000
      endloop
   endfacet
   facet normal 0.000000e+000 1.000000e+000 0.000000e+000
      outer loop
         vertex 2.341047e-001 7.200001e+001 1.061057e+000
         vertex 1.117053e+000 7.200001e+001 1.530529e+000
         vertex 2.679490e-001 7.200001e+001 9.999997e-001
      endloop
   endfacet
   facet normal 0.000000e+000 1.000000e+000 0.000000e+000
      outer loop
         vertex 2.679490e-001 7.200001e+001 9.999997e-001
         vertex 1.117053e+000 7.200001e+001 1.530529e+000
         vertex 1.133975e+000 7.200001e+001 1.500000e+000
      endloop
   endfacet
   facet normal 0.000000e+000 1.000000e+000 0.000000e+000
      outer loop
         vertex 2.679490e-001 7.200001e+001 9.999997e-001
         vertex 1.133975e+000 7.200001e+001 1.500000e+000
         vertex 3.039036e-001 7.200001e+001 9.401613e-001
      endloop
   endfacet
   facet normal 0.000000e+000 1.000000e+000 0.000000e+000
      outer loop
         vertex 3.039036e-001 7.200001e+001 9.401613e-001
         vertex 1.133975e+000 7.200001e+001 1.500000e+000
         vertex 1.151952e+000 7.200001e+001 1.470081e+000
      endloop
   endfacet
   facet normal 0.000000e+000 1.000000e+000 0.000000e+000
      outer loop
         vertex 3.039036e-001 7.200001e+001 9.401613e-001
         vertex 1.151952e+000 7.200001e+001 1.470081e+000
         vertex 3.419248e-001 7.200001e+001 8.816141e-001
      endloop
   endfacet
   facet normal 0.000000e+000 1.000000e+000 0.000000e+000
      outer loop
         vertex 3.419248e-001 7.200001e+001 8.816141e-001
         vertex 1.151952e+000 7.200001e+001 1.470081e+000
         vertex 1.170962e+000 7.200001e+001 1.440807e+000
      endloop
   endfacet
   facet normal 0.000000e+000 1.000000e+000 0.000000e+000
      outer loop
         vertex 3.419248e-001 7.200001e+001 8.816141e-001
         vertex 1.170962e+000 7.200001e+001 1.440807e+000
         vertex 3.819661e-001 7.200001e+001 8.244296e-001
      endloop
   endfacet
   facet normal 0.000000e+000 1.000000e+000 0.000000e+000
      outer loop
         vertex 3.819661e-001 7.200001e+001 8.244296e-001
         vertex 1.170962e+000 7.200001e+001 1.440807e+000
         vertex 1.190983e+000 7.200001e+001 1.412215e+000
      endloop
   endfacet
   facet normal 0.000000e+000 1.000000e+000 0.000000e+000
      outer loop
         vertex 3.819661e-001 7.200001e+001 8.244296e-001
         vertex 1.190983e+000 7.200001e+001 1.412215e+000
         vertex 4.239781e-001 7.200001e+001 7.686769e-001
      endloop
   endfacet
   facet normal 0.000000e+000 1.000000e+000 0.000000e+000
      outer loop
         vertex 4.239781e-001 7.200001e+001 7.686769e-001
         vertex 1.190983e+000 7.200001e+001 1.412215e+000
         vertex 1.211989e+000 7.200001e+001 1.384338e+000
      endloop
   endfacet
   facet normal 0.000000e+000 1.000000e+000 0.000000e+000
      outer loop
         vertex 4.239781e-001 7.200001e+001 7.686769e-001
         vertex 1.211989e+000 7.200001e+001 1.384338e+000
         vertex 4.679104e-001 7.200001e+001 7.144246e-001
      endloop
   endfacet
   facet normal 0.000000e+000 1.000000e+000 0.000000e+000
      outer loop
         vertex 4.679104e-001 7.200001e+001 7.144246e-001
         vertex 1.211989e+000 7.200001e+001 1.384338e+000
         vertex 1.233955e+000 7.200001e+001 1.357212e+000
      endloop
   endfacet
   facet normal 0.000000e+000 1.000000e+000 0.000000e+000
      outer loop
         vertex 4.679104e-001 7.200001e+001 7.144246e-001
         vertex 1.233955e+000 7.200001e+001 1.357212e+000
         vertex 5.137101e-001 7.200001e+001 6.617387e-001
      endloop
   endfacet
   facet normal 0.000000e+000 1.000000e+000 0.000000e+000
      outer loop
         vertex 5.137101e-001 7.200001e+001 6.617387e-001
         vertex 1.233955e+000 7.200001e+001 1.357212e+000
         vertex 1.256855e+000 7.200001e+001 1.330869e+000
      endloop
   endfacet
   facet normal 0.000000e+000 1.000000e+000 0.000000e+000
      outer loop
         vertex 5.137101e-001 7.200001e+001 6.617387e-001
         vertex 1.256855e+000 7.200001e+001 1.330869e+000
         vertex 5.613202e-001 7.200001e+001 6.106831e-001
      endloop
   endfacet
   facet normal 0.000000e+000 1.000000e+000 0.000000e+000
      outer loop
         vertex 5.613202e-001 7.200001e+001 6.106831e-001
         vertex 1.256855e+000 7.200001e+001 1.330869e+000
         vertex 1.280660e+000 7.200001e+001 1.305342e+000
      endloop
   endfacet
   facet normal 0.000000e+000 1.000000e+000 0.000000e+000
      outer loop
         vertex 5.613202e-001 7.200001e+001 6.106831e-001
         vertex 1.280660e+000 7.200001e+001 1.305342e+000
         vertex 6.106831e-001 7.200001e+001 5.613202e-001
      endloop
   endfacet
   facet normal 0.000000e+000 1.000000e+000 0.000000e+000
      outer loop
         vertex 6.106831e-001 7.200001e+001 5.613202e-001
         vertex 1.280660e+000 7.200001e+001 1.305342e+000
         vertex 1.305342e+000 7.200001e+001 1.280660e+000
      endloop
   endfacet
   facet normal 0.000000e+000 1.000000e+000 0.000000e+000
      outer loop
         vertex 6.106831e-001 7.200001e+001 5.613202e-001
         vertex 1.305342e+000 7.200001e+001 1.280660e+000
         vertex 6.617382e-001 7.200001e+001 5.137101e-001
      endloop
   endfacet
   facet normal 0.000000e+000 1.000000e+000 0.000000e+000
      outer loop
         vertex 6.617382e-001 7.200001e+001 5.137101e-001
         vertex 1.305342e+000 7.200001e+001 1.280660e+000
         vertex 1.330869e+000 7.200001e+001 1.256855e+000
      endloop
   endfacet
   facet normal 0.000000e+000 1.000000e+000 0.000000e+000
      outer loop
         vertex 6.617382e-001 7.200001e+001 5.137101e-001
         vertex 1.330869e+000 7.200001e+001 1.256855e+000
         vertex 7.144241e-001 7.200001e+001 4.679109e-001
      endloop
   endfacet
   facet normal 0.000000e+000 1.000000e+000 0.000000e+000
      outer loop
         vertex 7.144241e-001 7.200001e+001 4.679109e-001
         vertex 1.330869e+000 7.200001e+001 1.256855e+000
         vertex 1.357212e+000 7.200001e+001 1.233955e+000
      endloop
   endfacet
   facet normal 0.000000e+000 1.000000e+000 0.000000e+000
      outer loop
         vertex 7.144241e-001 7.200001e+001 4.679109e-001
         vertex 1.357212e+000 7.200001e+001 1.233955e+000
         vertex 7.686764e-001 7.200001e+001 4.239785e-001
      endloop
   endfacet
   facet normal 0.000000e+000 1.000000e+000 0.000000e+000
      outer loop
         vertex 7.686764e-001 7.200001e+001 4.239785e-001
         vertex 1.357212e+000 7.200001e+001 1.233955e+000
         vertex 1.384338e+000 7.200001e+001 1.211989e+000
      endloop
   endfacet
   facet normal 0.000000e+000 1.000000e+000 0.000000e+000
      outer loop
         vertex 7.686764e-001 7.200001e+001 4.239785e-001
         vertex 1.384338e+000 7.200001e+001 1.211989e+000
         vertex 8.244291e-001 7.200001e+001 3.819657e-001
      endloop
   endfacet
   facet normal 0.000000e+000 1.000000e+000 0.000000e+000
      outer loop
         vertex 8.244291e-001 7.200001e+001 3.819657e-001
         vertex 1.384338e+000 7.200001e+001 1.211989e+000
         vertex 1.412215e+000 7.200001e+001 1.190983e+000
      endloop
   endfacet
   facet normal 0.000000e+000 1.000000e+000 0.000000e+000
      outer loop
         vertex 8.244291e-001 7.200001e+001 3.819657e-001
         vertex 1.412215e+000 7.200001e+001 1.190983e+000
         vertex 8.816141e-001 7.200001e+001 3.419248e-001
      endloop
   endfacet
   facet normal 0.000000e+000 1.000000e+000 0.000000e+000
      outer loop
         vertex 8.816141e-001 7.200001e+001 3.419248e-001
         vertex 1.412215e+000 7.200001e+001 1.190983e+000
         vertex 1.440807e+000 7.200001e+001 1.170962e+000
      endloop
   endfacet
   facet normal 0.000000e+000 1.000000e+000 0.000000e+000
      outer loop
         vertex 8.816141e-001 7.200001e+001 3.419248e-001
         vertex 1.440807e+000 7.200001e+001 1.170962e+000
         vertex 9.401608e-001 7.200001e+001 3.039036e-001
      endloop
   endfacet
   facet normal 0.000000e+000 1.000000e+000 0.000000e+000
      outer loop
         vertex 9.401608e-001 7.200001e+001 3.039036e-001
         vertex 1.440807e+000 7.200001e+001 1.170962e+000
         vertex 1.470081e+000 7.200001e+001 1.151952e+000
      endloop
   endfacet
   facet normal 0.000000e+000 1.000000e+000 0.000000e+000
      outer loop
         vertex 9.401608e-001 7.200001e+001 3.039036e-001
         vertex 1.470081e+000 7.200001e+001 1.151952e+000
         vertex 1.000000e+000 7.200001e+001 2.679490e-001
      endloop
   endfacet
   facet normal 0.000000e+000 1.000000e+000 0.000000e+000
      outer loop
         vertex 1.000000e+000 7.200001e+001 2.679490e-001
         vertex 1.470081e+000 7.200001e+001 1.151952e+000
         vertex 1.499999e+000 7.200001e+001 1.133975e+000
      endloop
   endfacet
   facet normal 0.000000e+000 1.000000e+000 0.000000e+000
      outer loop
         vertex 1.000000e+000 7.200001e+001 2.679490e-001
         vertex 1.499999e+000 7.200001e+001 1.133975e+000
         vertex 1.061057e+000 7.200001e+001 2.341047e-001
      endloop
   endfacet
   facet normal 0.000000e+000 1.000000e+000 0.000000e+000
      outer loop
         vertex 1.061057e+000 7.200001e+001 2.341047e-001
         vertex 1.499999e+000 7.200001e+001 1.133975e+000
         vertex 1.530528e+000 7.200001e+001 1.117053e+000
      endloop
   endfacet
   facet normal 0.000000e+000 1.000000e+000 0.000000e+000
      outer loop
         vertex 1.061057e+000 7.200001e+001 2.341047e-001
         vertex 1.530528e+000 7.200001e+001 1.117053e+000
         vertex 1.123258e+000 7.200001e+001 2.024118e-001
      endloop
   endfacet
   facet normal 0.000000e+000 1.000000e+000 0.000000e+000
      outer loop
         vertex 1.123258e+000 7.200001e+001 2.024118e-001
         vertex 1.530528e+000 7.200001e+001 1.117053e+000
         vertex 1.561629e+000 7.200001e+001 1.101206e+000
      endloop
   endfacet
   facet normal 0.000000e+000 1.000000e+000 0.000000e+000
      outer loop
         vertex 1.123258e+000 7.200001e+001 2.024118e-001
         vertex 1.561629e+000 7.200001e+001 1.101206e+000
         vertex 1.186526e+000 7.200001e+001 1.729089e-001
      endloop
   endfacet
   facet normal 0.000000e+000 1.000000e+000 0.000000e+000
      outer loop
         vertex 1.186526e+000 7.200001e+001 1.729089e-001
         vertex 1.561629e+000 7.200001e+001 1.101206e+000
         vertex 1.593263e+000 7.200001e+001 1.086454e+000
      endloop
   endfacet
   facet normal 0.000000e+000 1.000000e+000 0.000000e+000
      outer loop
         vertex 1.186526e+000 7.200001e+001 1.729089e-001
         vertex 1.593263e+000 7.200001e+001 1.086454e+000
         vertex 1.250787e+000 7.200001e+001 1.456323e-001
      endloop
   endfacet
   facet normal 0.000000e+000 1.000000e+000 0.000000e+000
      outer loop
         vertex 1.250787e+000 7.200001e+001 1.456323e-001
         vertex 1.593263e+000 7.200001e+001 1.086454e+000
         vertex 1.625394e+000 7.200001e+001 1.072816e+000
      endloop
   endfacet
   facet normal 0.000000e+000 1.000000e+000 0.000000e+000
      outer loop
         vertex 1.250787e+000 7.200001e+001 1.456323e-001
         vertex 1.625394e+000 7.200001e+001 1.072816e+000
         vertex 1.315960e+000 7.200001e+001 1.206147e-001
      endloop
   endfacet
   facet normal 0.000000e+000 1.000000e+000 0.000000e+000
      outer loop
         vertex 1.315960e+000 7.200001e+001 1.206147e-001
         vertex 1.625394e+000 7.200001e+001 1.072816e+000
         vertex 1.657980e+000 7.200001e+001 1.060307e+000
      endloop
   endfacet
   facet normal 0.000000e+000 1.000000e+000 0.000000e+000
      outer loop
         vertex 1.315960e+000 7.200001e+001 1.206147e-001
         vertex 1.657980e+000 7.200001e+001 1.060307e+000
         vertex 1.381965e+000 7.200001e+001 9.788666e-002
      endloop
   endfacet
   facet normal 0.000000e+000 1.000000e+000 0.000000e+000
      outer loop
         vertex 1.381965e+000 7.200001e+001 9.788666e-002
         vertex 1.657980e+000 7.200001e+001 1.060307e+000
         vertex 1.690983e+000 7.200001e+001 1.048944e+000
      endloop
   endfacet
   facet normal 0.000000e+000 1.000000e+000 0.000000e+000
      outer loop
         vertex 1.381965e+000 7.200001e+001 9.788666e-002
         vertex 1.690983e+000 7.200001e+001 1.048944e+000
         vertex 1.448725e+000 7.200001e+001 7.747672e-002
      endloop
   endfacet
   facet normal 0.000000e+000 1.000000e+000 0.000000e+000
      outer loop
         vertex 1.448725e+000 7.200001e+001 7.747672e-002
         vertex 1.690983e+000 7.200001e+001 1.048944e+000
         vertex 1.724362e+000 7.200001e+001 1.038738e+000
      endloop
   endfacet
   facet normal 0.000000e+000 1.000000e+000 0.000000e+000
      outer loop
         vertex 1.448725e+000 7.200001e+001 7.747672e-002
         vertex 1.724362e+000 7.200001e+001 1.038738e+000
         vertex 1.516156e+000 7.200001e+001 5.940814e-002
      endloop
   endfacet
   facet normal 0.000000e+000 1.000000e+000 0.000000e+000
      outer loop
         vertex 1.516156e+000 7.200001e+001 5.940814e-002
         vertex 1.724362e+000 7.200001e+001 1.038738e+000
         vertex 1.758078e+000 7.200001e+001 1.029704e+000
      endloop
   endfacet
   facet normal 0.000000e+000 1.000000e+000 0.000000e+000
      outer loop
         vertex 1.516156e+000 7.200001e+001 5.940814e-002
         vertex 1.758078e+000 7.200001e+001 1.029704e+000
         vertex 1.584176e+000 7.200001e+001 4.370511e-002
      endloop
   endfacet
   facet normal 0.000000e+000 1.000000e+000 0.000000e+000
      outer loop
         vertex 1.584176e+000 7.200001e+001 4.370511e-002
         vertex 1.758078e+000 7.200001e+001 1.029704e+000
         vertex 1.792088e+000 7.200001e+001 1.021852e+000
      endloop
   endfacet
   facet normal 0.000000e+000 1.000000e+000 0.000000e+000
      outer loop
         vertex 1.584176e+000 7.200001e+001 4.370511e-002
         vertex 1.792088e+000 7.200001e+001 1.021852e+000
         vertex 1.652704e+000 7.200001e+001 3.038440e-002
      endloop
   endfacet
   facet normal 0.000000e+000 1.000000e+000 0.000000e+000
      outer loop
         vertex 1.652704e+000 7.200001e+001 3.038440e-002
         vertex 1.792088e+000 7.200001e+001 1.021852e+000
         vertex 1.826352e+000 7.200001e+001 1.015192e+000
      endloop
   endfacet
   facet normal 0.000000e+000 1.000000e+000 0.000000e+000
      outer loop
         vertex 1.652704e+000 7.200001e+001 3.038440e-002
         vertex 1.826352e+000 7.200001e+001 1.015192e+000
         vertex 1.721653e+000 7.200001e+001 1.946371e-002
      endloop
   endfacet
   facet normal 0.000000e+000 1.000000e+000 0.000000e+000
      outer loop
         vertex 1.721653e+000 7.200001e+001 1.946371e-002
         vertex 1.826352e+000 7.200001e+001 1.015192e+000
         vertex 1.860826e+000 7.200001e+001 1.009732e+000
      endloop
   endfacet
   facet normal 0.000000e+000 1.000000e+000 0.000000e+000
      outer loop
         vertex 1.721653e+000 7.200001e+001 1.946371e-002
         vertex 1.860826e+000 7.200001e+001 1.009732e+000
         vertex 1.790943e+000 7.200001e+001 1.095608e-002
      endloop
   endfacet
   facet normal 0.000000e+000 1.000000e+000 0.000000e+000
      outer loop
         vertex 1.790943e+000 7.200001e+001 1.095608e-002
         vertex 1.860826e+000 7.200001e+001 1.009732e+000
         vertex 1.895471e+000 7.200001e+001 1.005478e+000
      endloop
   endfacet
   facet normal 0.000000e+000 1.000000e+000 0.000000e+000
      outer loop
         vertex 1.790943e+000 7.200001e+001 1.095608e-002
         vertex 1.895471e+000 7.200001e+001 1.005478e+000
         vertex 1.860486e+000 7.200001e+001 4.871748e-003
      endloop
   endfacet
   facet normal 0.000000e+000 1.000000e+000 0.000000e+000
      outer loop
         vertex 1.860486e+000 7.200001e+001 4.871748e-003
         vertex 1.895471e+000 7.200001e+001 1.005478e+000
         vertex 1.930243e+000 7.200001e+001 1.002436e+000
      endloop
   endfacet
   facet normal 0.000000e+000 1.000000e+000 0.000000e+000
      outer loop
         vertex 1.860486e+000 7.200001e+001 4.871748e-003
         vertex 1.930243e+000 7.200001e+001 1.002436e+000
         vertex 1.930200e+000 7.200001e+001 1.218170e-003
      endloop
   endfacet
   facet normal 0.000000e+000 1.000000e+000 0.000000e+000
      outer loop
         vertex 1.930200e+000 7.200001e+001 1.218170e-003
         vertex 1.930243e+000 7.200001e+001 1.002436e+000
         vertex 1.965100e+000 7.200001e+001 1.000609e+000
      endloop
   endfacet
   facet normal 0.000000e+000 1.000000e+000 0.000000e+000
      outer loop
         vertex 1.930200e+000 7.200001e+001 1.218170e-003
         vertex 1.965100e+000 7.200001e+001 1.000609e+000
         vertex 1.999999e+000 7.200001e+001 0.000000e+000
      endloop
   endfacet
   facet normal 0.000000e+000 1.000000e+000 0.000000e+000
      outer loop
         vertex 1.999999e+000 7.200001e+001 0.000000e+000
         vertex 1.965100e+000 7.200001e+001 1.000609e+000
         vertex 1.999999e+000 7.200001e+001 9.999997e-001
      endloop
   endfacet
   facet normal 0.000000e+000 1.000000e+000 0.000000e+000
      outer loop
         vertex 1.999999e+000 7.200001e+001 0.000000e+000
         vertex 1.999999e+000 7.200001e+001 9.999997e-001
         vertex 2.800000e+001 7.200001e+001 0.000000e+000
      endloop
   endfacet
   facet normal 0.000000e+000 1.000000e+000 0.000000e+000
      outer loop
         vertex 2.800000e+001 7.200001e+001 0.000000e+000
         vertex 1.999999e+000 7.200001e+001 9.999997e-001
         vertex 2.800000e+001 7.200001e+001 9.999997e-001
      endloop
   endfacet
   facet normal 0.000000e+000 1.000000e+000 0.000000e+000
      outer loop
         vertex 2.800000e+001 7.200001e+001 0.000000e+000
         vertex 2.800000e+001 7.200001e+001 9.999997e-001
         vertex 2.806980e+001 7.200001e+001 1.218170e-003
      endloop
   endfacet
   facet normal 0.000000e+000 1.000000e+000 0.000000e+000
      outer loop
         vertex 2.806980e+001 7.200001e+001 1.218170e-003
         vertex 2.800000e+001 7.200001e+001 9.999997e-001
         vertex 2.803414e+001 7.200001e+001 1.000583e+000
      endloop
   endfacet
   facet normal 0.000000e+000 1.000000e+000 0.000000e+000
      outer loop
         vertex 2.806980e+001 7.200001e+001 1.218170e-003
         vertex 2.803414e+001 7.200001e+001 1.000583e+000
         vertex 2.813951e+001 7.200001e+001 4.871748e-003
      endloop
   endfacet
   facet normal 0.000000e+000 1.000000e+000 0.000000e+000
      outer loop
         vertex 2.813951e+001 7.200001e+001 4.871748e-003
         vertex 2.803414e+001 7.200001e+001 1.000583e+000
         vertex 2.806824e+001 7.200001e+001 1.002331e+000
      endloop
   endfacet
   facet normal 0.000000e+000 1.000000e+000 0.000000e+000
      outer loop
         vertex 2.813951e+001 7.200001e+001 4.871748e-003
         vertex 2.806824e+001 7.200001e+001 1.002331e+000
         vertex 2.820906e+001 7.200001e+001 1.095608e-002
      endloop
   endfacet
   facet normal 0.000000e+000 1.000000e+000 0.000000e+000
      outer loop
         vertex 2.820906e+001 7.200001e+001 1.095608e-002
         vertex 2.806824e+001 7.200001e+001 1.002331e+000
         vertex 2.810226e+001 7.200001e+001 1.005243e+000
      endloop
   endfacet
   facet normal 0.000000e+000 1.000000e+000 0.000000e+000
      outer loop
         vertex 2.820906e+001 7.200001e+001 1.095608e-002
         vertex 2.810226e+001 7.200001e+001 1.005243e+000
         vertex 2.827835e+001 7.200001e+001 1.946371e-002
      endloop
   endfacet
   facet normal 0.000000e+000 1.000000e+000 0.000000e+000
      outer loop
         vertex 2.827835e+001 7.200001e+001 1.946371e-002
         vertex 2.810226e+001 7.200001e+001 1.005243e+000
         vertex 2.813617e+001 7.200001e+001 1.009314e+000
      endloop
   endfacet
   facet normal 0.000000e+000 1.000000e+000 0.000000e+000
      outer loop
         vertex 2.827835e+001 7.200001e+001 1.946371e-002
         vertex 2.813617e+001 7.200001e+001 1.009314e+000
         vertex 2.834729e+001 7.200001e+001 3.038440e-002
      endloop
   endfacet
   facet normal 0.000000e+000 1.000000e+000 0.000000e+000
      outer loop
         vertex 2.834729e+001 7.200001e+001 3.038440e-002
         vertex 2.813617e+001 7.200001e+001 1.009314e+000
         vertex 2.816991e+001 7.200001e+001 1.014540e+000
      endloop
   endfacet
   facet normal 0.000000e+000 1.000000e+000 0.000000e+000
      outer loop
         vertex 2.834729e+001 7.200001e+001 3.038440e-002
         vertex 2.816991e+001 7.200001e+001 1.014540e+000
         vertex 2.841582e+001 7.200001e+001 4.370511e-002
      endloop
   endfacet
   facet normal 0.000000e+000 1.000000e+000 0.000000e+000
      outer loop
         vertex 2.841582e+001 7.200001e+001 4.370511e-002
         vertex 2.816991e+001 7.200001e+001 1.014540e+000
         vertex 2.820345e+001 7.200001e+001 1.020916e+000
      endloop
   endfacet
   facet normal 0.000000e+000 1.000000e+000 0.000000e+000
      outer loop
         vertex 2.841582e+001 7.200001e+001 4.370511e-002
         vertex 2.820345e+001 7.200001e+001 1.020916e+000
         vertex 2.848384e+001 7.200001e+001 5.940814e-002
      endloop
   endfacet
   facet normal 0.000000e+000 1.000000e+000 0.000000e+000
      outer loop
         vertex 2.848384e+001 7.200001e+001 5.940814e-002
         vertex 2.820345e+001 7.200001e+001 1.020916e+000
         vertex 2.823676e+001 7.200001e+001 1.028433e+000
      endloop
   endfacet
   facet normal 0.000000e+000 1.000000e+000 0.000000e+000
      outer loop
         vertex 2.848384e+001 7.200001e+001 5.940814e-002
         vertex 2.823676e+001 7.200001e+001 1.028433e+000
         vertex 2.855128e+001 7.200001e+001 7.747672e-002
      endloop
   endfacet
   facet normal 0.000000e+000 1.000000e+000 0.000000e+000
      outer loop
         vertex 2.855128e+001 7.200001e+001 7.747672e-002
         vertex 2.823676e+001 7.200001e+001 1.028433e+000
         vertex 2.826980e+001 7.200001e+001 1.037083e+000
      endloop
   endfacet
   facet normal 0.000000e+000 1.000000e+000 0.000000e+000
      outer loop
         vertex 2.855128e+001 7.200001e+001 7.747672e-002
         vertex 2.826980e+001 7.200001e+001 1.037083e+000
         vertex 2.861803e+001 7.200001e+001 9.788666e-002
      endloop
   endfacet
   facet normal 0.000000e+000 1.000000e+000 0.000000e+000
      outer loop
         vertex 2.861803e+001 7.200001e+001 9.788666e-002
         vertex 2.826980e+001 7.200001e+001 1.037083e+000
         vertex 2.830251e+001 7.200001e+001 1.046855e+000
      endloop
   endfacet
   facet normal 0.000000e+000 1.000000e+000 0.000000e+000
      outer loop
         vertex 2.861803e+001 7.200001e+001 9.788666e-002
         vertex 2.830251e+001 7.200001e+001 1.046855e+000
         vertex 2.868404e+001 7.200001e+001 1.206147e-001
      endloop
   endfacet
   facet normal 0.000000e+000 1.000000e+000 0.000000e+000
      outer loop
         vertex 2.868404e+001 7.200001e+001 1.206147e-001
         vertex 2.830251e+001 7.200001e+001 1.046855e+000
         vertex 2.833488e+001 7.200001e+001 1.057739e+000
      endloop
   endfacet
   facet normal 0.000000e+000 1.000000e+000 0.000000e+000
      outer loop
         vertex 2.868404e+001 7.200001e+001 1.206147e-001
         vertex 2.833488e+001 7.200001e+001 1.057739e+000
         vertex 2.874921e+001 7.200001e+001 1.456323e-001
      endloop
   endfacet
   facet normal 0.000000e+000 1.000000e+000 0.000000e+000
      outer loop
         vertex 2.874921e+001 7.200001e+001 1.456323e-001
         vertex 2.833488e+001 7.200001e+001 1.057739e+000
         vertex 2.836685e+001 7.200001e+001 1.069721e+000
      endloop
   endfacet
   facet normal 0.000000e+000 1.000000e+000 0.000000e+000
      outer loop
         vertex 2.874921e+001 7.200001e+001 1.456323e-001
         vertex 2.836685e+001 7.200001e+001 1.069721e+000
         vertex 2.881347e+001 7.200001e+001 1.729089e-001
      endloop
   endfacet
   facet normal 0.000000e+000 1.000000e+000 0.000000e+000
      outer loop
         vertex 2.881347e+001 7.200001e+001 1.729089e-001
         vertex 2.836685e+001 7.200001e+001 1.069721e+000
         vertex 2.839840e+001 7.200001e+001 1.082789e+000
      endloop
   endfacet
   facet normal 0.000000e+000 1.000000e+000 0.000000e+000
      outer loop
         vertex 2.881347e+001 7.200001e+001 1.729089e-001
         vertex 2.839840e+001 7.200001e+001 1.082789e+000
         vertex 2.887674e+001 7.200001e+001 2.024118e-001
      endloop
   endfacet
   facet normal 0.000000e+000 1.000000e+000 0.000000e+000
      outer loop
         vertex 2.887674e+001 7.200001e+001 2.024118e-001
         vertex 2.839840e+001 7.200001e+001 1.082789e+000
         vertex 2.842948e+001 7.200001e+001 1.096925e+000
      endloop
   endfacet
   facet normal 0.000000e+000 1.000000e+000 0.000000e+000
      outer loop
         vertex 2.887674e+001 7.200001e+001 2.024118e-001
         vertex 2.842948e+001 7.200001e+001 1.096925e+000
         vertex 2.893894e+001 7.200001e+001 2.341047e-001
      endloop
   endfacet
   facet normal 0.000000e+000 1.000000e+000 0.000000e+000
      outer loop
         vertex 2.893894e+001 7.200001e+001 2.341047e-001
         vertex 2.842948e+001 7.200001e+001 1.096925e+000
         vertex 2.846007e+001 7.200001e+001 1.112115e+000
      endloop
   endfacet
   facet normal 0.000000e+000 1.000000e+000 0.000000e+000
      outer loop
         vertex 2.893894e+001 7.200001e+001 2.341047e-001
         vertex 2.846007e+001 7.200001e+001 1.112115e+000
         vertex 2.900000e+001 7.200001e+001 2.679490e-001
      endloop
   endfacet
   facet normal 0.000000e+000 1.000000e+000 0.000000e+000
      outer loop
         vertex 2.900000e+001 7.200001e+001 2.679490e-001
         vertex 2.846007e+001 7.200001e+001 1.112115e+000
         vertex 2.849011e+001 7.200001e+001 1.128339e+000
      endloop
   endfacet
   facet normal 0.000000e+000 1.000000e+000 0.000000e+000
      outer loop
         vertex 2.900000e+001 7.200001e+001 2.679490e-001
         vertex 2.849011e+001 7.200001e+001 1.128339e+000
         vertex 2.905984e+001 7.200001e+001 3.039036e-001
      endloop
   endfacet
   facet normal 0.000000e+000 1.000000e+000 0.000000e+000
      outer loop
         vertex 2.905984e+001 7.200001e+001 3.039036e-001
         vertex 2.849011e+001 7.200001e+001 1.128339e+000
         vertex 2.851958e+001 7.200001e+001 1.145580e+000
      endloop
   endfacet
   facet normal 0.000000e+000 1.000000e+000 0.000000e+000
      outer loop
         vertex 2.905984e+001 7.200001e+001 3.039036e-001
         vertex 2.851958e+001 7.200001e+001 1.145580e+000
         vertex 2.911839e+001 7.200001e+001 3.419248e-001
      endloop
   endfacet
   facet normal 0.000000e+000 1.000000e+000 0.000000e+000
      outer loop
         vertex 2.911839e+001 7.200001e+001 3.419248e-001
         vertex 2.851958e+001 7.200001e+001 1.145580e+000
         vertex 2.854845e+001 7.200001e+001 1.163818e+000
      endloop
   endfacet
   facet normal 0.000000e+000 1.000000e+000 0.000000e+000
      outer loop
         vertex 2.911839e+001 7.200001e+001 3.419248e-001
         vertex 2.854845e+001 7.200001e+001 1.163818e+000
         vertex 2.917557e+001 7.200001e+001 3.819657e-001
      endloop
   endfacet
   facet normal 0.000000e+000 1.000000e+000 0.000000e+000
      outer loop
         vertex 2.917557e+001 7.200001e+001 3.819657e-001
         vertex 2.854845e+001 7.200001e+001 1.163818e+000
         vertex 2.857668e+001 7.200001e+001 1.183030e+000
      endloop
   endfacet
   facet normal 0.000000e+000 1.000000e+000 0.000000e+000
      outer loop
         vertex 2.917557e+001 7.200001e+001 3.819657e-001
         vertex 2.857668e+001 7.200001e+001 1.183030e+000
         vertex 2.923132e+001 7.200001e+001 4.239785e-001
      endloop
   endfacet
   facet normal 0.000000e+000 1.000000e+000 0.000000e+000
      outer loop
         vertex 2.923132e+001 7.200001e+001 4.239785e-001
         vertex 2.857668e+001 7.200001e+001 1.183030e+000
         vertex 2.860423e+001 7.200001e+001 1.203195e+000
      endloop
   endfacet
   facet normal 0.000000e+000 1.000000e+000 0.000000e+000
      outer loop
         vertex 2.923132e+001 7.200001e+001 4.239785e-001
         vertex 2.860423e+001 7.200001e+001 1.203195e+000
         vertex 2.928558e+001 7.200001e+001 4.679109e-001
      endloop
   endfacet
   facet normal 0.000000e+000 1.000000e+000 0.000000e+000
      outer loop
         vertex 2.928558e+001 7.200001e+001 4.679109e-001
         vertex 2.860423e+001 7.200001e+001 1.203195e+000
         vertex 2.863109e+001 7.200001e+001 1.224289e+000
      endloop
   endfacet
   facet normal 0.000000e+000 1.000000e+000 0.000000e+000
      outer loop
         vertex 2.928558e+001 7.200001e+001 4.679109e-001
         vertex 2.863109e+001 7.200001e+001 1.224289e+000
         vertex 2.933826e+001 7.200001e+001 5.137101e-001
      endloop
   endfacet
   facet normal 0.000000e+000 1.000000e+000 0.000000e+000
      outer loop
         vertex 2.933826e+001 7.200001e+001 5.137101e-001
         vertex 2.863109e+001 7.200001e+001 1.224289e+000
         vertex 2.865720e+001 7.200001e+001 1.246287e+000
      endloop
   endfacet
   facet normal 0.000000e+000 1.000000e+000 0.000000e+000
      outer loop
         vertex 2.933826e+001 7.200001e+001 5.137101e-001
         vertex 2.865720e+001 7.200001e+001 1.246287e+000
         vertex 2.938932e+001 7.200001e+001 5.613202e-001
      endloop
   endfacet
   facet normal 0.000000e+000 1.000000e+000 0.000000e+000
      outer loop
         vertex 2.865720e+001 7.200001e+001 1.246287e+000
         vertex 2.868255e+001 7.200001e+001 1.269164e+000
         vertex 2.938932e+001 7.200001e+001 5.613202e-001
      endloop
   endfacet
   facet normal 0.000000e+000 1.000000e+000 0.000000e+000
      outer loop
         vertex 2.938932e+001 7.200001e+001 5.613202e-001
         vertex 2.868255e+001 7.200001e+001 1.269164e+000
         vertex 2.870711e+001 7.200001e+001 1.292893e+000
      endloop
   endfacet
   facet normal 0.000000e+000 1.000000e+000 0.000000e+000
      outer loop
         vertex 2.938932e+001 7.200001e+001 5.613202e-001
         vertex 2.870711e+001 7.200001e+001 1.292893e+000
         vertex 2.943868e+001 7.200001e+001 6.106831e-001
      endloop
   endfacet
   facet normal 0.000000e+000 1.000000e+000 0.000000e+000
      outer loop
         vertex 2.943868e+001 7.200001e+001 6.106831e-001
         vertex 2.870711e+001 7.200001e+001 1.292893e+000
         vertex 2.873083e+001 7.200001e+001 1.317447e+000
      endloop
   endfacet
   facet normal 0.000000e+000 1.000000e+000 0.000000e+000
      outer loop
         vertex 2.943868e+001 7.200001e+001 6.106831e-001
         vertex 2.873083e+001 7.200001e+001 1.317447e+000
         vertex 2.948629e+001 7.200001e+001 6.617387e-001
      endloop
   endfacet
   facet normal 0.000000e+000 1.000000e+000 0.000000e+000
      outer loop
         vertex 2.948629e+001 7.200001e+001 6.617387e-001
         vertex 2.873083e+001 7.200001e+001 1.317447e+000
         vertex 2.875371e+001 7.200001e+001 1.342796e+000
      endloop
   endfacet
   facet normal 0.000000e+000 1.000000e+000 0.000000e+000
      outer loop
         vertex 2.948629e+001 7.200001e+001 6.617387e-001
         vertex 2.875371e+001 7.200001e+001 1.342796e+000
         vertex 2.953209e+001 7.200001e+001 7.144246e-001
      endloop
   endfacet
   facet normal 0.000000e+000 1.000000e+000 0.000000e+000
      outer loop
         vertex 2.953209e+001 7.200001e+001 7.144246e-001
         vertex 2.875371e+001 7.200001e+001 1.342796e+000
         vertex 2.877571e+001 7.200001e+001 1.368912e+000
      endloop
   endfacet
   facet normal 0.000000e+000 1.000000e+000 0.000000e+000
      outer loop
         vertex 2.953209e+001 7.200001e+001 7.144246e-001
         vertex 2.877571e+001 7.200001e+001 1.368912e+000
         vertex 2.957602e+001 7.200001e+001 7.686769e-001
      endloop
   endfacet
   facet normal 0.000000e+000 1.000000e+000 0.000000e+000
      outer loop
         vertex 2.957602e+001 7.200001e+001 7.686769e-001
         vertex 2.877571e+001 7.200001e+001 1.368912e+000
         vertex 2.879680e+001 7.200001e+001 1.395763e+000
      endloop
   endfacet
   facet normal 0.000000e+000 1.000000e+000 0.000000e+000
      outer loop
         vertex 2.957602e+001 7.200001e+001 7.686769e-001
         vertex 2.879680e+001 7.200001e+001 1.395763e+000
         vertex 2.961803e+001 7.200001e+001 8.244296e-001
      endloop
   endfacet
   facet normal 0.000000e+000 1.000000e+000 0.000000e+000
      outer loop
         vertex 2.961803e+001 7.200001e+001 8.244296e-001
         vertex 2.879680e+001 7.200001e+001 1.395763e+000
         vertex 2.881697e+001 7.200001e+001 1.423319e+000
      endloop
   endfacet
   facet normal 0.000000e+000 1.000000e+000 0.000000e+000
      outer loop
         vertex 2.961803e+001 7.200001e+001 8.244296e-001
         vertex 2.881697e+001 7.200001e+001 1.423319e+000
         vertex 2.965808e+001 7.200001e+001 8.816141e-001
      endloop
   endfacet
   facet normal 0.000000e+000 1.000000e+000 0.000000e+000
      outer loop
         vertex 2.965808e+001 7.200001e+001 8.816141e-001
         vertex 2.881697e+001 7.200001e+001 1.423319e+000
         vertex 2.883618e+001 7.200001e+001 1.451548e+000
      endloop
   endfacet
   facet normal 0.000000e+000 1.000000e+000 0.000000e+000
      outer loop
         vertex 2.965808e+001 7.200001e+001 8.816141e-001
         vertex 2.883618e+001 7.200001e+001 1.451548e+000
         vertex 2.969610e+001 7.200001e+001 9.401613e-001
      endloop
   endfacet
   facet normal 0.000000e+000 1.000000e+000 0.000000e+000
      outer loop
         vertex 2.969610e+001 7.200001e+001 9.401613e-001
         vertex 2.883618e+001 7.200001e+001 1.451548e+000
         vertex 2.885442e+001 7.200001e+001 1.480416e+000
      endloop
   endfacet
   facet normal 0.000000e+000 1.000000e+000 0.000000e+000
      outer loop
         vertex 2.969610e+001 7.200001e+001 9.401613e-001
         vertex 2.885442e+001 7.200001e+001 1.480416e+000
         vertex 2.973205e+001 7.200001e+001 9.999997e-001
      endloop
   endfacet
   facet normal 0.000000e+000 1.000000e+000 0.000000e+000
      outer loop
         vertex 2.973205e+001 7.200001e+001 9.999997e-001
         vertex 2.885442e+001 7.200001e+001 1.480416e+000
         vertex 2.887166e+001 7.200001e+001 1.509889e+000
      endloop
   endfacet
   facet normal 0.000000e+000 1.000000e+000 0.000000e+000
      outer loop
         vertex 2.973205e+001 7.200001e+001 9.999997e-001
         vertex 2.887166e+001 7.200001e+001 1.509889e+000
         vertex 2.976589e+001 7.200001e+001 1.061057e+000
      endloop
   endfacet
   facet normal 0.000000e+000 1.000000e+000 0.000000e+000
      outer loop
         vertex 2.976589e+001 7.200001e+001 1.061057e+000
         vertex 2.887166e+001 7.200001e+001 1.509889e+000
         vertex 2.888788e+001 7.200001e+001 1.539935e+000
      endloop
   endfacet
   facet normal 0.000000e+000 1.000000e+000 0.000000e+000
      outer loop
         vertex 2.976589e+001 7.200001e+001 1.061057e+000
         vertex 2.888788e+001 7.200001e+001 1.539935e+000
         vertex 2.979759e+001 7.200001e+001 1.123257e+000
      endloop
   endfacet
   facet normal 0.000000e+000 1.000000e+000 0.000000e+000
      outer loop
         vertex 2.979759e+001 7.200001e+001 1.123257e+000
         vertex 2.888788e+001 7.200001e+001 1.539935e+000
         vertex 2.890307e+001 7.200001e+001 1.570516e+000
      endloop
   endfacet
   facet normal 0.000000e+000 1.000000e+000 0.000000e+000
      outer loop
         vertex 2.979759e+001 7.200001e+001 1.123257e+000
         vertex 2.890307e+001 7.200001e+001 1.570516e+000
         vertex 2.982709e+001 7.200001e+001 1.186526e+000
      endloop
   endfacet
   facet normal 0.000000e+000 1.000000e+000 0.000000e+000
      outer loop
         vertex 2.982709e+001 7.200001e+001 1.186526e+000
         vertex 2.890307e+001 7.200001e+001 1.570516e+000
         vertex 2.891721e+001 7.200001e+001 1.601599e+000
      endloop
   endfacet
   facet normal 0.000000e+000 1.000000e+000 0.000000e+000
      outer loop
         vertex 2.982709e+001 7.200001e+001 1.186526e+000
         vertex 2.891721e+001 7.200001e+001 1.601599e+000
         vertex 2.985437e+001 7.200001e+001 1.250787e+000
      endloop
   endfacet
   facet normal 0.000000e+000 1.000000e+000 0.000000e+000
      outer loop
         vertex 2.985437e+001 7.200001e+001 1.250787e+000
         vertex 2.891721e+001 7.200001e+001 1.601599e+000
         vertex 2.893028e+001 7.200001e+001 1.633146e+000
      endloop
   endfacet
   facet normal 0.000000e+000 1.000000e+000 0.000000e+000
      outer loop
         vertex 2.985437e+001 7.200001e+001 1.250787e+000
         vertex 2.893028e+001 7.200001e+001 1.633146e+000
         vertex 2.987938e+001 7.200001e+001 1.315960e+000
      endloop
   endfacet
   facet normal 0.000000e+000 1.000000e+000 0.000000e+000
      outer loop
         vertex 2.987938e+001 7.200001e+001 1.315960e+000
         vertex 2.893028e+001 7.200001e+001 1.633146e+000
         vertex 2.894226e+001 7.200001e+001 1.665120e+000
      endloop
   endfacet
   facet normal 0.000000e+000 1.000000e+000 0.000000e+000
      outer loop
         vertex 2.987938e+001 7.200001e+001 1.315960e+000
         vertex 2.894226e+001 7.200001e+001 1.665120e+000
         vertex 2.990211e+001 7.200001e+001 1.381966e+000
      endloop
   endfacet
   facet normal 0.000000e+000 1.000000e+000 0.000000e+000
      outer loop
         vertex 2.990211e+001 7.200001e+001 1.381966e+000
         vertex 2.894226e+001 7.200001e+001 1.665120e+000
         vertex 2.895314e+001 7.200001e+001 1.697485e+000
      endloop
   endfacet
   facet normal 0.000000e+000 1.000000e+000 0.000000e+000
      outer loop
         vertex 2.990211e+001 7.200001e+001 1.381966e+000
         vertex 2.895314e+001 7.200001e+001 1.697485e+000
         vertex 2.992252e+001 7.200001e+001 1.448725e+000
      endloop
   endfacet
   facet normal 0.000000e+000 1.000000e+000 0.000000e+000
      outer loop
         vertex 2.992252e+001 7.200001e+001 1.448725e+000
         vertex 2.895314e+001 7.200001e+001 1.697485e+000
         vertex 2.896292e+001 7.200001e+001 1.730203e+000
      endloop
   endfacet
   facet normal 0.000000e+000 1.000000e+000 0.000000e+000
      outer loop
         vertex 2.992252e+001 7.200001e+001 1.448725e+000
         vertex 2.896292e+001 7.200001e+001 1.730203e+000
         vertex 2.994059e+001 7.200001e+001 1.516156e+000
      endloop
   endfacet
   facet normal 0.000000e+000 1.000000e+000 0.000000e+000
      outer loop
         vertex 2.994059e+001 7.200001e+001 1.516156e+000
         vertex 2.896292e+001 7.200001e+001 1.730203e+000
         vertex 2.897157e+001 7.200001e+001 1.763235e+000
      endloop
   endfacet
   facet normal 0.000000e+000 1.000000e+000 0.000000e+000
      outer loop
         vertex 2.994059e+001 7.200001e+001 1.516156e+000
         vertex 2.897157e+001 7.200001e+001 1.763235e+000
         vertex 2.995630e+001 7.200001e+001 1.584176e+000
      endloop
   endfacet
   facet normal 0.000000e+000 1.000000e+000 0.000000e+000
      outer loop
         vertex 2.995630e+001 7.200001e+001 1.584176e+000
         vertex 2.897157e+001 7.200001e+001 1.763235e+000
         vertex 2.897908e+001 7.200001e+001 1.796544e+000
      endloop
   endfacet
   facet normal 0.000000e+000 1.000000e+000 0.000000e+000
      outer loop
         vertex 2.995630e+001 7.200001e+001 1.584176e+000
         vertex 2.897908e+001 7.200001e+001 1.796544e+000
         vertex 2.996961e+001 7.200001e+001 1.652704e+000
      endloop
   endfacet
   facet normal 0.000000e+000 1.000000e+000 0.000000e+000
      outer loop
         vertex 2.996961e+001 7.200001e+001 1.652704e+000
         vertex 2.897908e+001 7.200001e+001 1.796544e+000
         vertex 2.898546e+001 7.200001e+001 1.830089e+000
      endloop
   endfacet
   facet normal 0.000000e+000 1.000000e+000 0.000000e+000
      outer loop
         vertex 2.996961e+001 7.200001e+001 1.652704e+000
         vertex 2.898546e+001 7.200001e+001 1.830089e+000
         vertex 2.998054e+001 7.200001e+001 1.721654e+000
      endloop
   endfacet
   facet normal 0.000000e+000 1.000000e+000 0.000000e+000
      outer loop
         vertex 2.998054e+001 7.200001e+001 1.721654e+000
         vertex 2.898546e+001 7.200001e+001 1.830089e+000
         vertex 2.899069e+001 7.200001e+001 1.863833e+000
      endloop
   endfacet
   facet normal 0.000000e+000 1.000000e+000 0.000000e+000
      outer loop
         vertex 2.998054e+001 7.200001e+001 1.721654e+000
         vertex 2.899069e+001 7.200001e+001 1.863833e+000
         vertex 2.998904e+001 7.200001e+001 1.790943e+000
      endloop
   endfacet
   facet normal 0.000000e+000 1.000000e+000 0.000000e+000
      outer loop
         vertex 2.998904e+001 7.200001e+001 1.790943e+000
         vertex 2.899069e+001 7.200001e+001 1.863833e+000
         vertex 2.899476e+001 7.200001e+001 1.897735e+000
      endloop
   endfacet
   facet normal 0.000000e+000 1.000000e+000 0.000000e+000
      outer loop
         vertex 2.998904e+001 7.200001e+001 1.790943e+000
         vertex 2.899476e+001 7.200001e+001 1.897735e+000
         vertex 2.999513e+001 7.200001e+001 1.860487e+000
      endloop
   endfacet
   facet normal 0.000000e+000 1.000000e+000 0.000000e+000
      outer loop
         vertex 2.999513e+001 7.200001e+001 1.860487e+000
         vertex 2.899476e+001 7.200001e+001 1.897735e+000
         vertex 2.899767e+001 7.200001e+001 1.931758e+000
      endloop
   endfacet
   facet normal 0.000000e+000 1.000000e+000 0.000000e+000
      outer loop
         vertex 2.999513e+001 7.200001e+001 1.860487e+000
         vertex 2.899767e+001 7.200001e+001 1.931758e+000
         vertex 2.999878e+001 7.200001e+001 1.930201e+000
      endloop
   endfacet
   facet normal 0.000000e+000 1.000000e+000 0.000000e+000
      outer loop
         vertex 2.999878e+001 7.200001e+001 1.930201e+000
         vertex 2.899767e+001 7.200001e+001 1.931758e+000
         vertex 2.899942e+001 7.200001e+001 1.965859e+000
      endloop
   endfacet
   facet normal 0.000000e+000 1.000000e+000 0.000000e+000
      outer loop
         vertex 2.999878e+001 7.200001e+001 1.930201e+000
         vertex 2.899942e+001 7.200001e+001 1.965859e+000
         vertex 3.000000e+001 7.200001e+001 2.000000e+000
      endloop
   endfacet
   facet normal 0.000000e+000 1.000000e+000 0.000000e+000
      outer loop
         vertex 3.000000e+001 7.200001e+001 2.000000e+000
         vertex 2.899942e+001 7.200001e+001 1.965859e+000
         vertex 2.900000e+001 7.200001e+001 2.000000e+000
      endloop
   endfacet
   facet normal 0.000000e+000 1.000000e+000 0.000000e+000
      outer loop
         vertex 3.000000e+001 7.200001e+001 2.000000e+000
         vertex 2.900000e+001 7.200001e+001 2.000000e+000
         vertex 3.000000e+001 7.200001e+001 1.800000e+001
      endloop
   endfacet
   facet normal 0.000000e+000 1.000000e+000 0.000000e+000
      outer loop
         vertex 3.000000e+001 7.200001e+001 1.800000e+001
         vertex 2.900000e+001 7.200001e+001 2.000000e+000
         vertex 2.900000e+001 7.200001e+001 1.800000e+001
      endloop
   endfacet
   facet normal 0.000000e+000 1.000000e+000 0.000000e+000
      outer loop
         vertex 3.000000e+001 7.200001e+001 1.800000e+001
         vertex 2.900000e+001 7.200001e+001 1.800000e+001
         vertex 2.999695e+001 7.200001e+001 1.817450e+001
      endloop
   endfacet
   facet normal 0.000000e+000 1.000000e+000 0.000000e+000
      outer loop
         vertex 2.999695e+001 7.200001e+001 1.817450e+001
         vertex 2.900000e+001 7.200001e+001 1.800000e+001
         vertex 2.899756e+001 7.200001e+001 1.813960e+001
      endloop
   endfacet
   facet normal 0.000000e+000 1.000000e+000 0.000000e+000
      outer loop
         vertex 2.999695e+001 7.200001e+001 1.817450e+001
         vertex 2.899756e+001 7.200001e+001 1.813960e+001
         vertex 2.998782e+001 7.200001e+001 1.834878e+001
      endloop
   endfacet
   facet normal 0.000000e+000 1.000000e+000 0.000000e+000
      outer loop
         vertex 2.998782e+001 7.200001e+001 1.834878e+001
         vertex 2.899756e+001 7.200001e+001 1.813960e+001
         vertex 2.899026e+001 7.200001e+001 1.827903e+001
      endloop
   endfacet
   facet normal 0.000000e+000 1.000000e+000 0.000000e+000
      outer loop
         vertex 2.998782e+001 7.200001e+001 1.834878e+001
         vertex 2.899026e+001 7.200001e+001 1.827903e+001
         vertex 2.997261e+001 7.200001e+001 1.852264e+001
      endloop
   endfacet
   facet normal 0.000000e+000 1.000000e+000 0.000000e+000
      outer loop
         vertex 2.997261e+001 7.200001e+001 1.852264e+001
         vertex 2.899026e+001 7.200001e+001 1.827903e+001
         vertex 2.897809e+001 7.200001e+001 1.841811e+001
      endloop
   endfacet
   facet normal 0.000000e+000 1.000000e+000 0.000000e+000
      outer loop
         vertex 2.997261e+001 7.200001e+001 1.852264e+001
         vertex 2.897809e+001 7.200001e+001 1.841811e+001
         vertex 2.995134e+001 7.200001e+001 1.869587e+001
      endloop
   endfacet
   facet normal 0.000000e+000 1.000000e+000 0.000000e+000
      outer loop
         vertex 2.995134e+001 7.200001e+001 1.869587e+001
         vertex 2.897809e+001 7.200001e+001 1.841811e+001
         vertex 2.896107e+001 7.200001e+001 1.855669e+001
      endloop
   endfacet
   facet normal 0.000000e+000 1.000000e+000 0.000000e+000
      outer loop
         vertex 2.995134e+001 7.200001e+001 1.869587e+001
         vertex 2.896107e+001 7.200001e+001 1.855669e+001
         vertex 2.992404e+001 7.200001e+001 1.886824e+001
      endloop
   endfacet
   facet normal 0.000000e+000 1.000000e+000 0.000000e+000
      outer loop
         vertex 2.992404e+001 7.200001e+001 1.886824e+001
         vertex 2.896107e+001 7.200001e+001 1.855669e+001
         vertex 2.893923e+001 7.200001e+001 1.869459e+001
      endloop
   endfacet
   facet normal 0.000000e+000 1.000000e+000 0.000000e+000
      outer loop
         vertex 2.992404e+001 7.200001e+001 1.886824e+001
         vertex 2.893923e+001 7.200001e+001 1.869459e+001
         vertex 2.989074e+001 7.200001e+001 1.903956e+001
      endloop
   endfacet
   facet normal 0.000000e+000 1.000000e+000 0.000000e+000
      outer loop
         vertex 2.989074e+001 7.200001e+001 1.903956e+001
         vertex 2.893923e+001 7.200001e+001 1.869459e+001
         vertex 2.891259e+001 7.200001e+001 1.883165e+001
      endloop
   endfacet
   facet normal 0.000000e+000 1.000000e+000 0.000000e+000
      outer loop
         vertex 2.989074e+001 7.200001e+001 1.903956e+001
         vertex 2.891259e+001 7.200001e+001 1.883165e+001
         vertex 2.985148e+001 7.200001e+001 1.920961e+001
      endloop
   endfacet
   facet normal 0.000000e+000 1.000000e+000 0.000000e+000
      outer loop
         vertex 2.985148e+001 7.200001e+001 1.920961e+001
         vertex 2.891259e+001 7.200001e+001 1.883165e+001
         vertex 2.888118e+001 7.200001e+001 1.896769e+001
      endloop
   endfacet
   facet normal 0.000000e+000 1.000000e+000 0.000000e+000
      outer loop
         vertex 2.985148e+001 7.200001e+001 1.920961e+001
         vertex 2.888118e+001 7.200001e+001 1.896769e+001
         vertex 2.980631e+001 7.200001e+001 1.937819e+001
      endloop
   endfacet
   facet normal 0.000000e+000 1.000000e+000 0.000000e+000
      outer loop
         vertex 2.980631e+001 7.200001e+001 1.937819e+001
         vertex 2.888118e+001 7.200001e+001 1.896769e+001
         vertex 2.884505e+001 7.200001e+001 1.910255e+001
      endloop
   endfacet
   facet normal 0.000000e+000 1.000000e+000 0.000000e+000
      outer loop
         vertex 2.980631e+001 7.200001e+001 1.937819e+001
         vertex 2.884505e+001 7.200001e+001 1.910255e+001
         vertex 2.975528e+001 7.200001e+001 1.954509e+001
      endloop
   endfacet
   facet normal 0.000000e+000 1.000000e+000 0.000000e+000
      outer loop
         vertex 2.975528e+001 7.200001e+001 1.954509e+001
         vertex 2.884505e+001 7.200001e+001 1.910255e+001
         vertex 2.880423e+001 7.200001e+001 1.923607e+001
      endloop
   endfacet
   facet normal 0.000000e+000 1.000000e+000 0.000000e+000
      outer loop
         vertex 2.975528e+001 7.200001e+001 1.954509e+001
         vertex 2.880423e+001 7.200001e+001 1.923607e+001
         vertex 2.969846e+001 7.200001e+001 1.971010e+001
      endloop
   endfacet
   facet normal 0.000000e+000 1.000000e+000 0.000000e+000
      outer loop
         vertex 2.969846e+001 7.200001e+001 1.971010e+001
         vertex 2.880423e+001 7.200001e+001 1.923607e+001
         vertex 2.875877e+001 7.200001e+001 1.936808e+001
      endloop
   endfacet
   facet normal 0.000000e+000 1.000000e+000 0.000000e+000
      outer loop
         vertex 2.969846e+001 7.200001e+001 1.971010e+001
         vertex 2.875877e+001 7.200001e+001 1.936808e+001
         vertex 2.963592e+001 7.200001e+001 1.987303e+001
      endloop
   endfacet
   facet normal 0.000000e+000 1.000000e+000 0.000000e+000
      outer loop
         vertex 2.963592e+001 7.200001e+001 1.987303e+001
         vertex 2.875877e+001 7.200001e+001 1.936808e+001
         vertex 2.870874e+001 7.200001e+001 1.949843e+001
      endloop
   endfacet
   facet normal 0.000000e+000 1.000000e+000 0.000000e+000
      outer loop
         vertex 2.963592e+001 7.200001e+001 1.987303e+001
         vertex 2.870874e+001 7.200001e+001 1.949843e+001
         vertex 2.956773e+001 7.200001e+001 2.003368e+001
      endloop
   endfacet
   facet normal 0.000000e+000 1.000000e+000 0.000000e+000
      outer loop
         vertex 2.956773e+001 7.200001e+001 2.003368e+001
         vertex 2.870874e+001 7.200001e+001 1.949843e+001
         vertex 2.865418e+001 7.200001e+001 1.962695e+001
      endloop
   endfacet
   facet normal 0.000000e+000 1.000000e+000 0.000000e+000
      outer loop
         vertex 2.956773e+001 7.200001e+001 2.003368e+001
         vertex 2.865418e+001 7.200001e+001 1.962695e+001
         vertex 2.949397e+001 7.200001e+001 2.019186e+001
      endloop
   endfacet
   facet normal 0.000000e+000 1.000000e+000 0.000000e+000
      outer loop
         vertex 2.949397e+001 7.200001e+001 2.019186e+001
         vertex 2.865418e+001 7.200001e+001 1.962695e+001
         vertex 2.859517e+001 7.200001e+001 1.975348e+001
      endloop
   endfacet
   facet normal 0.000000e+000 1.000000e+000 0.000000e+000
      outer loop
         vertex 2.949397e+001 7.200001e+001 2.019186e+001
         vertex 2.859517e+001 7.200001e+001 1.975348e+001
         vertex 2.941474e+001 7.200001e+001 2.034736e+001
      endloop
   endfacet
   facet normal 0.000000e+000 1.000000e+000 0.000000e+000
      outer loop
         vertex 2.941474e+001 7.200001e+001 2.034736e+001
         vertex 2.859517e+001 7.200001e+001 1.975348e+001
         vertex 2.853179e+001 7.200001e+001 1.987789e+001
      endloop
   endfacet
   facet normal 0.000000e+000 1.000000e+000 0.000000e+000
      outer loop
         vertex 2.941474e+001 7.200001e+001 2.034736e+001
         vertex 2.853179e+001 7.200001e+001 1.987789e+001
         vertex 2.933013e+001 7.200001e+001 2.050000e+001
      endloop
   endfacet
   facet normal 0.000000e+000 1.000000e+000 0.000000e+000
      outer loop
         vertex 2.933013e+001 7.200001e+001 2.050000e+001
         vertex 2.853179e+001 7.200001e+001 1.987789e+001
         vertex 2.846410e+001 7.200001e+001 2.000000e+001
      endloop
   endfacet
   facet normal 0.000000e+000 1.000000e+000 0.000000e+000
      outer loop
         vertex 2.933013e+001 7.200001e+001 2.050000e+001
         vertex 2.846410e+001 7.200001e+001 2.000000e+001
         vertex 2.924024e+001 7.200001e+001 2.064960e+001
      endloop
   endfacet
   facet normal 0.000000e+000 1.000000e+000 0.000000e+000
      outer loop
         vertex 2.924024e+001 7.200001e+001 2.064960e+001
         vertex 2.846410e+001 7.200001e+001 2.000000e+001
         vertex 2.839219e+001 7.200001e+001 2.011968e+001
      endloop
   endfacet
   facet normal 0.000000e+000 1.000000e+000 0.000000e+000
      outer loop
         vertex 2.924024e+001 7.200001e+001 2.064960e+001
         vertex 2.839219e+001 7.200001e+001 2.011968e+001
         vertex 2.914519e+001 7.200001e+001 2.079596e+001
      endloop
   endfacet
   facet normal 0.000000e+000 1.000000e+000 0.000000e+000
      outer loop
         vertex 2.914519e+001 7.200001e+001 2.079596e+001
         vertex 2.839219e+001 7.200001e+001 2.011968e+001
         vertex 2.831615e+001 7.200001e+001 2.023677e+001
      endloop
   endfacet
   facet normal 0.000000e+000 1.000000e+000 0.000000e+000
      outer loop
         vertex 2.914519e+001 7.200001e+001 2.079596e+001
         vertex 2.831615e+001 7.200001e+001 2.023677e+001
         vertex 2.904508e+001 7.200001e+001 2.093892e+001
      endloop
   endfacet
   facet normal 0.000000e+000 1.000000e+000 0.000000e+000
      outer loop
         vertex 2.904508e+001 7.200001e+001 2.093892e+001
         vertex 2.831615e+001 7.200001e+001 2.023677e+001
         vertex 2.823607e+001 7.200001e+001 2.035114e+001
      endloop
   endfacet
   facet normal 0.000000e+000 1.000000e+000 0.000000e+000
      outer loop
         vertex 2.904508e+001 7.200001e+001 2.093892e+001
         vertex 2.823607e+001 7.200001e+001 2.035114e+001
         vertex 2.894005e+001 7.200001e+001 2.107831e+001
      endloop
   endfacet
   facet normal 0.000000e+000 1.000000e+000 0.000000e+000
      outer loop
         vertex 2.894005e+001 7.200001e+001 2.107831e+001
         vertex 2.823607e+001 7.200001e+001 2.035114e+001
         vertex 2.815204e+001 7.200001e+001 2.046265e+001
      endloop
   endfacet
   facet normal 0.000000e+000 1.000000e+000 0.000000e+000
      outer loop
         vertex 2.894005e+001 7.200001e+001 2.107831e+001
         vertex 2.815204e+001 7.200001e+001 2.046265e+001
         vertex 2.883022e+001 7.200001e+001 2.121394e+001
      endloop
   endfacet
   facet normal 0.000000e+000 1.000000e+000 0.000000e+000
      outer loop
         vertex 2.883022e+001 7.200001e+001 2.121394e+001
         vertex 2.815204e+001 7.200001e+001 2.046265e+001
         vertex 2.806418e+001 7.200001e+001 2.057115e+001
      endloop
   endfacet
   facet normal 0.000000e+000 1.000000e+000 0.000000e+000
      outer loop
         vertex 2.883022e+001 7.200001e+001 2.121394e+001
         vertex 2.806418e+001 7.200001e+001 2.057115e+001
         vertex 2.871572e+001 7.200001e+001 2.134565e+001
      endloop
   endfacet
   facet normal 0.000000e+000 1.000000e+000 0.000000e+000
      outer loop
         vertex 2.871572e+001 7.200001e+001 2.134565e+001
         vertex 2.806418e+001 7.200001e+001 2.057115e+001
         vertex 2.797258e+001 7.200001e+001 2.067652e+001
      endloop
   endfacet
   facet normal 0.000000e+000 1.000000e+000 0.000000e+000
      outer loop
         vertex 2.871572e+001 7.200001e+001 2.134565e+001
         vertex 2.797258e+001 7.200001e+001 2.067652e+001
         vertex 2.859670e+001 7.200001e+001 2.147329e+001
      endloop
   endfacet
   facet normal 0.000000e+000 1.000000e+000 0.000000e+000
      outer loop
         vertex 2.859670e+001 7.200001e+001 2.147329e+001
         vertex 2.797258e+001 7.200001e+001 2.067652e+001
         vertex 2.787736e+001 7.200001e+001 2.077863e+001
      endloop
   endfacet
   facet normal 0.000000e+000 1.000000e+000 0.000000e+000
      outer loop
         vertex 2.859670e+001 7.200001e+001 2.147329e+001
         vertex 2.787736e+001 7.200001e+001 2.077863e+001
         vertex 2.847329e+001 7.200001e+001 2.159670e+001
      endloop
   endfacet
   facet normal 0.000000e+000 1.000000e+000 0.000000e+000
      outer loop
         vertex 2.847329e+001 7.200001e+001 2.159670e+001
         vertex 2.787736e+001 7.200001e+001 2.077863e+001
         vertex 2.777863e+001 7.200001e+001 2.087736e+001
      endloop
   endfacet
   facet normal 0.000000e+000 1.000000e+000 0.000000e+000
      outer loop
         vertex 2.847329e+001 7.200001e+001 2.159670e+001
         vertex 2.777863e+001 7.200001e+001 2.087736e+001
         vertex 2.834565e+001 7.200001e+001 2.171572e+001
      endloop
   endfacet
   facet normal 0.000000e+000 1.000000e+000 0.000000e+000
      outer loop
         vertex 2.834565e+001 7.200001e+001 2.171572e+001
         vertex 2.777863e+001 7.200001e+001 2.087736e+001
         vertex 2.767652e+001 7.200001e+001 2.097258e+001
      endloop
   endfacet
   facet normal 0.000000e+000 1.000000e+000 0.000000e+000
      outer loop
         vertex 2.834565e+001 7.200001e+001 2.171572e+001
         vertex 2.767652e+001 7.200001e+001 2.097258e+001
         vertex 2.821394e+001 7.200001e+001 2.183022e+001
      endloop
   endfacet
   facet normal 0.000000e+000 1.000000e+000 0.000000e+000
      outer loop
         vertex 2.821394e+001 7.200001e+001 2.183022e+001
         vertex 2.767652e+001 7.200001e+001 2.097258e+001
         vertex 2.757115e+001 7.200001e+001 2.106418e+001
      endloop
   endfacet
   facet normal 0.000000e+000 1.000000e+000 0.000000e+000
      outer loop
         vertex 2.821394e+001 7.200001e+001 2.183022e+001
         vertex 2.757115e+001 7.200001e+001 2.106418e+001
         vertex 2.807831e+001 7.200001e+001 2.194005e+001
      endloop
   endfacet
   facet normal 0.000000e+000 1.000000e+000 0.000000e+000
      outer loop
         vertex 2.807831e+001 7.200001e+001 2.194005e+001
         vertex 2.757115e+001 7.200001e+001 2.106418e+001
         vertex 2.746265e+001 7.200001e+001 2.115204e+001
      endloop
   endfacet
   facet normal 0.000000e+000 1.000000e+000 0.000000e+000
      outer loop
         vertex 2.807831e+001 7.200001e+001 2.194005e+001
         vertex 2.746265e+001 7.200001e+001 2.115204e+001
         vertex 2.793892e+001 7.200001e+001 2.204509e+001
      endloop
   endfacet
   facet normal 0.000000e+000 1.000000e+000 0.000000e+000
      outer loop
         vertex 2.793892e+001 7.200001e+001 2.204509e+001
         vertex 2.746265e+001 7.200001e+001 2.115204e+001
         vertex 2.735114e+001 7.200001e+001 2.123607e+001
      endloop
   endfacet
   facet normal 0.000000e+000 1.000000e+000 0.000000e+000
      outer loop
         vertex 2.793892e+001 7.200001e+001 2.204509e+001
         vertex 2.735114e+001 7.200001e+001 2.123607e+001
         vertex 2.779596e+001 7.200001e+001 2.214519e+001
      endloop
   endfacet
   facet normal 0.000000e+000 1.000000e+000 0.000000e+000
      outer loop
         vertex 2.779596e+001 7.200001e+001 2.214519e+001
         vertex 2.735114e+001 7.200001e+001 2.123607e+001
         vertex 2.723677e+001 7.200001e+001 2.131615e+001
      endloop
   endfacet
   facet normal 0.000000e+000 1.000000e+000 0.000000e+000
      outer loop
         vertex 2.779596e+001 7.200001e+001 2.214519e+001
         vertex 2.723677e+001 7.200001e+001 2.131615e+001
         vertex 2.764960e+001 7.200001e+001 2.224024e+001
      endloop
   endfacet
   facet normal 0.000000e+000 1.000000e+000 0.000000e+000
      outer loop
         vertex 2.764960e+001 7.200001e+001 2.224024e+001
         vertex 2.723677e+001 7.200001e+001 2.131615e+001
         vertex 2.711968e+001 7.200001e+001 2.139219e+001
      endloop
   endfacet
   facet normal 0.000000e+000 1.000000e+000 0.000000e+000
      outer loop
         vertex 2.764960e+001 7.200001e+001 2.224024e+001
         vertex 2.711968e+001 7.200001e+001 2.139219e+001
         vertex 2.750000e+001 7.200001e+001 2.233013e+001
      endloop
   endfacet
   facet normal 0.000000e+000 1.000000e+000 0.000000e+000
      outer loop
         vertex 2.750000e+001 7.200001e+001 2.233013e+001
         vertex 2.711968e+001 7.200001e+001 2.139219e+001
         vertex 2.700000e+001 7.200001e+001 2.146410e+001
      endloop
   endfacet
   facet normal 0.000000e+000 1.000000e+000 0.000000e+000
      outer loop
         vertex 2.750000e+001 7.200001e+001 2.233013e+001
         vertex 2.700000e+001 7.200001e+001 2.146410e+001
         vertex 2.734736e+001 7.200001e+001 2.241474e+001
      endloop
   endfacet
   facet normal 0.000000e+000 1.000000e+000 0.000000e+000
      outer loop
         vertex 2.734736e+001 7.200001e+001 2.241474e+001
         vertex 2.700000e+001 7.200001e+001 2.146410e+001
         vertex 2.687789e+001 7.200001e+001 2.153179e+001
      endloop
   endfacet
   facet normal 0.000000e+000 1.000000e+000 0.000000e+000
      outer loop
         vertex 2.734736e+001 7.200001e+001 2.241474e+001
         vertex 2.687789e+001 7.200001e+001 2.153179e+001
         vertex 2.719185e+001 7.200001e+001 2.249397e+001
      endloop
   endfacet
   facet normal 0.000000e+000 1.000000e+000 0.000000e+000
      outer loop
         vertex 2.719185e+001 7.200001e+001 2.249397e+001
         vertex 2.687789e+001 7.200001e+001 2.153179e+001
         vertex 2.675348e+001 7.200001e+001 2.159518e+001
      endloop
   endfacet
   facet normal 0.000000e+000 1.000000e+000 0.000000e+000
      outer loop
         vertex 2.719185e+001 7.200001e+001 2.249397e+001
         vertex 2.675348e+001 7.200001e+001 2.159518e+001
         vertex 2.703368e+001 7.200001e+001 2.256773e+001
      endloop
   endfacet
   facet normal 0.000000e+000 1.000000e+000 0.000000e+000
      outer loop
         vertex 2.703368e+001 7.200001e+001 2.256773e+001
         vertex 2.675348e+001 7.200001e+001 2.159518e+001
         vertex 2.662695e+001 7.200001e+001 2.165418e+001
      endloop
   endfacet
   facet normal 0.000000e+000 1.000000e+000 0.000000e+000
      outer loop
         vertex 2.703368e+001 7.200001e+001 2.256773e+001
         vertex 2.662695e+001 7.200001e+001 2.165418e+001
         vertex 2.687303e+001 7.200001e+001 2.263592e+001
      endloop
   endfacet
   facet normal 0.000000e+000 1.000000e+000 0.000000e+000
      outer loop
         vertex 2.687303e+001 7.200001e+001 2.263592e+001
         vertex 2.662695e+001 7.200001e+001 2.165418e+001
         vertex 2.649843e+001 7.200001e+001 2.170873e+001
      endloop
   endfacet
   facet normal 0.000000e+000 1.000000e+000 0.000000e+000
      outer loop
         vertex 2.687303e+001 7.200001e+001 2.263592e+001
         vertex 2.649843e+001 7.200001e+001 2.170873e+001
         vertex 2.671010e+001 7.200001e+001 2.269846e+001
      endloop
   endfacet
   facet normal 0.000000e+000 1.000000e+000 0.000000e+000
      outer loop
         vertex 2.671010e+001 7.200001e+001 2.269846e+001
         vertex 2.649843e+001 7.200001e+001 2.170873e+001
         vertex 2.636808e+001 7.200001e+001 2.175877e+001
      endloop
   endfacet
   facet normal 0.000000e+000 1.000000e+000 0.000000e+000
      outer loop
         vertex 2.671010e+001 7.200001e+001 2.269846e+001
         vertex 2.636808e+001 7.200001e+001 2.175877e+001
         vertex 2.654509e+001 7.200001e+001 2.275528e+001
      endloop
   endfacet
   facet normal 0.000000e+000 1.000000e+000 0.000000e+000
      outer loop
         vertex 2.654509e+001 7.200001e+001 2.275528e+001
         vertex 2.636808e+001 7.200001e+001 2.175877e+001
         vertex 2.623607e+001 7.200001e+001 2.180422e+001
      endloop
   endfacet
   facet normal 0.000000e+000 1.000000e+000 0.000000e+000
      outer loop
         vertex 2.654509e+001 7.200001e+001 2.275528e+001
         vertex 2.623607e+001 7.200001e+001 2.180422e+001
         vertex 2.637819e+001 7.200001e+001 2.280631e+001
      endloop
   endfacet
   facet normal 0.000000e+000 1.000000e+000 0.000000e+000
      outer loop
         vertex 2.637819e+001 7.200001e+001 2.280631e+001
         vertex 2.623607e+001 7.200001e+001 2.180422e+001
         vertex 2.610255e+001 7.200001e+001 2.184505e+001
      endloop
   endfacet
   facet normal 0.000000e+000 1.000000e+000 0.000000e+000
      outer loop
         vertex 2.637819e+001 7.200001e+001 2.280631e+001
         vertex 2.610255e+001 7.200001e+001 2.184505e+001
         vertex 2.620961e+001 7.200001e+001 2.285148e+001
      endloop
   endfacet
   facet normal 0.000000e+000 1.000000e+000 0.000000e+000
      outer loop
         vertex 2.620961e+001 7.200001e+001 2.285148e+001
         vertex 2.610255e+001 7.200001e+001 2.184505e+001
         vertex 2.596769e+001 7.200001e+001 2.188118e+001
      endloop
   endfacet
   facet normal 0.000000e+000 1.000000e+000 0.000000e+000
      outer loop
         vertex 2.620961e+001 7.200001e+001 2.285148e+001
         vertex 2.596769e+001 7.200001e+001 2.188118e+001
         vertex 2.603956e+001 7.200001e+001 2.289074e+001
      endloop
   endfacet
   facet normal 0.000000e+000 1.000000e+000 0.000000e+000
      outer loop
         vertex 2.603956e+001 7.200001e+001 2.289074e+001
         vertex 2.596769e+001 7.200001e+001 2.188118e+001
         vertex 2.583165e+001 7.200001e+001 2.191259e+001
      endloop
   endfacet
   facet normal 0.000000e+000 1.000000e+000 0.000000e+000
      outer loop
         vertex 2.603956e+001 7.200001e+001 2.289074e+001
         vertex 2.583165e+001 7.200001e+001 2.191259e+001
         vertex 2.586824e+001 7.200001e+001 2.292404e+001
      endloop
   endfacet
   facet normal 0.000000e+000 1.000000e+000 0.000000e+000
      outer loop
         vertex 2.586824e+001 7.200001e+001 2.292404e+001
         vertex 2.583165e+001 7.200001e+001 2.191259e+001
         vertex 2.569459e+001 7.200001e+001 2.193923e+001
      endloop
   endfacet
   facet normal 0.000000e+000 1.000000e+000 0.000000e+000
      outer loop
         vertex 2.586824e+001 7.200001e+001 2.292404e+001
         vertex 2.569459e+001 7.200001e+001 2.193923e+001
         vertex 2.569586e+001 7.200001e+001 2.295134e+001
      endloop
   endfacet
   facet normal 0.000000e+000 1.000000e+000 0.000000e+000
      outer loop
         vertex 2.569586e+001 7.200001e+001 2.295134e+001
         vertex 2.569459e+001 7.200001e+001 2.193923e+001
         vertex 2.555669e+001 7.200001e+001 2.196107e+001
      endloop
   endfacet
   facet normal 0.000000e+000 1.000000e+000 0.000000e+000
      outer loop
         vertex 2.569586e+001 7.200001e+001 2.295134e+001
         vertex 2.555669e+001 7.200001e+001 2.196107e+001
         vertex 2.552264e+001 7.200001e+001 2.297261e+001
      endloop
   endfacet
   facet normal 0.000000e+000 1.000000e+000 0.000000e+000
      outer loop
         vertex 2.552264e+001 7.200001e+001 2.297261e+001
         vertex 2.555669e+001 7.200001e+001 2.196107e+001
         vertex 2.541811e+001 7.200001e+001 2.197809e+001
      endloop
   endfacet
   facet normal 0.000000e+000 1.000000e+000 0.000000e+000
      outer loop
         vertex 2.552264e+001 7.200001e+001 2.297261e+001
         vertex 2.541811e+001 7.200001e+001 2.197809e+001
         vertex 2.534878e+001 7.200001e+001 2.298782e+001
      endloop
   endfacet
   facet normal 0.000000e+000 1.000000e+000 0.000000e+000
      outer loop
         vertex 2.534878e+001 7.200001e+001 2.298782e+001
         vertex 2.541811e+001 7.200001e+001 2.197809e+001
         vertex 2.527903e+001 7.200001e+001 2.199026e+001
      endloop
   endfacet
   facet normal 0.000000e+000 1.000000e+000 0.000000e+000
      outer loop
         vertex 2.534878e+001 7.200001e+001 2.298782e+001
         vertex 2.527903e+001 7.200001e+001 2.199026e+001
         vertex 2.517450e+001 7.200001e+001 2.299695e+001
      endloop
   endfacet
   facet normal 0.000000e+000 1.000000e+000 0.000000e+000
      outer loop
         vertex 2.517450e+001 7.200001e+001 2.299695e+001
         vertex 2.527903e+001 7.200001e+001 2.199026e+001
         vertex 2.513960e+001 7.200001e+001 2.199756e+001
      endloop
   endfacet
   facet normal 0.000000e+000 1.000000e+000 0.000000e+000
      outer loop
         vertex 2.517450e+001 7.200001e+001 2.299695e+001
         vertex 2.513960e+001 7.200001e+001 2.199756e+001
         vertex 2.500000e+001 7.200001e+001 2.300000e+001
      endloop
   endfacet
   facet normal 0.000000e+000 1.000000e+000 0.000000e+000
      outer loop
         vertex 2.500000e+001 7.200001e+001 2.300000e+001
         vertex 2.513960e+001 7.200001e+001 2.199756e+001
         vertex 2.500000e+001 7.200001e+001 2.200000e+001
      endloop
   endfacet
   facet normal 0.000000e+000 1.000000e+000 0.000000e+000
      outer loop
         vertex 2.500000e+001 7.200001e+001 2.300000e+001
         vertex 2.500000e+001 7.200001e+001 2.200000e+001
         vertex 5.000000e+000 7.200001e+001 2.300000e+001
      endloop
   endfacet
   facet normal 0.000000e+000 1.000000e+000 0.000000e+000
      outer loop
         vertex 5.000000e+000 7.200001e+001 2.300000e+001
         vertex 2.500000e+001 7.200001e+001 2.200000e+001
         vertex 5.000000e+000 7.200001e+001 2.200000e+001
      endloop
   endfacet
   facet normal 0.000000e+000 1.000000e+000 0.000000e+000
      outer loop
         vertex 5.000000e+000 7.200001e+001 2.300000e+001
         vertex 5.000000e+000 7.200001e+001 2.200000e+001
         vertex 4.825502e+000 7.200001e+001 2.299695e+001
      endloop
   endfacet
   facet normal 0.000000e+000 1.000000e+000 0.000000e+000
      outer loop
         vertex 4.825502e+000 7.200001e+001 2.299695e+001
         vertex 5.000000e+000 7.200001e+001 2.200000e+001
         vertex 4.860402e+000 7.200001e+001 2.199756e+001
      endloop
   endfacet
   facet normal 0.000000e+000 1.000000e+000 0.000000e+000
      outer loop
         vertex 4.825502e+000 7.200001e+001 2.299695e+001
         vertex 4.860402e+000 7.200001e+001 2.199756e+001
         vertex 4.651218e+000 7.200001e+001 2.298782e+001
      endloop
   endfacet
   facet normal 0.000000e+000 1.000000e+000 0.000000e+000
      outer loop
         vertex 4.651218e+000 7.200001e+001 2.298782e+001
         vertex 4.860402e+000 7.200001e+001 2.199756e+001
         vertex 4.720974e+000 7.200001e+001 2.199026e+001
      endloop
   endfacet
   facet normal 0.000000e+000 1.000000e+000 0.000000e+000
      outer loop
         vertex 4.651218e+000 7.200001e+001 2.298782e+001
         vertex 4.720974e+000 7.200001e+001 2.199026e+001
         vertex 4.477357e+000 7.200001e+001 2.297261e+001
      endloop
   endfacet
   facet normal 0.000000e+000 1.000000e+000 0.000000e+000
      outer loop
         vertex 4.477357e+000 7.200001e+001 2.297261e+001
         vertex 4.720974e+000 7.200001e+001 2.199026e+001
         vertex 4.581886e+000 7.200001e+001 2.197809e+001
      endloop
   endfacet
   facet normal 0.000000e+000 1.000000e+000 0.000000e+000
      outer loop
         vertex 4.477357e+000 7.200001e+001 2.297261e+001
         vertex 4.581886e+000 7.200001e+001 2.197809e+001
         vertex 4.304134e+000 7.200001e+001 2.295134e+001
      endloop
   endfacet
   facet normal 0.000000e+000 1.000000e+000 0.000000e+000
      outer loop
         vertex 4.304134e+000 7.200001e+001 2.295134e+001
         vertex 4.581886e+000 7.200001e+001 2.197809e+001
         vertex 4.443307e+000 7.200001e+001 2.196107e+001
      endloop
   endfacet
   facet normal 0.000000e+000 1.000000e+000 0.000000e+000
      outer loop
         vertex 4.304134e+000 7.200001e+001 2.295134e+001
         vertex 4.443307e+000 7.200001e+001 2.196107e+001
         vertex 4.131759e+000 7.200001e+001 2.292404e+001
      endloop
   endfacet
   facet normal 0.000000e+000 1.000000e+000 0.000000e+000
      outer loop
         vertex 4.131759e+000 7.200001e+001 2.292404e+001
         vertex 4.443307e+000 7.200001e+001 2.196107e+001
         vertex 4.305408e+000 7.200001e+001 2.193923e+001
      endloop
   endfacet
   facet normal 0.000000e+000 1.000000e+000 0.000000e+000
      outer loop
         vertex 4.131759e+000 7.200001e+001 2.292404e+001
         vertex 4.305408e+000 7.200001e+001 2.193923e+001
         vertex 3.960441e+000 7.200001e+001 2.289074e+001
      endloop
   endfacet
   facet normal 0.000000e+000 1.000000e+000 0.000000e+000
      outer loop
         vertex 3.960441e+000 7.200001e+001 2.289074e+001
         vertex 4.305408e+000 7.200001e+001 2.193923e+001
         vertex 4.168353e+000 7.200001e+001 2.191259e+001
      endloop
   endfacet
   facet normal 0.000000e+000 1.000000e+000 0.000000e+000
      outer loop
         vertex 3.960441e+000 7.200001e+001 2.289074e+001
         vertex 4.168353e+000 7.200001e+001 2.191259e+001
         vertex 3.790391e+000 7.200001e+001 2.285148e+001
      endloop
   endfacet
   facet normal 0.000000e+000 1.000000e+000 0.000000e+000
      outer loop
         vertex 3.790391e+000 7.200001e+001 2.285148e+001
         vertex 4.168353e+000 7.200001e+001 2.191259e+001
         vertex 4.032312e+000 7.200001e+001 2.188118e+001
      endloop
   endfacet
   facet normal 0.000000e+000 1.000000e+000 0.000000e+000
      outer loop
         vertex 3.790391e+000 7.200001e+001 2.285148e+001
         vertex 4.032312e+000 7.200001e+001 2.188118e+001
         vertex 3.621813e+000 7.200001e+001 2.280631e+001
      endloop
   endfacet
   facet normal 0.000000e+000 1.000000e+000 0.000000e+000
      outer loop
         vertex 3.621813e+000 7.200001e+001 2.280631e+001
         vertex 4.032312e+000 7.200001e+001 2.188118e+001
         vertex 3.897450e+000 7.200001e+001 2.184505e+001
      endloop
   endfacet
   facet normal 0.000000e+000 1.000000e+000 0.000000e+000
      outer loop
         vertex 3.621813e+000 7.200001e+001 2.280631e+001
         vertex 3.897450e+000 7.200001e+001 2.184505e+001
         vertex 3.454914e+000 7.200001e+001 2.275528e+001
      endloop
   endfacet
   facet normal 0.000000e+000 1.000000e+000 0.000000e+000
      outer loop
         vertex 3.454914e+000 7.200001e+001 2.275528e+001
         vertex 3.897450e+000 7.200001e+001 2.184505e+001
         vertex 3.763932e+000 7.200001e+001 2.180422e+001
      endloop
   endfacet
   facet normal 0.000000e+000 1.000000e+000 0.000000e+000
      outer loop
         vertex 3.454914e+000 7.200001e+001 2.275528e+001
         vertex 3.763932e+000 7.200001e+001 2.180422e+001
         vertex 3.289899e+000 7.200001e+001 2.269846e+001
      endloop
   endfacet
   facet normal 0.000000e+000 1.000000e+000 0.000000e+000
      outer loop
         vertex 3.289899e+000 7.200001e+001 2.269846e+001
         vertex 3.763932e+000 7.200001e+001 2.180422e+001
         vertex 3.631920e+000 7.200001e+001 2.175877e+001
      endloop
   endfacet
   facet normal 0.000000e+000 1.000000e+000 0.000000e+000
      outer loop
         vertex 3.289899e+000 7.200001e+001 2.269846e+001
         vertex 3.631920e+000 7.200001e+001 2.175877e+001
         vertex 3.126967e+000 7.200001e+001 2.263592e+001
      endloop
   endfacet
   facet normal 0.000000e+000 1.000000e+000 0.000000e+000
      outer loop
         vertex 3.126967e+000 7.200001e+001 2.263592e+001
         vertex 3.631920e+000 7.200001e+001 2.175877e+001
         vertex 3.501574e+000 7.200001e+001 2.170873e+001
      endloop
   endfacet
   facet normal 0.000000e+000 1.000000e+000 0.000000e+000
      outer loop
         vertex 3.126967e+000 7.200001e+001 2.263592e+001
         vertex 3.501574e+000 7.200001e+001 2.170873e+001
         vertex 2.966316e+000 7.200001e+001 2.256773e+001
      endloop
   endfacet
   facet normal 0.000000e+000 1.000000e+000 0.000000e+000
      outer loop
         vertex 2.966316e+000 7.200001e+001 2.256773e+001
         vertex 3.501574e+000 7.200001e+001 2.170873e+001
         vertex 3.373053e+000 7.200001e+001 2.165418e+001
      endloop
   endfacet
   facet normal 0.000000e+000 1.000000e+000 0.000000e+000
      outer loop
         vertex 2.966316e+000 7.200001e+001 2.256773e+001
         vertex 3.373053e+000 7.200001e+001 2.165418e+001
         vertex 2.808144e+000 7.200001e+001 2.249397e+001
      endloop
   endfacet
   facet normal 0.000000e+000 1.000000e+000 0.000000e+000
      outer loop
         vertex 2.808144e+000 7.200001e+001 2.249397e+001
         vertex 3.373053e+000 7.200001e+001 2.165418e+001
         vertex 3.246515e+000 7.200001e+001 2.159518e+001
      endloop
   endfacet
   facet normal 0.000000e+000 1.000000e+000 0.000000e+000
      outer loop
         vertex 2.808144e+000 7.200001e+001 2.249397e+001
         vertex 3.246515e+000 7.200001e+001 2.159518e+001
         vertex 2.652642e+000 7.200001e+001 2.241474e+001
      endloop
   endfacet
   facet normal 0.000000e+000 1.000000e+000 0.000000e+000
      outer loop
         vertex 2.652642e+000 7.200001e+001 2.241474e+001
         vertex 3.246515e+000 7.200001e+001 2.159518e+001
         vertex 3.122114e+000 7.200001e+001 2.153179e+001
      endloop
   endfacet
   facet normal 0.000000e+000 1.000000e+000 0.000000e+000
      outer loop
         vertex 2.652642e+000 7.200001e+001 2.241474e+001
         vertex 3.122114e+000 7.200001e+001 2.153179e+001
         vertex 2.500000e+000 7.200001e+001 2.233013e+001
      endloop
   endfacet
   facet normal 0.000000e+000 1.000000e+000 0.000000e+000
      outer loop
         vertex 2.500000e+000 7.200001e+001 2.233013e+001
         vertex 3.122114e+000 7.200001e+001 2.153179e+001
         vertex 3.000000e+000 7.200001e+001 2.146410e+001
      endloop
   endfacet
   facet normal 0.000000e+000 1.000000e+000 0.000000e+000
      outer loop
         vertex 2.500000e+000 7.200001e+001 2.233013e+001
         vertex 3.000000e+000 7.200001e+001 2.146410e+001
         vertex 2.350403e+000 7.200001e+001 2.224024e+001
      endloop
   endfacet
   facet normal 0.000000e+000 1.000000e+000 0.000000e+000
      outer loop
         vertex 2.350403e+000 7.200001e+001 2.224024e+001
         vertex 3.000000e+000 7.200001e+001 2.146410e+001
         vertex 2.880323e+000 7.200001e+001 2.139219e+001
      endloop
   endfacet
   facet normal 0.000000e+000 1.000000e+000 0.000000e+000
      outer loop
         vertex 2.350403e+000 7.200001e+001 2.224024e+001
         vertex 2.880323e+000 7.200001e+001 2.139219e+001
         vertex 2.204036e+000 7.200001e+001 2.214519e+001
      endloop
   endfacet
   facet normal 0.000000e+000 1.000000e+000 0.000000e+000
      outer loop
         vertex 2.204036e+000 7.200001e+001 2.214519e+001
         vertex 2.880323e+000 7.200001e+001 2.139219e+001
         vertex 2.763228e+000 7.200001e+001 2.131615e+001
      endloop
   endfacet
   facet normal 0.000000e+000 1.000000e+000 0.000000e+000
      outer loop
         vertex 2.204036e+000 7.200001e+001 2.214519e+001
         vertex 2.763228e+000 7.200001e+001 2.131615e+001
         vertex 2.061074e+000 7.200001e+001 2.204509e+001
      endloop
   endfacet
   facet normal 0.000000e+000 1.000000e+000 0.000000e+000
      outer loop
         vertex 2.061074e+000 7.200001e+001 2.204509e+001
         vertex 2.763228e+000 7.200001e+001 2.131615e+001
         vertex 2.648858e+000 7.200001e+001 2.123607e+001
      endloop
   endfacet
   facet normal 0.000000e+000 1.000000e+000 0.000000e+000
      outer loop
         vertex 2.061074e+000 7.200001e+001 2.204509e+001
         vertex 2.648858e+000 7.200001e+001 2.123607e+001
         vertex 1.921692e+000 7.200001e+001 2.194005e+001
      endloop
   endfacet
   facet normal 0.000000e+000 1.000000e+000 0.000000e+000
      outer loop
         vertex 1.921692e+000 7.200001e+001 2.194005e+001
         vertex 2.648858e+000 7.200001e+001 2.123607e+001
         vertex 2.537354e+000 7.200001e+001 2.115204e+001
      endloop
   endfacet
   facet normal 0.000000e+000 1.000000e+000 0.000000e+000
      outer loop
         vertex 1.921692e+000 7.200001e+001 2.194005e+001
         vertex 2.537354e+000 7.200001e+001 2.115204e+001
         vertex 1.786062e+000 7.200001e+001 2.183022e+001
      endloop
   endfacet
   facet normal 0.000000e+000 1.000000e+000 0.000000e+000
      outer loop
         vertex 1.786062e+000 7.200001e+001 2.183022e+001
         vertex 2.537354e+000 7.200001e+001 2.115204e+001
         vertex 2.428849e+000 7.200001e+001 2.106418e+001
      endloop
   endfacet
   facet normal 0.000000e+000 1.000000e+000 0.000000e+000
      outer loop
         vertex 1.786062e+000 7.200001e+001 2.183022e+001
         vertex 2.428849e+000 7.200001e+001 2.106418e+001
         vertex 1.654346e+000 7.200001e+001 2.171572e+001
      endloop
   endfacet
   facet normal 0.000000e+000 1.000000e+000 0.000000e+000
      outer loop
         vertex 1.654346e+000 7.200001e+001 2.171572e+001
         vertex 2.428849e+000 7.200001e+001 2.106418e+001
         vertex 2.323478e+000 7.200001e+001 2.097258e+001
      endloop
   endfacet
   facet normal 0.000000e+000 1.000000e+000 0.000000e+000
      outer loop
         vertex 1.654346e+000 7.200001e+001 2.171572e+001
         vertex 2.323478e+000 7.200001e+001 2.097258e+001
         vertex 1.526708e+000 7.200001e+001 2.159670e+001
      endloop
   endfacet
   facet normal 0.000000e+000 1.000000e+000 0.000000e+000
      outer loop
         vertex 1.526708e+000 7.200001e+001 2.159670e+001
         vertex 2.323478e+000 7.200001e+001 2.097258e+001
         vertex 2.221366e+000 7.200001e+001 2.087736e+001
      endloop
   endfacet
   facet normal 0.000000e+000 1.000000e+000 0.000000e+000
      outer loop
         vertex 1.526708e+000 7.200001e+001 2.159670e+001
         vertex 2.221366e+000 7.200001e+001 2.087736e+001
         vertex 1.403301e+000 7.200001e+001 2.147329e+001
      endloop
   endfacet
   facet normal 0.000000e+000 1.000000e+000 0.000000e+000
      outer loop
         vertex 1.403301e+000 7.200001e+001 2.147329e+001
         vertex 2.221366e+000 7.200001e+001 2.087736e+001
         vertex 2.122641e+000 7.200001e+001 2.077863e+001
      endloop
   endfacet
   facet normal 0.000000e+000 1.000000e+000 0.000000e+000
      outer loop
         vertex 1.403301e+000 7.200001e+001 2.147329e+001
         vertex 2.122641e+000 7.200001e+001 2.077863e+001
         vertex 1.284275e+000 7.200001e+001 2.134565e+001
      endloop
   endfacet
   facet normal 0.000000e+000 1.000000e+000 0.000000e+000
      outer loop
         vertex 1.284275e+000 7.200001e+001 2.134565e+001
         vertex 2.122641e+000 7.200001e+001 2.077863e+001
         vertex 2.027420e+000 7.200001e+001 2.067652e+001
      endloop
   endfacet
   facet normal 0.000000e+000 1.000000e+000 0.000000e+000
      outer loop
         vertex 1.284275e+000 7.200001e+001 2.134565e+001
         vertex 2.027420e+000 7.200001e+001 2.067652e+001
         vertex 1.169778e+000 7.200001e+001 2.121394e+001
      endloop
   endfacet
   facet normal 0.000000e+000 1.000000e+000 0.000000e+000
      outer loop
         vertex 1.169778e+000 7.200001e+001 2.121394e+001
         vertex 2.027420e+000 7.200001e+001 2.067652e+001
         vertex 1.935822e+000 7.200001e+001 2.057115e+001
      endloop
   endfacet
   facet normal 0.000000e+000 1.000000e+000 0.000000e+000
      outer loop
         vertex 1.169778e+000 7.200001e+001 2.121394e+001
         vertex 1.935822e+000 7.200001e+001 2.057115e+001
         vertex 1.059946e+000 7.200001e+001 2.107831e+001
      endloop
   endfacet
   facet normal 0.000000e+000 1.000000e+000 0.000000e+000
      outer loop
         vertex 1.059946e+000 7.200001e+001 2.107831e+001
         vertex 1.935822e+000 7.200001e+001 2.057115e+001
         vertex 1.847956e+000 7.200001e+001 2.046265e+001
      endloop
   endfacet
   facet normal 0.000000e+000 1.000000e+000 0.000000e+000
      outer loop
         vertex 1.059946e+000 7.200001e+001 2.107831e+001
         vertex 1.847956e+000 7.200001e+001 2.046265e+001
         vertex 9.549148e-001 7.200001e+001 2.093892e+001
      endloop
   endfacet
   facet normal 0.000000e+000 1.000000e+000 0.000000e+000
      outer loop
         vertex 9.549148e-001 7.200001e+001 2.093892e+001
         vertex 1.847956e+000 7.200001e+001 2.046265e+001
         vertex 1.763932e+000 7.200001e+001 2.035114e+001
      endloop
   endfacet
   facet normal 0.000000e+000 1.000000e+000 0.000000e+000
      outer loop
         vertex 9.549148e-001 7.200001e+001 2.093892e+001
         vertex 1.763932e+000 7.200001e+001 2.035114e+001
         vertex 8.548116e-001 7.200001e+001 2.079596e+001
      endloop
   endfacet
   facet normal 0.000000e+000 1.000000e+000 0.000000e+000
      outer loop
         vertex 8.548116e-001 7.200001e+001 2.079596e+001
         vertex 1.763932e+000 7.200001e+001 2.035114e+001
         vertex 1.683850e+000 7.200001e+001 2.023677e+001
      endloop
   endfacet
   facet normal 0.000000e+000 1.000000e+000 0.000000e+000
      outer loop
         vertex 8.548116e-001 7.200001e+001 2.079596e+001
         vertex 1.683850e+000 7.200001e+001 2.023677e+001
         vertex 7.597590e-001 7.200001e+001 2.064960e+001
      endloop
   endfacet
   facet normal 0.000000e+000 1.000000e+000 0.000000e+000
      outer loop
         vertex 7.597590e-001 7.200001e+001 2.064960e+001
         vertex 1.683850e+000 7.200001e+001 2.023677e+001
         vertex 1.607807e+000 7.200001e+001 2.011968e+001
      endloop
   endfacet
   facet normal 0.000000e+000 1.000000e+000 0.000000e+000
      outer loop
         vertex 7.597590e-001 7.200001e+001 2.064960e+001
         vertex 1.607807e+000 7.200001e+001 2.011968e+001
         vertex 6.698724e-001 7.200001e+001 2.050000e+001
      endloop
   endfacet
   facet normal 0.000000e+000 1.000000e+000 0.000000e+000
      outer loop
         vertex 6.698724e-001 7.200001e+001 2.050000e+001
         vertex 1.607807e+000 7.200001e+001 2.011968e+001
         vertex 1.535898e+000 7.200001e+001 2.000000e+001
      endloop
   endfacet
   facet normal 0.000000e+000 1.000000e+000 0.000000e+000
      outer loop
         vertex 6.698724e-001 7.200001e+001 2.050000e+001
         vertex 1.535898e+000 7.200001e+001 2.000000e+001
         vertex 5.852617e-001 7.200001e+001 2.034736e+001
      endloop
   endfacet
   facet normal 0.000000e+000 1.000000e+000 0.000000e+000
      outer loop
         vertex 5.852617e-001 7.200001e+001 2.034736e+001
         vertex 1.535898e+000 7.200001e+001 2.000000e+001
         vertex 1.468210e+000 7.200001e+001 1.987789e+001
      endloop
   endfacet
   facet normal 0.000000e+000 1.000000e+000 0.000000e+000
      outer loop
         vertex 5.852617e-001 7.200001e+001 2.034736e+001
         vertex 1.468210e+000 7.200001e+001 1.987789e+001
         vertex 5.060295e-001 7.200001e+001 2.019186e+001
      endloop
   endfacet
   facet normal 0.000000e+000 1.000000e+000 0.000000e+000
      outer loop
         vertex 5.060295e-001 7.200001e+001 2.019186e+001
         vertex 1.468210e+000 7.200001e+001 1.987789e+001
         vertex 1.404824e+000 7.200001e+001 1.975348e+001
      endloop
   endfacet
   facet normal 0.000000e+000 1.000000e+000 0.000000e+000
      outer loop
         vertex 5.060295e-001 7.200001e+001 2.019186e+001
         vertex 1.404824e+000 7.200001e+001 1.975348e+001
         vertex 4.322724e-001 7.200001e+001 2.003368e+001
      endloop
   endfacet
   facet normal 0.000000e+000 1.000000e+000 0.000000e+000
      outer loop
         vertex 4.322724e-001 7.200001e+001 2.003368e+001
         vertex 1.404824e+000 7.200001e+001 1.975348e+001
         vertex 1.345818e+000 7.200001e+001 1.962695e+001
      endloop
   endfacet
   facet normal 0.000000e+000 1.000000e+000 0.000000e+000
      outer loop
         vertex 4.322724e-001 7.200001e+001 2.003368e+001
         vertex 1.345818e+000 7.200001e+001 1.962695e+001
         vertex 3.640801e-001 7.200001e+001 1.987303e+001
      endloop
   endfacet
   facet normal 0.000000e+000 1.000000e+000 0.000000e+000
      outer loop
         vertex 3.640801e-001 7.200001e+001 1.987303e+001
         vertex 1.345818e+000 7.200001e+001 1.962695e+001
         vertex 1.291265e+000 7.200001e+001 1.949843e+001
      endloop
   endfacet
   facet normal 0.000000e+000 1.000000e+000 0.000000e+000
      outer loop
         vertex 3.640801e-001 7.200001e+001 1.987303e+001
         vertex 1.291265e+000 7.200001e+001 1.949843e+001
         vertex 3.015371e-001 7.200001e+001 1.971010e+001
      endloop
   endfacet
   facet normal 0.000000e+000 1.000000e+000 0.000000e+000
      outer loop
         vertex 3.015371e-001 7.200001e+001 1.971010e+001
         vertex 1.291265e+000 7.200001e+001 1.949843e+001
         vertex 1.241230e+000 7.200001e+001 1.936808e+001
      endloop
   endfacet
   facet normal 0.000000e+000 1.000000e+000 0.000000e+000
      outer loop
         vertex 3.015371e-001 7.200001e+001 1.971010e+001
         vertex 1.241230e+000 7.200001e+001 1.936808e+001
         vertex 2.447171e-001 7.200001e+001 1.954509e+001
      endloop
   endfacet
   facet normal 0.000000e+000 1.000000e+000 0.000000e+000
      outer loop
         vertex 2.447171e-001 7.200001e+001 1.954509e+001
         vertex 1.241230e+000 7.200001e+001 1.936808e+001
         vertex 1.195773e+000 7.200001e+001 1.923607e+001
      endloop
   endfacet
   facet normal 0.000000e+000 1.000000e+000 0.000000e+000
      outer loop
         vertex 2.447171e-001 7.200001e+001 1.954509e+001
         vertex 1.195773e+000 7.200001e+001 1.923607e+001
         vertex 1.936909e-001 7.200001e+001 1.937819e+001
      endloop
   endfacet
   facet normal 0.000000e+000 1.000000e+000 0.000000e+000
      outer loop
         vertex 1.936909e-001 7.200001e+001 1.937819e+001
         vertex 1.195773e+000 7.200001e+001 1.923607e+001
         vertex 1.154953e+000 7.200001e+001 1.910255e+001
      endloop
   endfacet
   facet normal 0.000000e+000 1.000000e+000 0.000000e+000
      outer loop
         vertex 1.936909e-001 7.200001e+001 1.937819e+001
         vertex 1.154953e+000 7.200001e+001 1.910255e+001
         vertex 1.485217e-001 7.200001e+001 1.920961e+001
      endloop
   endfacet
   facet normal 0.000000e+000 1.000000e+000 0.000000e+000
      outer loop
         vertex 1.485217e-001 7.200001e+001 1.920961e+001
         vertex 1.154953e+000 7.200001e+001 1.910255e+001
         vertex 1.118816e+000 7.200001e+001 1.896769e+001
      endloop
   endfacet
   facet normal 0.000000e+000 1.000000e+000 0.000000e+000
      outer loop
         vertex 1.485217e-001 7.200001e+001 1.920961e+001
         vertex 1.118816e+000 7.200001e+001 1.896769e+001
         vertex 1.092609e-001 7.200001e+001 1.903956e+001
      endloop
   endfacet
   facet normal 0.000000e+000 1.000000e+000 0.000000e+000
      outer loop
         vertex 1.092609e-001 7.200001e+001 1.903956e+001
         vertex 1.118816e+000 7.200001e+001 1.896769e+001
         vertex 1.087409e+000 7.200001e+001 1.883165e+001
      endloop
   endfacet
   facet normal 0.000000e+000 1.000000e+000 0.000000e+000
      outer loop
         vertex 1.092609e-001 7.200001e+001 1.903956e+001
         vertex 1.087409e+000 7.200001e+001 1.883165e+001
         vertex 7.596053e-002 7.200001e+001 1.886824e+001
      endloop
   endfacet
   facet normal 0.000000e+000 1.000000e+000 0.000000e+000
      outer loop
         vertex 7.596053e-002 7.200001e+001 1.886824e+001
         vertex 1.087409e+000 7.200001e+001 1.883165e+001
         vertex 1.060769e+000 7.200001e+001 1.869459e+001
      endloop
   endfacet
   facet normal 0.000000e+000 1.000000e+000 0.000000e+000
      outer loop
         vertex 7.596053e-002 7.200001e+001 1.886824e+001
         vertex 1.060769e+000 7.200001e+001 1.869459e+001
         vertex 4.865974e-002 7.200001e+001 1.869587e+001
      endloop
   endfacet
   facet normal 0.000000e+000 1.000000e+000 0.000000e+000
      outer loop
         vertex 4.865974e-002 7.200001e+001 1.869587e+001
         vertex 1.060769e+000 7.200001e+001 1.869459e+001
         vertex 1.038928e+000 7.200001e+001 1.855669e+001
      endloop
   endfacet
   facet normal 0.000000e+000 1.000000e+000 0.000000e+000
      outer loop
         vertex 4.865974e-002 7.200001e+001 1.869587e+001
         vertex 1.038928e+000 7.200001e+001 1.855669e+001
         vertex 2.739020e-002 7.200001e+001 1.852264e+001
      endloop
   endfacet
   facet normal 0.000000e+000 1.000000e+000 0.000000e+000
      outer loop
         vertex 2.739020e-002 7.200001e+001 1.852264e+001
         vertex 1.038928e+000 7.200001e+001 1.855669e+001
         vertex 1.021912e+000 7.200001e+001 1.841811e+001
      endloop
   endfacet
   facet normal 0.000000e+000 1.000000e+000 0.000000e+000
      outer loop
         vertex 2.739020e-002 7.200001e+001 1.852264e+001
         vertex 1.021912e+000 7.200001e+001 1.841811e+001
         vertex 1.217984e-002 7.200001e+001 1.834878e+001
      endloop
   endfacet
   facet normal 0.000000e+000 1.000000e+000 0.000000e+000
      outer loop
         vertex 1.217984e-002 7.200001e+001 1.834878e+001
         vertex 1.021912e+000 7.200001e+001 1.841811e+001
         vertex 1.009744e+000 7.200001e+001 1.827903e+001
      endloop
   endfacet
   facet normal 0.000000e+000 1.000000e+000 0.000000e+000
      outer loop
         vertex 1.217984e-002 7.200001e+001 1.834878e+001
         vertex 1.009744e+000 7.200001e+001 1.827903e+001
         vertex 3.045425e-003 7.200001e+001 1.817450e+001
      endloop
   endfacet
   facet normal 0.000000e+000 1.000000e+000 0.000000e+000
      outer loop
         vertex 3.045425e-003 7.200001e+001 1.817450e+001
         vertex 1.009744e+000 7.200001e+001 1.827903e+001
         vertex 1.002437e+000 7.200001e+001 1.813960e+001
      endloop
   endfacet
   facet normal 0.000000e+000 1.000000e+000 0.000000e+000
      outer loop
         vertex 3.045425e-003 7.200001e+001 1.817450e+001
         vertex 1.002437e+000 7.200001e+001 1.813960e+001
         vertex 0.000000e+000 7.200001e+001 1.800000e+001
      endloop
   endfacet
   facet normal 0.000000e+000 1.000000e+000 0.000000e+000
      outer loop
         vertex 0.000000e+000 7.200001e+001 1.800000e+001
         vertex 1.002437e+000 7.200001e+001 1.813960e+001
         vertex 1.000000e+000 7.200001e+001 1.800000e+001
      endloop
   endfacet
   facet normal 0.000000e+000 1.000000e+000 0.000000e+000
      outer loop
         vertex 0.000000e+000 7.200001e+001 1.800000e+001
         vertex 1.000000e+000 7.200001e+001 1.800000e+001
         vertex 0.000000e+000 7.200001e+001 2.000000e+000
      endloop
   endfacet
   facet normal 0.000000e+000 1.000000e+000 0.000000e+000
      outer loop
         vertex 0.000000e+000 7.200001e+001 2.000000e+000
         vertex 1.000000e+000 7.200001e+001 1.800000e+001
         vertex 1.000000e+000 7.200001e+001 2.000000e+000
      endloop
   endfacet
   facet normal 0.000000e+000 1.000000e+000 0.000000e+000
      outer loop
         vertex 0.000000e+000 7.200001e+001 2.000000e+000
         vertex 1.000000e+000 7.200001e+001 2.000000e+000
         vertex 1.218170e-003 7.200001e+001 1.930201e+000
      endloop
   endfacet
   facet normal 0.000000e+000 1.000000e+000 0.000000e+000
      outer loop
         vertex 1.218170e-003 7.200001e+001 1.930201e+000
         vertex 1.000000e+000 7.200001e+001 2.000000e+000
         vertex 1.000609e+000 7.200001e+001 1.965100e+000
      endloop
   endfacet
   facet normal 0.000000e+000 1.000000e+000 0.000000e+000
      outer loop
         vertex 1.218170e-003 7.200001e+001 1.930201e+000
         vertex 1.000609e+000 7.200001e+001 1.965100e+000
         vertex 4.870817e-003 7.200001e+001 1.860487e+000
      endloop
   endfacet
   facet normal 0.000000e+000 1.000000e+000 0.000000e+000
      outer loop
         vertex 4.870817e-003 7.200001e+001 1.860487e+000
         vertex 1.000609e+000 7.200001e+001 1.965100e+000
         vertex 1.002436e+000 7.200001e+001 1.930243e+000
      endloop
   endfacet
   facet normal 0.000000e+000 1.000000e+000 0.000000e+000
      outer loop
         vertex 4.870817e-003 7.200001e+001 1.860487e+000
         vertex 1.002436e+000 7.200001e+001 1.930243e+000
         vertex 1.095608e-002 7.200001e+001 1.790943e+000
      endloop
   endfacet
   facet normal 0.000000e+000 1.000000e+000 0.000000e+000
      outer loop
         vertex 1.095608e-002 7.200001e+001 1.790943e+000
         vertex 1.002436e+000 7.200001e+001 1.930243e+000
         vertex 1.005478e+000 7.200001e+001 1.895471e+000
      endloop
   endfacet
   facet normal 0.000000e+000 1.000000e+000 0.000000e+000
      outer loop
         vertex 1.095608e-002 7.200001e+001 1.790943e+000
         vertex 1.005478e+000 7.200001e+001 1.895471e+000
         vertex 1.946278e-002 7.200001e+001 1.721654e+000
      endloop
   endfacet
   facet normal 0.000000e+000 1.000000e+000 0.000000e+000
      outer loop
         vertex 1.946278e-002 7.200001e+001 1.721654e+000
         vertex 1.005478e+000 7.200001e+001 1.895471e+000
         vertex 1.009732e+000 7.200001e+001 1.860827e+000
      endloop
   endfacet
   facet normal 0.000000e+000 1.000000e+000 0.000000e+000
      outer loop
         vertex 1.946278e-002 7.200001e+001 1.721654e+000
         vertex 1.009732e+000 7.200001e+001 1.860827e+000
         vertex 3.038347e-002 7.200001e+001 1.652704e+000
      endloop
   endfacet
   facet normal 0.000000e+000 1.000000e+000 0.000000e+000
      outer loop
         vertex 3.038347e-002 7.200001e+001 1.652704e+000
         vertex 1.009732e+000 7.200001e+001 1.860827e+000
         vertex 1.015192e+000 7.200001e+001 1.826352e+000
      endloop
   endfacet
   facet normal 0.000000e+000 1.000000e+000 0.000000e+000
      outer loop
         vertex 3.038347e-002 7.200001e+001 1.652704e+000
         vertex 1.015192e+000 7.200001e+001 1.826352e+000
         vertex 4.370511e-002 7.200001e+001 1.584176e+000
      endloop
   endfacet
   facet normal 0.000000e+000 1.000000e+000 0.000000e+000
      outer loop
         vertex 4.370511e-002 7.200001e+001 1.584176e+000
         vertex 1.015192e+000 7.200001e+001 1.826352e+000
         vertex 1.021852e+000 7.200001e+001 1.792088e+000
      endloop
   endfacet
   facet normal 0.000000e+000 1.000000e+000 0.000000e+000
      outer loop
         vertex 4.370511e-002 7.200001e+001 1.584176e+000
         vertex 1.021852e+000 7.200001e+001 1.792088e+000
         vertex 5.940907e-002 7.200001e+001 1.516156e+000
      endloop
   endfacet
   facet normal 0.000000e+000 1.000000e+000 0.000000e+000
      outer loop
         vertex 5.940907e-002 7.200001e+001 1.516156e+000
         vertex 1.021852e+000 7.200001e+001 1.792088e+000
         vertex 1.029704e+000 7.200001e+001 1.758078e+000
      endloop
   endfacet
   facet normal 0.000000e+000 1.000000e+000 0.000000e+000
      outer loop
         vertex 5.940907e-002 7.200001e+001 1.516156e+000
         vertex 1.029704e+000 7.200001e+001 1.758078e+000
         vertex 7.747672e-002 7.200001e+001 1.448725e+000
      endloop
   endfacet
   facet normal 0.000000e+000 1.000000e+000 0.000000e+000
      outer loop
         vertex 7.747672e-002 7.200001e+001 1.448725e+000
         vertex 1.029704e+000 7.200001e+001 1.758078e+000
         vertex 1.038738e+000 7.200001e+001 1.724362e+000
      endloop
   endfacet
   facet normal 0.000000e+000 1.000000e+000 0.000000e+000
      outer loop
         vertex 7.747672e-002 7.200001e+001 1.448725e+000
         vertex 1.038738e+000 7.200001e+001 1.724362e+000
         vertex 9.788759e-002 7.200001e+001 1.381966e+000
      endloop
   endfacet
   facet normal 0.000000e+000 1.000000e+000 0.000000e+000
      outer loop
         vertex 9.788759e-002 7.200001e+001 1.381966e+000
         vertex 1.038738e+000 7.200001e+001 1.724362e+000
         vertex 1.048943e+000 7.200001e+001 1.690983e+000
      endloop
   endfacet
   facet normal 0.000000e+000 1.000000e+000 0.000000e+000
      outer loop
         vertex 9.788759e-002 7.200001e+001 1.381966e+000
         vertex 1.048943e+000 7.200001e+001 1.690983e+000
         vertex 1.206137e-001 7.200001e+001 1.315960e+000
      endloop
   endfacet
   facet normal 0.000000e+000 1.000000e+000 0.000000e+000
      outer loop
         vertex 1.206137e-001 7.200001e+001 1.315960e+000
         vertex 1.048943e+000 7.200001e+001 1.690983e+000
         vertex 1.060307e+000 7.200001e+001 1.657980e+000
      endloop
   endfacet
   facet normal 0.000000e+000 1.000000e+000 0.000000e+000
      outer loop
         vertex 1.206137e-001 7.200001e+001 1.315960e+000
         vertex 1.060307e+000 7.200001e+001 1.657980e+000
         vertex 1.456328e-001 7.200001e+001 1.250787e+000
      endloop
   endfacet
   facet normal 0.000000e+000 1.000000e+000 0.000000e+000
      outer loop
         vertex 1.456328e-001 7.200001e+001 1.250787e+000
         vertex 1.060307e+000 7.200001e+001 1.657980e+000
         vertex 1.072816e+000 7.200001e+001 1.625393e+000
      endloop
   endfacet
   facet normal -1.000000e+000 0.000000e+000 0.000000e+000
      outer loop
         vertex 0.000000e+000 7.200001e+001 1.800000e+001
         vertex 0.000000e+000 7.200001e+001 2.000000e+000
         vertex 0.000000e+000 7.100000e+001 1.800000e+001
      endloop
   endfacet
   facet normal -1.000000e+000 0.000000e+000 0.000000e+000
      outer loop
         vertex 0.000000e+000 7.100000e+001 1.800000e+001
         vertex 0.000000e+000 7.200001e+001 2.000000e+000
         vertex 0.000000e+000 7.100000e+001 2.000000e+000
      endloop
   endfacet
   facet normal 1.156482e-016 0.000000e+000 1.000000e+000
      outer loop
         vertex 5.000000e+000 7.100000e+001 2.300000e+001
         vertex 2.500000e+001 7.100000e+001 2.300000e+001
         vertex 5.000000e+000 7.200001e+001 2.300000e+001
      endloop
   endfacet
   facet normal 1.156482e-016 0.000000e+000 1.000000e+000
      outer loop
         vertex 5.000000e+000 7.200001e+001 2.300000e+001
         vertex 2.500000e+001 7.100000e+001 2.300000e+001
         vertex 2.500000e+001 7.200001e+001 2.300000e+001
      endloop
   endfacet
   facet normal 1.000000e+000 0.000000e+000 -1.508455e-016
      outer loop
         vertex 3.000000e+001 7.100000e+001 1.800000e+001
         vertex 3.000000e+001 7.100000e+001 2.000000e+000
         vertex 3.000000e+001 7.200001e+001 1.800000e+001
      endloop
   endfacet
   facet normal 1.000000e+000 0.000000e+000 -1.508455e-016
      outer loop
         vertex 3.000000e+001 7.200001e+001 1.800000e+001
         vertex 3.000000e+001 7.100000e+001 2.000000e+000
         vertex 3.000000e+001 7.200001e+001 2.000000e+000
      endloop
   endfacet
   facet normal 0.000000e+000 0.000000e+000 -1.000000e+000
      outer loop
         vertex 2.800000e+001 7.100000e+001 0.000000e+000
         vertex 1.999999e+000 7.100000e+001 0.000000e+000
         vertex 2.800000e+001 7.200001e+001 0.000000e+000
      endloop
   endfacet
   facet normal 0.000000e+000 0.000000e+000 -1.000000e+000
      outer loop
         vertex 2.800000e+001 7.200001e+001 0.000000e+000
         vertex 1.999999e+000 7.100000e+001 0.000000e+000
         vertex 1.999999e+000 7.200001e+001 0.000000e+000
      endloop
   endfacet
   facet normal 0.000000e+000 -1.000000e+000 0.000000e+000
      outer loop
         vertex 2.517450e+001 7.100000e+001 2.299695e+001
         vertex 2.500000e+001 7.100000e+001 2.300000e+001
         vertex 2.730453e+001 7.100000e+001 6.995909e+000
      endloop
   endfacet
   facet normal 0.000000e+000 -1.000000e+000 0.000000e+000
      outer loop
         vertex 2.730453e+001 7.100000e+001 6.995909e+000
         vertex 2.500000e+001 7.100000e+001 2.300000e+001
         vertex 2.707680e+000 7.100000e+001 6.995909e+000
      endloop
   endfacet
   facet normal 0.000000e+000 -1.000000e+000 0.000000e+000
      outer loop
         vertex 2.800000e+001 7.100000e+001 0.000000e+000
         vertex 2.730453e+001 7.100000e+001 5.196330e+000
         vertex 1.999999e+000 7.100000e+001 0.000000e+000
      endloop
   endfacet
   facet normal 0.000000e+000 -1.000000e+000 0.000000e+000
      outer loop
         vertex 1.999999e+000 7.100000e+001 0.000000e+000
         vertex 2.730453e+001 7.100000e+001 5.196330e+000
         vertex 2.707680e+000 7.100000e+001 5.196330e+000
      endloop
   endfacet
   facet normal 0.000000e+000 -1.000000e+000 0.000000e+000
      outer loop
         vertex 1.999999e+000 7.100000e+001 0.000000e+000
         vertex 2.707680e+000 7.100000e+001 5.196330e+000
         vertex 1.930200e+000 7.100000e+001 1.218170e-003
      endloop
   endfacet
   facet normal 0.000000e+000 -1.000000e+000 0.000000e+000
      outer loop
         vertex 1.930200e+000 7.100000e+001 1.218170e-003
         vertex 2.707680e+000 7.100000e+001 5.196330e+000
         vertex 1.860486e+000 7.100000e+001 4.871748e-003
      endloop
   endfacet
   facet normal 0.000000e+000 -1.000000e+000 0.000000e+000
      outer loop
         vertex 2.995630e+001 7.100000e+001 1.584176e+000
         vertex 2.730453e+001 7.100000e+001 5.196330e+000
         vertex 2.994059e+001 7.100000e+001 1.516156e+000
      endloop
   endfacet
   facet normal 0.000000e+000 -1.000000e+000 0.000000e+000
      outer loop
         vertex 2.994059e+001 7.100000e+001 1.516156e+000
         vertex 2.730453e+001 7.100000e+001 5.196330e+000
         vertex 2.992252e+001 7.100000e+001 1.448725e+000
      endloop
   endfacet
   facet normal 0.000000e+000 -1.000000e+000 0.000000e+000
      outer loop
         vertex 2.730453e+001 7.100000e+001 5.196330e+000
         vertex 2.998904e+001 7.100000e+001 1.790943e+000
         vertex 2.999513e+001 7.100000e+001 1.860487e+000
      endloop
   endfacet
   facet normal 0.000000e+000 -1.000000e+000 0.000000e+000
      outer loop
         vertex 2.707680e+000 7.100000e+001 5.196330e+000
         vertex 1.218170e-003 7.100000e+001 1.930201e+000
         vertex 4.870817e-003 7.100000e+001 1.860487e+000
      endloop
   endfacet
   facet normal 0.000000e+000 -1.000000e+000 0.000000e+000
      outer loop
         vertex 2.707680e+000 7.100000e+001 5.196330e+000
         vertex 3.038347e-002 7.100000e+001 1.652704e+000
         vertex 4.370511e-002 7.100000e+001 1.584176e+000
      endloop
   endfacet
   facet normal 0.000000e+000 -1.000000e+000 0.000000e+000
      outer loop
         vertex 2.800000e+001 7.100000e+001 0.000000e+000
         vertex 2.806980e+001 7.100000e+001 1.218170e-003
         vertex 2.730453e+001 7.100000e+001 5.196330e+000
      endloop
   endfacet
   facet normal 0.000000e+000 -1.000000e+000 0.000000e+000
      outer loop
         vertex 2.730453e+001 7.100000e+001 5.196330e+000
         vertex 2.806980e+001 7.100000e+001 1.218170e-003
         vertex 2.813951e+001 7.100000e+001 4.871748e-003
      endloop
   endfacet
   facet normal 0.000000e+000 -1.000000e+000 0.000000e+000
      outer loop
         vertex 2.730453e+001 7.100000e+001 5.196330e+000
         vertex 2.813951e+001 7.100000e+001 4.871748e-003
         vertex 2.820906e+001 7.100000e+001 1.095608e-002
      endloop
   endfacet
   facet normal 0.000000e+000 -1.000000e+000 0.000000e+000
      outer loop
         vertex 2.820906e+001 7.100000e+001 1.095608e-002
         vertex 2.827835e+001 7.100000e+001 1.946371e-002
         vertex 2.730453e+001 7.100000e+001 5.196330e+000
      endloop
   endfacet
   facet normal 0.000000e+000 -1.000000e+000 0.000000e+000
      outer loop
         vertex 2.730453e+001 7.100000e+001 5.196330e+000
         vertex 2.827835e+001 7.100000e+001 1.946371e-002
         vertex 2.834729e+001 7.100000e+001 3.038440e-002
      endloop
   endfacet
   facet normal 0.000000e+000 -1.000000e+000 0.000000e+000
      outer loop
         vertex 2.730453e+001 7.100000e+001 5.196330e+000
         vertex 2.834729e+001 7.100000e+001 3.038440e-002
         vertex 2.841582e+001 7.100000e+001 4.370511e-002
      endloop
   endfacet
   facet normal 0.000000e+000 -1.000000e+000 0.000000e+000
      outer loop
         vertex 2.933826e+001 7.100000e+001 5.137101e-001
         vertex 2.730453e+001 7.100000e+001 5.196330e+000
         vertex 2.928558e+001 7.100000e+001 4.679109e-001
      endloop
   endfacet
   facet normal 0.000000e+000 -1.000000e+000 0.000000e+000
      outer loop
         vertex 2.928558e+001 7.100000e+001 4.679109e-001
         vertex 2.730453e+001 7.100000e+001 5.196330e+000
         vertex 2.923132e+001 7.100000e+001 4.239785e-001
      endloop
   endfacet
   facet normal 0.000000e+000 -1.000000e+000 0.000000e+000
      outer loop
         vertex 2.985437e+001 7.100000e+001 1.250787e+000
         vertex 2.987938e+001 7.100000e+001 1.315960e+000
         vertex 2.730453e+001 7.100000e+001 5.196330e+000
      endloop
   endfacet
   facet normal 0.000000e+000 -1.000000e+000 0.000000e+000
      outer loop
         vertex 2.730453e+001 7.100000e+001 5.196330e+000
         vertex 2.987938e+001 7.100000e+001 1.315960e+000
         vertex 2.990211e+001 7.100000e+001 1.381966e+000
      endloop
   endfacet
   facet normal 0.000000e+000 -1.000000e+000 0.000000e+000
      outer loop
         vertex 2.730453e+001 7.100000e+001 5.196330e+000
         vertex 2.990211e+001 7.100000e+001 1.381966e+000
         vertex 2.992252e+001 7.100000e+001 1.448725e+000
      endloop
   endfacet
   facet normal 0.000000e+000 -1.000000e+000 0.000000e+000
      outer loop
         vertex 2.995630e+001 7.100000e+001 1.584176e+000
         vertex 2.996961e+001 7.100000e+001 1.652704e+000
         vertex 2.730453e+001 7.100000e+001 5.196330e+000
      endloop
   endfacet
   facet normal 0.000000e+000 -1.000000e+000 0.000000e+000
      outer loop
         vertex 2.730453e+001 7.100000e+001 5.196330e+000
         vertex 2.996961e+001 7.100000e+001 1.652704e+000
         vertex 2.998054e+001 7.100000e+001 1.721654e+000
      endloop
   endfacet
   facet normal 0.000000e+000 -1.000000e+000 0.000000e+000
      outer loop
         vertex 2.730453e+001 7.100000e+001 5.196330e+000
         vertex 2.998054e+001 7.100000e+001 1.721654e+000
         vertex 2.998904e+001 7.100000e+001 1.790943e+000
      endloop
   endfacet
   facet normal 0.000000e+000 -1.000000e+000 0.000000e+000
      outer loop
         vertex 2.999513e+001 7.100000e+001 1.860487e+000
         vertex 2.999878e+001 7.100000e+001 1.930201e+000
         vertex 2.730453e+001 7.100000e+001 5.196330e+000
      endloop
   endfacet
   facet normal 0.000000e+000 -1.000000e+000 0.000000e+000
      outer loop
         vertex 2.730453e+001 7.100000e+001 5.196330e+000
         vertex 2.999878e+001 7.100000e+001 1.930201e+000
         vertex 3.000000e+001 7.100000e+001 2.000000e+000
      endloop
   endfacet
   facet normal 0.000000e+000 -1.000000e+000 0.000000e+000
      outer loop
         vertex 2.730453e+001 7.100000e+001 5.196330e+000
         vertex 3.000000e+001 7.100000e+001 2.000000e+000
         vertex 2.730453e+001 7.100000e+001 6.995909e+000
      endloop
   endfacet
   facet normal 0.000000e+000 -1.000000e+000 0.000000e+000
      outer loop
         vertex 3.000000e+001 7.100000e+001 2.000000e+000
         vertex 3.000000e+001 7.100000e+001 1.800000e+001
         vertex 2.730453e+001 7.100000e+001 6.995909e+000
      endloop
   endfacet
   facet normal 0.000000e+000 -1.000000e+000 0.000000e+000
      outer loop
         vertex 2.730453e+001 7.100000e+001 6.995909e+000
         vertex 3.000000e+001 7.100000e+001 1.800000e+001
         vertex 2.999695e+001 7.100000e+001 1.817450e+001
      endloop
   endfacet
   facet normal 0.000000e+000 -1.000000e+000 0.000000e+000
      outer loop
         vertex 2.730453e+001 7.100000e+001 6.995909e+000
         vertex 2.999695e+001 7.100000e+001 1.817450e+001
         vertex 2.998782e+001 7.100000e+001 1.834878e+001
      endloop
   endfacet
   facet normal 0.000000e+000 -1.000000e+000 0.000000e+000
      outer loop
         vertex 2.500000e+001 7.100000e+001 2.300000e+001
         vertex 5.000000e+000 7.100000e+001 2.300000e+001
         vertex 2.707680e+000 7.100000e+001 6.995909e+000
      endloop
   endfacet
   facet normal 0.000000e+000 -1.000000e+000 0.000000e+000
      outer loop
         vertex 2.707680e+000 7.100000e+001 6.995909e+000
         vertex 5.000000e+000 7.100000e+001 2.300000e+001
         vertex 4.825502e+000 7.100000e+001 2.299695e+001
      endloop
   endfacet
   facet normal 0.000000e+000 -1.000000e+000 0.000000e+000
      outer loop
         vertex 2.707680e+000 7.100000e+001 6.995909e+000
         vertex 4.825502e+000 7.100000e+001 2.299695e+001
         vertex 4.651218e+000 7.100000e+001 2.298782e+001
      endloop
   endfacet
   facet normal 0.000000e+000 -1.000000e+000 0.000000e+000
      outer loop
         vertex 4.870817e-003 7.100000e+001 1.860487e+000
         vertex 1.095608e-002 7.100000e+001 1.790943e+000
         vertex 2.707680e+000 7.100000e+001 5.196330e+000
      endloop
   endfacet
   facet normal 0.000000e+000 -1.000000e+000 0.000000e+000
      outer loop
         vertex 2.707680e+000 7.100000e+001 5.196330e+000
         vertex 1.095608e-002 7.100000e+001 1.790943e+000
         vertex 1.946278e-002 7.100000e+001 1.721654e+000
      endloop
   endfacet
   facet normal 0.000000e+000 -1.000000e+000 0.000000e+000
      outer loop
         vertex 2.707680e+000 7.100000e+001 5.196330e+000
         vertex 1.946278e-002 7.100000e+001 1.721654e+000
         vertex 3.038347e-002 7.100000e+001 1.652704e+000
      endloop
   endfacet
   facet normal 0.000000e+000 -1.000000e+000 0.000000e+000
      outer loop
         vertex 2.949397e+001 7.100000e+001 2.019186e+001
         vertex 2.941474e+001 7.100000e+001 2.034736e+001
         vertex 2.730453e+001 7.100000e+001 6.995909e+000
      endloop
   endfacet
   facet normal 0.000000e+000 -1.000000e+000 0.000000e+000
      outer loop
         vertex 2.730453e+001 7.100000e+001 6.995909e+000
         vertex 2.941474e+001 7.100000e+001 2.034736e+001
         vertex 2.933013e+001 7.100000e+001 2.050000e+001
      endloop
   endfacet
   facet normal 0.000000e+000 -1.000000e+000 0.000000e+000
      outer loop
         vertex 2.793892e+001 7.100000e+001 2.204509e+001
         vertex 2.779596e+001 7.100000e+001 2.214519e+001
         vertex 2.730453e+001 7.100000e+001 6.995909e+000
      endloop
   endfacet
   facet normal 0.000000e+000 -1.000000e+000 0.000000e+000
      outer loop
         vertex 2.730453e+001 7.100000e+001 6.995909e+000
         vertex 2.779596e+001 7.100000e+001 2.214519e+001
         vertex 2.764960e+001 7.100000e+001 2.224024e+001
      endloop
   endfacet
   facet normal 0.000000e+000 -1.000000e+000 0.000000e+000
      outer loop
         vertex 4.370511e-002 7.100000e+001 1.584176e+000
         vertex 5.940907e-002 7.100000e+001 1.516156e+000
         vertex 2.707680e+000 7.100000e+001 5.196330e+000
      endloop
   endfacet
   facet normal 0.000000e+000 -1.000000e+000 0.000000e+000
      outer loop
         vertex 2.707680e+000 7.100000e+001 5.196330e+000
         vertex 5.940907e-002 7.100000e+001 1.516156e+000
         vertex 7.747672e-002 7.100000e+001 1.448725e+000
      endloop
   endfacet
   facet normal 0.000000e+000 -1.000000e+000 0.000000e+000
      outer loop
         vertex 2.707680e+000 7.100000e+001 5.196330e+000
         vertex 7.747672e-002 7.100000e+001 1.448725e+000
         vertex 9.788759e-002 7.100000e+001 1.381966e+000
      endloop
   endfacet
   facet normal 0.000000e+000 -1.000000e+000 0.000000e+000
      outer loop
         vertex 9.788759e-002 7.100000e+001 1.381966e+000
         vertex 1.206137e-001 7.100000e+001 1.315960e+000
         vertex 2.707680e+000 7.100000e+001 5.196330e+000
      endloop
   endfacet
   facet normal 0.000000e+000 -1.000000e+000 0.000000e+000
      outer loop
         vertex 2.707680e+000 7.100000e+001 5.196330e+000
         vertex 1.206137e-001 7.100000e+001 1.315960e+000
         vertex 1.456328e-001 7.100000e+001 1.250787e+000
      endloop
   endfacet
   facet normal 0.000000e+000 -1.000000e+000 0.000000e+000
      outer loop
         vertex 2.707680e+000 7.100000e+001 5.196330e+000
         vertex 1.456328e-001 7.100000e+001 1.250787e+000
         vertex 1.729093e-001 7.100000e+001 1.186526e+000
      endloop
   endfacet
   facet normal 0.000000e+000 -1.000000e+000 0.000000e+000
      outer loop
         vertex 2.841582e+001 7.100000e+001 4.370511e-002
         vertex 2.848384e+001 7.100000e+001 5.940814e-002
         vertex 2.730453e+001 7.100000e+001 5.196330e+000
      endloop
   endfacet
   facet normal 0.000000e+000 -1.000000e+000 0.000000e+000
      outer loop
         vertex 2.730453e+001 7.100000e+001 5.196330e+000
         vertex 2.848384e+001 7.100000e+001 5.940814e-002
         vertex 2.855128e+001 7.100000e+001 7.747672e-002
      endloop
   endfacet
   facet normal 0.000000e+000 -1.000000e+000 0.000000e+000
      outer loop
         vertex 2.730453e+001 7.100000e+001 5.196330e+000
         vertex 2.855128e+001 7.100000e+001 7.747672e-002
         vertex 2.861803e+001 7.100000e+001 9.788666e-002
      endloop
   endfacet
   facet normal 0.000000e+000 -1.000000e+000 0.000000e+000
      outer loop
         vertex 2.933826e+001 7.100000e+001 5.137101e-001
         vertex 2.938932e+001 7.100000e+001 5.613202e-001
         vertex 2.730453e+001 7.100000e+001 5.196330e+000
      endloop
   endfacet
   facet normal 0.000000e+000 -1.000000e+000 0.000000e+000
      outer loop
         vertex 2.730453e+001 7.100000e+001 5.196330e+000
         vertex 2.938932e+001 7.100000e+001 5.613202e-001
         vertex 2.943868e+001 7.100000e+001 6.106831e-001
      endloop
   endfacet
   facet normal 0.000000e+000 -1.000000e+000 0.000000e+000
      outer loop
         vertex 2.730453e+001 7.100000e+001 5.196330e+000
         vertex 2.943868e+001 7.100000e+001 6.106831e-001
         vertex 2.948629e+001 7.100000e+001 6.617387e-001
      endloop
   endfacet
   facet normal 0.000000e+000 -1.000000e+000 0.000000e+000
      outer loop
         vertex 2.969846e+001 7.100000e+001 1.971010e+001
         vertex 2.730453e+001 7.100000e+001 6.995909e+000
         vertex 2.975528e+001 7.100000e+001 1.954509e+001
      endloop
   endfacet
   facet normal 0.000000e+000 -1.000000e+000 0.000000e+000
      outer loop
         vertex 2.975528e+001 7.100000e+001 1.954509e+001
         vertex 2.730453e+001 7.100000e+001 6.995909e+000
         vertex 2.980631e+001 7.100000e+001 1.937819e+001
      endloop
   endfacet
   facet normal 0.000000e+000 -1.000000e+000 0.000000e+000
      outer loop
         vertex 2.764960e+001 7.100000e+001 2.224024e+001
         vertex 2.750000e+001 7.100000e+001 2.233013e+001
         vertex 2.730453e+001 7.100000e+001 6.995909e+000
      endloop
   endfacet
   facet normal 0.000000e+000 -1.000000e+000 0.000000e+000
      outer loop
         vertex 2.730453e+001 7.100000e+001 6.995909e+000
         vertex 2.750000e+001 7.100000e+001 2.233013e+001
         vertex 2.734736e+001 7.100000e+001 2.241474e+001
      endloop
   endfacet
   facet normal 0.000000e+000 -1.000000e+000 0.000000e+000
      outer loop
         vertex 2.730453e+001 7.100000e+001 6.995909e+000
         vertex 2.734736e+001 7.100000e+001 2.241474e+001
         vertex 2.719185e+001 7.100000e+001 2.249397e+001
      endloop
   endfacet
   facet normal 0.000000e+000 -1.000000e+000 0.000000e+000
      outer loop
         vertex 3.289899e+000 7.100000e+001 2.269846e+001
         vertex 2.707680e+000 7.100000e+001 6.995909e+000
         vertex 3.454914e+000 7.100000e+001 2.275528e+001
      endloop
   endfacet
   facet normal 0.000000e+000 -1.000000e+000 0.000000e+000
      outer loop
         vertex 3.454914e+000 7.100000e+001 2.275528e+001
         vertex 2.707680e+000 7.100000e+001 6.995909e+000
         vertex 3.621813e+000 7.100000e+001 2.280631e+001
      endloop
   endfacet
   facet normal 0.000000e+000 -1.000000e+000 0.000000e+000
      outer loop
         vertex 2.966316e+000 7.100000e+001 2.256773e+001
         vertex 2.808144e+000 7.100000e+001 2.249397e+001
         vertex 3.045425e-003 7.100000e+001 1.817450e+001
      endloop
   endfacet
   facet normal 0.000000e+000 -1.000000e+000 0.000000e+000
      outer loop
         vertex 3.045425e-003 7.100000e+001 1.817450e+001
         vertex 2.808144e+000 7.100000e+001 2.249397e+001
         vertex 2.652642e+000 7.100000e+001 2.241474e+001
      endloop
   endfacet
   facet normal 0.000000e+000 -1.000000e+000 0.000000e+000
      outer loop
         vertex 1.729093e-001 7.100000e+001 1.186526e+000
         vertex 2.024118e-001 7.100000e+001 1.123257e+000
         vertex 2.707680e+000 7.100000e+001 5.196330e+000
      endloop
   endfacet
   facet normal 0.000000e+000 -1.000000e+000 0.000000e+000
      outer loop
         vertex 2.707680e+000 7.100000e+001 5.196330e+000
         vertex 2.024118e-001 7.100000e+001 1.123257e+000
         vertex 2.341047e-001 7.100000e+001 1.061057e+000
      endloop
   endfacet
   facet normal 0.000000e+000 -1.000000e+000 0.000000e+000
      outer loop
         vertex 2.707680e+000 7.100000e+001 5.196330e+000
         vertex 2.341047e-001 7.100000e+001 1.061057e+000
         vertex 2.679490e-001 7.100000e+001 9.999997e-001
      endloop
   endfacet
   facet normal 0.000000e+000 -1.000000e+000 0.000000e+000
      outer loop
         vertex 2.861803e+001 7.100000e+001 9.788666e-002
         vertex 2.868404e+001 7.100000e+001 1.206147e-001
         vertex 2.730453e+001 7.100000e+001 5.196330e+000
      endloop
   endfacet
   facet normal 0.000000e+000 -1.000000e+000 0.000000e+000
      outer loop
         vertex 2.730453e+001 7.100000e+001 5.196330e+000
         vertex 2.868404e+001 7.100000e+001 1.206147e-001
         vertex 2.874921e+001 7.100000e+001 1.456323e-001
      endloop
   endfacet
   facet normal 0.000000e+000 -1.000000e+000 0.000000e+000
      outer loop
         vertex 2.730453e+001 7.100000e+001 5.196330e+000
         vertex 2.874921e+001 7.100000e+001 1.456323e-001
         vertex 2.881347e+001 7.100000e+001 1.729089e-001
      endloop
   endfacet
   facet normal 0.000000e+000 -1.000000e+000 0.000000e+000
      outer loop
         vertex 2.730453e+001 7.100000e+001 5.196330e+000
         vertex 2.900000e+001 7.100000e+001 2.679490e-001
         vertex 2.905984e+001 7.100000e+001 3.039036e-001
      endloop
   endfacet
   facet normal 0.000000e+000 -1.000000e+000 0.000000e+000
      outer loop
         vertex 2.730453e+001 7.100000e+001 5.196330e+000
         vertex 2.973205e+001 7.100000e+001 9.999997e-001
         vertex 2.976589e+001 7.100000e+001 1.061057e+000
      endloop
   endfacet
   facet normal 0.000000e+000 -1.000000e+000 0.000000e+000
      outer loop
         vertex 2.998782e+001 7.100000e+001 1.834878e+001
         vertex 2.997261e+001 7.100000e+001 1.852264e+001
         vertex 2.730453e+001 7.100000e+001 6.995909e+000
      endloop
   endfacet
   facet normal 0.000000e+000 -1.000000e+000 0.000000e+000
      outer loop
         vertex 2.730453e+001 7.100000e+001 6.995909e+000
         vertex 2.997261e+001 7.100000e+001 1.852264e+001
         vertex 2.995134e+001 7.100000e+001 1.869587e+001
      endloop
   endfacet
   facet normal 0.000000e+000 -1.000000e+000 0.000000e+000
      outer loop
         vertex 2.730453e+001 7.100000e+001 6.995909e+000
         vertex 2.995134e+001 7.100000e+001 1.869587e+001
         vertex 2.992404e+001 7.100000e+001 1.886824e+001
      endloop
   endfacet
   facet normal 0.000000e+000 -1.000000e+000 0.000000e+000
      outer loop
         vertex 2.992404e+001 7.100000e+001 1.886824e+001
         vertex 2.989074e+001 7.100000e+001 1.903956e+001
         vertex 2.730453e+001 7.100000e+001 6.995909e+000
      endloop
   endfacet
   facet normal 0.000000e+000 -1.000000e+000 0.000000e+000
      outer loop
         vertex 2.730453e+001 7.100000e+001 6.995909e+000
         vertex 2.989074e+001 7.100000e+001 1.903956e+001
         vertex 2.985148e+001 7.100000e+001 1.920961e+001
      endloop
   endfacet
   facet normal 0.000000e+000 -1.000000e+000 0.000000e+000
      outer loop
         vertex 2.730453e+001 7.100000e+001 6.995909e+000
         vertex 2.985148e+001 7.100000e+001 1.920961e+001
         vertex 2.980631e+001 7.100000e+001 1.937819e+001
      endloop
   endfacet
   facet normal 0.000000e+000 -1.000000e+000 0.000000e+000
      outer loop
         vertex 2.933013e+001 7.100000e+001 2.050000e+001
         vertex 2.924024e+001 7.100000e+001 2.064960e+001
         vertex 2.730453e+001 7.100000e+001 6.995909e+000
      endloop
   endfacet
   facet normal 0.000000e+000 -1.000000e+000 0.000000e+000
      outer loop
         vertex 2.730453e+001 7.100000e+001 6.995909e+000
         vertex 2.924024e+001 7.100000e+001 2.064960e+001
         vertex 2.914519e+001 7.100000e+001 2.079596e+001
      endloop
   endfacet
   facet normal 0.000000e+000 -1.000000e+000 0.000000e+000
      outer loop
         vertex 2.730453e+001 7.100000e+001 6.995909e+000
         vertex 2.914519e+001 7.100000e+001 2.079596e+001
         vertex 2.904508e+001 7.100000e+001 2.093892e+001
      endloop
   endfacet
   facet normal 0.000000e+000 -1.000000e+000 0.000000e+000
      outer loop
         vertex 2.904508e+001 7.100000e+001 2.093892e+001
         vertex 2.894005e+001 7.100000e+001 2.107831e+001
         vertex 2.730453e+001 7.100000e+001 6.995909e+000
      endloop
   endfacet
   facet normal 0.000000e+000 -1.000000e+000 0.000000e+000
      outer loop
         vertex 2.730453e+001 7.100000e+001 6.995909e+000
         vertex 2.894005e+001 7.100000e+001 2.107831e+001
         vertex 2.883022e+001 7.100000e+001 2.121394e+001
      endloop
   endfacet
   facet normal 0.000000e+000 -1.000000e+000 0.000000e+000
      outer loop
         vertex 2.730453e+001 7.100000e+001 6.995909e+000
         vertex 2.883022e+001 7.100000e+001 2.121394e+001
         vertex 2.871572e+001 7.100000e+001 2.134565e+001
      endloop
   endfacet
   facet normal 0.000000e+000 -1.000000e+000 0.000000e+000
      outer loop
         vertex 2.834565e+001 7.100000e+001 2.171572e+001
         vertex 2.821394e+001 7.100000e+001 2.183022e+001
         vertex 2.730453e+001 7.100000e+001 6.995909e+000
      endloop
   endfacet
   facet normal 0.000000e+000 -1.000000e+000 0.000000e+000
      outer loop
         vertex 2.730453e+001 7.100000e+001 6.995909e+000
         vertex 2.821394e+001 7.100000e+001 2.183022e+001
         vertex 2.807831e+001 7.100000e+001 2.194005e+001
      endloop
   endfacet
   facet normal 0.000000e+000 -1.000000e+000 0.000000e+000
      outer loop
         vertex 2.730453e+001 7.100000e+001 6.995909e+000
         vertex 2.807831e+001 7.100000e+001 2.194005e+001
         vertex 2.793892e+001 7.100000e+001 2.204509e+001
      endloop
   endfacet
   facet normal 0.000000e+000 -1.000000e+000 0.000000e+000
      outer loop
         vertex 2.719185e+001 7.100000e+001 2.249397e+001
         vertex 2.703368e+001 7.100000e+001 2.256773e+001
         vertex 2.730453e+001 7.100000e+001 6.995909e+000
      endloop
   endfacet
   facet normal 0.000000e+000 -1.000000e+000 0.000000e+000
      outer loop
         vertex 2.730453e+001 7.100000e+001 6.995909e+000
         vertex 2.703368e+001 7.100000e+001 2.256773e+001
         vertex 2.687303e+001 7.100000e+001 2.263592e+001
      endloop
   endfacet
   facet normal 0.000000e+000 -1.000000e+000 0.000000e+000
      outer loop
         vertex 2.730453e+001 7.100000e+001 6.995909e+000
         vertex 2.687303e+001 7.100000e+001 2.263592e+001
         vertex 2.671010e+001 7.100000e+001 2.269846e+001
      endloop
   endfacet
   facet normal 0.000000e+000 -1.000000e+000 0.000000e+000
      outer loop
         vertex 2.671010e+001 7.100000e+001 2.269846e+001
         vertex 2.654509e+001 7.100000e+001 2.275528e+001
         vertex 2.730453e+001 7.100000e+001 6.995909e+000
      endloop
   endfacet
   facet normal 0.000000e+000 -1.000000e+000 0.000000e+000
      outer loop
         vertex 2.730453e+001 7.100000e+001 6.995909e+000
         vertex 2.654509e+001 7.100000e+001 2.275528e+001
         vertex 2.637819e+001 7.100000e+001 2.280631e+001
      endloop
   endfacet
   facet normal 0.000000e+000 -1.000000e+000 0.000000e+000
      outer loop
         vertex 2.730453e+001 7.100000e+001 6.995909e+000
         vertex 2.637819e+001 7.100000e+001 2.280631e+001
         vertex 2.620961e+001 7.100000e+001 2.285148e+001
      endloop
   endfacet
   facet normal 0.000000e+000 -1.000000e+000 0.000000e+000
      outer loop
         vertex 1.218170e-003 7.100000e+001 1.930201e+000
         vertex 2.707680e+000 7.100000e+001 5.196330e+000
         vertex 0.000000e+000 7.100000e+001 2.000000e+000
      endloop
   endfacet
   facet normal 0.000000e+000 -1.000000e+000 0.000000e+000
      outer loop
         vertex 0.000000e+000 7.100000e+001 2.000000e+000
         vertex 2.707680e+000 7.100000e+001 5.196330e+000
         vertex 2.707680e+000 7.100000e+001 6.995909e+000
      endloop
   endfacet
   facet normal 0.000000e+000 -1.000000e+000 0.000000e+000
      outer loop
         vertex 0.000000e+000 7.100000e+001 2.000000e+000
         vertex 2.707680e+000 7.100000e+001 6.995909e+000
         vertex 0.000000e+000 7.100000e+001 1.800000e+001
      endloop
   endfacet
   facet normal 0.000000e+000 -1.000000e+000 0.000000e+000
      outer loop
         vertex 0.000000e+000 7.100000e+001 1.800000e+001
         vertex 2.707680e+000 7.100000e+001 6.995909e+000
         vertex 3.289899e+000 7.100000e+001 2.269846e+001
      endloop
   endfacet
   facet normal 0.000000e+000 -1.000000e+000 0.000000e+000
      outer loop
         vertex 0.000000e+000 7.100000e+001 1.800000e+001
         vertex 3.289899e+000 7.100000e+001 2.269846e+001
         vertex 3.045425e-003 7.100000e+001 1.817450e+001
      endloop
   endfacet
   facet normal 0.000000e+000 -1.000000e+000 0.000000e+000
      outer loop
         vertex 3.045425e-003 7.100000e+001 1.817450e+001
         vertex 3.289899e+000 7.100000e+001 2.269846e+001
         vertex 3.126967e+000 7.100000e+001 2.263592e+001
      endloop
   endfacet
   facet normal 0.000000e+000 -1.000000e+000 0.000000e+000
      outer loop
         vertex 3.045425e-003 7.100000e+001 1.817450e+001
         vertex 3.126967e+000 7.100000e+001 2.263592e+001
         vertex 2.966316e+000 7.100000e+001 2.256773e+001
      endloop
   endfacet
   facet normal 0.000000e+000 -1.000000e+000 0.000000e+000
      outer loop
         vertex 1.448725e+000 7.100000e+001 7.747672e-002
         vertex 1.516156e+000 7.100000e+001 5.940814e-002
         vertex 2.707680e+000 7.100000e+001 5.196330e+000
      endloop
   endfacet
   facet normal 0.000000e+000 -1.000000e+000 0.000000e+000
      outer loop
         vertex 2.707680e+000 7.100000e+001 5.196330e+000
         vertex 1.516156e+000 7.100000e+001 5.940814e-002
         vertex 1.584176e+000 7.100000e+001 4.370511e-002
      endloop
   endfacet
   facet normal 0.000000e+000 -1.000000e+000 0.000000e+000
      outer loop
         vertex 2.707680e+000 7.100000e+001 5.196330e+000
         vertex 1.584176e+000 7.100000e+001 4.370511e-002
         vertex 1.652704e+000 7.100000e+001 3.038440e-002
      endloop
   endfacet
   facet normal 0.000000e+000 -1.000000e+000 0.000000e+000
      outer loop
         vertex 1.652704e+000 7.100000e+001 3.038440e-002
         vertex 1.721653e+000 7.100000e+001 1.946371e-002
         vertex 2.707680e+000 7.100000e+001 5.196330e+000
      endloop
   endfacet
   facet normal 0.000000e+000 -1.000000e+000 0.000000e+000
      outer loop
         vertex 2.707680e+000 7.100000e+001 5.196330e+000
         vertex 1.721653e+000 7.100000e+001 1.946371e-002
         vertex 1.790943e+000 7.100000e+001 1.095608e-002
      endloop
   endfacet
   facet normal 0.000000e+000 -1.000000e+000 0.000000e+000
      outer loop
         vertex 2.707680e+000 7.100000e+001 5.196330e+000
         vertex 1.790943e+000 7.100000e+001 1.095608e-002
         vertex 1.860486e+000 7.100000e+001 4.871748e-003
      endloop
   endfacet
   facet normal 0.000000e+000 -1.000000e+000 0.000000e+000
      outer loop
         vertex 2.881347e+001 7.100000e+001 1.729089e-001
         vertex 2.887674e+001 7.100000e+001 2.024118e-001
         vertex 2.730453e+001 7.100000e+001 5.196330e+000
      endloop
   endfacet
   facet normal 0.000000e+000 -1.000000e+000 0.000000e+000
      outer loop
         vertex 2.730453e+001 7.100000e+001 5.196330e+000
         vertex 2.887674e+001 7.100000e+001 2.024118e-001
         vertex 2.893894e+001 7.100000e+001 2.341047e-001
      endloop
   endfacet
   facet normal 0.000000e+000 -1.000000e+000 0.000000e+000
      outer loop
         vertex 2.730453e+001 7.100000e+001 5.196330e+000
         vertex 2.893894e+001 7.100000e+001 2.341047e-001
         vertex 2.900000e+001 7.100000e+001 2.679490e-001
      endloop
   endfacet
   facet normal 0.000000e+000 -1.000000e+000 0.000000e+000
      outer loop
         vertex 2.905984e+001 7.100000e+001 3.039036e-001
         vertex 2.911839e+001 7.100000e+001 3.419248e-001
         vertex 2.730453e+001 7.100000e+001 5.196330e+000
      endloop
   endfacet
   facet normal 0.000000e+000 -1.000000e+000 0.000000e+000
      outer loop
         vertex 2.730453e+001 7.100000e+001 5.196330e+000
         vertex 2.911839e+001 7.100000e+001 3.419248e-001
         vertex 2.917557e+001 7.100000e+001 3.819657e-001
      endloop
   endfacet
   facet normal 0.000000e+000 -1.000000e+000 0.000000e+000
      outer loop
         vertex 2.730453e+001 7.100000e+001 5.196330e+000
         vertex 2.917557e+001 7.100000e+001 3.819657e-001
         vertex 2.923132e+001 7.100000e+001 4.239785e-001
      endloop
   endfacet
   facet normal 0.000000e+000 -1.000000e+000 0.000000e+000
      outer loop
         vertex 2.948629e+001 7.100000e+001 6.617387e-001
         vertex 2.953209e+001 7.100000e+001 7.144246e-001
         vertex 2.730453e+001 7.100000e+001 5.196330e+000
      endloop
   endfacet
   facet normal 0.000000e+000 -1.000000e+000 0.000000e+000
      outer loop
         vertex 2.730453e+001 7.100000e+001 5.196330e+000
         vertex 2.953209e+001 7.100000e+001 7.144246e-001
         vertex 2.957602e+001 7.100000e+001 7.686769e-001
      endloop
   endfacet
   facet normal 0.000000e+000 -1.000000e+000 0.000000e+000
      outer loop
         vertex 2.730453e+001 7.100000e+001 5.196330e+000
         vertex 2.957602e+001 7.100000e+001 7.686769e-001
         vertex 2.961803e+001 7.100000e+001 8.244296e-001
      endloop
   endfacet
   facet normal 0.000000e+000 -1.000000e+000 0.000000e+000
      outer loop
         vertex 2.969846e+001 7.100000e+001 1.971010e+001
         vertex 2.963592e+001 7.100000e+001 1.987303e+001
         vertex 2.730453e+001 7.100000e+001 6.995909e+000
      endloop
   endfacet
   facet normal 0.000000e+000 -1.000000e+000 0.000000e+000
      outer loop
         vertex 2.730453e+001 7.100000e+001 6.995909e+000
         vertex 2.963592e+001 7.100000e+001 1.987303e+001
         vertex 2.956773e+001 7.100000e+001 2.003368e+001
      endloop
   endfacet
   facet normal 0.000000e+000 -1.000000e+000 0.000000e+000
      outer loop
         vertex 2.730453e+001 7.100000e+001 6.995909e+000
         vertex 2.956773e+001 7.100000e+001 2.003368e+001
         vertex 2.949397e+001 7.100000e+001 2.019186e+001
      endloop
   endfacet
   facet normal 0.000000e+000 -1.000000e+000 0.000000e+000
      outer loop
         vertex 2.620961e+001 7.100000e+001 2.285148e+001
         vertex 2.603956e+001 7.100000e+001 2.289074e+001
         vertex 2.730453e+001 7.100000e+001 6.995909e+000
      endloop
   endfacet
   facet normal 0.000000e+000 -1.000000e+000 0.000000e+000
      outer loop
         vertex 2.730453e+001 7.100000e+001 6.995909e+000
         vertex 2.603956e+001 7.100000e+001 2.289074e+001
         vertex 2.586824e+001 7.100000e+001 2.292404e+001
      endloop
   endfacet
   facet normal 0.000000e+000 -1.000000e+000 0.000000e+000
      outer loop
         vertex 2.730453e+001 7.100000e+001 6.995909e+000
         vertex 2.586824e+001 7.100000e+001 2.292404e+001
         vertex 2.569586e+001 7.100000e+001 2.295134e+001
      endloop
   endfacet
   facet normal 0.000000e+000 -1.000000e+000 0.000000e+000
      outer loop
         vertex 4.651218e+000 7.100000e+001 2.298782e+001
         vertex 4.477357e+000 7.100000e+001 2.297261e+001
         vertex 2.707680e+000 7.100000e+001 6.995909e+000
      endloop
   endfacet
   facet normal 0.000000e+000 -1.000000e+000 0.000000e+000
      outer loop
         vertex 2.707680e+000 7.100000e+001 6.995909e+000
         vertex 4.477357e+000 7.100000e+001 2.297261e+001
         vertex 4.304134e+000 7.100000e+001 2.295134e+001
      endloop
   endfacet
   facet normal 0.000000e+000 -1.000000e+000 0.000000e+000
      outer loop
         vertex 2.707680e+000 7.100000e+001 6.995909e+000
         vertex 4.304134e+000 7.100000e+001 2.295134e+001
         vertex 4.131759e+000 7.100000e+001 2.292404e+001
      endloop
   endfacet
   facet normal 0.000000e+000 -1.000000e+000 0.000000e+000
      outer loop
         vertex 2.652642e+000 7.100000e+001 2.241474e+001
         vertex 2.500000e+000 7.100000e+001 2.233013e+001
         vertex 3.045425e-003 7.100000e+001 1.817450e+001
      endloop
   endfacet
   facet normal 0.000000e+000 -1.000000e+000 0.000000e+000
      outer loop
         vertex 3.045425e-003 7.100000e+001 1.817450e+001
         vertex 2.500000e+000 7.100000e+001 2.233013e+001
         vertex 2.350403e+000 7.100000e+001 2.224024e+001
      endloop
   endfacet
   facet normal 0.000000e+000 -1.000000e+000 0.000000e+000
      outer loop
         vertex 3.045425e-003 7.100000e+001 1.817450e+001
         vertex 2.350403e+000 7.100000e+001 2.224024e+001
         vertex 2.204036e+000 7.100000e+001 2.214519e+001
      endloop
   endfacet
   facet normal 0.000000e+000 -1.000000e+000 0.000000e+000
      outer loop
         vertex 2.204036e+000 7.100000e+001 2.214519e+001
         vertex 2.061074e+000 7.100000e+001 2.204509e+001
         vertex 3.045425e-003 7.100000e+001 1.817450e+001
      endloop
   endfacet
   facet normal 0.000000e+000 -1.000000e+000 0.000000e+000
      outer loop
         vertex 3.045425e-003 7.100000e+001 1.817450e+001
         vertex 2.061074e+000 7.100000e+001 2.204509e+001
         vertex 1.921692e+000 7.100000e+001 2.194005e+001
      endloop
   endfacet
   facet normal 0.000000e+000 -1.000000e+000 0.000000e+000
      outer loop
         vertex 3.045425e-003 7.100000e+001 1.817450e+001
         vertex 1.921692e+000 7.100000e+001 2.194005e+001
         vertex 1.786062e+000 7.100000e+001 2.183022e+001
      endloop
   endfacet
   facet normal 0.000000e+000 -1.000000e+000 0.000000e+000
      outer loop
         vertex 1.786062e+000 7.100000e+001 2.183022e+001
         vertex 1.654346e+000 7.100000e+001 2.171572e+001
         vertex 3.045425e-003 7.100000e+001 1.817450e+001
      endloop
   endfacet
   facet normal 0.000000e+000 -1.000000e+000 0.000000e+000
      outer loop
         vertex 3.045425e-003 7.100000e+001 1.817450e+001
         vertex 1.654346e+000 7.100000e+001 2.171572e+001
         vertex 1.526708e+000 7.100000e+001 2.159670e+001
      endloop
   endfacet
   facet normal 0.000000e+000 -1.000000e+000 0.000000e+000
      outer loop
         vertex 3.045425e-003 7.100000e+001 1.817450e+001
         vertex 1.526708e+000 7.100000e+001 2.159670e+001
         vertex 1.403301e+000 7.100000e+001 2.147329e+001
      endloop
   endfacet
   facet normal 0.000000e+000 -1.000000e+000 0.000000e+000
      outer loop
         vertex 1.403301e+000 7.100000e+001 2.147329e+001
         vertex 1.284275e+000 7.100000e+001 2.134565e+001
         vertex 3.045425e-003 7.100000e+001 1.817450e+001
      endloop
   endfacet
   facet normal 0.000000e+000 -1.000000e+000 0.000000e+000
      outer loop
         vertex 3.045425e-003 7.100000e+001 1.817450e+001
         vertex 1.284275e+000 7.100000e+001 2.134565e+001
         vertex 1.169778e+000 7.100000e+001 2.121394e+001
      endloop
   endfacet
   facet normal 0.000000e+000 -1.000000e+000 0.000000e+000
      outer loop
         vertex 3.045425e-003 7.100000e+001 1.817450e+001
         vertex 1.169778e+000 7.100000e+001 2.121394e+001
         vertex 1.059946e+000 7.100000e+001 2.107831e+001
      endloop
   endfacet
   facet normal 0.000000e+000 -1.000000e+000 0.000000e+000
      outer loop
         vertex 2.707680e+000 7.100000e+001 5.196330e+000
         vertex 6.617382e-001 7.100000e+001 5.137101e-001
         vertex 7.144241e-001 7.100000e+001 4.679109e-001
      endloop
   endfacet
   facet normal 0.000000e+000 -1.000000e+000 0.000000e+000
      outer loop
         vertex 2.961803e+001 7.100000e+001 8.244296e-001
         vertex 2.965808e+001 7.100000e+001 8.816141e-001
         vertex 2.730453e+001 7.100000e+001 5.196330e+000
      endloop
   endfacet
   facet normal 0.000000e+000 -1.000000e+000 0.000000e+000
      outer loop
         vertex 2.730453e+001 7.100000e+001 5.196330e+000
         vertex 2.965808e+001 7.100000e+001 8.816141e-001
         vertex 2.969610e+001 7.100000e+001 9.401613e-001
      endloop
   endfacet
   facet normal 0.000000e+000 -1.000000e+000 0.000000e+000
      outer loop
         vertex 2.730453e+001 7.100000e+001 5.196330e+000
         vertex 2.969610e+001 7.100000e+001 9.401613e-001
         vertex 2.973205e+001 7.100000e+001 9.999997e-001
      endloop
   endfacet
   facet normal 0.000000e+000 -1.000000e+000 0.000000e+000
      outer loop
         vertex 2.976589e+001 7.100000e+001 1.061057e+000
         vertex 2.979759e+001 7.100000e+001 1.123257e+000
         vertex 2.730453e+001 7.100000e+001 5.196330e+000
      endloop
   endfacet
   facet normal 0.000000e+000 -1.000000e+000 0.000000e+000
      outer loop
         vertex 2.730453e+001 7.100000e+001 5.196330e+000
         vertex 2.979759e+001 7.100000e+001 1.123257e+000
         vertex 2.982709e+001 7.100000e+001 1.186526e+000
      endloop
   endfacet
   facet normal 0.000000e+000 -1.000000e+000 0.000000e+000
      outer loop
         vertex 2.730453e+001 7.100000e+001 5.196330e+000
         vertex 2.982709e+001 7.100000e+001 1.186526e+000
         vertex 2.985437e+001 7.100000e+001 1.250787e+000
      endloop
   endfacet
   facet normal 0.000000e+000 -1.000000e+000 0.000000e+000
      outer loop
         vertex 2.871572e+001 7.100000e+001 2.134565e+001
         vertex 2.859670e+001 7.100000e+001 2.147329e+001
         vertex 2.730453e+001 7.100000e+001 6.995909e+000
      endloop
   endfacet
   facet normal 0.000000e+000 -1.000000e+000 0.000000e+000
      outer loop
         vertex 2.730453e+001 7.100000e+001 6.995909e+000
         vertex 2.859670e+001 7.100000e+001 2.147329e+001
         vertex 2.847329e+001 7.100000e+001 2.159670e+001
      endloop
   endfacet
   facet normal 0.000000e+000 -1.000000e+000 0.000000e+000
      outer loop
         vertex 2.730453e+001 7.100000e+001 6.995909e+000
         vertex 2.847329e+001 7.100000e+001 2.159670e+001
         vertex 2.834565e+001 7.100000e+001 2.171572e+001
      endloop
   endfacet
   facet normal 0.000000e+000 -1.000000e+000 0.000000e+000
      outer loop
         vertex 2.569586e+001 7.100000e+001 2.295134e+001
         vertex 2.552264e+001 7.100000e+001 2.297261e+001
         vertex 2.730453e+001 7.100000e+001 6.995909e+000
      endloop
   endfacet
   facet normal 0.000000e+000 -1.000000e+000 0.000000e+000
      outer loop
         vertex 2.730453e+001 7.100000e+001 6.995909e+000
         vertex 2.552264e+001 7.100000e+001 2.297261e+001
         vertex 2.534878e+001 7.100000e+001 2.298782e+001
      endloop
   endfacet
   facet normal 0.000000e+000 -1.000000e+000 0.000000e+000
      outer loop
         vertex 2.730453e+001 7.100000e+001 6.995909e+000
         vertex 2.534878e+001 7.100000e+001 2.298782e+001
         vertex 2.517450e+001 7.100000e+001 2.299695e+001
      endloop
   endfacet
   facet normal 0.000000e+000 -1.000000e+000 0.000000e+000
      outer loop
         vertex 4.131759e+000 7.100000e+001 2.292404e+001
         vertex 3.960441e+000 7.100000e+001 2.289074e+001
         vertex 2.707680e+000 7.100000e+001 6.995909e+000
      endloop
   endfacet
   facet normal 0.000000e+000 -1.000000e+000 0.000000e+000
      outer loop
         vertex 2.707680e+000 7.100000e+001 6.995909e+000
         vertex 3.960441e+000 7.100000e+001 2.289074e+001
         vertex 3.790391e+000 7.100000e+001 2.285148e+001
      endloop
   endfacet
   facet normal 0.000000e+000 -1.000000e+000 0.000000e+000
      outer loop
         vertex 2.707680e+000 7.100000e+001 6.995909e+000
         vertex 3.790391e+000 7.100000e+001 2.285148e+001
         vertex 3.621813e+000 7.100000e+001 2.280631e+001
      endloop
   endfacet
   facet normal 0.000000e+000 -1.000000e+000 0.000000e+000
      outer loop
         vertex 3.640801e-001 7.100000e+001 1.987303e+001
         vertex 3.015371e-001 7.100000e+001 1.971010e+001
         vertex 1.059946e+000 7.100000e+001 2.107831e+001
      endloop
   endfacet
   facet normal 0.000000e+000 -1.000000e+000 0.000000e+000
      outer loop
         vertex 2.679490e-001 7.100000e+001 9.999997e-001
         vertex 3.039036e-001 7.100000e+001 9.401613e-001
         vertex 2.707680e+000 7.100000e+001 5.196330e+000
      endloop
   endfacet
   facet normal 0.000000e+000 -1.000000e+000 0.000000e+000
      outer loop
         vertex 2.707680e+000 7.100000e+001 5.196330e+000
         vertex 3.039036e-001 7.100000e+001 9.401613e-001
         vertex 3.419248e-001 7.100000e+001 8.816141e-001
      endloop
   endfacet
   facet normal 0.000000e+000 -1.000000e+000 0.000000e+000
      outer loop
         vertex 2.707680e+000 7.100000e+001 5.196330e+000
         vertex 3.419248e-001 7.100000e+001 8.816141e-001
         vertex 3.819661e-001 7.100000e+001 8.244296e-001
      endloop
   endfacet
   facet normal 0.000000e+000 -1.000000e+000 0.000000e+000
      outer loop
         vertex 7.144241e-001 7.100000e+001 4.679109e-001
         vertex 7.686764e-001 7.100000e+001 4.239785e-001
         vertex 2.707680e+000 7.100000e+001 5.196330e+000
      endloop
   endfacet
   facet normal 0.000000e+000 -1.000000e+000 0.000000e+000
      outer loop
         vertex 2.707680e+000 7.100000e+001 5.196330e+000
         vertex 7.686764e-001 7.100000e+001 4.239785e-001
         vertex 8.244291e-001 7.100000e+001 3.819657e-001
      endloop
   endfacet
   facet normal 0.000000e+000 -1.000000e+000 0.000000e+000
      outer loop
         vertex 2.707680e+000 7.100000e+001 5.196330e+000
         vertex 8.244291e-001 7.100000e+001 3.819657e-001
         vertex 8.816141e-001 7.100000e+001 3.419248e-001
      endloop
   endfacet
   facet normal 0.000000e+000 -1.000000e+000 0.000000e+000
      outer loop
         vertex 1.485217e-001 7.100000e+001 1.920961e+001
         vertex 1.092609e-001 7.100000e+001 1.903956e+001
         vertex 1.059946e+000 7.100000e+001 2.107831e+001
      endloop
   endfacet
   facet normal 0.000000e+000 -1.000000e+000 0.000000e+000
      outer loop
         vertex 1.059946e+000 7.100000e+001 2.107831e+001
         vertex 1.092609e-001 7.100000e+001 1.903956e+001
         vertex 7.596053e-002 7.100000e+001 1.886824e+001
      endloop
   endfacet
   facet normal 0.000000e+000 -1.000000e+000 0.000000e+000
      outer loop
         vertex 1.059946e+000 7.100000e+001 2.107831e+001
         vertex 7.596053e-002 7.100000e+001 1.886824e+001
         vertex 4.865974e-002 7.100000e+001 1.869587e+001
      endloop
   endfacet
   facet normal 0.000000e+000 -1.000000e+000 0.000000e+000
      outer loop
         vertex 3.819661e-001 7.100000e+001 8.244296e-001
         vertex 4.239781e-001 7.100000e+001 7.686769e-001
         vertex 2.707680e+000 7.100000e+001 5.196330e+000
      endloop
   endfacet
   facet normal 0.000000e+000 -1.000000e+000 0.000000e+000
      outer loop
         vertex 2.707680e+000 7.100000e+001 5.196330e+000
         vertex 4.239781e-001 7.100000e+001 7.686769e-001
         vertex 4.679104e-001 7.100000e+001 7.144246e-001
      endloop
   endfacet
   facet normal 0.000000e+000 -1.000000e+000 0.000000e+000
      outer loop
         vertex 2.707680e+000 7.100000e+001 5.196330e+000
         vertex 4.679104e-001 7.100000e+001 7.144246e-001
         vertex 5.137101e-001 7.100000e+001 6.617387e-001
      endloop
   endfacet
   facet normal 0.000000e+000 -1.000000e+000 0.000000e+000
      outer loop
         vertex 5.137101e-001 7.100000e+001 6.617387e-001
         vertex 5.613202e-001 7.100000e+001 6.106831e-001
         vertex 2.707680e+000 7.100000e+001 5.196330e+000
      endloop
   endfacet
   facet normal 0.000000e+000 -1.000000e+000 0.000000e+000
      outer loop
         vertex 2.707680e+000 7.100000e+001 5.196330e+000
         vertex 5.613202e-001 7.100000e+001 6.106831e-001
         vertex 6.106831e-001 7.100000e+001 5.613202e-001
      endloop
   endfacet
   facet normal 0.000000e+000 -1.000000e+000 0.000000e+000
      outer loop
         vertex 2.707680e+000 7.100000e+001 5.196330e+000
         vertex 6.106831e-001 7.100000e+001 5.613202e-001
         vertex 6.617382e-001 7.100000e+001 5.137101e-001
      endloop
   endfacet
   facet normal 0.000000e+000 -1.000000e+000 0.000000e+000
      outer loop
         vertex 3.640801e-001 7.100000e+001 1.987303e+001
         vertex 1.059946e+000 7.100000e+001 2.107831e+001
         vertex 4.322724e-001 7.100000e+001 2.003368e+001
      endloop
   endfacet
   facet normal 0.000000e+000 -1.000000e+000 0.000000e+000
      outer loop
         vertex 4.322724e-001 7.100000e+001 2.003368e+001
         vertex 1.059946e+000 7.100000e+001 2.107831e+001
         vertex 9.549148e-001 7.100000e+001 2.093892e+001
      endloop
   endfacet
   facet normal 0.000000e+000 -1.000000e+000 0.000000e+000
      outer loop
         vertex 4.322724e-001 7.100000e+001 2.003368e+001
         vertex 9.549148e-001 7.100000e+001 2.093892e+001
         vertex 8.548116e-001 7.100000e+001 2.079596e+001
      endloop
   endfacet
   facet normal 0.000000e+000 -1.000000e+000 0.000000e+000
      outer loop
         vertex 8.548116e-001 7.100000e+001 2.079596e+001
         vertex 7.597590e-001 7.100000e+001 2.064960e+001
         vertex 4.322724e-001 7.100000e+001 2.003368e+001
      endloop
   endfacet
   facet normal 0.000000e+000 -1.000000e+000 0.000000e+000
      outer loop
         vertex 4.322724e-001 7.100000e+001 2.003368e+001
         vertex 7.597590e-001 7.100000e+001 2.064960e+001
         vertex 6.698724e-001 7.100000e+001 2.050000e+001
      endloop
   endfacet
   facet normal 0.000000e+000 -1.000000e+000 0.000000e+000
      outer loop
         vertex 4.322724e-001 7.100000e+001 2.003368e+001
         vertex 6.698724e-001 7.100000e+001 2.050000e+001
         vertex 5.060295e-001 7.100000e+001 2.019186e+001
      endloop
   endfacet
   facet normal 0.000000e+000 -1.000000e+000 0.000000e+000
      outer loop
         vertex 5.060295e-001 7.100000e+001 2.019186e+001
         vertex 6.698724e-001 7.100000e+001 2.050000e+001
         vertex 5.852617e-001 7.100000e+001 2.034736e+001
      endloop
   endfacet
   facet normal 0.000000e+000 -1.000000e+000 0.000000e+000
      outer loop
         vertex 3.015371e-001 7.100000e+001 1.971010e+001
         vertex 2.447171e-001 7.100000e+001 1.954509e+001
         vertex 1.059946e+000 7.100000e+001 2.107831e+001
      endloop
   endfacet
   facet normal 0.000000e+000 -1.000000e+000 0.000000e+000
      outer loop
         vertex 1.059946e+000 7.100000e+001 2.107831e+001
         vertex 2.447171e-001 7.100000e+001 1.954509e+001
         vertex 1.936909e-001 7.100000e+001 1.937819e+001
      endloop
   endfacet
   facet normal 0.000000e+000 -1.000000e+000 0.000000e+000
      outer loop
         vertex 1.059946e+000 7.100000e+001 2.107831e+001
         vertex 1.936909e-001 7.100000e+001 1.937819e+001
         vertex 1.485217e-001 7.100000e+001 1.920961e+001
      endloop
   endfacet
   facet normal 0.000000e+000 -1.000000e+000 0.000000e+000
      outer loop
         vertex 4.865974e-002 7.100000e+001 1.869587e+001
         vertex 2.739020e-002 7.100000e+001 1.852264e+001
         vertex 1.059946e+000 7.100000e+001 2.107831e+001
      endloop
   endfacet
   facet normal 0.000000e+000 -1.000000e+000 0.000000e+000
      outer loop
         vertex 1.059946e+000 7.100000e+001 2.107831e+001
         vertex 2.739020e-002 7.100000e+001 1.852264e+001
         vertex 1.217984e-002 7.100000e+001 1.834878e+001
      endloop
   endfacet
   facet normal 0.000000e+000 -1.000000e+000 0.000000e+000
      outer loop
         vertex 1.059946e+000 7.100000e+001 2.107831e+001
         vertex 1.217984e-002 7.100000e+001 1.834878e+001
         vertex 3.045425e-003 7.100000e+001 1.817450e+001
      endloop
   endfacet
   facet normal 0.000000e+000 -1.000000e+000 0.000000e+000
      outer loop
         vertex 8.816141e-001 7.100000e+001 3.419248e-001
         vertex 9.401608e-001 7.100000e+001 3.039036e-001
         vertex 2.707680e+000 7.100000e+001 5.196330e+000
      endloop
   endfacet
   facet normal 0.000000e+000 -1.000000e+000 0.000000e+000
      outer loop
         vertex 2.707680e+000 7.100000e+001 5.196330e+000
         vertex 9.401608e-001 7.100000e+001 3.039036e-001
         vertex 1.000000e+000 7.100000e+001 2.679490e-001
      endloop
   endfacet
   facet normal 0.000000e+000 -1.000000e+000 0.000000e+000
      outer loop
         vertex 2.707680e+000 7.100000e+001 5.196330e+000
         vertex 1.000000e+000 7.100000e+001 2.679490e-001
         vertex 1.061057e+000 7.100000e+001 2.341047e-001
      endloop
   endfacet
   facet normal 0.000000e+000 -1.000000e+000 0.000000e+000
      outer loop
         vertex 1.250787e+000 7.100000e+001 1.456323e-001
         vertex 1.315960e+000 7.100000e+001 1.206147e-001
         vertex 2.707680e+000 7.100000e+001 5.196330e+000
      endloop
   endfacet
   facet normal 0.000000e+000 -1.000000e+000 0.000000e+000
      outer loop
         vertex 2.707680e+000 7.100000e+001 5.196330e+000
         vertex 1.315960e+000 7.100000e+001 1.206147e-001
         vertex 1.381965e+000 7.100000e+001 9.788666e-002
      endloop
   endfacet
   facet normal 0.000000e+000 -1.000000e+000 0.000000e+000
      outer loop
         vertex 2.707680e+000 7.100000e+001 5.196330e+000
         vertex 1.381965e+000 7.100000e+001 9.788666e-002
         vertex 1.448725e+000 7.100000e+001 7.747672e-002
      endloop
   endfacet
   facet normal 0.000000e+000 -1.000000e+000 0.000000e+000
      outer loop
         vertex 1.061057e+000 7.100000e+001 2.341047e-001
         vertex 1.123258e+000 7.100000e+001 2.024118e-001
         vertex 2.707680e+000 7.100000e+001 5.196330e+000
      endloop
   endfacet
   facet normal 0.000000e+000 -1.000000e+000 0.000000e+000
      outer loop
         vertex 2.707680e+000 7.100000e+001 5.196330e+000
         vertex 1.123258e+000 7.100000e+001 2.024118e-001
         vertex 1.186526e+000 7.100000e+001 1.729089e-001
      endloop
   endfacet
   facet normal 0.000000e+000 -1.000000e+000 0.000000e+000
      outer loop
         vertex 2.707680e+000 7.100000e+001 5.196330e+000
         vertex 1.186526e+000 7.100000e+001 1.729089e-001
         vertex 1.250787e+000 7.100000e+001 1.456323e-001
      endloop
   endfacet
   facet normal 9.999323e-001 0.000000e+000 -1.163474e-002
      outer loop
         vertex 3.000000e+001 7.200001e+001 2.000000e+000
         vertex 3.000000e+001 7.100000e+001 2.000000e+000
         vertex 2.999878e+001 7.100000e+001 1.930201e+000
      endloop
   endfacet
   facet normal 9.997292e-001 0.000000e+000 -2.326948e-002
      outer loop
         vertex 3.000000e+001 7.200001e+001 2.000000e+000
         vertex 2.999878e+001 7.100000e+001 1.930201e+000
         vertex 2.999878e+001 7.200001e+001 1.930201e+000
      endloop
   endfacet
   facet normal 9.989172e-001 0.000000e+000 -4.652479e-002
      outer loop
         vertex 2.999878e+001 7.200001e+001 1.930201e+000
         vertex 2.999878e+001 7.100000e+001 1.930201e+000
         vertex 2.999513e+001 7.100000e+001 1.860487e+000
      endloop
   endfacet
   facet normal 9.983081e-001 0.000000e+000 -5.814535e-002
      outer loop
         vertex 2.999878e+001 7.200001e+001 1.930201e+000
         vertex 2.999513e+001 7.100000e+001 1.860487e+000
         vertex 2.999513e+001 7.200001e+001 1.860487e+000
      endloop
   endfacet
   facet normal 9.966849e-001 0.000000e+000 -8.135815e-002
      outer loop
         vertex 2.999513e+001 7.200001e+001 1.860487e+000
         vertex 2.999513e+001 7.100000e+001 1.860487e+000
         vertex 2.998904e+001 7.100000e+001 1.790943e+000
      endloop
   endfacet
   facet normal 9.956707e-001 0.000000e+000 -9.295038e-002
      outer loop
         vertex 2.999513e+001 7.200001e+001 1.860487e+000
         vertex 2.998904e+001 7.100000e+001 1.790943e+000
         vertex 2.998904e+001 7.200001e+001 1.790943e+000
      endloop
   endfacet
   facet normal 9.932384e-001 0.000000e+000 -1.160924e-001
      outer loop
         vertex 2.998904e+001 7.200001e+001 1.790943e+000
         vertex 2.998904e+001 7.100000e+001 1.790943e+000
         vertex 2.998054e+001 7.100000e+001 1.721654e+000
      endloop
   endfacet
   facet normal 9.918203e-001 0.000000e+000 -1.276422e-001
      outer loop
         vertex 2.998904e+001 7.200001e+001 1.790943e+000
         vertex 2.998054e+001 7.100000e+001 1.721654e+000
         vertex 2.998054e+001 7.200001e+001 1.721654e+000
      endloop
   endfacet
   facet normal 9.885818e-001 0.000000e+000 -1.506852e-001
      outer loop
         vertex 2.998054e+001 7.200001e+001 1.721654e+000
         vertex 2.998054e+001 7.100000e+001 1.721654e+000
         vertex 2.996961e+001 7.100000e+001 1.652704e+000
      endloop
   endfacet
   facet normal 9.867615e-001 0.000000e+000 -1.621784e-001
      outer loop
         vertex 2.998054e+001 7.200001e+001 1.721654e+000
         vertex 2.996961e+001 7.100000e+001 1.652704e+000
         vertex 2.996961e+001 7.200001e+001 1.652704e+000
      endloop
   endfacet
   facet normal 9.827207e-001 0.000000e+000 -1.850944e-001
      outer loop
         vertex 2.996961e+001 7.200001e+001 1.652704e+000
         vertex 2.996961e+001 7.100000e+001 1.652704e+000
         vertex 2.995630e+001 7.100000e+001 1.584176e+000
      endloop
   endfacet
   facet normal 9.805004e-001 0.000000e+000 -1.965171e-001
      outer loop
         vertex 2.996961e+001 7.200001e+001 1.652704e+000
         vertex 2.995630e+001 7.100000e+001 1.584176e+000
         vertex 2.995630e+001 7.200001e+001 1.584176e+000
      endloop
   endfacet
   facet normal 9.756624e-001 0.000000e+000 -2.192781e-001
      outer loop
         vertex 2.995630e+001 7.200001e+001 1.584176e+000
         vertex 2.995630e+001 7.100000e+001 1.584176e+000
         vertex 2.994059e+001 7.100000e+001 1.516156e+000
      endloop
   endfacet
   facet normal 9.730448e-001 0.000000e+000 -2.306164e-001
      outer loop
         vertex 2.995630e+001 7.200001e+001 1.584176e+000
         vertex 2.994059e+001 7.100000e+001 1.516156e+000
         vertex 2.994059e+001 7.200001e+001 1.516156e+000
      endloop
   endfacet
   facet normal 9.674153e-001 0.000000e+000 -2.531947e-001
      outer loop
         vertex 2.994059e+001 7.200001e+001 1.516156e+000
         vertex 2.994059e+001 7.100000e+001 1.516156e+000
         vertex 2.992252e+001 7.100000e+001 1.448725e+000
      endloop
   endfacet
   facet normal 9.644036e-001 0.000000e+000 -2.644347e-001
      outer loop
         vertex 2.994059e+001 7.200001e+001 1.516156e+000
         vertex 2.992252e+001 7.100000e+001 1.448725e+000
         vertex 2.992252e+001 7.200001e+001 1.448725e+000
      endloop
   endfacet
   facet normal 9.579897e-001 0.000000e+000 -2.868027e-001
      outer loop
         vertex 2.992252e+001 7.200001e+001 1.448725e+000
         vertex 2.992252e+001 7.100000e+001 1.448725e+000
         vertex 2.990211e+001 7.100000e+001 1.381966e+000
      endloop
   endfacet
   facet normal 9.545875e-001 0.000000e+000 -2.979308e-001
      outer loop
         vertex 2.992252e+001 7.200001e+001 1.448725e+000
         vertex 2.990211e+001 7.100000e+001 1.381966e+000
         vertex 2.990211e+001 7.200001e+001 1.381966e+000
      endloop
   endfacet
   facet normal 9.473968e-001 0.000000e+000 -3.200614e-001
      outer loop
         vertex 2.990211e+001 7.200001e+001 1.381966e+000
         vertex 2.990211e+001 7.100000e+001 1.381966e+000
         vertex 2.987938e+001 7.100000e+001 1.315960e+000
      endloop
   endfacet
   facet normal 9.436083e-001 0.000000e+000 -3.310639e-001
      outer loop
         vertex 2.990211e+001 7.200001e+001 1.381966e+000
         vertex 2.987938e+001 7.100000e+001 1.315960e+000
         vertex 2.987938e+001 7.200001e+001 1.315960e+000
      endloop
   endfacet
   facet normal 9.356497e-001 0.000000e+000 -3.529301e-001
      outer loop
         vertex 2.987938e+001 7.200001e+001 1.315960e+000
         vertex 2.987938e+001 7.100000e+001 1.315960e+000
         vertex 2.985437e+001 7.100000e+001 1.250787e+000
      endloop
   endfacet
   facet normal 9.314795e-001 0.000000e+000 -3.637937e-001
      outer loop
         vertex 2.987938e+001 7.200001e+001 1.315960e+000
         vertex 2.985437e+001 7.100000e+001 1.250787e+000
         vertex 2.985437e+001 7.200001e+001 1.250787e+000
      endloop
   endfacet
   facet normal 9.227627e-001 0.000000e+000 -3.853688e-001
      outer loop
         vertex 2.985437e+001 7.200001e+001 1.250787e+000
         vertex 2.985437e+001 7.100000e+001 1.250787e+000
         vertex 2.982709e+001 7.100000e+001 1.186526e+000
      endloop
   endfacet
   facet normal 9.182159e-001 0.000000e+000 -3.960803e-001
      outer loop
         vertex 2.985437e+001 7.200001e+001 1.250787e+000
         vertex 2.982709e+001 7.100000e+001 1.186526e+000
         vertex 2.982709e+001 7.200001e+001 1.186526e+000
      endloop
   endfacet
   facet normal 9.087514e-001 0.000000e+000 -4.173380e-001
      outer loop
         vertex 2.982709e+001 7.200001e+001 1.186526e+000
         vertex 2.982709e+001 7.100000e+001 1.186526e+000
         vertex 2.979759e+001 7.100000e+001 1.123257e+000
      endloop
   endfacet
   facet normal 9.038336e-001 0.000000e+000 -4.278843e-001
      outer loop
         vertex 2.982709e+001 7.200001e+001 1.186526e+000
         vertex 2.979759e+001 7.100000e+001 1.123257e+000
         vertex 2.979759e+001 7.200001e+001 1.123257e+000
      endloop
   endfacet
   facet normal 8.936329e-001 0.000000e+000 -4.487987e-001
      outer loop
         vertex 2.979759e+001 7.200001e+001 1.123257e+000
         vertex 2.979759e+001 7.100000e+001 1.123257e+000
         vertex 2.976589e+001 7.100000e+001 1.061057e+000
      endloop
   endfacet
   facet normal 8.883500e-001 0.000000e+000 -4.591669e-001
      outer loop
         vertex 2.979759e+001 7.200001e+001 1.123257e+000
         vertex 2.976589e+001 7.100000e+001 1.061057e+000
         vertex 2.976589e+001 7.200001e+001 1.061057e+000
      endloop
   endfacet
   facet normal 8.774257e-001 0.000000e+000 -4.797127e-001
      outer loop
         vertex 2.976589e+001 7.200001e+001 1.061057e+000
         vertex 2.976589e+001 7.100000e+001 1.061057e+000
         vertex 2.973205e+001 7.100000e+001 9.999997e-001
      endloop
   endfacet
   facet normal 8.717842e-001 0.000000e+000 -4.898902e-001
      outer loop
         vertex 2.976589e+001 7.200001e+001 1.061057e+000
         vertex 2.973205e+001 7.100000e+001 9.999997e-001
         vertex 2.973205e+001 7.200001e+001 9.999997e-001
      endloop
   endfacet
   facet normal 8.601494e-001 0.000000e+000 -5.100421e-001
      outer loop
         vertex 2.973205e+001 7.200001e+001 9.999997e-001
         vertex 2.973205e+001 7.100000e+001 9.999997e-001
         vertex 2.969610e+001 7.100000e+001 9.401613e-001
      endloop
   endfacet
   facet normal 8.541561e-001 0.000000e+000 -5.200166e-001
      outer loop
         vertex 2.973205e+001 7.200001e+001 9.999997e-001
         vertex 2.969610e+001 7.100000e+001 9.401613e-001
         vertex 2.969610e+001 7.200001e+001 9.401613e-001
      endloop
   endfacet
   facet normal 8.418252e-001 0.000000e+000 -5.397502e-001
      outer loop
         vertex 2.969610e+001 7.200001e+001 9.401613e-001
         vertex 2.969610e+001 7.100000e+001 9.401613e-001
         vertex 2.965808e+001 7.100000e+001 8.816141e-001
      endloop
   endfacet
   facet normal 8.354875e-001 0.000000e+000 -5.495094e-001
      outer loop
         vertex 2.969610e+001 7.200001e+001 9.401613e-001
         vertex 2.965808e+001 7.100000e+001 8.816141e-001
         vertex 2.965808e+001 7.200001e+001 8.816141e-001
      endloop
   endfacet
   facet normal 8.224754e-001 0.000000e+000 -5.688007e-001
      outer loop
         vertex 2.965808e+001 7.200001e+001 8.816141e-001
         vertex 2.965808e+001 7.100000e+001 8.816141e-001
         vertex 2.961803e+001 7.100000e+001 8.244296e-001
      endloop
   endfacet
   facet normal 8.158010e-001 0.000000e+000 -5.783327e-001
      outer loop
         vertex 2.965808e+001 7.200001e+001 8.816141e-001
         vertex 2.961803e+001 7.100000e+001 8.244296e-001
         vertex 2.961803e+001 7.200001e+001 8.244296e-001
      endloop
   endfacet
   facet normal 8.021235e-001 0.000000e+000 -5.971582e-001
      outer loop
         vertex 2.961803e+001 7.200001e+001 8.244296e-001
         vertex 2.961803e+001 7.100000e+001 8.244296e-001
         vertex 2.957602e+001 7.100000e+001 7.686769e-001
      endloop
   endfacet
   facet normal 7.951205e-001 0.000000e+000 -6.064515e-001
      outer loop
         vertex 2.961803e+001 7.200001e+001 8.244296e-001
         vertex 2.957602e+001 7.100000e+001 7.686769e-001
         vertex 2.957602e+001 7.200001e+001 7.686769e-001
      endloop
   endfacet
   facet normal 7.807943e-001 0.000000e+000 -6.247881e-001
      outer loop
         vertex 2.957602e+001 7.200001e+001 7.686769e-001
         vertex 2.957602e+001 7.100000e+001 7.686769e-001
         vertex 2.953209e+001 7.100000e+001 7.144246e-001
      endloop
   endfacet
   facet normal 7.734712e-001 0.000000e+000 -6.338314e-001
      outer loop
         vertex 2.957602e+001 7.200001e+001 7.686769e-001
         vertex 2.953209e+001 7.100000e+001 7.144246e-001
         vertex 2.953209e+001 7.200001e+001 7.144246e-001
      endloop
   endfacet
   facet normal 7.585139e-001 0.000000e+000 -6.516569e-001
      outer loop
         vertex 2.953209e+001 7.200001e+001 7.144246e-001
         vertex 2.953209e+001 7.100000e+001 7.144246e-001
         vertex 2.948629e+001 7.100000e+001 6.617387e-001
      endloop
   endfacet
   facet normal 7.508796e-001 0.000000e+000 -6.604390e-001
      outer loop
         vertex 2.953209e+001 7.200001e+001 7.144246e-001
         vertex 2.948629e+001 7.100000e+001 6.617387e-001
         vertex 2.948629e+001 7.200001e+001 6.617387e-001
      endloop
   endfacet
   facet normal 7.353093e-001 0.000000e+000 -6.777316e-001
      outer loop
         vertex 2.948629e+001 7.200001e+001 6.617387e-001
         vertex 2.948629e+001 7.100000e+001 6.617387e-001
         vertex 2.943868e+001 7.100000e+001 6.106831e-001
      endloop
   endfacet
   facet normal 7.273733e-001 0.000000e+000 -6.862420e-001
      outer loop
         vertex 2.948629e+001 7.200001e+001 6.617387e-001
         vertex 2.943868e+001 7.100000e+001 6.106831e-001
         vertex 2.943868e+001 7.200001e+001 6.106831e-001
      endloop
   endfacet
   facet normal 7.112089e-001 0.000000e+000 -7.029807e-001
      outer loop
         vertex 2.943868e+001 7.200001e+001 6.106831e-001
         vertex 2.943868e+001 7.100000e+001 6.106831e-001
         vertex 2.938932e+001 7.100000e+001 5.613202e-001
      endloop
   endfacet
   facet normal 7.029806e-001 0.000000e+000 -7.112090e-001
      outer loop
         vertex 2.943868e+001 7.200001e+001 6.106831e-001
         vertex 2.938932e+001 7.100000e+001 5.613202e-001
         vertex 2.938932e+001 7.200001e+001 5.613202e-001
      endloop
   endfacet
   facet normal 6.862420e-001 0.000000e+000 -7.273733e-001
      outer loop
         vertex 2.938932e+001 7.200001e+001 5.613202e-001
         vertex 2.938932e+001 7.100000e+001 5.613202e-001
         vertex 2.933826e+001 7.100000e+001 5.137101e-001
      endloop
   endfacet
   facet normal 6.777316e-001 0.000000e+000 -7.353093e-001
      outer loop
         vertex 2.938932e+001 7.200001e+001 5.613202e-001
         vertex 2.933826e+001 7.100000e+001 5.137101e-001
         vertex 2.933826e+001 7.200001e+001 5.137101e-001
      endloop
   endfacet
   facet normal 6.604390e-001 0.000000e+000 -7.508796e-001
      outer loop
         vertex 2.933826e+001 7.200001e+001 5.137101e-001
         vertex 2.933826e+001 7.100000e+001 5.137101e-001
         vertex 2.928558e+001 7.100000e+001 4.679109e-001
      endloop
   endfacet
   facet normal 6.516569e-001 0.000000e+000 -7.585139e-001
      outer loop
         vertex 2.933826e+001 7.200001e+001 5.137101e-001
         vertex 2.928558e+001 7.100000e+001 4.679109e-001
         vertex 2.928558e+001 7.200001e+001 4.679109e-001
      endloop
   endfacet
   facet normal 6.338314e-001 0.000000e+000 -7.734712e-001
      outer loop
         vertex 2.928558e+001 7.200001e+001 4.679109e-001
         vertex 2.928558e+001 7.100000e+001 4.679109e-001
         vertex 2.923132e+001 7.100000e+001 4.239785e-001
      endloop
   endfacet
   facet normal 6.247881e-001 0.000000e+000 -7.807944e-001
      outer loop
         vertex 2.928558e+001 7.200001e+001 4.679109e-001
         vertex 2.923132e+001 7.100000e+001 4.239785e-001
         vertex 2.923132e+001 7.200001e+001 4.239785e-001
      endloop
   endfacet
   facet normal 6.064515e-001 0.000000e+000 -7.951205e-001
      outer loop
         vertex 2.923132e+001 7.200001e+001 4.239785e-001
         vertex 2.923132e+001 7.100000e+001 4.239785e-001
         vertex 2.917557e+001 7.100000e+001 3.819657e-001
      endloop
   endfacet
   facet normal 5.971582e-001 0.000000e+000 -8.021235e-001
      outer loop
         vertex 2.923132e+001 7.200001e+001 4.239785e-001
         vertex 2.917557e+001 7.100000e+001 3.819657e-001
         vertex 2.917557e+001 7.200001e+001 3.819657e-001
      endloop
   endfacet
   facet normal 5.783327e-001 0.000000e+000 -8.158010e-001
      outer loop
         vertex 2.917557e+001 7.200001e+001 3.819657e-001
         vertex 2.917557e+001 7.100000e+001 3.819657e-001
         vertex 2.911839e+001 7.100000e+001 3.419248e-001
      endloop
   endfacet
   facet normal 5.688007e-001 0.000000e+000 -8.224754e-001
      outer loop
         vertex 2.917557e+001 7.200001e+001 3.819657e-001
         vertex 2.911839e+001 7.100000e+001 3.419248e-001
         vertex 2.911839e+001 7.200001e+001 3.419248e-001
      endloop
   endfacet
   facet normal 5.495094e-001 0.000000e+000 -8.354875e-001
      outer loop
         vertex 2.911839e+001 7.200001e+001 3.419248e-001
         vertex 2.911839e+001 7.100000e+001 3.419248e-001
         vertex 2.905984e+001 7.100000e+001 3.039036e-001
      endloop
   endfacet
   facet normal 5.397502e-001 0.000000e+000 -8.418252e-001
      outer loop
         vertex 2.911839e+001 7.200001e+001 3.419248e-001
         vertex 2.905984e+001 7.100000e+001 3.039036e-001
         vertex 2.905984e+001 7.200001e+001 3.039036e-001
      endloop
   endfacet
   facet normal 5.200166e-001 0.000000e+000 -8.541562e-001
      outer loop
         vertex 2.905984e+001 7.200001e+001 3.039036e-001
         vertex 2.905984e+001 7.100000e+001 3.039036e-001
         vertex 2.900000e+001 7.100000e+001 2.679490e-001
      endloop
   endfacet
   facet normal 5.100421e-001 0.000000e+000 -8.601494e-001
      outer loop
         vertex 2.905984e+001 7.200001e+001 3.039036e-001
         vertex 2.900000e+001 7.100000e+001 2.679490e-001
         vertex 2.900000e+001 7.200001e+001 2.679490e-001
      endloop
   endfacet
   facet normal 4.898902e-001 0.000000e+000 -8.717842e-001
      outer loop
         vertex 2.900000e+001 7.200001e+001 2.679490e-001
         vertex 2.900000e+001 7.100000e+001 2.679490e-001
         vertex 2.893894e+001 7.100000e+001 2.341047e-001
      endloop
   endfacet
   facet normal 4.797127e-001 0.000000e+000 -8.774256e-001
      outer loop
         vertex 2.900000e+001 7.200001e+001 2.679490e-001
         vertex 2.893894e+001 7.100000e+001 2.341047e-001
         vertex 2.893894e+001 7.200001e+001 2.341047e-001
      endloop
   endfacet
   facet normal 4.591669e-001 0.000000e+000 -8.883500e-001
      outer loop
         vertex 2.893894e+001 7.200001e+001 2.341047e-001
         vertex 2.893894e+001 7.100000e+001 2.341047e-001
         vertex 2.887674e+001 7.100000e+001 2.024118e-001
      endloop
   endfacet
   facet normal 4.487987e-001 0.000000e+000 -8.936329e-001
      outer loop
         vertex 2.893894e+001 7.200001e+001 2.341047e-001
         vertex 2.887674e+001 7.100000e+001 2.024118e-001
         vertex 2.887674e+001 7.200001e+001 2.024118e-001
      endloop
   endfacet
   facet normal 4.278843e-001 0.000000e+000 -9.038336e-001
      outer loop
         vertex 2.887674e+001 7.200001e+001 2.024118e-001
         vertex 2.887674e+001 7.100000e+001 2.024118e-001
         vertex 2.881347e+001 7.100000e+001 1.729089e-001
      endloop
   endfacet
   facet normal 4.173380e-001 0.000000e+000 -9.087514e-001
      outer loop
         vertex 2.887674e+001 7.200001e+001 2.024118e-001
         vertex 2.881347e+001 7.100000e+001 1.729089e-001
         vertex 2.881347e+001 7.200001e+001 1.729089e-001
      endloop
   endfacet
   facet normal 3.960802e-001 0.000000e+000 -9.182159e-001
      outer loop
         vertex 2.881347e+001 7.200001e+001 1.729089e-001
         vertex 2.881347e+001 7.100000e+001 1.729089e-001
         vertex 2.874921e+001 7.100000e+001 1.456323e-001
      endloop
   endfacet
   facet normal 3.853688e-001 0.000000e+000 -9.227627e-001
      outer loop
         vertex 2.881347e+001 7.200001e+001 1.729089e-001
         vertex 2.874921e+001 7.100000e+001 1.456323e-001
         vertex 2.874921e+001 7.200001e+001 1.456323e-001
      endloop
   endfacet
   facet normal 3.637937e-001 0.000000e+000 -9.314796e-001
      outer loop
         vertex 2.874921e+001 7.200001e+001 1.456323e-001
         vertex 2.874921e+001 7.100000e+001 1.456323e-001
         vertex 2.868404e+001 7.100000e+001 1.206147e-001
      endloop
   endfacet
   facet normal 3.529301e-001 0.000000e+000 -9.356497e-001
      outer loop
         vertex 2.874921e+001 7.200001e+001 1.456323e-001
         vertex 2.868404e+001 7.100000e+001 1.206147e-001
         vertex 2.868404e+001 7.200001e+001 1.206147e-001
      endloop
   endfacet
   facet normal 3.310639e-001 0.000000e+000 -9.436083e-001
      outer loop
         vertex 2.868404e+001 7.200001e+001 1.206147e-001
         vertex 2.868404e+001 7.100000e+001 1.206147e-001
         vertex 2.861803e+001 7.100000e+001 9.788666e-002
      endloop
   endfacet
   facet normal 3.200614e-001 0.000000e+000 -9.473968e-001
      outer loop
         vertex 2.868404e+001 7.200001e+001 1.206147e-001
         vertex 2.861803e+001 7.100000e+001 9.788666e-002
         vertex 2.861803e+001 7.200001e+001 9.788666e-002
      endloop
   endfacet
   facet normal 2.979308e-001 0.000000e+000 -9.545875e-001
      outer loop
         vertex 2.861803e+001 7.200001e+001 9.788666e-002
         vertex 2.861803e+001 7.100000e+001 9.788666e-002
         vertex 2.855128e+001 7.100000e+001 7.747672e-002
      endloop
   endfacet
   facet normal 2.868027e-001 0.000000e+000 -9.579897e-001
      outer loop
         vertex 2.861803e+001 7.200001e+001 9.788666e-002
         vertex 2.855128e+001 7.100000e+001 7.747672e-002
         vertex 2.855128e+001 7.200001e+001 7.747672e-002
      endloop
   endfacet
   facet normal 2.644347e-001 0.000000e+000 -9.644036e-001
      outer loop
         vertex 2.855128e+001 7.200001e+001 7.747672e-002
         vertex 2.855128e+001 7.100000e+001 7.747672e-002
         vertex 2.848384e+001 7.100000e+001 5.940814e-002
      endloop
   endfacet
   facet normal 2.531947e-001 0.000000e+000 -9.674153e-001
      outer loop
         vertex 2.855128e+001 7.200001e+001 7.747672e-002
         vertex 2.848384e+001 7.100000e+001 5.940814e-002
         vertex 2.848384e+001 7.200001e+001 5.940814e-002
      endloop
   endfacet
   facet normal 2.306164e-001 0.000000e+000 -9.730448e-001
      outer loop
         vertex 2.848384e+001 7.200001e+001 5.940814e-002
         vertex 2.848384e+001 7.100000e+001 5.940814e-002
         vertex 2.841582e+001 7.100000e+001 4.370511e-002
      endloop
   endfacet
   facet normal 2.192781e-001 0.000000e+000 -9.756624e-001
      outer loop
         vertex 2.848384e+001 7.200001e+001 5.940814e-002
         vertex 2.841582e+001 7.100000e+001 4.370511e-002
         vertex 2.841582e+001 7.200001e+001 4.370511e-002
      endloop
   endfacet
   facet normal 1.965171e-001 0.000000e+000 -9.805004e-001
      outer loop
         vertex 2.841582e+001 7.200001e+001 4.370511e-002
         vertex 2.841582e+001 7.100000e+001 4.370511e-002
         vertex 2.834729e+001 7.100000e+001 3.038440e-002
      endloop
   endfacet
   facet normal 1.850944e-001 0.000000e+000 -9.827207e-001
      outer loop
         vertex 2.841582e+001 7.200001e+001 4.370511e-002
         vertex 2.834729e+001 7.100000e+001 3.038440e-002
         vertex 2.834729e+001 7.200001e+001 3.038440e-002
      endloop
   endfacet
   facet normal 1.621784e-001 0.000000e+000 -9.867615e-001
      outer loop
         vertex 2.834729e+001 7.200001e+001 3.038440e-002
         vertex 2.834729e+001 7.100000e+001 3.038440e-002
         vertex 2.827835e+001 7.100000e+001 1.946371e-002
      endloop
   endfacet
   facet normal 1.506852e-001 0.000000e+000 -9.885818e-001
      outer loop
         vertex 2.834729e+001 7.200001e+001 3.038440e-002
         vertex 2.827835e+001 7.100000e+001 1.946371e-002
         vertex 2.827835e+001 7.200001e+001 1.946371e-002
      endloop
   endfacet
   facet normal 1.276422e-001 0.000000e+000 -9.918203e-001
      outer loop
         vertex 2.827835e+001 7.200001e+001 1.946371e-002
         vertex 2.827835e+001 7.100000e+001 1.946371e-002
         vertex 2.820906e+001 7.100000e+001 1.095608e-002
      endloop
   endfacet
   facet normal 1.160924e-001 0.000000e+000 -9.932384e-001
      outer loop
         vertex 2.827835e+001 7.200001e+001 1.946371e-002
         vertex 2.820906e+001 7.100000e+001 1.095608e-002
         vertex 2.820906e+001 7.200001e+001 1.095608e-002
      endloop
   endfacet
   facet normal 9.295037e-002 0.000000e+000 -9.956707e-001
      outer loop
         vertex 2.820906e+001 7.200001e+001 1.095608e-002
         vertex 2.820906e+001 7.100000e+001 1.095608e-002
         vertex 2.813951e+001 7.100000e+001 4.871748e-003
      endloop
   endfacet
   facet normal 8.135815e-002 0.000000e+000 -9.966849e-001
      outer loop
         vertex 2.820906e+001 7.200001e+001 1.095608e-002
         vertex 2.813951e+001 7.100000e+001 4.871748e-003
         vertex 2.813951e+001 7.200001e+001 4.871748e-003
      endloop
   endfacet
   facet normal 5.814535e-002 0.000000e+000 -9.983081e-001
      outer loop
         vertex 2.813951e+001 7.200001e+001 4.871748e-003
         vertex 2.813951e+001 7.100000e+001 4.871748e-003
         vertex 2.806980e+001 7.100000e+001 1.218170e-003
      endloop
   endfacet
   facet normal 4.652479e-002 0.000000e+000 -9.989172e-001
      outer loop
         vertex 2.813951e+001 7.200001e+001 4.871748e-003
         vertex 2.806980e+001 7.100000e+001 1.218170e-003
         vertex 2.806980e+001 7.200001e+001 1.218170e-003
      endloop
   endfacet
   facet normal 2.326948e-002 0.000000e+000 -9.997292e-001
      outer loop
         vertex 2.806980e+001 7.200001e+001 1.218170e-003
         vertex 2.806980e+001 7.100000e+001 1.218170e-003
         vertex 2.800000e+001 7.100000e+001 0.000000e+000
      endloop
   endfacet
   facet normal 1.163474e-002 0.000000e+000 -9.999323e-001
      outer loop
         vertex 2.806980e+001 7.200001e+001 1.218170e-003
         vertex 2.800000e+001 7.100000e+001 0.000000e+000
         vertex 2.800000e+001 7.200001e+001 0.000000e+000
      endloop
   endfacet
   facet normal -1.163474e-002 0.000000e+000 -9.999323e-001
      outer loop
         vertex 1.999999e+000 7.200001e+001 0.000000e+000
         vertex 1.999999e+000 7.100000e+001 0.000000e+000
         vertex 1.930200e+000 7.100000e+001 1.218170e-003
      endloop
   endfacet
   facet normal -2.326948e-002 0.000000e+000 -9.997292e-001
      outer loop
         vertex 1.999999e+000 7.200001e+001 0.000000e+000
         vertex 1.930200e+000 7.100000e+001 1.218170e-003
         vertex 1.930200e+000 7.200001e+001 1.218170e-003
      endloop
   endfacet
   facet normal -4.652479e-002 0.000000e+000 -9.989172e-001
      outer loop
         vertex 1.930200e+000 7.200001e+001 1.218170e-003
         vertex 1.930200e+000 7.100000e+001 1.218170e-003
         vertex 1.860486e+000 7.100000e+001 4.871748e-003
      endloop
   endfacet
   facet normal -5.814535e-002 0.000000e+000 -9.983081e-001
      outer loop
         vertex 1.930200e+000 7.200001e+001 1.218170e-003
         vertex 1.860486e+000 7.100000e+001 4.871748e-003
         vertex 1.860486e+000 7.200001e+001 4.871748e-003
      endloop
   endfacet
   facet normal -8.135815e-002 0.000000e+000 -9.966849e-001
      outer loop
         vertex 1.860486e+000 7.200001e+001 4.871748e-003
         vertex 1.860486e+000 7.100000e+001 4.871748e-003
         vertex 1.790943e+000 7.100000e+001 1.095608e-002
      endloop
   endfacet
   facet normal -9.295038e-002 0.000000e+000 -9.956707e-001
      outer loop
         vertex 1.860486e+000 7.200001e+001 4.871748e-003
         vertex 1.790943e+000 7.100000e+001 1.095608e-002
         vertex 1.790943e+000 7.200001e+001 1.095608e-002
      endloop
   endfacet
   facet normal -1.160924e-001 0.000000e+000 -9.932384e-001
      outer loop
         vertex 1.790943e+000 7.200001e+001 1.095608e-002
         vertex 1.790943e+000 7.100000e+001 1.095608e-002
         vertex 1.721653e+000 7.100000e+001 1.946371e-002
      endloop
   endfacet
   facet normal -1.276422e-001 0.000000e+000 -9.918203e-001
      outer loop
         vertex 1.790943e+000 7.200001e+001 1.095608e-002
         vertex 1.721653e+000 7.100000e+001 1.946371e-002
         vertex 1.721653e+000 7.200001e+001 1.946371e-002
      endloop
   endfacet
   facet normal -1.506852e-001 0.000000e+000 -9.885818e-001
      outer loop
         vertex 1.721653e+000 7.200001e+001 1.946371e-002
         vertex 1.721653e+000 7.100000e+001 1.946371e-002
         vertex 1.652704e+000 7.100000e+001 3.038440e-002
      endloop
   endfacet
   facet normal -1.621784e-001 0.000000e+000 -9.867615e-001
      outer loop
         vertex 1.721653e+000 7.200001e+001 1.946371e-002
         vertex 1.652704e+000 7.100000e+001 3.038440e-002
         vertex 1.652704e+000 7.200001e+001 3.038440e-002
      endloop
   endfacet
   facet normal -1.850944e-001 0.000000e+000 -9.827207e-001
      outer loop
         vertex 1.652704e+000 7.200001e+001 3.038440e-002
         vertex 1.652704e+000 7.100000e+001 3.038440e-002
         vertex 1.584176e+000 7.100000e+001 4.370511e-002
      endloop
   endfacet
   facet normal -1.965171e-001 0.000000e+000 -9.805004e-001
      outer loop
         vertex 1.652704e+000 7.200001e+001 3.038440e-002
         vertex 1.584176e+000 7.100000e+001 4.370511e-002
         vertex 1.584176e+000 7.200001e+001 4.370511e-002
      endloop
   endfacet
   facet normal -2.192781e-001 0.000000e+000 -9.756624e-001
      outer loop
         vertex 1.584176e+000 7.200001e+001 4.370511e-002
         vertex 1.584176e+000 7.100000e+001 4.370511e-002
         vertex 1.516156e+000 7.100000e+001 5.940814e-002
      endloop
   endfacet
   facet normal -2.306164e-001 0.000000e+000 -9.730448e-001
      outer loop
         vertex 1.584176e+000 7.200001e+001 4.370511e-002
         vertex 1.516156e+000 7.100000e+001 5.940814e-002
         vertex 1.516156e+000 7.200001e+001 5.940814e-002
      endloop
   endfacet
   facet normal -2.531947e-001 0.000000e+000 -9.674153e-001
      outer loop
         vertex 1.516156e+000 7.200001e+001 5.940814e-002
         vertex 1.516156e+000 7.100000e+001 5.940814e-002
         vertex 1.448725e+000 7.100000e+001 7.747672e-002
      endloop
   endfacet
   facet normal -2.644347e-001 0.000000e+000 -9.644036e-001
      outer loop
         vertex 1.516156e+000 7.200001e+001 5.940814e-002
         vertex 1.448725e+000 7.100000e+001 7.747672e-002
         vertex 1.448725e+000 7.200001e+001 7.747672e-002
      endloop
   endfacet
   facet normal -2.868027e-001 0.000000e+000 -9.579897e-001
      outer loop
         vertex 1.448725e+000 7.200001e+001 7.747672e-002
         vertex 1.448725e+000 7.100000e+001 7.747672e-002
         vertex 1.381965e+000 7.100000e+001 9.788666e-002
      endloop
   endfacet
   facet normal -2.979308e-001 0.000000e+000 -9.545875e-001
      outer loop
         vertex 1.448725e+000 7.200001e+001 7.747672e-002
         vertex 1.381965e+000 7.100000e+001 9.788666e-002
         vertex 1.381965e+000 7.200001e+001 9.788666e-002
      endloop
   endfacet
   facet normal -3.200614e-001 0.000000e+000 -9.473968e-001
      outer loop
         vertex 1.381965e+000 7.200001e+001 9.788666e-002
         vertex 1.381965e+000 7.100000e+001 9.788666e-002
         vertex 1.315960e+000 7.100000e+001 1.206147e-001
      endloop
   endfacet
   facet normal -3.310639e-001 0.000000e+000 -9.436083e-001
      outer loop
         vertex 1.381965e+000 7.200001e+001 9.788666e-002
         vertex 1.315960e+000 7.100000e+001 1.206147e-001
         vertex 1.315960e+000 7.200001e+001 1.206147e-001
      endloop
   endfacet
   facet normal -3.529301e-001 0.000000e+000 -9.356497e-001
      outer loop
         vertex 1.315960e+000 7.200001e+001 1.206147e-001
         vertex 1.315960e+000 7.100000e+001 1.206147e-001
         vertex 1.250787e+000 7.100000e+001 1.456323e-001
      endloop
   endfacet
   facet normal -3.637937e-001 0.000000e+000 -9.314795e-001
      outer loop
         vertex 1.315960e+000 7.200001e+001 1.206147e-001
         vertex 1.250787e+000 7.100000e+001 1.456323e-001
         vertex 1.250787e+000 7.200001e+001 1.456323e-001
      endloop
   endfacet
   facet normal -3.853688e-001 0.000000e+000 -9.227627e-001
      outer loop
         vertex 1.250787e+000 7.200001e+001 1.456323e-001
         vertex 1.250787e+000 7.100000e+001 1.456323e-001
         vertex 1.186526e+000 7.100000e+001 1.729089e-001
      endloop
   endfacet
   facet normal -3.960803e-001 0.000000e+000 -9.182159e-001
      outer loop
         vertex 1.250787e+000 7.200001e+001 1.456323e-001
         vertex 1.186526e+000 7.100000e+001 1.729089e-001
         vertex 1.186526e+000 7.200001e+001 1.729089e-001
      endloop
   endfacet
   facet normal -4.173380e-001 0.000000e+000 -9.087514e-001
      outer loop
         vertex 1.186526e+000 7.200001e+001 1.729089e-001
         vertex 1.186526e+000 7.100000e+001 1.729089e-001
         vertex 1.123258e+000 7.100000e+001 2.024118e-001
      endloop
   endfacet
   facet normal -4.278843e-001 0.000000e+000 -9.038336e-001
      outer loop
         vertex 1.186526e+000 7.200001e+001 1.729089e-001
         vertex 1.123258e+000 7.100000e+001 2.024118e-001
         vertex 1.123258e+000 7.200001e+001 2.024118e-001
      endloop
   endfacet
   facet normal -4.487987e-001 0.000000e+000 -8.936329e-001
      outer loop
         vertex 1.123258e+000 7.200001e+001 2.024118e-001
         vertex 1.123258e+000 7.100000e+001 2.024118e-001
         vertex 1.061057e+000 7.100000e+001 2.341047e-001
      endloop
   endfacet
   facet normal -4.591669e-001 0.000000e+000 -8.883500e-001
      outer loop
         vertex 1.123258e+000 7.200001e+001 2.024118e-001
         vertex 1.061057e+000 7.100000e+001 2.341047e-001
         vertex 1.061057e+000 7.200001e+001 2.341047e-001
      endloop
   endfacet
   facet normal -4.797127e-001 0.000000e+000 -8.774257e-001
      outer loop
         vertex 1.061057e+000 7.200001e+001 2.341047e-001
         vertex 1.061057e+000 7.100000e+001 2.341047e-001
         vertex 1.000000e+000 7.100000e+001 2.679490e-001
      endloop
   endfacet
   facet normal -4.898902e-001 0.000000e+000 -8.717842e-001
      outer loop
         vertex 1.061057e+000 7.200001e+001 2.341047e-001
         vertex 1.000000e+000 7.100000e+001 2.679490e-001
         vertex 1.000000e+000 7.200001e+001 2.679490e-001
      endloop
   endfacet
   facet normal -5.100421e-001 0.000000e+000 -8.601494e-001
      outer loop
         vertex 1.000000e+000 7.200001e+001 2.679490e-001
         vertex 1.000000e+000 7.100000e+001 2.679490e-001
         vertex 9.401608e-001 7.100000e+001 3.039036e-001
      endloop
   endfacet
   facet normal -5.200166e-001 0.000000e+000 -8.541561e-001
      outer loop
         vertex 1.000000e+000 7.200001e+001 2.679490e-001
         vertex 9.401608e-001 7.100000e+001 3.039036e-001
         vertex 9.401608e-001 7.200001e+001 3.039036e-001
      endloop
   endfacet
   facet normal -5.397502e-001 0.000000e+000 -8.418252e-001
      outer loop
         vertex 9.401608e-001 7.200001e+001 3.039036e-001
         vertex 9.401608e-001 7.100000e+001 3.039036e-001
         vertex 8.816141e-001 7.100000e+001 3.419248e-001
      endloop
   endfacet
   facet normal -5.495094e-001 0.000000e+000 -8.354875e-001
      outer loop
         vertex 9.401608e-001 7.200001e+001 3.039036e-001
         vertex 8.816141e-001 7.100000e+001 3.419248e-001
         vertex 8.816141e-001 7.200001e+001 3.419248e-001
      endloop
   endfacet
   facet normal -5.688007e-001 0.000000e+000 -8.224754e-001
      outer loop
         vertex 8.816141e-001 7.200001e+001 3.419248e-001
         vertex 8.816141e-001 7.100000e+001 3.419248e-001
         vertex 8.244291e-001 7.100000e+001 3.819657e-001
      endloop
   endfacet
   facet normal -5.783327e-001 0.000000e+000 -8.158010e-001
      outer loop
         vertex 8.816141e-001 7.200001e+001 3.419248e-001
         vertex 8.244291e-001 7.100000e+001 3.819657e-001
         vertex 8.244291e-001 7.200001e+001 3.819657e-001
      endloop
   endfacet
   facet normal -5.971582e-001 0.000000e+000 -8.021235e-001
      outer loop
         vertex 8.244291e-001 7.200001e+001 3.819657e-001
         vertex 8.244291e-001 7.100000e+001 3.819657e-001
         vertex 7.686764e-001 7.100000e+001 4.239785e-001
      endloop
   endfacet
   facet normal -6.064515e-001 0.000000e+000 -7.951205e-001
      outer loop
         vertex 8.244291e-001 7.200001e+001 3.819657e-001
         vertex 7.686764e-001 7.100000e+001 4.239785e-001
         vertex 7.686764e-001 7.200001e+001 4.239785e-001
      endloop
   endfacet
   facet normal -6.247881e-001 0.000000e+000 -7.807943e-001
      outer loop
         vertex 7.686764e-001 7.200001e+001 4.239785e-001
         vertex 7.686764e-001 7.100000e+001 4.239785e-001
         vertex 7.144241e-001 7.100000e+001 4.679109e-001
      endloop
   endfacet
   facet normal -6.338314e-001 0.000000e+000 -7.734712e-001
      outer loop
         vertex 7.686764e-001 7.200001e+001 4.239785e-001
         vertex 7.144241e-001 7.100000e+001 4.679109e-001
         vertex 7.144241e-001 7.200001e+001 4.679109e-001
      endloop
   endfacet
   facet normal -6.516569e-001 0.000000e+000 -7.585139e-001
      outer loop
         vertex 7.144241e-001 7.200001e+001 4.679109e-001
         vertex 7.144241e-001 7.100000e+001 4.679109e-001
         vertex 6.617382e-001 7.100000e+001 5.137101e-001
      endloop
   endfacet
   facet normal -6.604390e-001 0.000000e+000 -7.508796e-001
      outer loop
         vertex 7.144241e-001 7.200001e+001 4.679109e-001
         vertex 6.617382e-001 7.100000e+001 5.137101e-001
         vertex 6.617382e-001 7.200001e+001 5.137101e-001
      endloop
   endfacet
   facet normal -6.777316e-001 0.000000e+000 -7.353093e-001
      outer loop
         vertex 6.617382e-001 7.200001e+001 5.137101e-001
         vertex 6.617382e-001 7.100000e+001 5.137101e-001
         vertex 6.106831e-001 7.100000e+001 5.613202e-001
      endloop
   endfacet
   facet normal -6.862420e-001 0.000000e+000 -7.273733e-001
      outer loop
         vertex 6.617382e-001 7.200001e+001 5.137101e-001
         vertex 6.106831e-001 7.100000e+001 5.613202e-001
         vertex 6.106831e-001 7.200001e+001 5.613202e-001
      endloop
   endfacet
   facet normal -7.029807e-001 0.000000e+000 -7.112089e-001
      outer loop
         vertex 6.106831e-001 7.200001e+001 5.613202e-001
         vertex 6.106831e-001 7.100000e+001 5.613202e-001
         vertex 5.613202e-001 7.100000e+001 6.106831e-001
      endloop
   endfacet
   facet normal -7.112090e-001 0.000000e+000 -7.029806e-001
      outer loop
         vertex 6.106831e-001 7.200001e+001 5.613202e-001
         vertex 5.613202e-001 7.100000e+001 6.106831e-001
         vertex 5.613202e-001 7.200001e+001 6.106831e-001
      endloop
   endfacet
   facet normal -7.273733e-001 0.000000e+000 -6.862420e-001
      outer loop
         vertex 5.613202e-001 7.200001e+001 6.106831e-001
         vertex 5.613202e-001 7.100000e+001 6.106831e-001
         vertex 5.137101e-001 7.100000e+001 6.617387e-001
      endloop
   endfacet
   facet normal -7.353093e-001 0.000000e+000 -6.777316e-001
      outer loop
         vertex 5.613202e-001 7.200001e+001 6.106831e-001
         vertex 5.137101e-001 7.100000e+001 6.617387e-001
         vertex 5.137101e-001 7.200001e+001 6.617387e-001
      endloop
   endfacet
   facet normal -7.508796e-001 0.000000e+000 -6.604390e-001
      outer loop
         vertex 5.137101e-001 7.200001e+001 6.617387e-001
         vertex 5.137101e-001 7.100000e+001 6.617387e-001
         vertex 4.679104e-001 7.100000e+001 7.144246e-001
      endloop
   endfacet
   facet normal -7.585139e-001 0.000000e+000 -6.516569e-001
      outer loop
         vertex 5.137101e-001 7.200001e+001 6.617387e-001
         vertex 4.679104e-001 7.100000e+001 7.144246e-001
         vertex 4.679104e-001 7.200001e+001 7.144246e-001
      endloop
   endfacet
   facet normal -7.734712e-001 0.000000e+000 -6.338314e-001
      outer loop
         vertex 4.679104e-001 7.200001e+001 7.144246e-001
         vertex 4.679104e-001 7.100000e+001 7.144246e-001
         vertex 4.239781e-001 7.100000e+001 7.686769e-001
      endloop
   endfacet
   facet normal -7.807944e-001 0.000000e+000 -6.247881e-001
      outer loop
         vertex 4.679104e-001 7.200001e+001 7.144246e-001
         vertex 4.239781e-001 7.100000e+001 7.686769e-001
         vertex 4.239781e-001 7.200001e+001 7.686769e-001
      endloop
   endfacet
   facet normal -7.951205e-001 0.000000e+000 -6.064515e-001
      outer loop
         vertex 4.239781e-001 7.200001e+001 7.686769e-001
         vertex 4.239781e-001 7.100000e+001 7.686769e-001
         vertex 3.819661e-001 7.100000e+001 8.244296e-001
      endloop
   endfacet
   facet normal -8.021235e-001 0.000000e+000 -5.971582e-001
      outer loop
         vertex 4.239781e-001 7.200001e+001 7.686769e-001
         vertex 3.819661e-001 7.100000e+001 8.244296e-001
         vertex 3.819661e-001 7.200001e+001 8.244296e-001
      endloop
   endfacet
   facet normal -8.158010e-001 0.000000e+000 -5.783327e-001
      outer loop
         vertex 3.819661e-001 7.200001e+001 8.244296e-001
         vertex 3.819661e-001 7.100000e+001 8.244296e-001
         vertex 3.419248e-001 7.100000e+001 8.816141e-001
      endloop
   endfacet
   facet normal -8.224754e-001 0.000000e+000 -5.688007e-001
      outer loop
         vertex 3.819661e-001 7.200001e+001 8.244296e-001
         vertex 3.419248e-001 7.100000e+001 8.816141e-001
         vertex 3.419248e-001 7.200001e+001 8.816141e-001
      endloop
   endfacet
   facet normal -8.354875e-001 0.000000e+000 -5.495094e-001
      outer loop
         vertex 3.419248e-001 7.200001e+001 8.816141e-001
         vertex 3.419248e-001 7.100000e+001 8.816141e-001
         vertex 3.039036e-001 7.100000e+001 9.401613e-001
      endloop
   endfacet
   facet normal -8.418252e-001 0.000000e+000 -5.397502e-001
      outer loop
         vertex 3.419248e-001 7.200001e+001 8.816141e-001
         vertex 3.039036e-001 7.100000e+001 9.401613e-001
         vertex 3.039036e-001 7.200001e+001 9.401613e-001
      endloop
   endfacet
   facet normal -8.541562e-001 0.000000e+000 -5.200166e-001
      outer loop
         vertex 3.039036e-001 7.200001e+001 9.401613e-001
         vertex 3.039036e-001 7.100000e+001 9.401613e-001
         vertex 2.679490e-001 7.100000e+001 9.999997e-001
      endloop
   endfacet
   facet normal -8.601494e-001 0.000000e+000 -5.100421e-001
      outer loop
         vertex 3.039036e-001 7.200001e+001 9.401613e-001
         vertex 2.679490e-001 7.100000e+001 9.999997e-001
         vertex 2.679490e-001 7.200001e+001 9.999997e-001
      endloop
   endfacet
   facet normal -8.717842e-001 0.000000e+000 -4.898902e-001
      outer loop
         vertex 2.679490e-001 7.200001e+001 9.999997e-001
         vertex 2.679490e-001 7.100000e+001 9.999997e-001
         vertex 2.341047e-001 7.100000e+001 1.061057e+000
      endloop
   endfacet
   facet normal -8.774256e-001 0.000000e+000 -4.797127e-001
      outer loop
         vertex 2.679490e-001 7.200001e+001 9.999997e-001
         vertex 2.341047e-001 7.100000e+001 1.061057e+000
         vertex 2.341047e-001 7.200001e+001 1.061057e+000
      endloop
   endfacet
   facet normal -8.883500e-001 0.000000e+000 -4.591669e-001
      outer loop
         vertex 2.341047e-001 7.200001e+001 1.061057e+000
         vertex 2.341047e-001 7.100000e+001 1.061057e+000
         vertex 2.024118e-001 7.100000e+001 1.123257e+000
      endloop
   endfacet
   facet normal -8.936329e-001 0.000000e+000 -4.487987e-001
      outer loop
         vertex 2.341047e-001 7.200001e+001 1.061057e+000
         vertex 2.024118e-001 7.100000e+001 1.123257e+000
         vertex 2.024118e-001 7.200001e+001 1.123257e+000
      endloop
   endfacet
   facet normal -9.038336e-001 0.000000e+000 -4.278843e-001
      outer loop
         vertex 2.024118e-001 7.200001e+001 1.123257e+000
         vertex 2.024118e-001 7.100000e+001 1.123257e+000
         vertex 1.729093e-001 7.100000e+001 1.186526e+000
      endloop
   endfacet
   facet normal -9.087514e-001 0.000000e+000 -4.173380e-001
      outer loop
         vertex 2.024118e-001 7.200001e+001 1.123257e+000
         vertex 1.729093e-001 7.100000e+001 1.186526e+000
         vertex 1.729093e-001 7.200001e+001 1.186526e+000
      endloop
   endfacet
   facet normal -9.182159e-001 0.000000e+000 -3.960802e-001
      outer loop
         vertex 1.729093e-001 7.200001e+001 1.186526e+000
         vertex 1.729093e-001 7.100000e+001 1.186526e+000
         vertex 1.456328e-001 7.100000e+001 1.250787e+000
      endloop
   endfacet
   facet normal -9.227627e-001 0.000000e+000 -3.853688e-001
      outer loop
         vertex 1.729093e-001 7.200001e+001 1.186526e+000
         vertex 1.456328e-001 7.100000e+001 1.250787e+000
         vertex 1.456328e-001 7.200001e+001 1.250787e+000
      endloop
   endfacet
   facet normal -9.314796e-001 0.000000e+000 -3.637937e-001
      outer loop
         vertex 1.456328e-001 7.200001e+001 1.250787e+000
         vertex 1.456328e-001 7.100000e+001 1.250787e+000
         vertex 1.206137e-001 7.100000e+001 1.315960e+000
      endloop
   endfacet
   facet normal -9.356497e-001 0.000000e+000 -3.529301e-001
      outer loop
         vertex 1.456328e-001 7.200001e+001 1.250787e+000
         vertex 1.206137e-001 7.100000e+001 1.315960e+000
         vertex 1.206137e-001 7.200001e+001 1.315960e+000
      endloop
   endfacet
   facet normal -9.436083e-001 0.000000e+000 -3.310639e-001
      outer loop
         vertex 1.206137e-001 7.200001e+001 1.315960e+000
         vertex 1.206137e-001 7.100000e+001 1.315960e+000
         vertex 9.788759e-002 7.100000e+001 1.381966e+000
      endloop
   endfacet
   facet normal -9.473968e-001 0.000000e+000 -3.200614e-001
      outer loop
         vertex 1.206137e-001 7.200001e+001 1.315960e+000
         vertex 9.788759e-002 7.100000e+001 1.381966e+000
         vertex 9.788759e-002 7.200001e+001 1.381966e+000
      endloop
   endfacet
   facet normal -9.545875e-001 0.000000e+000 -2.979308e-001
      outer loop
         vertex 9.788759e-002 7.200001e+001 1.381966e+000
         vertex 9.788759e-002 7.100000e+001 1.381966e+000
         vertex 7.747672e-002 7.100000e+001 1.448725e+000
      endloop
   endfacet
   facet normal -9.579897e-001 0.000000e+000 -2.868027e-001
      outer loop
         vertex 9.788759e-002 7.200001e+001 1.381966e+000
         vertex 7.747672e-002 7.100000e+001 1.448725e+000
         vertex 7.747672e-002 7.200001e+001 1.448725e+000
      endloop
   endfacet
   facet normal -9.644036e-001 0.000000e+000 -2.644347e-001
      outer loop
         vertex 7.747672e-002 7.200001e+001 1.448725e+000
         vertex 7.747672e-002 7.100000e+001 1.448725e+000
         vertex 5.940907e-002 7.100000e+001 1.516156e+000
      endloop
   endfacet
   facet normal -9.674153e-001 0.000000e+000 -2.531947e-001
      outer loop
         vertex 7.747672e-002 7.200001e+001 1.448725e+000
         vertex 5.940907e-002 7.100000e+001 1.516156e+000
         vertex 5.940907e-002 7.200001e+001 1.516156e+000
      endloop
   endfacet
   facet normal -9.730448e-001 0.000000e+000 -2.306164e-001
      outer loop
         vertex 5.940907e-002 7.200001e+001 1.516156e+000
         vertex 5.940907e-002 7.100000e+001 1.516156e+000
         vertex 4.370511e-002 7.100000e+001 1.584176e+000
      endloop
   endfacet
   facet normal -9.756624e-001 0.000000e+000 -2.192781e-001
      outer loop
         vertex 5.940907e-002 7.200001e+001 1.516156e+000
         vertex 4.370511e-002 7.100000e+001 1.584176e+000
         vertex 4.370511e-002 7.200001e+001 1.584176e+000
      endloop
   endfacet
   facet normal -9.805004e-001 0.000000e+000 -1.965171e-001
      outer loop
         vertex 4.370511e-002 7.200001e+001 1.584176e+000
         vertex 4.370511e-002 7.100000e+001 1.584176e+000
         vertex 3.038347e-002 7.100000e+001 1.652704e+000
      endloop
   endfacet
   facet normal -9.827207e-001 0.000000e+000 -1.850944e-001
      outer loop
         vertex 4.370511e-002 7.200001e+001 1.584176e+000
         vertex 3.038347e-002 7.100000e+001 1.652704e+000
         vertex 3.038347e-002 7.200001e+001 1.652704e+000
      endloop
   endfacet
   facet normal -9.867615e-001 0.000000e+000 -1.621784e-001
      outer loop
         vertex 3.038347e-002 7.200001e+001 1.652704e+000
         vertex 3.038347e-002 7.100000e+001 1.652704e+000
         vertex 1.946278e-002 7.100000e+001 1.721654e+000
      endloop
   endfacet
   facet normal -9.885818e-001 0.000000e+000 -1.506852e-001
      outer loop
         vertex 3.038347e-002 7.200001e+001 1.652704e+000
         vertex 1.946278e-002 7.100000e+001 1.721654e+000
         vertex 1.946278e-002 7.200001e+001 1.721654e+000
      endloop
   endfacet
   facet normal -9.918203e-001 0.000000e+000 -1.276422e-001
      outer loop
         vertex 1.946278e-002 7.200001e+001 1.721654e+000
         vertex 1.946278e-002 7.100000e+001 1.721654e+000
         vertex 1.095608e-002 7.100000e+001 1.790943e+000
      endloop
   endfacet
   facet normal -9.932384e-001 0.000000e+000 -1.160924e-001
      outer loop
         vertex 1.946278e-002 7.200001e+001 1.721654e+000
         vertex 1.095608e-002 7.100000e+001 1.790943e+000
         vertex 1.095608e-002 7.200001e+001 1.790943e+000
      endloop
   endfacet
   facet normal -9.956707e-001 0.000000e+000 -9.295037e-002
      outer loop
         vertex 1.095608e-002 7.200001e+001 1.790943e+000
         vertex 1.095608e-002 7.100000e+001 1.790943e+000
         vertex 4.870817e-003 7.100000e+001 1.860487e+000
      endloop
   endfacet
   facet normal -9.966849e-001 0.000000e+000 -8.135815e-002
      outer loop
         vertex 1.095608e-002 7.200001e+001 1.790943e+000
         vertex 4.870817e-003 7.100000e+001 1.860487e+000
         vertex 4.870817e-003 7.200001e+001 1.860487e+000
      endloop
   endfacet
   facet normal -9.983081e-001 0.000000e+000 -5.814535e-002
      outer loop
         vertex 4.870817e-003 7.200001e+001 1.860487e+000
         vertex 4.870817e-003 7.100000e+001 1.860487e+000
         vertex 1.218170e-003 7.100000e+001 1.930201e+000
      endloop
   endfacet
   facet normal -9.989172e-001 0.000000e+000 -4.652479e-002
      outer loop
         vertex 4.870817e-003 7.200001e+001 1.860487e+000
         vertex 1.218170e-003 7.100000e+001 1.930201e+000
         vertex 1.218170e-003 7.200001e+001 1.930201e+000
      endloop
   endfacet
   facet normal -9.997292e-001 0.000000e+000 -2.326948e-002
      outer loop
         vertex 1.218170e-003 7.200001e+001 1.930201e+000
         vertex 1.218170e-003 7.100000e+001 1.930201e+000
         vertex 0.000000e+000 7.100000e+001 2.000000e+000
      endloop
   endfacet
   facet normal -9.999323e-001 0.000000e+000 -1.163474e-002
      outer loop
         vertex 1.218170e-003 7.200001e+001 1.930201e+000
         vertex 0.000000e+000 7.100000e+001 2.000000e+000
         vertex 0.000000e+000 7.200001e+001 2.000000e+000
      endloop
   endfacet
   facet normal -9.999323e-001 0.000000e+000 1.163474e-002
      outer loop
         vertex 0.000000e+000 7.200001e+001 1.800000e+001
         vertex 0.000000e+000 7.100000e+001 1.800000e+001
         vertex 3.045425e-003 7.100000e+001 1.817450e+001
      endloop
   endfacet
   facet normal -9.997292e-001 0.000000e+000 2.326948e-002
      outer loop
         vertex 0.000000e+000 7.200001e+001 1.800000e+001
         vertex 3.045425e-003 7.100000e+001 1.817450e+001
         vertex 3.045425e-003 7.200001e+001 1.817450e+001
      endloop
   endfacet
   facet normal -9.989172e-001 0.000000e+000 4.652479e-002
      outer loop
         vertex 3.045425e-003 7.200001e+001 1.817450e+001
         vertex 3.045425e-003 7.100000e+001 1.817450e+001
         vertex 1.217984e-002 7.100000e+001 1.834878e+001
      endloop
   endfacet
   facet normal -9.983081e-001 0.000000e+000 5.814535e-002
      outer loop
         vertex 3.045425e-003 7.200001e+001 1.817450e+001
         vertex 1.217984e-002 7.100000e+001 1.834878e+001
         vertex 1.217984e-002 7.200001e+001 1.834878e+001
      endloop
   endfacet
   facet normal -9.966849e-001 0.000000e+000 8.135815e-002
      outer loop
         vertex 1.217984e-002 7.200001e+001 1.834878e+001
         vertex 1.217984e-002 7.100000e+001 1.834878e+001
         vertex 2.739020e-002 7.100000e+001 1.852264e+001
      endloop
   endfacet
   facet normal -9.956707e-001 0.000000e+000 9.295038e-002
      outer loop
         vertex 1.217984e-002 7.200001e+001 1.834878e+001
         vertex 2.739020e-002 7.100000e+001 1.852264e+001
         vertex 2.739020e-002 7.200001e+001 1.852264e+001
      endloop
   endfacet
   facet normal -9.932384e-001 0.000000e+000 1.160924e-001
      outer loop
         vertex 2.739020e-002 7.200001e+001 1.852264e+001
         vertex 2.739020e-002 7.100000e+001 1.852264e+001
         vertex 4.865974e-002 7.100000e+001 1.869587e+001
      endloop
   endfacet
   facet normal -9.918203e-001 0.000000e+000 1.276422e-001
      outer loop
         vertex 2.739020e-002 7.200001e+001 1.852264e+001
         vertex 4.865974e-002 7.100000e+001 1.869587e+001
         vertex 4.865974e-002 7.200001e+001 1.869587e+001
      endloop
   endfacet
   facet normal -9.885818e-001 0.000000e+000 1.506852e-001
      outer loop
         vertex 4.865974e-002 7.200001e+001 1.869587e+001
         vertex 4.865974e-002 7.100000e+001 1.869587e+001
         vertex 7.596053e-002 7.100000e+001 1.886824e+001
      endloop
   endfacet
   facet normal -9.867615e-001 0.000000e+000 1.621784e-001
      outer loop
         vertex 4.865974e-002 7.200001e+001 1.869587e+001
         vertex 7.596053e-002 7.100000e+001 1.886824e+001
         vertex 7.596053e-002 7.200001e+001 1.886824e+001
      endloop
   endfacet
   facet normal -9.827207e-001 0.000000e+000 1.850944e-001
      outer loop
         vertex 7.596053e-002 7.200001e+001 1.886824e+001
         vertex 7.596053e-002 7.100000e+001 1.886824e+001
         vertex 1.092609e-001 7.100000e+001 1.903956e+001
      endloop
   endfacet
   facet normal -9.805004e-001 0.000000e+000 1.965171e-001
      outer loop
         vertex 7.596053e-002 7.200001e+001 1.886824e+001
         vertex 1.092609e-001 7.100000e+001 1.903956e+001
         vertex 1.092609e-001 7.200001e+001 1.903956e+001
      endloop
   endfacet
   facet normal -9.756624e-001 0.000000e+000 2.192781e-001
      outer loop
         vertex 1.092609e-001 7.200001e+001 1.903956e+001
         vertex 1.092609e-001 7.100000e+001 1.903956e+001
         vertex 1.485217e-001 7.100000e+001 1.920961e+001
      endloop
   endfacet
   facet normal -9.730448e-001 0.000000e+000 2.306164e-001
      outer loop
         vertex 1.092609e-001 7.200001e+001 1.903956e+001
         vertex 1.485217e-001 7.100000e+001 1.920961e+001
         vertex 1.485217e-001 7.200001e+001 1.920961e+001
      endloop
   endfacet
   facet normal -9.674153e-001 0.000000e+000 2.531947e-001
      outer loop
         vertex 1.485217e-001 7.200001e+001 1.920961e+001
         vertex 1.485217e-001 7.100000e+001 1.920961e+001
         vertex 1.936909e-001 7.100000e+001 1.937819e+001
      endloop
   endfacet
   facet normal -9.644036e-001 0.000000e+000 2.644347e-001
      outer loop
         vertex 1.485217e-001 7.200001e+001 1.920961e+001
         vertex 1.936909e-001 7.100000e+001 1.937819e+001
         vertex 1.936909e-001 7.200001e+001 1.937819e+001
      endloop
   endfacet
   facet normal -9.579897e-001 0.000000e+000 2.868027e-001
      outer loop
         vertex 1.936909e-001 7.200001e+001 1.937819e+001
         vertex 1.936909e-001 7.100000e+001 1.937819e+001
         vertex 2.447171e-001 7.100000e+001 1.954509e+001
      endloop
   endfacet
   facet normal -9.545875e-001 0.000000e+000 2.979308e-001
      outer loop
         vertex 1.936909e-001 7.200001e+001 1.937819e+001
         vertex 2.447171e-001 7.100000e+001 1.954509e+001
         vertex 2.447171e-001 7.200001e+001 1.954509e+001
      endloop
   endfacet
   facet normal -9.473968e-001 0.000000e+000 3.200614e-001
      outer loop
         vertex 2.447171e-001 7.200001e+001 1.954509e+001
         vertex 2.447171e-001 7.100000e+001 1.954509e+001
         vertex 3.015371e-001 7.100000e+001 1.971010e+001
      endloop
   endfacet
   facet normal -9.436083e-001 0.000000e+000 3.310639e-001
      outer loop
         vertex 2.447171e-001 7.200001e+001 1.954509e+001
         vertex 3.015371e-001 7.100000e+001 1.971010e+001
         vertex 3.015371e-001 7.200001e+001 1.971010e+001
      endloop
   endfacet
   facet normal -9.356497e-001 0.000000e+000 3.529301e-001
      outer loop
         vertex 3.015371e-001 7.200001e+001 1.971010e+001
         vertex 3.015371e-001 7.100000e+001 1.971010e+001
         vertex 3.640801e-001 7.100000e+001 1.987303e+001
      endloop
   endfacet
   facet normal -9.314795e-001 0.000000e+000 3.637937e-001
      outer loop
         vertex 3.015371e-001 7.200001e+001 1.971010e+001
         vertex 3.640801e-001 7.100000e+001 1.987303e+001
         vertex 3.640801e-001 7.200001e+001 1.987303e+001
      endloop
   endfacet
   facet normal -9.227627e-001 0.000000e+000 3.853688e-001
      outer loop
         vertex 3.640801e-001 7.200001e+001 1.987303e+001
         vertex 3.640801e-001 7.100000e+001 1.987303e+001
         vertex 4.322724e-001 7.100000e+001 2.003368e+001
      endloop
   endfacet
   facet normal -9.182159e-001 0.000000e+000 3.960803e-001
      outer loop
         vertex 3.640801e-001 7.200001e+001 1.987303e+001
         vertex 4.322724e-001 7.100000e+001 2.003368e+001
         vertex 4.322724e-001 7.200001e+001 2.003368e+001
      endloop
   endfacet
   facet normal -9.087514e-001 0.000000e+000 4.173380e-001
      outer loop
         vertex 4.322724e-001 7.200001e+001 2.003368e+001
         vertex 4.322724e-001 7.100000e+001 2.003368e+001
         vertex 5.060295e-001 7.100000e+001 2.019186e+001
      endloop
   endfacet
   facet normal -9.038336e-001 0.000000e+000 4.278843e-001
      outer loop
         vertex 4.322724e-001 7.200001e+001 2.003368e+001
         vertex 5.060295e-001 7.100000e+001 2.019186e+001
         vertex 5.060295e-001 7.200001e+001 2.019186e+001
      endloop
   endfacet
   facet normal -8.936329e-001 0.000000e+000 4.487987e-001
      outer loop
         vertex 5.060295e-001 7.200001e+001 2.019186e+001
         vertex 5.060295e-001 7.100000e+001 2.019186e+001
         vertex 5.852617e-001 7.100000e+001 2.034736e+001
      endloop
   endfacet
   facet normal -8.883500e-001 0.000000e+000 4.591669e-001
      outer loop
         vertex 5.060295e-001 7.200001e+001 2.019186e+001
         vertex 5.852617e-001 7.100000e+001 2.034736e+001
         vertex 5.852617e-001 7.200001e+001 2.034736e+001
      endloop
   endfacet
   facet normal -8.774257e-001 0.000000e+000 4.797127e-001
      outer loop
         vertex 5.852617e-001 7.200001e+001 2.034736e+001
         vertex 5.852617e-001 7.100000e+001 2.034736e+001
         vertex 6.698724e-001 7.100000e+001 2.050000e+001
      endloop
   endfacet
   facet normal -8.717842e-001 0.000000e+000 4.898902e-001
      outer loop
         vertex 5.852617e-001 7.200001e+001 2.034736e+001
         vertex 6.698724e-001 7.100000e+001 2.050000e+001
         vertex 6.698724e-001 7.200001e+001 2.050000e+001
      endloop
   endfacet
   facet normal -8.601494e-001 0.000000e+000 5.100421e-001
      outer loop
         vertex 6.698724e-001 7.200001e+001 2.050000e+001
         vertex 6.698724e-001 7.100000e+001 2.050000e+001
         vertex 7.597590e-001 7.100000e+001 2.064960e+001
      endloop
   endfacet
   facet normal -8.541561e-001 0.000000e+000 5.200166e-001
      outer loop
         vertex 6.698724e-001 7.200001e+001 2.050000e+001
         vertex 7.597590e-001 7.100000e+001 2.064960e+001
         vertex 7.597590e-001 7.200001e+001 2.064960e+001
      endloop
   endfacet
   facet normal -8.418252e-001 0.000000e+000 5.397502e-001
      outer loop
         vertex 7.597590e-001 7.200001e+001 2.064960e+001
         vertex 7.597590e-001 7.100000e+001 2.064960e+001
         vertex 8.548116e-001 7.100000e+001 2.079596e+001
      endloop
   endfacet
   facet normal -8.354875e-001 0.000000e+000 5.495094e-001
      outer loop
         vertex 7.597590e-001 7.200001e+001 2.064960e+001
         vertex 8.548116e-001 7.100000e+001 2.079596e+001
         vertex 8.548116e-001 7.200001e+001 2.079596e+001
      endloop
   endfacet
   facet normal -8.224754e-001 0.000000e+000 5.688007e-001
      outer loop
         vertex 8.548116e-001 7.200001e+001 2.079596e+001
         vertex 8.548116e-001 7.100000e+001 2.079596e+001
         vertex 9.549148e-001 7.100000e+001 2.093892e+001
      endloop
   endfacet
   facet normal -8.158010e-001 0.000000e+000 5.783327e-001
      outer loop
         vertex 8.548116e-001 7.200001e+001 2.079596e+001
         vertex 9.549148e-001 7.100000e+001 2.093892e+001
         vertex 9.549148e-001 7.200001e+001 2.093892e+001
      endloop
   endfacet
   facet normal -8.021235e-001 0.000000e+000 5.971582e-001
      outer loop
         vertex 9.549148e-001 7.200001e+001 2.093892e+001
         vertex 9.549148e-001 7.100000e+001 2.093892e+001
         vertex 1.059946e+000 7.100000e+001 2.107831e+001
      endloop
   endfacet
   facet normal -7.951205e-001 0.000000e+000 6.064515e-001
      outer loop
         vertex 9.549148e-001 7.200001e+001 2.093892e+001
         vertex 1.059946e+000 7.100000e+001 2.107831e+001
         vertex 1.059946e+000 7.200001e+001 2.107831e+001
      endloop
   endfacet
   facet normal -7.807943e-001 0.000000e+000 6.247881e-001
      outer loop
         vertex 1.059946e+000 7.200001e+001 2.107831e+001
         vertex 1.059946e+000 7.100000e+001 2.107831e+001
         vertex 1.169778e+000 7.100000e+001 2.121394e+001
      endloop
   endfacet
   facet normal -7.734712e-001 0.000000e+000 6.338314e-001
      outer loop
         vertex 1.059946e+000 7.200001e+001 2.107831e+001
         vertex 1.169778e+000 7.100000e+001 2.121394e+001
         vertex 1.169778e+000 7.200001e+001 2.121394e+001
      endloop
   endfacet
   facet normal -7.585139e-001 0.000000e+000 6.516569e-001
      outer loop
         vertex 1.169778e+000 7.200001e+001 2.121394e+001
         vertex 1.169778e+000 7.100000e+001 2.121394e+001
         vertex 1.284275e+000 7.100000e+001 2.134565e+001
      endloop
   endfacet
   facet normal -7.508796e-001 0.000000e+000 6.604390e-001
      outer loop
         vertex 1.169778e+000 7.200001e+001 2.121394e+001
         vertex 1.284275e+000 7.100000e+001 2.134565e+001
         vertex 1.284275e+000 7.200001e+001 2.134565e+001
      endloop
   endfacet
   facet normal -7.353093e-001 0.000000e+000 6.777316e-001
      outer loop
         vertex 1.284275e+000 7.200001e+001 2.134565e+001
         vertex 1.284275e+000 7.100000e+001 2.134565e+001
         vertex 1.403301e+000 7.100000e+001 2.147329e+001
      endloop
   endfacet
   facet normal -7.273733e-001 0.000000e+000 6.862420e-001
      outer loop
         vertex 1.284275e+000 7.200001e+001 2.134565e+001
         vertex 1.403301e+000 7.100000e+001 2.147329e+001
         vertex 1.403301e+000 7.200001e+001 2.147329e+001
      endloop
   endfacet
   facet normal -7.112089e-001 0.000000e+000 7.029807e-001
      outer loop
         vertex 1.403301e+000 7.200001e+001 2.147329e+001
         vertex 1.403301e+000 7.100000e+001 2.147329e+001
         vertex 1.526708e+000 7.100000e+001 2.159670e+001
      endloop
   endfacet
   facet normal -7.029806e-001 0.000000e+000 7.112090e-001
      outer loop
         vertex 1.403301e+000 7.200001e+001 2.147329e+001
         vertex 1.526708e+000 7.100000e+001 2.159670e+001
         vertex 1.526708e+000 7.200001e+001 2.159670e+001
      endloop
   endfacet
   facet normal -6.862420e-001 0.000000e+000 7.273733e-001
      outer loop
         vertex 1.526708e+000 7.200001e+001 2.159670e+001
         vertex 1.526708e+000 7.100000e+001 2.159670e+001
         vertex 1.654346e+000 7.100000e+001 2.171572e+001
      endloop
   endfacet
   facet normal -6.777316e-001 0.000000e+000 7.353093e-001
      outer loop
         vertex 1.526708e+000 7.200001e+001 2.159670e+001
         vertex 1.654346e+000 7.100000e+001 2.171572e+001
         vertex 1.654346e+000 7.200001e+001 2.171572e+001
      endloop
   endfacet
   facet normal -6.604390e-001 0.000000e+000 7.508796e-001
      outer loop
         vertex 1.654346e+000 7.200001e+001 2.171572e+001
         vertex 1.654346e+000 7.100000e+001 2.171572e+001
         vertex 1.786062e+000 7.100000e+001 2.183022e+001
      endloop
   endfacet
   facet normal -6.516569e-001 0.000000e+000 7.585139e-001
      outer loop
         vertex 1.654346e+000 7.200001e+001 2.171572e+001
         vertex 1.786062e+000 7.100000e+001 2.183022e+001
         vertex 1.786062e+000 7.200001e+001 2.183022e+001
      endloop
   endfacet
   facet normal -6.338314e-001 0.000000e+000 7.734712e-001
      outer loop
         vertex 1.786062e+000 7.200001e+001 2.183022e+001
         vertex 1.786062e+000 7.100000e+001 2.183022e+001
         vertex 1.921692e+000 7.100000e+001 2.194005e+001
      endloop
   endfacet
   facet normal -6.247881e-001 0.000000e+000 7.807944e-001
      outer loop
         vertex 1.786062e+000 7.200001e+001 2.183022e+001
         vertex 1.921692e+000 7.100000e+001 2.194005e+001
         vertex 1.921692e+000 7.200001e+001 2.194005e+001
      endloop
   endfacet
   facet normal -6.064515e-001 0.000000e+000 7.951205e-001
      outer loop
         vertex 1.921692e+000 7.200001e+001 2.194005e+001
         vertex 1.921692e+000 7.100000e+001 2.194005e+001
         vertex 2.061074e+000 7.100000e+001 2.204509e+001
      endloop
   endfacet
   facet normal -5.971582e-001 0.000000e+000 8.021235e-001
      outer loop
         vertex 1.921692e+000 7.200001e+001 2.194005e+001
         vertex 2.061074e+000 7.100000e+001 2.204509e+001
         vertex 2.061074e+000 7.200001e+001 2.204509e+001
      endloop
   endfacet
   facet normal -5.783327e-001 0.000000e+000 8.158010e-001
      outer loop
         vertex 2.061074e+000 7.200001e+001 2.204509e+001
         vertex 2.061074e+000 7.100000e+001 2.204509e+001
         vertex 2.204036e+000 7.100000e+001 2.214519e+001
      endloop
   endfacet
   facet normal -5.688007e-001 0.000000e+000 8.224754e-001
      outer loop
         vertex 2.061074e+000 7.200001e+001 2.204509e+001
         vertex 2.204036e+000 7.100000e+001 2.214519e+001
         vertex 2.204036e+000 7.200001e+001 2.214519e+001
      endloop
   endfacet
   facet normal -5.495094e-001 0.000000e+000 8.354875e-001
      outer loop
         vertex 2.204036e+000 7.200001e+001 2.214519e+001
         vertex 2.204036e+000 7.100000e+001 2.214519e+001
         vertex 2.350403e+000 7.100000e+001 2.224024e+001
      endloop
   endfacet
   facet normal -5.397502e-001 0.000000e+000 8.418252e-001
      outer loop
         vertex 2.204036e+000 7.200001e+001 2.214519e+001
         vertex 2.350403e+000 7.100000e+001 2.224024e+001
         vertex 2.350403e+000 7.200001e+001 2.224024e+001
      endloop
   endfacet
   facet normal -5.200166e-001 0.000000e+000 8.541562e-001
      outer loop
         vertex 2.350403e+000 7.200001e+001 2.224024e+001
         vertex 2.350403e+000 7.100000e+001 2.224024e+001
         vertex 2.500000e+000 7.100000e+001 2.233013e+001
      endloop
   endfacet
   facet normal -5.100421e-001 0.000000e+000 8.601494e-001
      outer loop
         vertex 2.350403e+000 7.200001e+001 2.224024e+001
         vertex 2.500000e+000 7.100000e+001 2.233013e+001
         vertex 2.500000e+000 7.200001e+001 2.233013e+001
      endloop
   endfacet
   facet normal -4.898902e-001 0.000000e+000 8.717842e-001
      outer loop
         vertex 2.500000e+000 7.200001e+001 2.233013e+001
         vertex 2.500000e+000 7.100000e+001 2.233013e+001
         vertex 2.652642e+000 7.100000e+001 2.241474e+001
      endloop
   endfacet
   facet normal -4.797127e-001 0.000000e+000 8.774256e-001
      outer loop
         vertex 2.500000e+000 7.200001e+001 2.233013e+001
         vertex 2.652642e+000 7.100000e+001 2.241474e+001
         vertex 2.652642e+000 7.200001e+001 2.241474e+001
      endloop
   endfacet
   facet normal -4.591669e-001 0.000000e+000 8.883500e-001
      outer loop
         vertex 2.652642e+000 7.200001e+001 2.241474e+001
         vertex 2.652642e+000 7.100000e+001 2.241474e+001
         vertex 2.808144e+000 7.100000e+001 2.249397e+001
      endloop
   endfacet
   facet normal -4.487987e-001 0.000000e+000 8.936329e-001
      outer loop
         vertex 2.652642e+000 7.200001e+001 2.241474e+001
         vertex 2.808144e+000 7.100000e+001 2.249397e+001
         vertex 2.808144e+000 7.200001e+001 2.249397e+001
      endloop
   endfacet
   facet normal -4.278843e-001 0.000000e+000 9.038336e-001
      outer loop
         vertex 2.808144e+000 7.200001e+001 2.249397e+001
         vertex 2.808144e+000 7.100000e+001 2.249397e+001
         vertex 2.966316e+000 7.100000e+001 2.256773e+001
      endloop
   endfacet
   facet normal -4.173380e-001 0.000000e+000 9.087514e-001
      outer loop
         vertex 2.808144e+000 7.200001e+001 2.249397e+001
         vertex 2.966316e+000 7.100000e+001 2.256773e+001
         vertex 2.966316e+000 7.200001e+001 2.256773e+001
      endloop
   endfacet
   facet normal -3.960802e-001 0.000000e+000 9.182159e-001
      outer loop
         vertex 2.966316e+000 7.200001e+001 2.256773e+001
         vertex 2.966316e+000 7.100000e+001 2.256773e+001
         vertex 3.126967e+000 7.100000e+001 2.263592e+001
      endloop
   endfacet
   facet normal -3.853688e-001 0.000000e+000 9.227627e-001
      outer loop
         vertex 2.966316e+000 7.200001e+001 2.256773e+001
         vertex 3.126967e+000 7.100000e+001 2.263592e+001
         vertex 3.126967e+000 7.200001e+001 2.263592e+001
      endloop
   endfacet
   facet normal -3.637937e-001 0.000000e+000 9.314796e-001
      outer loop
         vertex 3.126967e+000 7.200001e+001 2.263592e+001
         vertex 3.126967e+000 7.100000e+001 2.263592e+001
         vertex 3.289899e+000 7.100000e+001 2.269846e+001
      endloop
   endfacet
   facet normal -3.529301e-001 0.000000e+000 9.356497e-001
      outer loop
         vertex 3.126967e+000 7.200001e+001 2.263592e+001
         vertex 3.289899e+000 7.100000e+001 2.269846e+001
         vertex 3.289899e+000 7.200001e+001 2.269846e+001
      endloop
   endfacet
   facet normal -3.310639e-001 0.000000e+000 9.436083e-001
      outer loop
         vertex 3.289899e+000 7.200001e+001 2.269846e+001
         vertex 3.289899e+000 7.100000e+001 2.269846e+001
         vertex 3.454914e+000 7.100000e+001 2.275528e+001
      endloop
   endfacet
   facet normal -3.200614e-001 0.000000e+000 9.473968e-001
      outer loop
         vertex 3.289899e+000 7.200001e+001 2.269846e+001
         vertex 3.454914e+000 7.100000e+001 2.275528e+001
         vertex 3.454914e+000 7.200001e+001 2.275528e+001
      endloop
   endfacet
   facet normal -2.979308e-001 0.000000e+000 9.545875e-001
      outer loop
         vertex 3.454914e+000 7.200001e+001 2.275528e+001
         vertex 3.454914e+000 7.100000e+001 2.275528e+001
         vertex 3.621813e+000 7.100000e+001 2.280631e+001
      endloop
   endfacet
   facet normal -2.868027e-001 0.000000e+000 9.579897e-001
      outer loop
         vertex 3.454914e+000 7.200001e+001 2.275528e+001
         vertex 3.621813e+000 7.100000e+001 2.280631e+001
         vertex 3.621813e+000 7.200001e+001 2.280631e+001
      endloop
   endfacet
   facet normal -2.644347e-001 0.000000e+000 9.644036e-001
      outer loop
         vertex 3.621813e+000 7.200001e+001 2.280631e+001
         vertex 3.621813e+000 7.100000e+001 2.280631e+001
         vertex 3.790391e+000 7.100000e+001 2.285148e+001
      endloop
   endfacet
   facet normal -2.531947e-001 0.000000e+000 9.674153e-001
      outer loop
         vertex 3.621813e+000 7.200001e+001 2.280631e+001
         vertex 3.790391e+000 7.100000e+001 2.285148e+001
         vertex 3.790391e+000 7.200001e+001 2.285148e+001
      endloop
   endfacet
   facet normal -2.306164e-001 0.000000e+000 9.730448e-001
      outer loop
         vertex 3.790391e+000 7.200001e+001 2.285148e+001
         vertex 3.790391e+000 7.100000e+001 2.285148e+001
         vertex 3.960441e+000 7.100000e+001 2.289074e+001
      endloop
   endfacet
   facet normal -2.192781e-001 0.000000e+000 9.756624e-001
      outer loop
         vertex 3.790391e+000 7.200001e+001 2.285148e+001
         vertex 3.960441e+000 7.100000e+001 2.289074e+001
         vertex 3.960441e+000 7.200001e+001 2.289074e+001
      endloop
   endfacet
   facet normal -1.965171e-001 0.000000e+000 9.805004e-001
      outer loop
         vertex 3.960441e+000 7.200001e+001 2.289074e+001
         vertex 3.960441e+000 7.100000e+001 2.289074e+001
         vertex 4.131759e+000 7.100000e+001 2.292404e+001
      endloop
   endfacet
   facet normal -1.850944e-001 0.000000e+000 9.827207e-001
      outer loop
         vertex 3.960441e+000 7.200001e+001 2.289074e+001
         vertex 4.131759e+000 7.100000e+001 2.292404e+001
         vertex 4.131759e+000 7.200001e+001 2.292404e+001
      endloop
   endfacet
   facet normal -1.621784e-001 0.000000e+000 9.867615e-001
      outer loop
         vertex 4.131759e+000 7.200001e+001 2.292404e+001
         vertex 4.131759e+000 7.100000e+001 2.292404e+001
         vertex 4.304134e+000 7.100000e+001 2.295134e+001
      endloop
   endfacet
   facet normal -1.506852e-001 0.000000e+000 9.885818e-001
      outer loop
         vertex 4.131759e+000 7.200001e+001 2.292404e+001
         vertex 4.304134e+000 7.100000e+001 2.295134e+001
         vertex 4.304134e+000 7.200001e+001 2.295134e+001
      endloop
   endfacet
   facet normal -1.276422e-001 0.000000e+000 9.918203e-001
      outer loop
         vertex 4.304134e+000 7.200001e+001 2.295134e+001
         vertex 4.304134e+000 7.100000e+001 2.295134e+001
         vertex 4.477357e+000 7.100000e+001 2.297261e+001
      endloop
   endfacet
   facet normal -1.160924e-001 0.000000e+000 9.932384e-001
      outer loop
         vertex 4.304134e+000 7.200001e+001 2.295134e+001
         vertex 4.477357e+000 7.100000e+001 2.297261e+001
         vertex 4.477357e+000 7.200001e+001 2.297261e+001
      endloop
   endfacet
   facet normal -9.295037e-002 0.000000e+000 9.956707e-001
      outer loop
         vertex 4.477357e+000 7.200001e+001 2.297261e+001
         vertex 4.477357e+000 7.100000e+001 2.297261e+001
         vertex 4.651218e+000 7.100000e+001 2.298782e+001
      endloop
   endfacet
   facet normal -8.135815e-002 0.000000e+000 9.966849e-001
      outer loop
         vertex 4.477357e+000 7.200001e+001 2.297261e+001
         vertex 4.651218e+000 7.100000e+001 2.298782e+001
         vertex 4.651218e+000 7.200001e+001 2.298782e+001
      endloop
   endfacet
   facet normal -5.814535e-002 0.000000e+000 9.983081e-001
      outer loop
         vertex 4.651218e+000 7.200001e+001 2.298782e+001
         vertex 4.651218e+000 7.100000e+001 2.298782e+001
         vertex 4.825502e+000 7.100000e+001 2.299695e+001
      endloop
   endfacet
   facet normal -4.652479e-002 0.000000e+000 9.989172e-001
      outer loop
         vertex 4.651218e+000 7.200001e+001 2.298782e+001
         vertex 4.825502e+000 7.100000e+001 2.299695e+001
         vertex 4.825502e+000 7.200001e+001 2.299695e+001
      endloop
   endfacet
   facet normal -2.326948e-002 0.000000e+000 9.997292e-001
      outer loop
         vertex 4.825502e+000 7.200001e+001 2.299695e+001
         vertex 4.825502e+000 7.100000e+001 2.299695e+001
         vertex 5.000000e+000 7.100000e+001 2.300000e+001
      endloop
   endfacet
   facet normal -1.163474e-002 0.000000e+000 9.999323e-001
      outer loop
         vertex 4.825502e+000 7.200001e+001 2.299695e+001
         vertex 5.000000e+000 7.100000e+001 2.300000e+001
         vertex 5.000000e+000 7.200001e+001 2.300000e+001
      endloop
   endfacet
   facet normal 1.163474e-002 0.000000e+000 9.999323e-001
      outer loop
         vertex 2.500000e+001 7.200001e+001 2.300000e+001
         vertex 2.500000e+001 7.100000e+001 2.300000e+001
         vertex 2.517450e+001 7.100000e+001 2.299695e+001
      endloop
   endfacet
   facet normal 2.326948e-002 0.000000e+000 9.997292e-001
      outer loop
         vertex 2.500000e+001 7.200001e+001 2.300000e+001
         vertex 2.517450e+001 7.100000e+001 2.299695e+001
         vertex 2.517450e+001 7.200001e+001 2.299695e+001
      endloop
   endfacet
   facet normal 4.652479e-002 0.000000e+000 9.989172e-001
      outer loop
         vertex 2.517450e+001 7.200001e+001 2.299695e+001
         vertex 2.517450e+001 7.100000e+001 2.299695e+001
         vertex 2.534878e+001 7.100000e+001 2.298782e+001
      endloop
   endfacet
   facet normal 5.814535e-002 0.000000e+000 9.983081e-001
      outer loop
         vertex 2.517450e+001 7.200001e+001 2.299695e+001
         vertex 2.534878e+001 7.100000e+001 2.298782e+001
         vertex 2.534878e+001 7.200001e+001 2.298782e+001
      endloop
   endfacet
   facet normal 8.135815e-002 0.000000e+000 9.966849e-001
      outer loop
         vertex 2.534878e+001 7.200001e+001 2.298782e+001
         vertex 2.534878e+001 7.100000e+001 2.298782e+001
         vertex 2.552264e+001 7.100000e+001 2.297261e+001
      endloop
   endfacet
   facet normal 9.295038e-002 0.000000e+000 9.956707e-001
      outer loop
         vertex 2.534878e+001 7.200001e+001 2.298782e+001
         vertex 2.552264e+001 7.100000e+001 2.297261e+001
         vertex 2.552264e+001 7.200001e+001 2.297261e+001
      endloop
   endfacet
   facet normal 1.160924e-001 0.000000e+000 9.932384e-001
      outer loop
         vertex 2.552264e+001 7.200001e+001 2.297261e+001
         vertex 2.552264e+001 7.100000e+001 2.297261e+001
         vertex 2.569586e+001 7.100000e+001 2.295134e+001
      endloop
   endfacet
   facet normal 1.276422e-001 0.000000e+000 9.918203e-001
      outer loop
         vertex 2.552264e+001 7.200001e+001 2.297261e+001
         vertex 2.569586e+001 7.100000e+001 2.295134e+001
         vertex 2.569586e+001 7.200001e+001 2.295134e+001
      endloop
   endfacet
   facet normal 1.506852e-001 0.000000e+000 9.885818e-001
      outer loop
         vertex 2.569586e+001 7.200001e+001 2.295134e+001
         vertex 2.569586e+001 7.100000e+001 2.295134e+001
         vertex 2.586824e+001 7.100000e+001 2.292404e+001
      endloop
   endfacet
   facet normal 1.621784e-001 0.000000e+000 9.867615e-001
      outer loop
         vertex 2.569586e+001 7.200001e+001 2.295134e+001
         vertex 2.586824e+001 7.100000e+001 2.292404e+001
         vertex 2.586824e+001 7.200001e+001 2.292404e+001
      endloop
   endfacet
   facet normal 1.850944e-001 0.000000e+000 9.827207e-001
      outer loop
         vertex 2.586824e+001 7.200001e+001 2.292404e+001
         vertex 2.586824e+001 7.100000e+001 2.292404e+001
         vertex 2.603956e+001 7.100000e+001 2.289074e+001
      endloop
   endfacet
   facet normal 1.965171e-001 0.000000e+000 9.805004e-001
      outer loop
         vertex 2.586824e+001 7.200001e+001 2.292404e+001
         vertex 2.603956e+001 7.100000e+001 2.289074e+001
         vertex 2.603956e+001 7.200001e+001 2.289074e+001
      endloop
   endfacet
   facet normal 2.192781e-001 0.000000e+000 9.756624e-001
      outer loop
         vertex 2.603956e+001 7.200001e+001 2.289074e+001
         vertex 2.603956e+001 7.100000e+001 2.289074e+001
         vertex 2.620961e+001 7.100000e+001 2.285148e+001
      endloop
   endfacet
   facet normal 2.306164e-001 0.000000e+000 9.730448e-001
      outer loop
         vertex 2.603956e+001 7.200001e+001 2.289074e+001
         vertex 2.620961e+001 7.100000e+001 2.285148e+001
         vertex 2.620961e+001 7.200001e+001 2.285148e+001
      endloop
   endfacet
   facet normal 2.531947e-001 0.000000e+000 9.674153e-001
      outer loop
         vertex 2.620961e+001 7.200001e+001 2.285148e+001
         vertex 2.620961e+001 7.100000e+001 2.285148e+001
         vertex 2.637819e+001 7.100000e+001 2.280631e+001
      endloop
   endfacet
   facet normal 2.644347e-001 0.000000e+000 9.644036e-001
      outer loop
         vertex 2.620961e+001 7.200001e+001 2.285148e+001
         vertex 2.637819e+001 7.100000e+001 2.280631e+001
         vertex 2.637819e+001 7.200001e+001 2.280631e+001
      endloop
   endfacet
   facet normal 2.868027e-001 0.000000e+000 9.579897e-001
      outer loop
         vertex 2.637819e+001 7.200001e+001 2.280631e+001
         vertex 2.637819e+001 7.100000e+001 2.280631e+001
         vertex 2.654509e+001 7.100000e+001 2.275528e+001
      endloop
   endfacet
   facet normal 2.979308e-001 0.000000e+000 9.545875e-001
      outer loop
         vertex 2.637819e+001 7.200001e+001 2.280631e+001
         vertex 2.654509e+001 7.100000e+001 2.275528e+001
         vertex 2.654509e+001 7.200001e+001 2.275528e+001
      endloop
   endfacet
   facet normal 3.200614e-001 0.000000e+000 9.473968e-001
      outer loop
         vertex 2.654509e+001 7.200001e+001 2.275528e+001
         vertex 2.654509e+001 7.100000e+001 2.275528e+001
         vertex 2.671010e+001 7.100000e+001 2.269846e+001
      endloop
   endfacet
   facet normal 3.310639e-001 0.000000e+000 9.436083e-001
      outer loop
         vertex 2.654509e+001 7.200001e+001 2.275528e+001
         vertex 2.671010e+001 7.100000e+001 2.269846e+001
         vertex 2.671010e+001 7.200001e+001 2.269846e+001
      endloop
   endfacet
   facet normal 3.529301e-001 0.000000e+000 9.356497e-001
      outer loop
         vertex 2.671010e+001 7.200001e+001 2.269846e+001
         vertex 2.671010e+001 7.100000e+001 2.269846e+001
         vertex 2.687303e+001 7.100000e+001 2.263592e+001
      endloop
   endfacet
   facet normal 3.637937e-001 0.000000e+000 9.314795e-001
      outer loop
         vertex 2.671010e+001 7.200001e+001 2.269846e+001
         vertex 2.687303e+001 7.100000e+001 2.263592e+001
         vertex 2.687303e+001 7.200001e+001 2.263592e+001
      endloop
   endfacet
   facet normal 3.853688e-001 0.000000e+000 9.227627e-001
      outer loop
         vertex 2.687303e+001 7.200001e+001 2.263592e+001
         vertex 2.687303e+001 7.100000e+001 2.263592e+001
         vertex 2.703368e+001 7.100000e+001 2.256773e+001
      endloop
   endfacet
   facet normal 3.960803e-001 0.000000e+000 9.182159e-001
      outer loop
         vertex 2.687303e+001 7.200001e+001 2.263592e+001
         vertex 2.703368e+001 7.100000e+001 2.256773e+001
         vertex 2.703368e+001 7.200001e+001 2.256773e+001
      endloop
   endfacet
   facet normal 4.173380e-001 0.000000e+000 9.087514e-001
      outer loop
         vertex 2.703368e+001 7.200001e+001 2.256773e+001
         vertex 2.703368e+001 7.100000e+001 2.256773e+001
         vertex 2.719185e+001 7.100000e+001 2.249397e+001
      endloop
   endfacet
   facet normal 4.278843e-001 0.000000e+000 9.038336e-001
      outer loop
         vertex 2.703368e+001 7.200001e+001 2.256773e+001
         vertex 2.719185e+001 7.100000e+001 2.249397e+001
         vertex 2.719185e+001 7.200001e+001 2.249397e+001
      endloop
   endfacet
   facet normal 4.487987e-001 0.000000e+000 8.936329e-001
      outer loop
         vertex 2.719185e+001 7.200001e+001 2.249397e+001
         vertex 2.719185e+001 7.100000e+001 2.249397e+001
         vertex 2.734736e+001 7.100000e+001 2.241474e+001
      endloop
   endfacet
   facet normal 4.591669e-001 0.000000e+000 8.883500e-001
      outer loop
         vertex 2.719185e+001 7.200001e+001 2.249397e+001
         vertex 2.734736e+001 7.100000e+001 2.241474e+001
         vertex 2.734736e+001 7.200001e+001 2.241474e+001
      endloop
   endfacet
   facet normal 4.797127e-001 0.000000e+000 8.774257e-001
      outer loop
         vertex 2.734736e+001 7.200001e+001 2.241474e+001
         vertex 2.734736e+001 7.100000e+001 2.241474e+001
         vertex 2.750000e+001 7.100000e+001 2.233013e+001
      endloop
   endfacet
   facet normal 4.898902e-001 0.000000e+000 8.717842e-001
      outer loop
         vertex 2.734736e+001 7.200001e+001 2.241474e+001
         vertex 2.750000e+001 7.100000e+001 2.233013e+001
         vertex 2.750000e+001 7.200001e+001 2.233013e+001
      endloop
   endfacet
   facet normal 5.100421e-001 0.000000e+000 8.601494e-001
      outer loop
         vertex 2.750000e+001 7.200001e+001 2.233013e+001
         vertex 2.750000e+001 7.100000e+001 2.233013e+001
         vertex 2.764960e+001 7.100000e+001 2.224024e+001
      endloop
   endfacet
   facet normal 5.200166e-001 0.000000e+000 8.541561e-001
      outer loop
         vertex 2.750000e+001 7.200001e+001 2.233013e+001
         vertex 2.764960e+001 7.100000e+001 2.224024e+001
         vertex 2.764960e+001 7.200001e+001 2.224024e+001
      endloop
   endfacet
   facet normal 5.397502e-001 0.000000e+000 8.418252e-001
      outer loop
         vertex 2.764960e+001 7.200001e+001 2.224024e+001
         vertex 2.764960e+001 7.100000e+001 2.224024e+001
         vertex 2.779596e+001 7.100000e+001 2.214519e+001
      endloop
   endfacet
   facet normal 5.495094e-001 0.000000e+000 8.354875e-001
      outer loop
         vertex 2.764960e+001 7.200001e+001 2.224024e+001
         vertex 2.779596e+001 7.100000e+001 2.214519e+001
         vertex 2.779596e+001 7.200001e+001 2.214519e+001
      endloop
   endfacet
   facet normal 5.688007e-001 0.000000e+000 8.224754e-001
      outer loop
         vertex 2.779596e+001 7.200001e+001 2.214519e+001
         vertex 2.779596e+001 7.100000e+001 2.214519e+001
         vertex 2.793892e+001 7.100000e+001 2.204509e+001
      endloop
   endfacet
   facet normal 5.783327e-001 0.000000e+000 8.158010e-001
      outer loop
         vertex 2.779596e+001 7.200001e+001 2.214519e+001
         vertex 2.793892e+001 7.100000e+001 2.204509e+001
         vertex 2.793892e+001 7.200001e+001 2.204509e+001
      endloop
   endfacet
   facet normal 5.971582e-001 0.000000e+000 8.021235e-001
      outer loop
         vertex 2.793892e+001 7.200001e+001 2.204509e+001
         vertex 2.793892e+001 7.100000e+001 2.204509e+001
         vertex 2.807831e+001 7.100000e+001 2.194005e+001
      endloop
   endfacet
   facet normal 6.064515e-001 0.000000e+000 7.951205e-001
      outer loop
         vertex 2.793892e+001 7.200001e+001 2.204509e+001
         vertex 2.807831e+001 7.100000e+001 2.194005e+001
         vertex 2.807831e+001 7.200001e+001 2.194005e+001
      endloop
   endfacet
   facet normal 6.247881e-001 0.000000e+000 7.807943e-001
      outer loop
         vertex 2.807831e+001 7.200001e+001 2.194005e+001
         vertex 2.807831e+001 7.100000e+001 2.194005e+001
         vertex 2.821394e+001 7.100000e+001 2.183022e+001
      endloop
   endfacet
   facet normal 6.338314e-001 0.000000e+000 7.734712e-001
      outer loop
         vertex 2.807831e+001 7.200001e+001 2.194005e+001
         vertex 2.821394e+001 7.100000e+001 2.183022e+001
         vertex 2.821394e+001 7.200001e+001 2.183022e+001
      endloop
   endfacet
   facet normal 6.516569e-001 0.000000e+000 7.585139e-001
      outer loop
         vertex 2.821394e+001 7.200001e+001 2.183022e+001
         vertex 2.821394e+001 7.100000e+001 2.183022e+001
         vertex 2.834565e+001 7.100000e+001 2.171572e+001
      endloop
   endfacet
   facet normal 6.604390e-001 0.000000e+000 7.508796e-001
      outer loop
         vertex 2.821394e+001 7.200001e+001 2.183022e+001
         vertex 2.834565e+001 7.100000e+001 2.171572e+001
         vertex 2.834565e+001 7.200001e+001 2.171572e+001
      endloop
   endfacet
   facet normal 6.777316e-001 0.000000e+000 7.353093e-001
      outer loop
         vertex 2.834565e+001 7.200001e+001 2.171572e+001
         vertex 2.834565e+001 7.100000e+001 2.171572e+001
         vertex 2.847329e+001 7.100000e+001 2.159670e+001
      endloop
   endfacet
   facet normal 6.862420e-001 0.000000e+000 7.273733e-001
      outer loop
         vertex 2.834565e+001 7.200001e+001 2.171572e+001
         vertex 2.847329e+001 7.100000e+001 2.159670e+001
         vertex 2.847329e+001 7.200001e+001 2.159670e+001
      endloop
   endfacet
   facet normal 7.029807e-001 0.000000e+000 7.112089e-001
      outer loop
         vertex 2.847329e+001 7.200001e+001 2.159670e+001
         vertex 2.847329e+001 7.100000e+001 2.159670e+001
         vertex 2.859670e+001 7.100000e+001 2.147329e+001
      endloop
   endfacet
   facet normal 7.112090e-001 0.000000e+000 7.029806e-001
      outer loop
         vertex 2.847329e+001 7.200001e+001 2.159670e+001
         vertex 2.859670e+001 7.100000e+001 2.147329e+001
         vertex 2.859670e+001 7.200001e+001 2.147329e+001
      endloop
   endfacet
   facet normal 7.273733e-001 0.000000e+000 6.862420e-001
      outer loop
         vertex 2.859670e+001 7.200001e+001 2.147329e+001
         vertex 2.859670e+001 7.100000e+001 2.147329e+001
         vertex 2.871572e+001 7.100000e+001 2.134565e+001
      endloop
   endfacet
   facet normal 7.353093e-001 0.000000e+000 6.777316e-001
      outer loop
         vertex 2.859670e+001 7.200001e+001 2.147329e+001
         vertex 2.871572e+001 7.100000e+001 2.134565e+001
         vertex 2.871572e+001 7.200001e+001 2.134565e+001
      endloop
   endfacet
   facet normal 7.508796e-001 0.000000e+000 6.604390e-001
      outer loop
         vertex 2.871572e+001 7.200001e+001 2.134565e+001
         vertex 2.871572e+001 7.100000e+001 2.134565e+001
         vertex 2.883022e+001 7.100000e+001 2.121394e+001
      endloop
   endfacet
   facet normal 7.585139e-001 0.000000e+000 6.516569e-001
      outer loop
         vertex 2.871572e+001 7.200001e+001 2.134565e+001
         vertex 2.883022e+001 7.100000e+001 2.121394e+001
         vertex 2.883022e+001 7.200001e+001 2.121394e+001
      endloop
   endfacet
   facet normal 7.734712e-001 0.000000e+000 6.338314e-001
      outer loop
         vertex 2.883022e+001 7.200001e+001 2.121394e+001
         vertex 2.883022e+001 7.100000e+001 2.121394e+001
         vertex 2.894005e+001 7.100000e+001 2.107831e+001
      endloop
   endfacet
   facet normal 7.807944e-001 0.000000e+000 6.247881e-001
      outer loop
         vertex 2.883022e+001 7.200001e+001 2.121394e+001
         vertex 2.894005e+001 7.100000e+001 2.107831e+001
         vertex 2.894005e+001 7.200001e+001 2.107831e+001
      endloop
   endfacet
   facet normal 7.951205e-001 0.000000e+000 6.064515e-001
      outer loop
         vertex 2.894005e+001 7.200001e+001 2.107831e+001
         vertex 2.894005e+001 7.100000e+001 2.107831e+001
         vertex 2.904508e+001 7.100000e+001 2.093892e+001
      endloop
   endfacet
   facet normal 8.021235e-001 0.000000e+000 5.971582e-001
      outer loop
         vertex 2.894005e+001 7.200001e+001 2.107831e+001
         vertex 2.904508e+001 7.100000e+001 2.093892e+001
         vertex 2.904508e+001 7.200001e+001 2.093892e+001
      endloop
   endfacet
   facet normal 8.158010e-001 0.000000e+000 5.783327e-001
      outer loop
         vertex 2.904508e+001 7.200001e+001 2.093892e+001
         vertex 2.904508e+001 7.100000e+001 2.093892e+001
         vertex 2.914519e+001 7.100000e+001 2.079596e+001
      endloop
   endfacet
   facet normal 8.224754e-001 0.000000e+000 5.688007e-001
      outer loop
         vertex 2.904508e+001 7.200001e+001 2.093892e+001
         vertex 2.914519e+001 7.100000e+001 2.079596e+001
         vertex 2.914519e+001 7.200001e+001 2.079596e+001
      endloop
   endfacet
   facet normal 8.354875e-001 0.000000e+000 5.495094e-001
      outer loop
         vertex 2.914519e+001 7.200001e+001 2.079596e+001
         vertex 2.914519e+001 7.100000e+001 2.079596e+001
         vertex 2.924024e+001 7.100000e+001 2.064960e+001
      endloop
   endfacet
   facet normal 8.418252e-001 0.000000e+000 5.397502e-001
      outer loop
         vertex 2.914519e+001 7.200001e+001 2.079596e+001
         vertex 2.924024e+001 7.100000e+001 2.064960e+001
         vertex 2.924024e+001 7.200001e+001 2.064960e+001
      endloop
   endfacet
   facet normal 8.541562e-001 0.000000e+000 5.200166e-001
      outer loop
         vertex 2.924024e+001 7.200001e+001 2.064960e+001
         vertex 2.924024e+001 7.100000e+001 2.064960e+001
         vertex 2.933013e+001 7.100000e+001 2.050000e+001
      endloop
   endfacet
   facet normal 8.601494e-001 0.000000e+000 5.100421e-001
      outer loop
         vertex 2.924024e+001 7.200001e+001 2.064960e+001
         vertex 2.933013e+001 7.100000e+001 2.050000e+001
         vertex 2.933013e+001 7.200001e+001 2.050000e+001
      endloop
   endfacet
   facet normal 8.717842e-001 0.000000e+000 4.898902e-001
      outer loop
         vertex 2.933013e+001 7.200001e+001 2.050000e+001
         vertex 2.933013e+001 7.100000e+001 2.050000e+001
         vertex 2.941474e+001 7.100000e+001 2.034736e+001
      endloop
   endfacet
   facet normal 8.774256e-001 0.000000e+000 4.797127e-001
      outer loop
         vertex 2.933013e+001 7.200001e+001 2.050000e+001
         vertex 2.941474e+001 7.100000e+001 2.034736e+001
         vertex 2.941474e+001 7.200001e+001 2.034736e+001
      endloop
   endfacet
   facet normal 8.883500e-001 0.000000e+000 4.591669e-001
      outer loop
         vertex 2.941474e+001 7.200001e+001 2.034736e+001
         vertex 2.941474e+001 7.100000e+001 2.034736e+001
         vertex 2.949397e+001 7.100000e+001 2.019186e+001
      endloop
   endfacet
   facet normal 8.936329e-001 0.000000e+000 4.487987e-001
      outer loop
         vertex 2.941474e+001 7.200001e+001 2.034736e+001
         vertex 2.949397e+001 7.100000e+001 2.019186e+001
         vertex 2.949397e+001 7.200001e+001 2.019186e+001
      endloop
   endfacet
   facet normal 9.038336e-001 0.000000e+000 4.278843e-001
      outer loop
         vertex 2.949397e+001 7.200001e+001 2.019186e+001
         vertex 2.949397e+001 7.100000e+001 2.019186e+001
         vertex 2.956773e+001 7.100000e+001 2.003368e+001
      endloop
   endfacet
   facet normal 9.087514e-001 0.000000e+000 4.173380e-001
      outer loop
         vertex 2.949397e+001 7.200001e+001 2.019186e+001
         vertex 2.956773e+001 7.100000e+001 2.003368e+001
         vertex 2.956773e+001 7.200001e+001 2.003368e+001
      endloop
   endfacet
   facet normal 9.182159e-001 0.000000e+000 3.960802e-001
      outer loop
         vertex 2.956773e+001 7.200001e+001 2.003368e+001
         vertex 2.956773e+001 7.100000e+001 2.003368e+001
         vertex 2.963592e+001 7.100000e+001 1.987303e+001
      endloop
   endfacet
   facet normal 9.227627e-001 0.000000e+000 3.853688e-001
      outer loop
         vertex 2.956773e+001 7.200001e+001 2.003368e+001
         vertex 2.963592e+001 7.100000e+001 1.987303e+001
         vertex 2.963592e+001 7.200001e+001 1.987303e+001
      endloop
   endfacet
   facet normal 9.314796e-001 0.000000e+000 3.637937e-001
      outer loop
         vertex 2.963592e+001 7.200001e+001 1.987303e+001
         vertex 2.963592e+001 7.100000e+001 1.987303e+001
         vertex 2.969846e+001 7.100000e+001 1.971010e+001
      endloop
   endfacet
   facet normal 9.356497e-001 0.000000e+000 3.529301e-001
      outer loop
         vertex 2.963592e+001 7.200001e+001 1.987303e+001
         vertex 2.969846e+001 7.100000e+001 1.971010e+001
         vertex 2.969846e+001 7.200001e+001 1.971010e+001
      endloop
   endfacet
   facet normal 9.436083e-001 0.000000e+000 3.310639e-001
      outer loop
         vertex 2.969846e+001 7.200001e+001 1.971010e+001
         vertex 2.969846e+001 7.100000e+001 1.971010e+001
         vertex 2.975528e+001 7.100000e+001 1.954509e+001
      endloop
   endfacet
   facet normal 9.473968e-001 0.000000e+000 3.200614e-001
      outer loop
         vertex 2.969846e+001 7.200001e+001 1.971010e+001
         vertex 2.975528e+001 7.100000e+001 1.954509e+001
         vertex 2.975528e+001 7.200001e+001 1.954509e+001
      endloop
   endfacet
   facet normal 9.545875e-001 0.000000e+000 2.979308e-001
      outer loop
         vertex 2.975528e+001 7.200001e+001 1.954509e+001
         vertex 2.975528e+001 7.100000e+001 1.954509e+001
         vertex 2.980631e+001 7.100000e+001 1.937819e+001
      endloop
   endfacet
   facet normal 9.579897e-001 0.000000e+000 2.868027e-001
      outer loop
         vertex 2.975528e+001 7.200001e+001 1.954509e+001
         vertex 2.980631e+001 7.100000e+001 1.937819e+001
         vertex 2.980631e+001 7.200001e+001 1.937819e+001
      endloop
   endfacet
   facet normal 9.644036e-001 0.000000e+000 2.644347e-001
      outer loop
         vertex 2.980631e+001 7.200001e+001 1.937819e+001
         vertex 2.980631e+001 7.100000e+001 1.937819e+001
         vertex 2.985148e+001 7.100000e+001 1.920961e+001
      endloop
   endfacet
   facet normal 9.674153e-001 0.000000e+000 2.531947e-001
      outer loop
         vertex 2.980631e+001 7.200001e+001 1.937819e+001
         vertex 2.985148e+001 7.100000e+001 1.920961e+001
         vertex 2.985148e+001 7.200001e+001 1.920961e+001
      endloop
   endfacet
   facet normal 9.730448e-001 0.000000e+000 2.306164e-001
      outer loop
         vertex 2.985148e+001 7.200001e+001 1.920961e+001
         vertex 2.985148e+001 7.100000e+001 1.920961e+001
         vertex 2.989074e+001 7.100000e+001 1.903956e+001
      endloop
   endfacet
   facet normal 9.756624e-001 0.000000e+000 2.192781e-001
      outer loop
         vertex 2.985148e+001 7.200001e+001 1.920961e+001
         vertex 2.989074e+001 7.100000e+001 1.903956e+001
         vertex 2.989074e+001 7.200001e+001 1.903956e+001
      endloop
   endfacet
   facet normal 9.805004e-001 0.000000e+000 1.965171e-001
      outer loop
         vertex 2.989074e+001 7.200001e+001 1.903956e+001
         vertex 2.989074e+001 7.100000e+001 1.903956e+001
         vertex 2.992404e+001 7.100000e+001 1.886824e+001
      endloop
   endfacet
   facet normal 9.827207e-001 0.000000e+000 1.850944e-001
      outer loop
         vertex 2.989074e+001 7.200001e+001 1.903956e+001
         vertex 2.992404e+001 7.100000e+001 1.886824e+001
         vertex 2.992404e+001 7.200001e+001 1.886824e+001
      endloop
   endfacet
   facet normal 9.867615e-001 0.000000e+000 1.621784e-001
      outer loop
         vertex 2.992404e+001 7.200001e+001 1.886824e+001
         vertex 2.992404e+001 7.100000e+001 1.886824e+001
         vertex 2.995134e+001 7.100000e+001 1.869587e+001
      endloop
   endfacet
   facet normal 9.885818e-001 0.000000e+000 1.506852e-001
      outer loop
         vertex 2.992404e+001 7.200001e+001 1.886824e+001
         vertex 2.995134e+001 7.100000e+001 1.869587e+001
         vertex 2.995134e+001 7.200001e+001 1.869587e+001
      endloop
   endfacet
   facet normal 9.918203e-001 0.000000e+000 1.276422e-001
      outer loop
         vertex 2.995134e+001 7.200001e+001 1.869587e+001
         vertex 2.995134e+001 7.100000e+001 1.869587e+001
         vertex 2.997261e+001 7.100000e+001 1.852264e+001
      endloop
   endfacet
   facet normal 9.932384e-001 0.000000e+000 1.160924e-001
      outer loop
         vertex 2.995134e+001 7.200001e+001 1.869587e+001
         vertex 2.997261e+001 7.100000e+001 1.852264e+001
         vertex 2.997261e+001 7.200001e+001 1.852264e+001
      endloop
   endfacet
   facet normal 9.956707e-001 0.000000e+000 9.295037e-002
      outer loop
         vertex 2.997261e+001 7.200001e+001 1.852264e+001
         vertex 2.997261e+001 7.100000e+001 1.852264e+001
         vertex 2.998782e+001 7.100000e+001 1.834878e+001
      endloop
   endfacet
   facet normal 9.966849e-001 0.000000e+000 8.135815e-002
      outer loop
         vertex 2.997261e+001 7.200001e+001 1.852264e+001
         vertex 2.998782e+001 7.100000e+001 1.834878e+001
         vertex 2.998782e+001 7.200001e+001 1.834878e+001
      endloop
   endfacet
   facet normal 9.983081e-001 0.000000e+000 5.814535e-002
      outer loop
         vertex 2.998782e+001 7.200001e+001 1.834878e+001
         vertex 2.998782e+001 7.100000e+001 1.834878e+001
         vertex 2.999695e+001 7.100000e+001 1.817450e+001
      endloop
   endfacet
   facet normal 9.989172e-001 0.000000e+000 4.652479e-002
      outer loop
         vertex 2.998782e+001 7.200001e+001 1.834878e+001
         vertex 2.999695e+001 7.100000e+001 1.817450e+001
         vertex 2.999695e+001 7.200001e+001 1.817450e+001
      endloop
   endfacet
   facet normal 9.997292e-001 0.000000e+000 2.326948e-002
      outer loop
         vertex 2.999695e+001 7.200001e+001 1.817450e+001
         vertex 2.999695e+001 7.100000e+001 1.817450e+001
         vertex 3.000000e+001 7.100000e+001 1.800000e+001
      endloop
   endfacet
   facet normal 9.999323e-001 0.000000e+000 1.163474e-002
      outer loop
         vertex 2.999695e+001 7.200001e+001 1.817450e+001
         vertex 3.000000e+001 7.100000e+001 1.800000e+001
         vertex 3.000000e+001 7.200001e+001 1.800000e+001
      endloop
   endfacet
   facet normal 0.000000e+000 1.000000e+000 0.000000e+000
      outer loop
         vertex 2.511168e+001 8.200000e+001 2.119805e+001
         vertex 2.513960e+001 8.200000e+001 2.199756e+001
         vertex 2.522322e+001 8.200000e+001 2.119220e+001
      endloop
   endfacet
   facet normal 0.000000e+000 1.000000e+000 0.000000e+000
      outer loop
         vertex 2.522322e+001 8.200000e+001 2.119220e+001
         vertex 2.513960e+001 8.200000e+001 2.199756e+001
         vertex 2.527903e+001 8.200000e+001 2.199026e+001
      endloop
   endfacet
   facet normal 0.000000e+000 1.000000e+000 0.000000e+000
      outer loop
         vertex 2.522322e+001 8.200000e+001 2.119220e+001
         vertex 2.527903e+001 8.200000e+001 2.199026e+001
         vertex 2.533449e+001 8.200000e+001 2.118247e+001
      endloop
   endfacet
   facet normal 0.000000e+000 1.000000e+000 0.000000e+000
      outer loop
         vertex 2.533449e+001 8.200000e+001 2.118247e+001
         vertex 2.527903e+001 8.200000e+001 2.199026e+001
         vertex 2.541811e+001 8.200000e+001 2.197809e+001
      endloop
   endfacet
   facet normal 0.000000e+000 1.000000e+000 0.000000e+000
      outer loop
         vertex 2.533449e+001 8.200000e+001 2.118247e+001
         vertex 2.541811e+001 8.200000e+001 2.197809e+001
         vertex 2.544535e+001 8.200000e+001 2.116886e+001
      endloop
   endfacet
   facet normal 0.000000e+000 1.000000e+000 0.000000e+000
      outer loop
         vertex 2.544535e+001 8.200000e+001 2.116886e+001
         vertex 2.541811e+001 8.200000e+001 2.197809e+001
         vertex 2.555669e+001 8.200000e+001 2.196107e+001
      endloop
   endfacet
   facet normal 0.000000e+000 1.000000e+000 0.000000e+000
      outer loop
         vertex 2.544535e+001 8.200000e+001 2.116886e+001
         vertex 2.555669e+001 8.200000e+001 2.196107e+001
         vertex 2.555567e+001 8.200000e+001 2.115138e+001
      endloop
   endfacet
   facet normal 0.000000e+000 1.000000e+000 0.000000e+000
      outer loop
         vertex 2.555567e+001 8.200000e+001 2.115138e+001
         vertex 2.555669e+001 8.200000e+001 2.196107e+001
         vertex 2.569459e+001 8.200000e+001 2.193923e+001
      endloop
   endfacet
   facet normal 0.000000e+000 1.000000e+000 0.000000e+000
      outer loop
         vertex 2.555567e+001 8.200000e+001 2.115138e+001
         vertex 2.569459e+001 8.200000e+001 2.193923e+001
         vertex 2.566532e+001 8.200000e+001 2.113007e+001
      endloop
   endfacet
   facet normal 0.000000e+000 1.000000e+000 0.000000e+000
      outer loop
         vertex 2.566532e+001 8.200000e+001 2.113007e+001
         vertex 2.569459e+001 8.200000e+001 2.193923e+001
         vertex 2.583165e+001 8.200000e+001 2.191259e+001
      endloop
   endfacet
   facet normal 0.000000e+000 1.000000e+000 0.000000e+000
      outer loop
         vertex 2.566532e+001 8.200000e+001 2.113007e+001
         vertex 2.583165e+001 8.200000e+001 2.191259e+001
         vertex 2.577415e+001 8.200000e+001 2.110495e+001
      endloop
   endfacet
   facet normal 0.000000e+000 1.000000e+000 0.000000e+000
      outer loop
         vertex 2.577415e+001 8.200000e+001 2.110495e+001
         vertex 2.583165e+001 8.200000e+001 2.191259e+001
         vertex 2.596769e+001 8.200000e+001 2.188118e+001
      endloop
   endfacet
   facet normal 0.000000e+000 1.000000e+000 0.000000e+000
      outer loop
         vertex 2.577415e+001 8.200000e+001 2.110495e+001
         vertex 2.596769e+001 8.200000e+001 2.188118e+001
         vertex 2.588204e+001 8.200000e+001 2.107604e+001
      endloop
   endfacet
   facet normal 0.000000e+000 1.000000e+000 0.000000e+000
      outer loop
         vertex 2.588204e+001 8.200000e+001 2.107604e+001
         vertex 2.596769e+001 8.200000e+001 2.188118e+001
         vertex 2.610255e+001 8.200000e+001 2.184505e+001
      endloop
   endfacet
   facet normal 0.000000e+000 1.000000e+000 0.000000e+000
      outer loop
         vertex 2.588204e+001 8.200000e+001 2.107604e+001
         vertex 2.610255e+001 8.200000e+001 2.184505e+001
         vertex 2.598886e+001 8.200000e+001 2.104338e+001
      endloop
   endfacet
   facet normal 0.000000e+000 1.000000e+000 0.000000e+000
      outer loop
         vertex 2.598886e+001 8.200000e+001 2.104338e+001
         vertex 2.610255e+001 8.200000e+001 2.184505e+001
         vertex 2.623607e+001 8.200000e+001 2.180422e+001
      endloop
   endfacet
   facet normal 0.000000e+000 1.000000e+000 0.000000e+000
      outer loop
         vertex 2.598886e+001 8.200000e+001 2.104338e+001
         vertex 2.623607e+001 8.200000e+001 2.180422e+001
         vertex 2.609447e+001 8.200000e+001 2.100702e+001
      endloop
   endfacet
   facet normal 0.000000e+000 1.000000e+000 0.000000e+000
      outer loop
         vertex 2.609447e+001 8.200000e+001 2.100702e+001
         vertex 2.623607e+001 8.200000e+001 2.180422e+001
         vertex 2.636808e+001 8.200000e+001 2.175877e+001
      endloop
   endfacet
   facet normal 0.000000e+000 1.000000e+000 0.000000e+000
      outer loop
         vertex 2.609447e+001 8.200000e+001 2.100702e+001
         vertex 2.636808e+001 8.200000e+001 2.175877e+001
         vertex 2.619874e+001 8.200000e+001 2.096699e+001
      endloop
   endfacet
   facet normal 0.000000e+000 1.000000e+000 0.000000e+000
      outer loop
         vertex 2.619874e+001 8.200000e+001 2.096699e+001
         vertex 2.636808e+001 8.200000e+001 2.175877e+001
         vertex 2.649843e+001 8.200000e+001 2.170873e+001
      endloop
   endfacet
   facet normal 0.000000e+000 1.000000e+000 0.000000e+000
      outer loop
         vertex 2.619874e+001 8.200000e+001 2.096699e+001
         vertex 2.649843e+001 8.200000e+001 2.170873e+001
         vertex 2.630156e+001 8.200000e+001 2.092335e+001
      endloop
   endfacet
   facet normal 0.000000e+000 1.000000e+000 0.000000e+000
      outer loop
         vertex 2.630156e+001 8.200000e+001 2.092335e+001
         vertex 2.649843e+001 8.200000e+001 2.170873e+001
         vertex 2.662695e+001 8.200000e+001 2.165418e+001
      endloop
   endfacet
   facet normal 0.000000e+000 1.000000e+000 0.000000e+000
      outer loop
         vertex 2.630156e+001 8.200000e+001 2.092335e+001
         vertex 2.662695e+001 8.200000e+001 2.165418e+001
         vertex 2.640279e+001 8.200000e+001 2.087614e+001
      endloop
   endfacet
   facet normal 0.000000e+000 1.000000e+000 0.000000e+000
      outer loop
         vertex 2.640279e+001 8.200000e+001 2.087614e+001
         vertex 2.662695e+001 8.200000e+001 2.165418e+001
         vertex 2.675348e+001 8.200000e+001 2.159518e+001
      endloop
   endfacet
   facet normal 0.000000e+000 1.000000e+000 0.000000e+000
      outer loop
         vertex 2.640279e+001 8.200000e+001 2.087614e+001
         vertex 2.675348e+001 8.200000e+001 2.159518e+001
         vertex 2.650231e+001 8.200000e+001 2.082543e+001
      endloop
   endfacet
   facet normal 0.000000e+000 1.000000e+000 0.000000e+000
      outer loop
         vertex 2.650231e+001 8.200000e+001 2.082543e+001
         vertex 2.675348e+001 8.200000e+001 2.159518e+001
         vertex 2.687789e+001 8.200000e+001 2.153179e+001
      endloop
   endfacet
   facet normal 0.000000e+000 1.000000e+000 0.000000e+000
      outer loop
         vertex 2.650231e+001 8.200000e+001 2.082543e+001
         vertex 2.687789e+001 8.200000e+001 2.153179e+001
         vertex 2.660000e+001 8.200000e+001 2.077128e+001
      endloop
   endfacet
   facet normal 0.000000e+000 1.000000e+000 0.000000e+000
      outer loop
         vertex 2.660000e+001 8.200000e+001 2.077128e+001
         vertex 2.687789e+001 8.200000e+001 2.153179e+001
         vertex 2.700000e+001 8.200000e+001 2.146410e+001
      endloop
   endfacet
   facet normal 0.000000e+000 1.000000e+000 0.000000e+000
      outer loop
         vertex 2.660000e+001 8.200000e+001 2.077128e+001
         vertex 2.700000e+001 8.200000e+001 2.146410e+001
         vertex 2.669574e+001 8.200000e+001 2.071375e+001
      endloop
   endfacet
   facet normal 0.000000e+000 1.000000e+000 0.000000e+000
      outer loop
         vertex 2.669574e+001 8.200000e+001 2.071375e+001
         vertex 2.700000e+001 8.200000e+001 2.146410e+001
         vertex 2.711968e+001 8.200000e+001 2.139219e+001
      endloop
   endfacet
   facet normal 0.000000e+000 1.000000e+000 0.000000e+000
      outer loop
         vertex 2.669574e+001 8.200000e+001 2.071375e+001
         vertex 2.711968e+001 8.200000e+001 2.139219e+001
         vertex 2.678942e+001 8.200000e+001 2.065292e+001
      endloop
   endfacet
   facet normal 0.000000e+000 1.000000e+000 0.000000e+000
      outer loop
         vertex 2.678942e+001 8.200000e+001 2.065292e+001
         vertex 2.711968e+001 8.200000e+001 2.139219e+001
         vertex 2.723677e+001 8.200000e+001 2.131615e+001
      endloop
   endfacet
   facet normal 0.000000e+000 1.000000e+000 0.000000e+000
      outer loop
         vertex 2.678942e+001 8.200000e+001 2.065292e+001
         vertex 2.723677e+001 8.200000e+001 2.131615e+001
         vertex 2.688091e+001 8.200000e+001 2.058885e+001
      endloop
   endfacet
   facet normal 0.000000e+000 1.000000e+000 0.000000e+000
      outer loop
         vertex 2.688091e+001 8.200000e+001 2.058885e+001
         vertex 2.723677e+001 8.200000e+001 2.131615e+001
         vertex 2.735114e+001 8.200000e+001 2.123607e+001
      endloop
   endfacet
   facet normal 0.000000e+000 1.000000e+000 0.000000e+000
      outer loop
         vertex 2.688091e+001 8.200000e+001 2.058885e+001
         vertex 2.735114e+001 8.200000e+001 2.123607e+001
         vertex 2.697012e+001 8.200000e+001 2.052163e+001
      endloop
   endfacet
   facet normal 0.000000e+000 1.000000e+000 0.000000e+000
      outer loop
         vertex 2.697012e+001 8.200000e+001 2.052163e+001
         vertex 2.735114e+001 8.200000e+001 2.123607e+001
         vertex 2.746265e+001 8.200000e+001 2.115204e+001
      endloop
   endfacet
   facet normal 0.000000e+000 1.000000e+000 0.000000e+000
      outer loop
         vertex 2.697012e+001 8.200000e+001 2.052163e+001
         vertex 2.746265e+001 8.200000e+001 2.115204e+001
         vertex 2.705692e+001 8.200000e+001 2.045134e+001
      endloop
   endfacet
   facet normal 0.000000e+000 1.000000e+000 0.000000e+000
      outer loop
         vertex 2.705692e+001 8.200000e+001 2.045134e+001
         vertex 2.746265e+001 8.200000e+001 2.115204e+001
         vertex 2.757115e+001 8.200000e+001 2.106418e+001
      endloop
   endfacet
   facet normal 0.000000e+000 1.000000e+000 0.000000e+000
      outer loop
         vertex 2.705692e+001 8.200000e+001 2.045134e+001
         vertex 2.757115e+001 8.200000e+001 2.106418e+001
         vertex 2.714122e+001 8.200000e+001 2.037807e+001
      endloop
   endfacet
   facet normal 0.000000e+000 1.000000e+000 0.000000e+000
      outer loop
         vertex 2.714122e+001 8.200000e+001 2.037807e+001
         vertex 2.757115e+001 8.200000e+001 2.106418e+001
         vertex 2.767652e+001 8.200000e+001 2.097258e+001
      endloop
   endfacet
   facet normal 0.000000e+000 1.000000e+000 0.000000e+000
      outer loop
         vertex 2.714122e+001 8.200000e+001 2.037807e+001
         vertex 2.767652e+001 8.200000e+001 2.097258e+001
         vertex 2.722291e+001 8.200000e+001 2.030189e+001
      endloop
   endfacet
   facet normal 0.000000e+000 1.000000e+000 0.000000e+000
      outer loop
         vertex 2.722291e+001 8.200000e+001 2.030189e+001
         vertex 2.767652e+001 8.200000e+001 2.097258e+001
         vertex 2.777863e+001 8.200000e+001 2.087736e+001
      endloop
   endfacet
   facet normal 0.000000e+000 1.000000e+000 0.000000e+000
      outer loop
         vertex 2.722291e+001 8.200000e+001 2.030189e+001
         vertex 2.777863e+001 8.200000e+001 2.087736e+001
         vertex 2.730189e+001 8.200000e+001 2.022291e+001
      endloop
   endfacet
   facet normal 0.000000e+000 1.000000e+000 0.000000e+000
      outer loop
         vertex 2.730189e+001 8.200000e+001 2.022291e+001
         vertex 2.777863e+001 8.200000e+001 2.087736e+001
         vertex 2.787736e+001 8.200000e+001 2.077863e+001
      endloop
   endfacet
   facet normal 0.000000e+000 1.000000e+000 0.000000e+000
      outer loop
         vertex 2.730189e+001 8.200000e+001 2.022291e+001
         vertex 2.787736e+001 8.200000e+001 2.077863e+001
         vertex 2.737806e+001 8.200000e+001 2.014122e+001
      endloop
   endfacet
   facet normal 0.000000e+000 1.000000e+000 0.000000e+000
      outer loop
         vertex 2.737806e+001 8.200000e+001 2.014122e+001
         vertex 2.787736e+001 8.200000e+001 2.077863e+001
         vertex 2.797258e+001 8.200000e+001 2.067652e+001
      endloop
   endfacet
   facet normal 0.000000e+000 1.000000e+000 0.000000e+000
      outer loop
         vertex 2.737806e+001 8.200000e+001 2.014122e+001
         vertex 2.797258e+001 8.200000e+001 2.067652e+001
         vertex 2.745134e+001 8.200000e+001 2.005692e+001
      endloop
   endfacet
   facet normal 0.000000e+000 1.000000e+000 0.000000e+000
      outer loop
         vertex 2.745134e+001 8.200000e+001 2.005692e+001
         vertex 2.797258e+001 8.200000e+001 2.067652e+001
         vertex 2.806418e+001 8.200000e+001 2.057115e+001
      endloop
   endfacet
   facet normal 0.000000e+000 1.000000e+000 0.000000e+000
      outer loop
         vertex 2.745134e+001 8.200000e+001 2.005692e+001
         vertex 2.806418e+001 8.200000e+001 2.057115e+001
         vertex 2.752164e+001 8.200000e+001 1.997012e+001
      endloop
   endfacet
   facet normal 0.000000e+000 1.000000e+000 0.000000e+000
      outer loop
         vertex 2.752164e+001 8.200000e+001 1.997012e+001
         vertex 2.806418e+001 8.200000e+001 2.057115e+001
         vertex 2.815204e+001 8.200000e+001 2.046265e+001
      endloop
   endfacet
   facet normal 0.000000e+000 1.000000e+000 0.000000e+000
      outer loop
         vertex 2.752164e+001 8.200000e+001 1.997012e+001
         vertex 2.815204e+001 8.200000e+001 2.046265e+001
         vertex 2.758886e+001 8.200000e+001 1.988091e+001
      endloop
   endfacet
   facet normal 0.000000e+000 1.000000e+000 0.000000e+000
      outer loop
         vertex 2.758886e+001 8.200000e+001 1.988091e+001
         vertex 2.815204e+001 8.200000e+001 2.046265e+001
         vertex 2.823607e+001 8.200000e+001 2.035114e+001
      endloop
   endfacet
   facet normal 0.000000e+000 1.000000e+000 0.000000e+000
      outer loop
         vertex 2.758886e+001 8.200000e+001 1.988091e+001
         vertex 2.823607e+001 8.200000e+001 2.035114e+001
         vertex 2.765292e+001 8.200000e+001 1.978942e+001
      endloop
   endfacet
   facet normal 0.000000e+000 1.000000e+000 0.000000e+000
      outer loop
         vertex 2.765292e+001 8.200000e+001 1.978942e+001
         vertex 2.823607e+001 8.200000e+001 2.035114e+001
         vertex 2.831615e+001 8.200000e+001 2.023677e+001
      endloop
   endfacet
   facet normal 0.000000e+000 1.000000e+000 0.000000e+000
      outer loop
         vertex 2.765292e+001 8.200000e+001 1.978942e+001
         vertex 2.831615e+001 8.200000e+001 2.023677e+001
         vertex 2.771375e+001 8.200000e+001 1.969574e+001
      endloop
   endfacet
   facet normal 0.000000e+000 1.000000e+000 0.000000e+000
      outer loop
         vertex 2.771375e+001 8.200000e+001 1.969574e+001
         vertex 2.831615e+001 8.200000e+001 2.023677e+001
         vertex 2.839219e+001 8.200000e+001 2.011968e+001
      endloop
   endfacet
   facet normal 0.000000e+000 1.000000e+000 0.000000e+000
      outer loop
         vertex 2.771375e+001 8.200000e+001 1.969574e+001
         vertex 2.839219e+001 8.200000e+001 2.011968e+001
         vertex 2.777128e+001 8.200000e+001 1.960000e+001
      endloop
   endfacet
   facet normal 0.000000e+000 1.000000e+000 0.000000e+000
      outer loop
         vertex 2.777128e+001 8.200000e+001 1.960000e+001
         vertex 2.839219e+001 8.200000e+001 2.011968e+001
         vertex 2.846410e+001 8.200000e+001 2.000000e+001
      endloop
   endfacet
   facet normal 0.000000e+000 1.000000e+000 0.000000e+000
      outer loop
         vertex 2.777128e+001 8.200000e+001 1.960000e+001
         vertex 2.846410e+001 8.200000e+001 2.000000e+001
         vertex 2.782543e+001 8.200000e+001 1.950231e+001
      endloop
   endfacet
   facet normal 0.000000e+000 1.000000e+000 0.000000e+000
      outer loop
         vertex 2.782543e+001 8.200000e+001 1.950231e+001
         vertex 2.846410e+001 8.200000e+001 2.000000e+001
         vertex 2.853179e+001 8.200000e+001 1.987789e+001
      endloop
   endfacet
   facet normal 0.000000e+000 1.000000e+000 0.000000e+000
      outer loop
         vertex 2.782543e+001 8.200000e+001 1.950231e+001
         vertex 2.853179e+001 8.200000e+001 1.987789e+001
         vertex 2.787614e+001 8.200000e+001 1.940279e+001
      endloop
   endfacet
   facet normal 0.000000e+000 1.000000e+000 0.000000e+000
      outer loop
         vertex 2.787614e+001 8.200000e+001 1.940279e+001
         vertex 2.853179e+001 8.200000e+001 1.987789e+001
         vertex 2.859517e+001 8.200000e+001 1.975348e+001
      endloop
   endfacet
   facet normal 0.000000e+000 1.000000e+000 0.000000e+000
      outer loop
         vertex 2.787614e+001 8.200000e+001 1.940279e+001
         vertex 2.859517e+001 8.200000e+001 1.975348e+001
         vertex 2.792335e+001 8.200000e+001 1.930156e+001
      endloop
   endfacet
   facet normal 0.000000e+000 1.000000e+000 0.000000e+000
      outer loop
         vertex 2.792335e+001 8.200000e+001 1.930156e+001
         vertex 2.859517e+001 8.200000e+001 1.975348e+001
         vertex 2.865418e+001 8.200000e+001 1.962695e+001
      endloop
   endfacet
   facet normal 0.000000e+000 1.000000e+000 0.000000e+000
      outer loop
         vertex 2.792335e+001 8.200000e+001 1.930156e+001
         vertex 2.865418e+001 8.200000e+001 1.962695e+001
         vertex 2.796699e+001 8.200000e+001 1.919874e+001
      endloop
   endfacet
   facet normal 0.000000e+000 1.000000e+000 0.000000e+000
      outer loop
         vertex 2.796699e+001 8.200000e+001 1.919874e+001
         vertex 2.865418e+001 8.200000e+001 1.962695e+001
         vertex 2.870874e+001 8.200000e+001 1.949843e+001
      endloop
   endfacet
   facet normal 0.000000e+000 1.000000e+000 0.000000e+000
      outer loop
         vertex 2.796699e+001 8.200000e+001 1.919874e+001
         vertex 2.870874e+001 8.200000e+001 1.949843e+001
         vertex 2.800702e+001 8.200000e+001 1.909446e+001
      endloop
   endfacet
   facet normal 0.000000e+000 1.000000e+000 0.000000e+000
      outer loop
         vertex 2.800702e+001 8.200000e+001 1.909446e+001
         vertex 2.870874e+001 8.200000e+001 1.949843e+001
         vertex 2.875877e+001 8.200000e+001 1.936808e+001
      endloop
   endfacet
   facet normal 0.000000e+000 1.000000e+000 0.000000e+000
      outer loop
         vertex 2.800702e+001 8.200000e+001 1.909446e+001
         vertex 2.875877e+001 8.200000e+001 1.936808e+001
         vertex 2.804338e+001 8.200000e+001 1.898886e+001
      endloop
   endfacet
   facet normal 0.000000e+000 1.000000e+000 0.000000e+000
      outer loop
         vertex 2.804338e+001 8.200000e+001 1.898886e+001
         vertex 2.875877e+001 8.200000e+001 1.936808e+001
         vertex 2.880423e+001 8.200000e+001 1.923607e+001
      endloop
   endfacet
   facet normal 0.000000e+000 1.000000e+000 0.000000e+000
      outer loop
         vertex 2.804338e+001 8.200000e+001 1.898886e+001
         vertex 2.880423e+001 8.200000e+001 1.923607e+001
         vertex 2.807604e+001 8.200000e+001 1.888204e+001
      endloop
   endfacet
   facet normal 0.000000e+000 1.000000e+000 0.000000e+000
      outer loop
         vertex 2.807604e+001 8.200000e+001 1.888204e+001
         vertex 2.880423e+001 8.200000e+001 1.923607e+001
         vertex 2.884505e+001 8.200000e+001 1.910255e+001
      endloop
   endfacet
   facet normal 0.000000e+000 1.000000e+000 0.000000e+000
      outer loop
         vertex 2.807604e+001 8.200000e+001 1.888204e+001
         vertex 2.884505e+001 8.200000e+001 1.910255e+001
         vertex 2.810495e+001 8.200000e+001 1.877415e+001
      endloop
   endfacet
   facet normal 0.000000e+000 1.000000e+000 0.000000e+000
      outer loop
         vertex 2.810495e+001 8.200000e+001 1.877415e+001
         vertex 2.884505e+001 8.200000e+001 1.910255e+001
         vertex 2.888118e+001 8.200000e+001 1.896769e+001
      endloop
   endfacet
   facet normal 0.000000e+000 1.000000e+000 0.000000e+000
      outer loop
         vertex 2.810495e+001 8.200000e+001 1.877415e+001
         vertex 2.888118e+001 8.200000e+001 1.896769e+001
         vertex 2.813007e+001 8.200000e+001 1.866532e+001
      endloop
   endfacet
   facet normal 0.000000e+000 1.000000e+000 0.000000e+000
      outer loop
         vertex 2.813007e+001 8.200000e+001 1.866532e+001
         vertex 2.888118e+001 8.200000e+001 1.896769e+001
         vertex 2.891259e+001 8.200000e+001 1.883165e+001
      endloop
   endfacet
   facet normal 0.000000e+000 1.000000e+000 0.000000e+000
      outer loop
         vertex 2.813007e+001 8.200000e+001 1.866532e+001
         vertex 2.891259e+001 8.200000e+001 1.883165e+001
         vertex 2.815139e+001 8.200000e+001 1.855568e+001
      endloop
   endfacet
   facet normal 0.000000e+000 1.000000e+000 0.000000e+000
      outer loop
         vertex 2.815139e+001 8.200000e+001 1.855568e+001
         vertex 2.891259e+001 8.200000e+001 1.883165e+001
         vertex 2.893923e+001 8.200000e+001 1.869459e+001
      endloop
   endfacet
   facet normal 0.000000e+000 1.000000e+000 0.000000e+000
      outer loop
         vertex 2.815139e+001 8.200000e+001 1.855568e+001
         vertex 2.893923e+001 8.200000e+001 1.869459e+001
         vertex 2.816886e+001 8.200000e+001 1.844535e+001
      endloop
   endfacet
   facet normal 0.000000e+000 1.000000e+000 0.000000e+000
      outer loop
         vertex 2.816886e+001 8.200000e+001 1.844535e+001
         vertex 2.893923e+001 8.200000e+001 1.869459e+001
         vertex 2.896107e+001 8.200000e+001 1.855669e+001
      endloop
   endfacet
   facet normal 0.000000e+000 1.000000e+000 0.000000e+000
      outer loop
         vertex 2.816886e+001 8.200000e+001 1.844535e+001
         vertex 2.896107e+001 8.200000e+001 1.855669e+001
         vertex 2.818247e+001 8.200000e+001 1.833449e+001
      endloop
   endfacet
   facet normal 0.000000e+000 1.000000e+000 0.000000e+000
      outer loop
         vertex 2.818247e+001 8.200000e+001 1.833449e+001
         vertex 2.896107e+001 8.200000e+001 1.855669e+001
         vertex 2.897809e+001 8.200000e+001 1.841811e+001
      endloop
   endfacet
   facet normal 0.000000e+000 1.000000e+000 0.000000e+000
      outer loop
         vertex 2.818247e+001 8.200000e+001 1.833449e+001
         vertex 2.897809e+001 8.200000e+001 1.841811e+001
         vertex 2.819220e+001 8.200000e+001 1.822322e+001
      endloop
   endfacet
   facet normal 0.000000e+000 1.000000e+000 0.000000e+000
      outer loop
         vertex 2.819220e+001 8.200000e+001 1.822322e+001
         vertex 2.897809e+001 8.200000e+001 1.841811e+001
         vertex 2.899026e+001 8.200000e+001 1.827903e+001
      endloop
   endfacet
   facet normal 0.000000e+000 1.000000e+000 0.000000e+000
      outer loop
         vertex 2.819220e+001 8.200000e+001 1.822322e+001
         vertex 2.899026e+001 8.200000e+001 1.827903e+001
         vertex 2.819805e+001 8.200000e+001 1.811168e+001
      endloop
   endfacet
   facet normal 0.000000e+000 1.000000e+000 0.000000e+000
      outer loop
         vertex 2.819805e+001 8.200000e+001 1.811168e+001
         vertex 2.899026e+001 8.200000e+001 1.827903e+001
         vertex 2.899756e+001 8.200000e+001 1.813960e+001
      endloop
   endfacet
   facet normal 0.000000e+000 1.000000e+000 0.000000e+000
      outer loop
         vertex 2.819805e+001 8.200000e+001 1.811168e+001
         vertex 2.899756e+001 8.200000e+001 1.813960e+001
         vertex 2.820000e+001 8.200000e+001 1.800000e+001
      endloop
   endfacet
   facet normal 0.000000e+000 1.000000e+000 0.000000e+000
      outer loop
         vertex 2.820000e+001 8.200000e+001 1.800000e+001
         vertex 2.899756e+001 8.200000e+001 1.813960e+001
         vertex 2.900000e+001 8.200000e+001 1.800000e+001
      endloop
   endfacet
   facet normal 0.000000e+000 1.000000e+000 0.000000e+000
      outer loop
         vertex 2.820000e+001 8.200000e+001 1.800000e+001
         vertex 2.900000e+001 8.200000e+001 1.800000e+001
         vertex 2.820000e+001 8.200000e+001 2.000000e+000
      endloop
   endfacet
   facet normal 0.000000e+000 1.000000e+000 0.000000e+000
      outer loop
         vertex 2.820000e+001 8.200000e+001 2.000000e+000
         vertex 2.900000e+001 8.200000e+001 1.800000e+001
         vertex 2.900000e+001 8.200000e+001 2.000000e+000
      endloop
   endfacet
   facet normal 0.000000e+000 1.000000e+000 0.000000e+000
      outer loop
         vertex 2.820000e+001 8.200000e+001 2.000000e+000
         vertex 2.900000e+001 8.200000e+001 2.000000e+000
         vertex 2.819988e+001 8.200000e+001 1.993172e+000
      endloop
   endfacet
   facet normal 0.000000e+000 1.000000e+000 0.000000e+000
      outer loop
         vertex 2.819988e+001 8.200000e+001 1.993172e+000
         vertex 2.900000e+001 8.200000e+001 2.000000e+000
         vertex 2.899942e+001 8.200000e+001 1.965859e+000
      endloop
   endfacet
   facet normal 0.000000e+000 1.000000e+000 0.000000e+000
      outer loop
         vertex 2.819988e+001 8.200000e+001 1.993172e+000
         vertex 2.899942e+001 8.200000e+001 1.965859e+000
         vertex 2.819954e+001 8.200000e+001 1.986351e+000
      endloop
   endfacet
   facet normal 0.000000e+000 1.000000e+000 0.000000e+000
      outer loop
         vertex 2.819954e+001 8.200000e+001 1.986351e+000
         vertex 2.899942e+001 8.200000e+001 1.965859e+000
         vertex 2.899767e+001 8.200000e+001 1.931758e+000
      endloop
   endfacet
   facet normal 0.000000e+000 1.000000e+000 0.000000e+000
      outer loop
         vertex 2.819954e+001 8.200000e+001 1.986351e+000
         vertex 2.899767e+001 8.200000e+001 1.931758e+000
         vertex 2.819895e+001 8.200000e+001 1.979547e+000
      endloop
   endfacet
   facet normal 0.000000e+000 1.000000e+000 0.000000e+000
      outer loop
         vertex 2.819895e+001 8.200000e+001 1.979547e+000
         vertex 2.899767e+001 8.200000e+001 1.931758e+000
         vertex 2.899476e+001 8.200000e+001 1.897735e+000
      endloop
   endfacet
   facet normal 0.000000e+000 1.000000e+000 0.000000e+000
      outer loop
         vertex 2.819895e+001 8.200000e+001 1.979547e+000
         vertex 2.899476e+001 8.200000e+001 1.897735e+000
         vertex 2.819814e+001 8.200000e+001 1.972767e+000
      endloop
   endfacet
   facet normal 0.000000e+000 1.000000e+000 0.000000e+000
      outer loop
         vertex 2.819814e+001 8.200000e+001 1.972767e+000
         vertex 2.899476e+001 8.200000e+001 1.897735e+000
         vertex 2.899069e+001 8.200000e+001 1.863833e+000
      endloop
   endfacet
   facet normal 0.000000e+000 1.000000e+000 0.000000e+000
      outer loop
         vertex 2.819814e+001 8.200000e+001 1.972767e+000
         vertex 2.899069e+001 8.200000e+001 1.863833e+000
         vertex 2.819709e+001 8.200000e+001 1.966018e+000
      endloop
   endfacet
   facet normal 0.000000e+000 1.000000e+000 0.000000e+000
      outer loop
         vertex 2.819709e+001 8.200000e+001 1.966018e+000
         vertex 2.899069e+001 8.200000e+001 1.863833e+000
         vertex 2.898546e+001 8.200000e+001 1.830089e+000
      endloop
   endfacet
   facet normal 0.000000e+000 1.000000e+000 0.000000e+000
      outer loop
         vertex 2.819709e+001 8.200000e+001 1.966018e+000
         vertex 2.898546e+001 8.200000e+001 1.830089e+000
         vertex 2.819582e+001 8.200000e+001 1.959309e+000
      endloop
   endfacet
   facet normal 0.000000e+000 1.000000e+000 0.000000e+000
      outer loop
         vertex 2.819582e+001 8.200000e+001 1.959309e+000
         vertex 2.898546e+001 8.200000e+001 1.830089e+000
         vertex 2.897908e+001 8.200000e+001 1.796544e+000
      endloop
   endfacet
   facet normal 0.000000e+000 1.000000e+000 0.000000e+000
      outer loop
         vertex 2.819582e+001 8.200000e+001 1.959309e+000
         vertex 2.897908e+001 8.200000e+001 1.796544e+000
         vertex 2.819431e+001 8.200000e+001 1.952647e+000
      endloop
   endfacet
   facet normal 0.000000e+000 1.000000e+000 0.000000e+000
      outer loop
         vertex 2.819431e+001 8.200000e+001 1.952647e+000
         vertex 2.897908e+001 8.200000e+001 1.796544e+000
         vertex 2.897157e+001 8.200000e+001 1.763235e+000
      endloop
   endfacet
   facet normal 0.000000e+000 1.000000e+000 0.000000e+000
      outer loop
         vertex 2.819431e+001 8.200000e+001 1.952647e+000
         vertex 2.897157e+001 8.200000e+001 1.763235e+000
         vertex 2.819258e+001 8.200000e+001 1.946040e+000
      endloop
   endfacet
   facet normal 0.000000e+000 1.000000e+000 0.000000e+000
      outer loop
         vertex 2.819258e+001 8.200000e+001 1.946040e+000
         vertex 2.897157e+001 8.200000e+001 1.763235e+000
         vertex 2.896292e+001 8.200000e+001 1.730203e+000
      endloop
   endfacet
   facet normal 0.000000e+000 1.000000e+000 0.000000e+000
      outer loop
         vertex 2.819258e+001 8.200000e+001 1.946040e+000
         vertex 2.896292e+001 8.200000e+001 1.730203e+000
         vertex 2.819063e+001 8.200000e+001 1.939497e+000
      endloop
   endfacet
   facet normal 0.000000e+000 1.000000e+000 0.000000e+000
      outer loop
         vertex 2.819063e+001 8.200000e+001 1.939497e+000
         vertex 2.896292e+001 8.200000e+001 1.730203e+000
         vertex 2.895314e+001 8.200000e+001 1.697485e+000
      endloop
   endfacet
   facet normal 0.000000e+000 1.000000e+000 0.000000e+000
      outer loop
         vertex 2.819063e+001 8.200000e+001 1.939497e+000
         vertex 2.895314e+001 8.200000e+001 1.697485e+000
         vertex 2.818845e+001 8.200000e+001 1.933024e+000
      endloop
   endfacet
   facet normal 0.000000e+000 1.000000e+000 0.000000e+000
      outer loop
         vertex 2.818845e+001 8.200000e+001 1.933024e+000
         vertex 2.895314e+001 8.200000e+001 1.697485e+000
         vertex 2.894226e+001 8.200000e+001 1.665120e+000
      endloop
   endfacet
   facet normal 0.000000e+000 1.000000e+000 0.000000e+000
      outer loop
         vertex 2.818845e+001 8.200000e+001 1.933024e+000
         vertex 2.894226e+001 8.200000e+001 1.665120e+000
         vertex 2.818606e+001 8.200000e+001 1.926629e+000
      endloop
   endfacet
   facet normal 0.000000e+000 1.000000e+000 0.000000e+000
      outer loop
         vertex 2.818606e+001 8.200000e+001 1.926629e+000
         vertex 2.894226e+001 8.200000e+001 1.665120e+000
         vertex 2.893028e+001 8.200000e+001 1.633146e+000
      endloop
   endfacet
   facet normal 0.000000e+000 1.000000e+000 0.000000e+000
      outer loop
         vertex 2.818606e+001 8.200000e+001 1.926629e+000
         vertex 2.893028e+001 8.200000e+001 1.633146e+000
         vertex 2.818344e+001 8.200000e+001 1.920320e+000
      endloop
   endfacet
   facet normal 0.000000e+000 1.000000e+000 0.000000e+000
      outer loop
         vertex 2.818344e+001 8.200000e+001 1.920320e+000
         vertex 2.893028e+001 8.200000e+001 1.633146e+000
         vertex 2.891721e+001 8.200000e+001 1.601599e+000
      endloop
   endfacet
   facet normal 0.000000e+000 1.000000e+000 0.000000e+000
      outer loop
         vertex 2.818344e+001 8.200000e+001 1.920320e+000
         vertex 2.891721e+001 8.200000e+001 1.601599e+000
         vertex 2.818061e+001 8.200000e+001 1.914103e+000
      endloop
   endfacet
   facet normal 0.000000e+000 1.000000e+000 0.000000e+000
      outer loop
         vertex 2.818061e+001 8.200000e+001 1.914103e+000
         vertex 2.891721e+001 8.200000e+001 1.601599e+000
         vertex 2.890307e+001 8.200000e+001 1.570516e+000
      endloop
   endfacet
   facet normal 0.000000e+000 1.000000e+000 0.000000e+000
      outer loop
         vertex 2.818061e+001 8.200000e+001 1.914103e+000
         vertex 2.890307e+001 8.200000e+001 1.570516e+000
         vertex 2.817758e+001 8.200000e+001 1.907987e+000
      endloop
   endfacet
   facet normal 0.000000e+000 1.000000e+000 0.000000e+000
      outer loop
         vertex 2.817758e+001 8.200000e+001 1.907987e+000
         vertex 2.890307e+001 8.200000e+001 1.570516e+000
         vertex 2.888788e+001 8.200000e+001 1.539935e+000
      endloop
   endfacet
   facet normal 0.000000e+000 1.000000e+000 0.000000e+000
      outer loop
         vertex 2.817758e+001 8.200000e+001 1.907987e+000
         vertex 2.888788e+001 8.200000e+001 1.539935e+000
         vertex 2.817433e+001 8.200000e+001 1.901978e+000
      endloop
   endfacet
   facet normal 0.000000e+000 1.000000e+000 0.000000e+000
      outer loop
         vertex 2.817433e+001 8.200000e+001 1.901978e+000
         vertex 2.888788e+001 8.200000e+001 1.539935e+000
         vertex 2.887166e+001 8.200000e+001 1.509889e+000
      endloop
   endfacet
   facet normal 0.000000e+000 1.000000e+000 0.000000e+000
      outer loop
         vertex 2.817433e+001 8.200000e+001 1.901978e+000
         vertex 2.887166e+001 8.200000e+001 1.509889e+000
         vertex 2.817088e+001 8.200000e+001 1.896083e+000
      endloop
   endfacet
   facet normal 0.000000e+000 1.000000e+000 0.000000e+000
      outer loop
         vertex 2.817088e+001 8.200000e+001 1.896083e+000
         vertex 2.887166e+001 8.200000e+001 1.509889e+000
         vertex 2.885442e+001 8.200000e+001 1.480416e+000
      endloop
   endfacet
   facet normal 0.000000e+000 1.000000e+000 0.000000e+000
      outer loop
         vertex 2.817088e+001 8.200000e+001 1.896083e+000
         vertex 2.885442e+001 8.200000e+001 1.480416e+000
         vertex 2.816724e+001 8.200000e+001 1.890310e+000
      endloop
   endfacet
   facet normal 0.000000e+000 1.000000e+000 0.000000e+000
      outer loop
         vertex 2.816724e+001 8.200000e+001 1.890310e+000
         vertex 2.885442e+001 8.200000e+001 1.480416e+000
         vertex 2.883618e+001 8.200000e+001 1.451548e+000
      endloop
   endfacet
   facet normal 0.000000e+000 1.000000e+000 0.000000e+000
      outer loop
         vertex 2.816724e+001 8.200000e+001 1.890310e+000
         vertex 2.883618e+001 8.200000e+001 1.451548e+000
         vertex 2.816339e+001 8.200000e+001 1.884664e+000
      endloop
   endfacet
   facet normal 0.000000e+000 1.000000e+000 0.000000e+000
      outer loop
         vertex 2.816339e+001 8.200000e+001 1.884664e+000
         vertex 2.883618e+001 8.200000e+001 1.451548e+000
         vertex 2.881697e+001 8.200000e+001 1.423319e+000
      endloop
   endfacet
   facet normal 0.000000e+000 1.000000e+000 0.000000e+000
      outer loop
         vertex 2.816339e+001 8.200000e+001 1.884664e+000
         vertex 2.881697e+001 8.200000e+001 1.423319e+000
         vertex 2.815936e+001 8.200000e+001 1.879152e+000
      endloop
   endfacet
   facet normal 0.000000e+000 1.000000e+000 0.000000e+000
      outer loop
         vertex 2.815936e+001 8.200000e+001 1.879152e+000
         vertex 2.881697e+001 8.200000e+001 1.423319e+000
         vertex 2.879680e+001 8.200000e+001 1.395763e+000
      endloop
   endfacet
   facet normal 0.000000e+000 1.000000e+000 0.000000e+000
      outer loop
         vertex 2.815936e+001 8.200000e+001 1.879152e+000
         vertex 2.879680e+001 8.200000e+001 1.395763e+000
         vertex 2.815514e+001 8.200000e+001 1.873782e+000
      endloop
   endfacet
   facet normal 0.000000e+000 1.000000e+000 0.000000e+000
      outer loop
         vertex 2.815514e+001 8.200000e+001 1.873782e+000
         vertex 2.879680e+001 8.200000e+001 1.395763e+000
         vertex 2.877571e+001 8.200000e+001 1.368912e+000
      endloop
   endfacet
   facet normal 0.000000e+000 1.000000e+000 0.000000e+000
      outer loop
         vertex 2.815514e+001 8.200000e+001 1.873782e+000
         vertex 2.877571e+001 8.200000e+001 1.368912e+000
         vertex 2.815074e+001 8.200000e+001 1.868559e+000
      endloop
   endfacet
   facet normal 0.000000e+000 1.000000e+000 0.000000e+000
      outer loop
         vertex 2.815074e+001 8.200000e+001 1.868559e+000
         vertex 2.877571e+001 8.200000e+001 1.368912e+000
         vertex 2.875371e+001 8.200000e+001 1.342796e+000
      endloop
   endfacet
   facet normal 0.000000e+000 1.000000e+000 0.000000e+000
      outer loop
         vertex 2.815074e+001 8.200000e+001 1.868559e+000
         vertex 2.875371e+001 8.200000e+001 1.342796e+000
         vertex 2.814617e+001 8.200000e+001 1.863489e+000
      endloop
   endfacet
   facet normal 0.000000e+000 1.000000e+000 0.000000e+000
      outer loop
         vertex 2.814617e+001 8.200000e+001 1.863489e+000
         vertex 2.875371e+001 8.200000e+001 1.342796e+000
         vertex 2.873083e+001 8.200000e+001 1.317447e+000
      endloop
   endfacet
   facet normal 0.000000e+000 1.000000e+000 0.000000e+000
      outer loop
         vertex 2.814617e+001 8.200000e+001 1.863489e+000
         vertex 2.873083e+001 8.200000e+001 1.317447e+000
         vertex 2.814142e+001 8.200000e+001 1.858579e+000
      endloop
   endfacet
   facet normal 0.000000e+000 1.000000e+000 0.000000e+000
      outer loop
         vertex 2.814142e+001 8.200000e+001 1.858579e+000
         vertex 2.873083e+001 8.200000e+001 1.317447e+000
         vertex 2.870711e+001 8.200000e+001 1.292893e+000
      endloop
   endfacet
   facet normal 0.000000e+000 1.000000e+000 0.000000e+000
      outer loop
         vertex 2.814142e+001 8.200000e+001 1.858579e+000
         vertex 2.870711e+001 8.200000e+001 1.292893e+000
         vertex 2.813651e+001 8.200000e+001 1.853832e+000
      endloop
   endfacet
   facet normal 0.000000e+000 1.000000e+000 0.000000e+000
      outer loop
         vertex 2.813651e+001 8.200000e+001 1.853832e+000
         vertex 2.870711e+001 8.200000e+001 1.292893e+000
         vertex 2.868255e+001 8.200000e+001 1.269164e+000
      endloop
   endfacet
   facet normal 0.000000e+000 1.000000e+000 0.000000e+000
      outer loop
         vertex 2.813651e+001 8.200000e+001 1.853832e+000
         vertex 2.868255e+001 8.200000e+001 1.269164e+000
         vertex 2.813144e+001 8.200000e+001 1.849257e+000
      endloop
   endfacet
   facet normal 0.000000e+000 1.000000e+000 0.000000e+000
      outer loop
         vertex 2.813144e+001 8.200000e+001 1.849257e+000
         vertex 2.868255e+001 8.200000e+001 1.269164e+000
         vertex 2.865720e+001 8.200000e+001 1.246287e+000
      endloop
   endfacet
   facet normal 0.000000e+000 1.000000e+000 0.000000e+000
      outer loop
         vertex 2.813144e+001 8.200000e+001 1.849257e+000
         vertex 2.865720e+001 8.200000e+001 1.246287e+000
         vertex 2.812622e+001 8.200000e+001 1.844858e+000
      endloop
   endfacet
   facet normal 0.000000e+000 1.000000e+000 0.000000e+000
      outer loop
         vertex 2.812622e+001 8.200000e+001 1.844858e+000
         vertex 2.865720e+001 8.200000e+001 1.246287e+000
         vertex 2.863109e+001 8.200000e+001 1.224289e+000
      endloop
   endfacet
   facet normal 0.000000e+000 1.000000e+000 0.000000e+000
      outer loop
         vertex 2.812622e+001 8.200000e+001 1.844858e+000
         vertex 2.863109e+001 8.200000e+001 1.224289e+000
         vertex 2.812085e+001 8.200000e+001 1.840639e+000
      endloop
   endfacet
   facet normal 0.000000e+000 1.000000e+000 0.000000e+000
      outer loop
         vertex 2.812085e+001 8.200000e+001 1.840639e+000
         vertex 2.863109e+001 8.200000e+001 1.224289e+000
         vertex 2.860423e+001 8.200000e+001 1.203195e+000
      endloop
   endfacet
   facet normal 0.000000e+000 1.000000e+000 0.000000e+000
      outer loop
         vertex 2.812085e+001 8.200000e+001 1.840639e+000
         vertex 2.860423e+001 8.200000e+001 1.203195e+000
         vertex 2.811534e+001 8.200000e+001 1.836606e+000
      endloop
   endfacet
   facet normal 0.000000e+000 1.000000e+000 0.000000e+000
      outer loop
         vertex 2.811534e+001 8.200000e+001 1.836606e+000
         vertex 2.860423e+001 8.200000e+001 1.203195e+000
         vertex 2.857668e+001 8.200000e+001 1.183030e+000
      endloop
   endfacet
   facet normal 0.000000e+000 1.000000e+000 0.000000e+000
      outer loop
         vertex 2.811534e+001 8.200000e+001 1.836606e+000
         vertex 2.857668e+001 8.200000e+001 1.183030e+000
         vertex 2.810969e+001 8.200000e+001 1.832764e+000
      endloop
   endfacet
   facet normal 0.000000e+000 1.000000e+000 0.000000e+000
      outer loop
         vertex 2.810969e+001 8.200000e+001 1.832764e+000
         vertex 2.857668e+001 8.200000e+001 1.183030e+000
         vertex 2.854845e+001 8.200000e+001 1.163818e+000
      endloop
   endfacet
   facet normal 0.000000e+000 1.000000e+000 0.000000e+000
      outer loop
         vertex 2.810969e+001 8.200000e+001 1.832764e+000
         vertex 2.854845e+001 8.200000e+001 1.163818e+000
         vertex 2.810392e+001 8.200000e+001 1.829116e+000
      endloop
   endfacet
   facet normal 0.000000e+000 1.000000e+000 0.000000e+000
      outer loop
         vertex 2.810392e+001 8.200000e+001 1.829116e+000
         vertex 2.854845e+001 8.200000e+001 1.163818e+000
         vertex 2.851958e+001 8.200000e+001 1.145580e+000
      endloop
   endfacet
   facet normal 0.000000e+000 1.000000e+000 0.000000e+000
      outer loop
         vertex 2.810392e+001 8.200000e+001 1.829116e+000
         vertex 2.851958e+001 8.200000e+001 1.145580e+000
         vertex 2.809802e+001 8.200000e+001 1.825668e+000
      endloop
   endfacet
   facet normal 0.000000e+000 1.000000e+000 0.000000e+000
      outer loop
         vertex 2.809802e+001 8.200000e+001 1.825668e+000
         vertex 2.851958e+001 8.200000e+001 1.145580e+000
         vertex 2.849011e+001 8.200000e+001 1.128339e+000
      endloop
   endfacet
   facet normal 0.000000e+000 1.000000e+000 0.000000e+000
      outer loop
         vertex 2.809802e+001 8.200000e+001 1.825668e+000
         vertex 2.849011e+001 8.200000e+001 1.128339e+000
         vertex 2.809201e+001 8.200000e+001 1.822423e+000
      endloop
   endfacet
   facet normal 0.000000e+000 1.000000e+000 0.000000e+000
      outer loop
         vertex 2.809201e+001 8.200000e+001 1.822423e+000
         vertex 2.849011e+001 8.200000e+001 1.128339e+000
         vertex 2.846007e+001 8.200000e+001 1.112115e+000
      endloop
   endfacet
   facet normal 0.000000e+000 1.000000e+000 0.000000e+000
      outer loop
         vertex 2.809201e+001 8.200000e+001 1.822423e+000
         vertex 2.846007e+001 8.200000e+001 1.112115e+000
         vertex 2.808590e+001 8.200000e+001 1.819385e+000
      endloop
   endfacet
   facet normal 0.000000e+000 1.000000e+000 0.000000e+000
      outer loop
         vertex 2.808590e+001 8.200000e+001 1.819385e+000
         vertex 2.846007e+001 8.200000e+001 1.112115e+000
         vertex 2.842948e+001 8.200000e+001 1.096925e+000
      endloop
   endfacet
   facet normal 0.000000e+000 1.000000e+000 0.000000e+000
      outer loop
         vertex 2.808590e+001 8.200000e+001 1.819385e+000
         vertex 2.842948e+001 8.200000e+001 1.096925e+000
         vertex 2.807968e+001 8.200000e+001 1.816558e+000
      endloop
   endfacet
   facet normal 0.000000e+000 1.000000e+000 0.000000e+000
      outer loop
         vertex 2.807968e+001 8.200000e+001 1.816558e+000
         vertex 2.842948e+001 8.200000e+001 1.096925e+000
         vertex 2.839840e+001 8.200000e+001 1.082789e+000
      endloop
   endfacet
   facet normal 0.000000e+000 1.000000e+000 0.000000e+000
      outer loop
         vertex 2.807968e+001 8.200000e+001 1.816558e+000
         vertex 2.839840e+001 8.200000e+001 1.082789e+000
         vertex 2.807337e+001 8.200000e+001 1.813944e+000
      endloop
   endfacet
   facet normal 0.000000e+000 1.000000e+000 0.000000e+000
      outer loop
         vertex 2.807337e+001 8.200000e+001 1.813944e+000
         vertex 2.839840e+001 8.200000e+001 1.082789e+000
         vertex 2.836685e+001 8.200000e+001 1.069721e+000
      endloop
   endfacet
   facet normal 0.000000e+000 1.000000e+000 0.000000e+000
      outer loop
         vertex 2.807337e+001 8.200000e+001 1.813944e+000
         vertex 2.836685e+001 8.200000e+001 1.069721e+000
         vertex 2.806698e+001 8.200000e+001 1.811548e+000
      endloop
   endfacet
   facet normal 0.000000e+000 1.000000e+000 0.000000e+000
      outer loop
         vertex 2.806698e+001 8.200000e+001 1.811548e+000
         vertex 2.836685e+001 8.200000e+001 1.069721e+000
         vertex 2.833488e+001 8.200000e+001 1.057739e+000
      endloop
   endfacet
   facet normal 0.000000e+000 1.000000e+000 0.000000e+000
      outer loop
         vertex 2.806698e+001 8.200000e+001 1.811548e+000
         vertex 2.833488e+001 8.200000e+001 1.057739e+000
         vertex 2.806050e+001 8.200000e+001 1.809371e+000
      endloop
   endfacet
   facet normal 0.000000e+000 1.000000e+000 0.000000e+000
      outer loop
         vertex 2.806050e+001 8.200000e+001 1.809371e+000
         vertex 2.833488e+001 8.200000e+001 1.057739e+000
         vertex 2.830251e+001 8.200000e+001 1.046855e+000
      endloop
   endfacet
   facet normal 0.000000e+000 1.000000e+000 0.000000e+000
      outer loop
         vertex 2.806050e+001 8.200000e+001 1.809371e+000
         vertex 2.830251e+001 8.200000e+001 1.046855e+000
         vertex 2.805396e+001 8.200000e+001 1.807416e+000
      endloop
   endfacet
   facet normal 0.000000e+000 1.000000e+000 0.000000e+000
      outer loop
         vertex 2.805396e+001 8.200000e+001 1.807416e+000
         vertex 2.830251e+001 8.200000e+001 1.046855e+000
         vertex 2.826980e+001 8.200000e+001 1.037083e+000
      endloop
   endfacet
   facet normal 0.000000e+000 1.000000e+000 0.000000e+000
      outer loop
         vertex 2.805396e+001 8.200000e+001 1.807416e+000
         vertex 2.826980e+001 8.200000e+001 1.037083e+000
         vertex 2.804735e+001 8.200000e+001 1.805686e+000
      endloop
   endfacet
   facet normal 0.000000e+000 1.000000e+000 0.000000e+000
      outer loop
         vertex 2.804735e+001 8.200000e+001 1.805686e+000
         vertex 2.826980e+001 8.200000e+001 1.037083e+000
         vertex 2.823676e+001 8.200000e+001 1.028433e+000
      endloop
   endfacet
   facet normal 0.000000e+000 1.000000e+000 0.000000e+000
      outer loop
         vertex 2.804735e+001 8.200000e+001 1.805686e+000
         vertex 2.823676e+001 8.200000e+001 1.028433e+000
         vertex 2.804069e+001 8.200000e+001 1.804183e+000
      endloop
   endfacet
   facet normal 0.000000e+000 1.000000e+000 0.000000e+000
      outer loop
         vertex 2.804069e+001 8.200000e+001 1.804183e+000
         vertex 2.823676e+001 8.200000e+001 1.028433e+000
         vertex 2.820345e+001 8.200000e+001 1.020916e+000
      endloop
   endfacet
   facet normal 0.000000e+000 1.000000e+000 0.000000e+000
      outer loop
         vertex 2.804069e+001 8.200000e+001 1.804183e+000
         vertex 2.820345e+001 8.200000e+001 1.020916e+000
         vertex 2.803398e+001 8.200000e+001 1.802908e+000
      endloop
   endfacet
   facet normal 0.000000e+000 1.000000e+000 0.000000e+000
      outer loop
         vertex 2.803398e+001 8.200000e+001 1.802908e+000
         vertex 2.820345e+001 8.200000e+001 1.020916e+000
         vertex 2.816991e+001 8.200000e+001 1.014540e+000
      endloop
   endfacet
   facet normal 0.000000e+000 1.000000e+000 0.000000e+000
      outer loop
         vertex 2.803398e+001 8.200000e+001 1.802908e+000
         vertex 2.816991e+001 8.200000e+001 1.014540e+000
         vertex 2.802723e+001 8.200000e+001 1.801863e+000
      endloop
   endfacet
   facet normal 0.000000e+000 1.000000e+000 0.000000e+000
      outer loop
         vertex 2.802723e+001 8.200000e+001 1.801863e+000
         vertex 2.816991e+001 8.200000e+001 1.014540e+000
         vertex 2.813617e+001 8.200000e+001 1.009314e+000
      endloop
   endfacet
   facet normal 0.000000e+000 1.000000e+000 0.000000e+000
      outer loop
         vertex 2.802723e+001 8.200000e+001 1.801863e+000
         vertex 2.813617e+001 8.200000e+001 1.009314e+000
         vertex 2.802045e+001 8.200000e+001 1.801048e+000
      endloop
   endfacet
   facet normal 0.000000e+000 1.000000e+000 0.000000e+000
      outer loop
         vertex 2.802045e+001 8.200000e+001 1.801048e+000
         vertex 2.813617e+001 8.200000e+001 1.009314e+000
         vertex 2.810226e+001 8.200000e+001 1.005243e+000
      endloop
   endfacet
   facet normal 0.000000e+000 1.000000e+000 0.000000e+000
      outer loop
         vertex 2.802045e+001 8.200000e+001 1.801048e+000
         vertex 2.810226e+001 8.200000e+001 1.005243e+000
         vertex 2.801365e+001 8.200000e+001 1.800466e+000
      endloop
   endfacet
   facet normal 0.000000e+000 1.000000e+000 0.000000e+000
      outer loop
         vertex 2.801365e+001 8.200000e+001 1.800466e+000
         vertex 2.810226e+001 8.200000e+001 1.005243e+000
         vertex 2.806824e+001 8.200000e+001 1.002331e+000
      endloop
   endfacet
   facet normal 0.000000e+000 1.000000e+000 0.000000e+000
      outer loop
         vertex 2.801365e+001 8.200000e+001 1.800466e+000
         vertex 2.806824e+001 8.200000e+001 1.002331e+000
         vertex 2.800683e+001 8.200000e+001 1.800117e+000
      endloop
   endfacet
   facet normal 0.000000e+000 1.000000e+000 0.000000e+000
      outer loop
         vertex 2.800683e+001 8.200000e+001 1.800117e+000
         vertex 2.806824e+001 8.200000e+001 1.002331e+000
         vertex 2.803414e+001 8.200000e+001 1.000583e+000
      endloop
   endfacet
   facet normal 0.000000e+000 1.000000e+000 0.000000e+000
      outer loop
         vertex 2.800683e+001 8.200000e+001 1.800117e+000
         vertex 2.803414e+001 8.200000e+001 1.000583e+000
         vertex 2.800000e+001 8.200000e+001 1.800000e+000
      endloop
   endfacet
   facet normal 0.000000e+000 1.000000e+000 0.000000e+000
      outer loop
         vertex 2.800000e+001 8.200000e+001 1.800000e+000
         vertex 2.803414e+001 8.200000e+001 1.000583e+000
         vertex 2.800000e+001 8.200000e+001 9.999997e-001
      endloop
   endfacet
   facet normal 0.000000e+000 1.000000e+000 0.000000e+000
      outer loop
         vertex 2.800000e+001 8.200000e+001 1.800000e+000
         vertex 2.800000e+001 8.200000e+001 9.999997e-001
         vertex 1.999999e+000 8.200000e+001 1.800000e+000
      endloop
   endfacet
   facet normal 0.000000e+000 1.000000e+000 0.000000e+000
      outer loop
         vertex 1.999999e+000 8.200000e+001 1.800000e+000
         vertex 2.800000e+001 8.200000e+001 9.999997e-001
         vertex 1.999999e+000 8.200000e+001 9.999997e-001
      endloop
   endfacet
   facet normal 0.000000e+000 1.000000e+000 0.000000e+000
      outer loop
         vertex 1.999999e+000 8.200000e+001 1.800000e+000
         vertex 1.999999e+000 8.200000e+001 9.999997e-001
         vertex 1.993020e+000 8.200000e+001 1.800122e+000
      endloop
   endfacet
   facet normal 0.000000e+000 1.000000e+000 0.000000e+000
      outer loop
         vertex 1.993020e+000 8.200000e+001 1.800122e+000
         vertex 1.999999e+000 8.200000e+001 9.999997e-001
         vertex 1.965100e+000 8.200000e+001 1.000609e+000
      endloop
   endfacet
   facet normal 0.000000e+000 1.000000e+000 0.000000e+000
      outer loop
         vertex 1.993020e+000 8.200000e+001 1.800122e+000
         vertex 1.965100e+000 8.200000e+001 1.000609e+000
         vertex 1.986048e+000 8.200000e+001 1.800487e+000
      endloop
   endfacet
   facet normal 0.000000e+000 1.000000e+000 0.000000e+000
      outer loop
         vertex 1.986048e+000 8.200000e+001 1.800487e+000
         vertex 1.965100e+000 8.200000e+001 1.000609e+000
         vertex 1.930243e+000 8.200000e+001 1.002436e+000
      endloop
   endfacet
   facet normal 0.000000e+000 1.000000e+000 0.000000e+000
      outer loop
         vertex 1.986048e+000 8.200000e+001 1.800487e+000
         vertex 1.930243e+000 8.200000e+001 1.002436e+000
         vertex 1.979094e+000 8.200000e+001 1.801095e+000
      endloop
   endfacet
   facet normal 0.000000e+000 1.000000e+000 0.000000e+000
      outer loop
         vertex 1.979094e+000 8.200000e+001 1.801095e+000
         vertex 1.930243e+000 8.200000e+001 1.002436e+000
         vertex 1.895471e+000 8.200000e+001 1.005478e+000
      endloop
   endfacet
   facet normal 0.000000e+000 1.000000e+000 0.000000e+000
      outer loop
         vertex 1.979094e+000 8.200000e+001 1.801095e+000
         vertex 1.895471e+000 8.200000e+001 1.005478e+000
         vertex 1.972165e+000 8.200000e+001 1.801946e+000
      endloop
   endfacet
   facet normal 0.000000e+000 1.000000e+000 0.000000e+000
      outer loop
         vertex 1.972165e+000 8.200000e+001 1.801946e+000
         vertex 1.895471e+000 8.200000e+001 1.005478e+000
         vertex 1.860826e+000 8.200000e+001 1.009732e+000
      endloop
   endfacet
   facet normal 0.000000e+000 1.000000e+000 0.000000e+000
      outer loop
         vertex 1.972165e+000 8.200000e+001 1.801946e+000
         vertex 1.860826e+000 8.200000e+001 1.009732e+000
         vertex 1.965270e+000 8.200000e+001 1.803038e+000
      endloop
   endfacet
   facet normal 0.000000e+000 1.000000e+000 0.000000e+000
      outer loop
         vertex 1.965270e+000 8.200000e+001 1.803038e+000
         vertex 1.860826e+000 8.200000e+001 1.009732e+000
         vertex 1.826352e+000 8.200000e+001 1.015192e+000
      endloop
   endfacet
   facet normal 0.000000e+000 1.000000e+000 0.000000e+000
      outer loop
         vertex 1.965270e+000 8.200000e+001 1.803038e+000
         vertex 1.826352e+000 8.200000e+001 1.015192e+000
         vertex 1.958418e+000 8.200000e+001 1.804370e+000
      endloop
   endfacet
   facet normal 0.000000e+000 1.000000e+000 0.000000e+000
      outer loop
         vertex 1.958418e+000 8.200000e+001 1.804370e+000
         vertex 1.826352e+000 8.200000e+001 1.015192e+000
         vertex 1.792088e+000 8.200000e+001 1.021852e+000
      endloop
   endfacet
   facet normal 0.000000e+000 1.000000e+000 0.000000e+000
      outer loop
         vertex 1.958418e+000 8.200000e+001 1.804370e+000
         vertex 1.792088e+000 8.200000e+001 1.021852e+000
         vertex 1.951615e+000 8.200000e+001 1.805941e+000
      endloop
   endfacet
   facet normal 0.000000e+000 1.000000e+000 0.000000e+000
      outer loop
         vertex 1.951615e+000 8.200000e+001 1.805941e+000
         vertex 1.792088e+000 8.200000e+001 1.021852e+000
         vertex 1.758078e+000 8.200000e+001 1.029704e+000
      endloop
   endfacet
   facet normal 0.000000e+000 1.000000e+000 0.000000e+000
      outer loop
         vertex 1.951615e+000 8.200000e+001 1.805941e+000
         vertex 1.758078e+000 8.200000e+001 1.029704e+000
         vertex 1.944872e+000 8.200000e+001 1.807747e+000
      endloop
   endfacet
   facet normal 0.000000e+000 1.000000e+000 0.000000e+000
      outer loop
         vertex 1.944872e+000 8.200000e+001 1.807747e+000
         vertex 1.758078e+000 8.200000e+001 1.029704e+000
         vertex 1.724362e+000 8.200000e+001 1.038738e+000
      endloop
   endfacet
   facet normal 0.000000e+000 1.000000e+000 0.000000e+000
      outer loop
         vertex 1.944872e+000 8.200000e+001 1.807747e+000
         vertex 1.724362e+000 8.200000e+001 1.038738e+000
         vertex 1.938196e+000 8.200000e+001 1.809788e+000
      endloop
   endfacet
   facet normal 0.000000e+000 1.000000e+000 0.000000e+000
      outer loop
         vertex 1.938196e+000 8.200000e+001 1.809788e+000
         vertex 1.724362e+000 8.200000e+001 1.038738e+000
         vertex 1.690983e+000 8.200000e+001 1.048944e+000
      endloop
   endfacet
   facet normal 0.000000e+000 1.000000e+000 0.000000e+000
      outer loop
         vertex 1.938196e+000 8.200000e+001 1.809788e+000
         vertex 1.690983e+000 8.200000e+001 1.048944e+000
         vertex 1.931596e+000 8.200000e+001 1.812061e+000
      endloop
   endfacet
   facet normal 0.000000e+000 1.000000e+000 0.000000e+000
      outer loop
         vertex 1.931596e+000 8.200000e+001 1.812061e+000
         vertex 1.690983e+000 8.200000e+001 1.048944e+000
         vertex 1.657980e+000 8.200000e+001 1.060307e+000
      endloop
   endfacet
   facet normal 0.000000e+000 1.000000e+000 0.000000e+000
      outer loop
         vertex 1.931596e+000 8.200000e+001 1.812061e+000
         vertex 1.657980e+000 8.200000e+001 1.060307e+000
         vertex 1.925078e+000 8.200000e+001 1.814563e+000
      endloop
   endfacet
   facet normal 0.000000e+000 1.000000e+000 0.000000e+000
      outer loop
         vertex 1.925078e+000 8.200000e+001 1.814563e+000
         vertex 1.657980e+000 8.200000e+001 1.060307e+000
         vertex 1.625394e+000 8.200000e+001 1.072816e+000
      endloop
   endfacet
   facet normal 0.000000e+000 1.000000e+000 0.000000e+000
      outer loop
         vertex 1.925078e+000 8.200000e+001 1.814563e+000
         vertex 1.625394e+000 8.200000e+001 1.072816e+000
         vertex 1.918652e+000 8.200000e+001 1.817291e+000
      endloop
   endfacet
   facet normal 0.000000e+000 1.000000e+000 0.000000e+000
      outer loop
         vertex 1.918652e+000 8.200000e+001 1.817291e+000
         vertex 1.625394e+000 8.200000e+001 1.072816e+000
         vertex 1.593263e+000 8.200000e+001 1.086454e+000
      endloop
   endfacet
   facet normal 0.000000e+000 1.000000e+000 0.000000e+000
      outer loop
         vertex 1.918652e+000 8.200000e+001 1.817291e+000
         vertex 1.593263e+000 8.200000e+001 1.086454e+000
         vertex 1.912326e+000 8.200000e+001 1.820241e+000
      endloop
   endfacet
   facet normal 0.000000e+000 1.000000e+000 0.000000e+000
      outer loop
         vertex 1.912326e+000 8.200000e+001 1.820241e+000
         vertex 1.593263e+000 8.200000e+001 1.086454e+000
         vertex 1.561629e+000 8.200000e+001 1.101206e+000
      endloop
   endfacet
   facet normal 0.000000e+000 1.000000e+000 0.000000e+000
      outer loop
         vertex 1.912326e+000 8.200000e+001 1.820241e+000
         vertex 1.561629e+000 8.200000e+001 1.101206e+000
         vertex 1.906105e+000 8.200000e+001 1.823410e+000
      endloop
   endfacet
   facet normal 0.000000e+000 1.000000e+000 0.000000e+000
      outer loop
         vertex 1.906105e+000 8.200000e+001 1.823410e+000
         vertex 1.561629e+000 8.200000e+001 1.101206e+000
         vertex 1.530528e+000 8.200000e+001 1.117053e+000
      endloop
   endfacet
   facet normal 0.000000e+000 1.000000e+000 0.000000e+000
      outer loop
         vertex 1.906105e+000 8.200000e+001 1.823410e+000
         vertex 1.530528e+000 8.200000e+001 1.117053e+000
         vertex 1.900000e+000 8.200000e+001 1.826795e+000
      endloop
   endfacet
   facet normal 0.000000e+000 1.000000e+000 0.000000e+000
      outer loop
         vertex 1.900000e+000 8.200000e+001 1.826795e+000
         vertex 1.530528e+000 8.200000e+001 1.117053e+000
         vertex 1.499999e+000 8.200000e+001 1.133975e+000
      endloop
   endfacet
   facet normal 0.000000e+000 1.000000e+000 0.000000e+000
      outer loop
         vertex 1.900000e+000 8.200000e+001 1.826795e+000
         vertex 1.499999e+000 8.200000e+001 1.133975e+000
         vertex 1.894016e+000 8.200000e+001 1.830390e+000
      endloop
   endfacet
   facet normal 0.000000e+000 1.000000e+000 0.000000e+000
      outer loop
         vertex 1.894016e+000 8.200000e+001 1.830390e+000
         vertex 1.499999e+000 8.200000e+001 1.133975e+000
         vertex 1.470081e+000 8.200000e+001 1.151952e+000
      endloop
   endfacet
   facet normal 0.000000e+000 1.000000e+000 0.000000e+000
      outer loop
         vertex 1.894016e+000 8.200000e+001 1.830390e+000
         vertex 1.470081e+000 8.200000e+001 1.151952e+000
         vertex 1.888162e+000 8.200000e+001 1.834192e+000
      endloop
   endfacet
   facet normal 0.000000e+000 1.000000e+000 0.000000e+000
      outer loop
         vertex 1.888162e+000 8.200000e+001 1.834192e+000
         vertex 1.470081e+000 8.200000e+001 1.151952e+000
         vertex 1.440807e+000 8.200000e+001 1.170962e+000
      endloop
   endfacet
   facet normal 0.000000e+000 1.000000e+000 0.000000e+000
      outer loop
         vertex 1.888162e+000 8.200000e+001 1.834192e+000
         vertex 1.440807e+000 8.200000e+001 1.170962e+000
         vertex 1.882442e+000 8.200000e+001 1.838197e+000
      endloop
   endfacet
   facet normal 0.000000e+000 1.000000e+000 0.000000e+000
      outer loop
         vertex 1.882442e+000 8.200000e+001 1.838197e+000
         vertex 1.440807e+000 8.200000e+001 1.170962e+000
         vertex 1.412215e+000 8.200000e+001 1.190983e+000
      endloop
   endfacet
   facet normal 0.000000e+000 1.000000e+000 0.000000e+000
      outer loop
         vertex 1.882442e+000 8.200000e+001 1.838197e+000
         vertex 1.412215e+000 8.200000e+001 1.190983e+000
         vertex 1.876867e+000 8.200000e+001 1.842398e+000
      endloop
   endfacet
   facet normal 0.000000e+000 1.000000e+000 0.000000e+000
      outer loop
         vertex 1.876867e+000 8.200000e+001 1.842398e+000
         vertex 1.412215e+000 8.200000e+001 1.190983e+000
         vertex 1.384338e+000 8.200000e+001 1.211989e+000
      endloop
   endfacet
   facet normal 0.000000e+000 1.000000e+000 0.000000e+000
      outer loop
         vertex 1.876867e+000 8.200000e+001 1.842398e+000
         vertex 1.384338e+000 8.200000e+001 1.211989e+000
         vertex 1.871442e+000 8.200000e+001 1.846791e+000
      endloop
   endfacet
   facet normal 0.000000e+000 1.000000e+000 0.000000e+000
      outer loop
         vertex 1.871442e+000 8.200000e+001 1.846791e+000
         vertex 1.384338e+000 8.200000e+001 1.211989e+000
         vertex 1.357212e+000 8.200000e+001 1.233955e+000
      endloop
   endfacet
   facet normal 0.000000e+000 1.000000e+000 0.000000e+000
      outer loop
         vertex 1.871442e+000 8.200000e+001 1.846791e+000
         vertex 1.357212e+000 8.200000e+001 1.233955e+000
         vertex 1.866174e+000 8.200000e+001 1.851371e+000
      endloop
   endfacet
   facet normal 0.000000e+000 1.000000e+000 0.000000e+000
      outer loop
         vertex 1.866174e+000 8.200000e+001 1.851371e+000
         vertex 1.357212e+000 8.200000e+001 1.233955e+000
         vertex 1.330869e+000 8.200000e+001 1.256855e+000
      endloop
   endfacet
   facet normal 0.000000e+000 1.000000e+000 0.000000e+000
      outer loop
         vertex 1.866174e+000 8.200000e+001 1.851371e+000
         vertex 1.330869e+000 8.200000e+001 1.256855e+000
         vertex 1.861068e+000 8.200000e+001 1.856132e+000
      endloop
   endfacet
   facet normal 0.000000e+000 1.000000e+000 0.000000e+000
      outer loop
         vertex 1.861068e+000 8.200000e+001 1.856132e+000
         vertex 1.330869e+000 8.200000e+001 1.256855e+000
         vertex 1.305342e+000 8.200000e+001 1.280660e+000
      endloop
   endfacet
   facet normal 0.000000e+000 1.000000e+000 0.000000e+000
      outer loop
         vertex 1.861068e+000 8.200000e+001 1.856132e+000
         vertex 1.305342e+000 8.200000e+001 1.280660e+000
         vertex 1.856131e+000 8.200000e+001 1.861068e+000
      endloop
   endfacet
   facet normal 0.000000e+000 1.000000e+000 0.000000e+000
      outer loop
         vertex 1.856131e+000 8.200000e+001 1.861068e+000
         vertex 1.305342e+000 8.200000e+001 1.280660e+000
         vertex 1.280660e+000 8.200000e+001 1.305342e+000
      endloop
   endfacet
   facet normal 0.000000e+000 1.000000e+000 0.000000e+000
      outer loop
         vertex 1.856131e+000 8.200000e+001 1.861068e+000
         vertex 1.280660e+000 8.200000e+001 1.305342e+000
         vertex 1.851371e+000 8.200000e+001 1.866174e+000
      endloop
   endfacet
   facet normal 0.000000e+000 1.000000e+000 0.000000e+000
      outer loop
         vertex 1.851371e+000 8.200000e+001 1.866174e+000
         vertex 1.280660e+000 8.200000e+001 1.305342e+000
         vertex 1.256855e+000 8.200000e+001 1.330869e+000
      endloop
   endfacet
   facet normal 0.000000e+000 1.000000e+000 0.000000e+000
      outer loop
         vertex 1.851371e+000 8.200000e+001 1.866174e+000
         vertex 1.256855e+000 8.200000e+001 1.330869e+000
         vertex 1.846791e+000 8.200000e+001 1.871442e+000
      endloop
   endfacet
   facet normal 0.000000e+000 1.000000e+000 0.000000e+000
      outer loop
         vertex 1.846791e+000 8.200000e+001 1.871442e+000
         vertex 1.256855e+000 8.200000e+001 1.330869e+000
         vertex 1.233955e+000 8.200000e+001 1.357212e+000
      endloop
   endfacet
   facet normal 0.000000e+000 1.000000e+000 0.000000e+000
      outer loop
         vertex 1.846791e+000 8.200000e+001 1.871442e+000
         vertex 1.233955e+000 8.200000e+001 1.357212e+000
         vertex 1.842397e+000 8.200000e+001 1.876867e+000
      endloop
   endfacet
   facet normal 0.000000e+000 1.000000e+000 0.000000e+000
      outer loop
         vertex 1.842397e+000 8.200000e+001 1.876867e+000
         vertex 1.233955e+000 8.200000e+001 1.357212e+000
         vertex 1.211989e+000 8.200000e+001 1.384338e+000
      endloop
   endfacet
   facet normal 0.000000e+000 1.000000e+000 0.000000e+000
      outer loop
         vertex 1.842397e+000 8.200000e+001 1.876867e+000
         vertex 1.211989e+000 8.200000e+001 1.384338e+000
         vertex 1.838196e+000 8.200000e+001 1.882443e+000
      endloop
   endfacet
   facet normal 0.000000e+000 1.000000e+000 0.000000e+000
      outer loop
         vertex 1.838196e+000 8.200000e+001 1.882443e+000
         vertex 1.211989e+000 8.200000e+001 1.384338e+000
         vertex 1.190983e+000 8.200000e+001 1.412215e+000
      endloop
   endfacet
   facet normal 0.000000e+000 1.000000e+000 0.000000e+000
      outer loop
         vertex 1.838196e+000 8.200000e+001 1.882443e+000
         vertex 1.190983e+000 8.200000e+001 1.412215e+000
         vertex 1.834192e+000 8.200000e+001 1.888162e+000
      endloop
   endfacet
   facet normal 0.000000e+000 1.000000e+000 0.000000e+000
      outer loop
         vertex 1.834192e+000 8.200000e+001 1.888162e+000
         vertex 1.190983e+000 8.200000e+001 1.412215e+000
         vertex 1.170962e+000 8.200000e+001 1.440807e+000
      endloop
   endfacet
   facet normal 0.000000e+000 1.000000e+000 0.000000e+000
      outer loop
         vertex 1.834192e+000 8.200000e+001 1.888162e+000
         vertex 1.170962e+000 8.200000e+001 1.440807e+000
         vertex 1.830390e+000 8.200000e+001 1.894016e+000
      endloop
   endfacet
   facet normal 0.000000e+000 1.000000e+000 0.000000e+000
      outer loop
         vertex 1.830390e+000 8.200000e+001 1.894016e+000
         vertex 1.170962e+000 8.200000e+001 1.440807e+000
         vertex 1.151952e+000 8.200000e+001 1.470081e+000
      endloop
   endfacet
   facet normal 0.000000e+000 1.000000e+000 0.000000e+000
      outer loop
         vertex 1.830390e+000 8.200000e+001 1.894016e+000
         vertex 1.151952e+000 8.200000e+001 1.470081e+000
         vertex 1.826795e+000 8.200000e+001 1.900000e+000
      endloop
   endfacet
   facet normal 0.000000e+000 1.000000e+000 0.000000e+000
      outer loop
         vertex 1.826795e+000 8.200000e+001 1.900000e+000
         vertex 1.151952e+000 8.200000e+001 1.470081e+000
         vertex 1.133975e+000 8.200000e+001 1.500000e+000
      endloop
   endfacet
   facet normal 0.000000e+000 1.000000e+000 0.000000e+000
      outer loop
         vertex 1.826795e+000 8.200000e+001 1.900000e+000
         vertex 1.133975e+000 8.200000e+001 1.500000e+000
         vertex 1.823410e+000 8.200000e+001 1.906106e+000
      endloop
   endfacet
   facet normal 0.000000e+000 1.000000e+000 0.000000e+000
      outer loop
         vertex 1.823410e+000 8.200000e+001 1.906106e+000
         vertex 1.133975e+000 8.200000e+001 1.500000e+000
         vertex 1.117053e+000 8.200000e+001 1.530529e+000
      endloop
   endfacet
   facet normal 0.000000e+000 1.000000e+000 0.000000e+000
      outer loop
         vertex 1.823410e+000 8.200000e+001 1.906106e+000
         vertex 1.117053e+000 8.200000e+001 1.530529e+000
         vertex 1.820241e+000 8.200000e+001 1.912326e+000
      endloop
   endfacet
   facet normal 0.000000e+000 1.000000e+000 0.000000e+000
      outer loop
         vertex 1.820241e+000 8.200000e+001 1.912326e+000
         vertex 1.117053e+000 8.200000e+001 1.530529e+000
         vertex 1.101206e+000 8.200000e+001 1.561629e+000
      endloop
   endfacet
   facet normal 0.000000e+000 1.000000e+000 0.000000e+000
      outer loop
         vertex 1.820241e+000 8.200000e+001 1.912326e+000
         vertex 1.101206e+000 8.200000e+001 1.561629e+000
         vertex 1.817291e+000 8.200000e+001 1.918653e+000
      endloop
   endfacet
   facet normal 0.000000e+000 1.000000e+000 0.000000e+000
      outer loop
         vertex 1.817291e+000 8.200000e+001 1.918653e+000
         vertex 1.101206e+000 8.200000e+001 1.561629e+000
         vertex 1.086454e+000 8.200000e+001 1.593263e+000
      endloop
   endfacet
   facet normal 0.000000e+000 1.000000e+000 0.000000e+000
      outer loop
         vertex 1.817291e+000 8.200000e+001 1.918653e+000
         vertex 1.086454e+000 8.200000e+001 1.593263e+000
         vertex 1.814563e+000 8.200000e+001 1.925079e+000
      endloop
   endfacet
   facet normal 0.000000e+000 1.000000e+000 0.000000e+000
      outer loop
         vertex 1.814563e+000 8.200000e+001 1.925079e+000
         vertex 1.086454e+000 8.200000e+001 1.593263e+000
         vertex 1.072816e+000 8.200000e+001 1.625393e+000
      endloop
   endfacet
   facet normal 0.000000e+000 1.000000e+000 0.000000e+000
      outer loop
         vertex 1.814563e+000 8.200000e+001 1.925079e+000
         vertex 1.072816e+000 8.200000e+001 1.625393e+000
         vertex 1.812061e+000 8.200000e+001 1.931596e+000
      endloop
   endfacet
   facet normal 0.000000e+000 1.000000e+000 0.000000e+000
      outer loop
         vertex 1.812061e+000 8.200000e+001 1.931596e+000
         vertex 1.072816e+000 8.200000e+001 1.625393e+000
         vertex 1.060307e+000 8.200000e+001 1.657980e+000
      endloop
   endfacet
   facet normal 0.000000e+000 1.000000e+000 0.000000e+000
      outer loop
         vertex 1.812061e+000 8.200000e+001 1.931596e+000
         vertex 1.060307e+000 8.200000e+001 1.657980e+000
         vertex 1.809789e+000 8.200000e+001 1.938196e+000
      endloop
   endfacet
   facet normal 0.000000e+000 1.000000e+000 0.000000e+000
      outer loop
         vertex 1.809789e+000 8.200000e+001 1.938196e+000
         vertex 1.060307e+000 8.200000e+001 1.657980e+000
         vertex 1.048943e+000 8.200000e+001 1.690983e+000
      endloop
   endfacet
   facet normal 0.000000e+000 1.000000e+000 0.000000e+000
      outer loop
         vertex 1.809789e+000 8.200000e+001 1.938196e+000
         vertex 1.048943e+000 8.200000e+001 1.690983e+000
         vertex 1.807747e+000 8.200000e+001 1.944872e+000
      endloop
   endfacet
   facet normal 0.000000e+000 1.000000e+000 0.000000e+000
      outer loop
         vertex 1.807747e+000 8.200000e+001 1.944872e+000
         vertex 1.048943e+000 8.200000e+001 1.690983e+000
         vertex 1.038738e+000 8.200000e+001 1.724362e+000
      endloop
   endfacet
   facet normal 0.000000e+000 1.000000e+000 0.000000e+000
      outer loop
         vertex 1.807747e+000 8.200000e+001 1.944872e+000
         vertex 1.038738e+000 8.200000e+001 1.724362e+000
         vertex 1.805941e+000 8.200000e+001 1.951615e+000
      endloop
   endfacet
   facet normal 0.000000e+000 1.000000e+000 0.000000e+000
      outer loop
         vertex 1.805941e+000 8.200000e+001 1.951615e+000
         vertex 1.038738e+000 8.200000e+001 1.724362e+000
         vertex 1.029704e+000 8.200000e+001 1.758078e+000
      endloop
   endfacet
   facet normal 0.000000e+000 1.000000e+000 0.000000e+000
      outer loop
         vertex 1.805941e+000 8.200000e+001 1.951615e+000
         vertex 1.029704e+000 8.200000e+001 1.758078e+000
         vertex 1.804370e+000 8.200000e+001 1.958418e+000
      endloop
   endfacet
   facet normal 0.000000e+000 1.000000e+000 0.000000e+000
      outer loop
         vertex 1.804370e+000 8.200000e+001 1.958418e+000
         vertex 1.029704e+000 8.200000e+001 1.758078e+000
         vertex 1.021852e+000 8.200000e+001 1.792088e+000
      endloop
   endfacet
   facet normal 0.000000e+000 1.000000e+000 0.000000e+000
      outer loop
         vertex 1.804370e+000 8.200000e+001 1.958418e+000
         vertex 1.021852e+000 8.200000e+001 1.792088e+000
         vertex 1.803039e+000 8.200000e+001 1.965270e+000
      endloop
   endfacet
   facet normal 0.000000e+000 1.000000e+000 0.000000e+000
      outer loop
         vertex 1.803039e+000 8.200000e+001 1.965270e+000
         vertex 1.021852e+000 8.200000e+001 1.792088e+000
         vertex 1.015192e+000 8.200000e+001 1.826352e+000
      endloop
   endfacet
   facet normal 0.000000e+000 1.000000e+000 0.000000e+000
      outer loop
         vertex 1.803039e+000 8.200000e+001 1.965270e+000
         vertex 1.015192e+000 8.200000e+001 1.826352e+000
         vertex 1.801946e+000 8.200000e+001 1.972165e+000
      endloop
   endfacet
   facet normal 0.000000e+000 1.000000e+000 0.000000e+000
      outer loop
         vertex 1.801946e+000 8.200000e+001 1.972165e+000
         vertex 1.015192e+000 8.200000e+001 1.826352e+000
         vertex 1.009732e+000 8.200000e+001 1.860827e+000
      endloop
   endfacet
   facet normal 0.000000e+000 1.000000e+000 0.000000e+000
      outer loop
         vertex 1.801946e+000 8.200000e+001 1.972165e+000
         vertex 1.009732e+000 8.200000e+001 1.860827e+000
         vertex 1.801095e+000 8.200000e+001 1.979094e+000
      endloop
   endfacet
   facet normal 0.000000e+000 1.000000e+000 0.000000e+000
      outer loop
         vertex 1.801095e+000 8.200000e+001 1.979094e+000
         vertex 1.009732e+000 8.200000e+001 1.860827e+000
         vertex 1.005478e+000 8.200000e+001 1.895471e+000
      endloop
   endfacet
   facet normal 0.000000e+000 1.000000e+000 0.000000e+000
      outer loop
         vertex 1.801095e+000 8.200000e+001 1.979094e+000
         vertex 1.005478e+000 8.200000e+001 1.895471e+000
         vertex 1.800487e+000 8.200000e+001 1.986049e+000
      endloop
   endfacet
   facet normal 0.000000e+000 1.000000e+000 0.000000e+000
      outer loop
         vertex 1.800487e+000 8.200000e+001 1.986049e+000
         vertex 1.005478e+000 8.200000e+001 1.895471e+000
         vertex 1.002436e+000 8.200000e+001 1.930243e+000
      endloop
   endfacet
   facet normal 0.000000e+000 1.000000e+000 0.000000e+000
      outer loop
         vertex 1.800487e+000 8.200000e+001 1.986049e+000
         vertex 1.002436e+000 8.200000e+001 1.930243e+000
         vertex 1.800122e+000 8.200000e+001 1.993020e+000
      endloop
   endfacet
   facet normal 0.000000e+000 1.000000e+000 0.000000e+000
      outer loop
         vertex 1.800122e+000 8.200000e+001 1.993020e+000
         vertex 1.002436e+000 8.200000e+001 1.930243e+000
         vertex 1.000609e+000 8.200000e+001 1.965100e+000
      endloop
   endfacet
   facet normal 0.000000e+000 1.000000e+000 0.000000e+000
      outer loop
         vertex 1.800122e+000 8.200000e+001 1.993020e+000
         vertex 1.000609e+000 8.200000e+001 1.965100e+000
         vertex 1.800000e+000 8.200000e+001 2.000000e+000
      endloop
   endfacet
   facet normal 0.000000e+000 1.000000e+000 0.000000e+000
      outer loop
         vertex 1.800000e+000 8.200000e+001 2.000000e+000
         vertex 1.000609e+000 8.200000e+001 1.965100e+000
         vertex 1.000000e+000 8.200000e+001 2.000000e+000
      endloop
   endfacet
   facet normal 0.000000e+000 1.000000e+000 0.000000e+000
      outer loop
         vertex 1.800000e+000 8.200000e+001 2.000000e+000
         vertex 1.000000e+000 8.200000e+001 2.000000e+000
         vertex 1.800000e+000 8.200000e+001 1.800000e+001
      endloop
   endfacet
   facet normal 0.000000e+000 1.000000e+000 0.000000e+000
      outer loop
         vertex 1.800000e+000 8.200000e+001 1.800000e+001
         vertex 1.000000e+000 8.200000e+001 2.000000e+000
         vertex 1.000000e+000 8.200000e+001 1.800000e+001
      endloop
   endfacet
   facet normal 0.000000e+000 1.000000e+000 0.000000e+000
      outer loop
         vertex 1.800000e+000 8.200000e+001 1.800000e+001
         vertex 1.000000e+000 8.200000e+001 1.800000e+001
         vertex 1.801949e+000 8.200000e+001 1.811168e+001
      endloop
   endfacet
   facet normal 0.000000e+000 1.000000e+000 0.000000e+000
      outer loop
         vertex 1.801949e+000 8.200000e+001 1.811168e+001
         vertex 1.000000e+000 8.200000e+001 1.800000e+001
         vertex 1.002437e+000 8.200000e+001 1.813960e+001
      endloop
   endfacet
   facet normal 0.000000e+000 1.000000e+000 0.000000e+000
      outer loop
         vertex 1.801949e+000 8.200000e+001 1.811168e+001
         vertex 1.002437e+000 8.200000e+001 1.813960e+001
         vertex 1.807795e+000 8.200000e+001 1.822322e+001
      endloop
   endfacet
   facet normal 0.000000e+000 1.000000e+000 0.000000e+000
      outer loop
         vertex 1.807795e+000 8.200000e+001 1.822322e+001
         vertex 1.002437e+000 8.200000e+001 1.813960e+001
         vertex 1.009744e+000 8.200000e+001 1.827903e+001
      endloop
   endfacet
   facet normal 0.000000e+000 1.000000e+000 0.000000e+000
      outer loop
         vertex 1.807795e+000 8.200000e+001 1.822322e+001
         vertex 1.009744e+000 8.200000e+001 1.827903e+001
         vertex 1.817530e+000 8.200000e+001 1.833449e+001
      endloop
   endfacet
   facet normal 0.000000e+000 1.000000e+000 0.000000e+000
      outer loop
         vertex 1.817530e+000 8.200000e+001 1.833449e+001
         vertex 1.009744e+000 8.200000e+001 1.827903e+001
         vertex 1.021912e+000 8.200000e+001 1.841811e+001
      endloop
   endfacet
   facet normal 0.000000e+000 1.000000e+000 0.000000e+000
      outer loop
         vertex 1.817530e+000 8.200000e+001 1.833449e+001
         vertex 1.021912e+000 8.200000e+001 1.841811e+001
         vertex 1.831142e+000 8.200000e+001 1.844535e+001
      endloop
   endfacet
   facet normal 0.000000e+000 1.000000e+000 0.000000e+000
      outer loop
         vertex 1.831142e+000 8.200000e+001 1.844535e+001
         vertex 1.021912e+000 8.200000e+001 1.841811e+001
         vertex 1.038928e+000 8.200000e+001 1.855669e+001
      endloop
   endfacet
   facet normal 0.000000e+000 1.000000e+000 0.000000e+000
      outer loop
         vertex 1.831142e+000 8.200000e+001 1.844535e+001
         vertex 1.038928e+000 8.200000e+001 1.855669e+001
         vertex 1.848615e+000 8.200000e+001 1.855568e+001
      endloop
   endfacet
   facet normal 0.000000e+000 1.000000e+000 0.000000e+000
      outer loop
         vertex 1.848615e+000 8.200000e+001 1.855568e+001
         vertex 1.038928e+000 8.200000e+001 1.855669e+001
         vertex 1.060769e+000 8.200000e+001 1.869459e+001
      endloop
   endfacet
   facet normal 0.000000e+000 1.000000e+000 0.000000e+000
      outer loop
         vertex 1.848615e+000 8.200000e+001 1.855568e+001
         vertex 1.060769e+000 8.200000e+001 1.869459e+001
         vertex 1.869927e+000 8.200000e+001 1.866532e+001
      endloop
   endfacet
   facet normal 0.000000e+000 1.000000e+000 0.000000e+000
      outer loop
         vertex 1.869927e+000 8.200000e+001 1.866532e+001
         vertex 1.060769e+000 8.200000e+001 1.869459e+001
         vertex 1.087409e+000 8.200000e+001 1.883165e+001
      endloop
   endfacet
   facet normal 0.000000e+000 1.000000e+000 0.000000e+000
      outer loop
         vertex 1.869927e+000 8.200000e+001 1.866532e+001
         vertex 1.087409e+000 8.200000e+001 1.883165e+001
         vertex 1.895053e+000 8.200000e+001 1.877415e+001
      endloop
   endfacet
   facet normal 0.000000e+000 1.000000e+000 0.000000e+000
      outer loop
         vertex 1.895053e+000 8.200000e+001 1.877415e+001
         vertex 1.087409e+000 8.200000e+001 1.883165e+001
         vertex 1.118816e+000 8.200000e+001 1.896769e+001
      endloop
   endfacet
   facet normal 0.000000e+000 1.000000e+000 0.000000e+000
      outer loop
         vertex 1.895053e+000 8.200000e+001 1.877415e+001
         vertex 1.118816e+000 8.200000e+001 1.896769e+001
         vertex 1.923962e+000 8.200000e+001 1.888204e+001
      endloop
   endfacet
   facet normal 0.000000e+000 1.000000e+000 0.000000e+000
      outer loop
         vertex 1.923962e+000 8.200000e+001 1.888204e+001
         vertex 1.118816e+000 8.200000e+001 1.896769e+001
         vertex 1.154953e+000 8.200000e+001 1.910255e+001
      endloop
   endfacet
   facet normal 0.000000e+000 1.000000e+000 0.000000e+000
      outer loop
         vertex 1.923962e+000 8.200000e+001 1.888204e+001
         vertex 1.154953e+000 8.200000e+001 1.910255e+001
         vertex 1.956619e+000 8.200000e+001 1.898886e+001
      endloop
   endfacet
   facet normal 0.000000e+000 1.000000e+000 0.000000e+000
      outer loop
         vertex 1.956619e+000 8.200000e+001 1.898886e+001
         vertex 1.154953e+000 8.200000e+001 1.910255e+001
         vertex 1.195773e+000 8.200000e+001 1.923607e+001
      endloop
   endfacet
   facet normal 0.000000e+000 1.000000e+000 0.000000e+000
      outer loop
         vertex 1.956619e+000 8.200000e+001 1.898886e+001
         vertex 1.195773e+000 8.200000e+001 1.923607e+001
         vertex 1.992984e+000 8.200000e+001 1.909446e+001
      endloop
   endfacet
   facet normal 0.000000e+000 1.000000e+000 0.000000e+000
      outer loop
         vertex 1.992984e+000 8.200000e+001 1.909446e+001
         vertex 1.195773e+000 8.200000e+001 1.923607e+001
         vertex 1.241230e+000 8.200000e+001 1.936808e+001
      endloop
   endfacet
   facet normal 0.000000e+000 1.000000e+000 0.000000e+000
      outer loop
         vertex 1.992984e+000 8.200000e+001 1.909446e+001
         vertex 1.241230e+000 8.200000e+001 1.936808e+001
         vertex 2.033011e+000 8.200000e+001 1.919874e+001
      endloop
   endfacet
   facet normal 0.000000e+000 1.000000e+000 0.000000e+000
      outer loop
         vertex 2.033011e+000 8.200000e+001 1.919874e+001
         vertex 1.241230e+000 8.200000e+001 1.936808e+001
         vertex 1.291265e+000 8.200000e+001 1.949843e+001
      endloop
   endfacet
   facet normal 0.000000e+000 1.000000e+000 0.000000e+000
      outer loop
         vertex 2.033011e+000 8.200000e+001 1.919874e+001
         vertex 1.291265e+000 8.200000e+001 1.949843e+001
         vertex 2.076655e+000 8.200000e+001 1.930156e+001
      endloop
   endfacet
   facet normal 0.000000e+000 1.000000e+000 0.000000e+000
      outer loop
         vertex 2.076655e+000 8.200000e+001 1.930156e+001
         vertex 1.291265e+000 8.200000e+001 1.949843e+001
         vertex 1.345818e+000 8.200000e+001 1.962695e+001
      endloop
   endfacet
   facet normal 0.000000e+000 1.000000e+000 0.000000e+000
      outer loop
         vertex 2.076655e+000 8.200000e+001 1.930156e+001
         vertex 1.345818e+000 8.200000e+001 1.962695e+001
         vertex 2.123859e+000 8.200000e+001 1.940279e+001
      endloop
   endfacet
   facet normal 0.000000e+000 1.000000e+000 0.000000e+000
      outer loop
         vertex 2.123859e+000 8.200000e+001 1.940279e+001
         vertex 1.345818e+000 8.200000e+001 1.962695e+001
         vertex 1.404824e+000 8.200000e+001 1.975348e+001
      endloop
   endfacet
   facet normal 0.000000e+000 1.000000e+000 0.000000e+000
      outer loop
         vertex 2.123859e+000 8.200000e+001 1.940279e+001
         vertex 1.404824e+000 8.200000e+001 1.975348e+001
         vertex 2.174567e+000 8.200000e+001 1.950231e+001
      endloop
   endfacet
   facet normal 0.000000e+000 1.000000e+000 0.000000e+000
      outer loop
         vertex 2.174567e+000 8.200000e+001 1.950231e+001
         vertex 1.404824e+000 8.200000e+001 1.975348e+001
         vertex 1.468210e+000 8.200000e+001 1.987789e+001
      endloop
   endfacet
   facet normal 0.000000e+000 1.000000e+000 0.000000e+000
      outer loop
         vertex 2.174567e+000 8.200000e+001 1.950231e+001
         vertex 1.468210e+000 8.200000e+001 1.987789e+001
         vertex 2.228718e+000 8.200000e+001 1.960000e+001
      endloop
   endfacet
   facet normal 0.000000e+000 1.000000e+000 0.000000e+000
      outer loop
         vertex 2.228718e+000 8.200000e+001 1.960000e+001
         vertex 1.468210e+000 8.200000e+001 1.987789e+001
         vertex 1.535898e+000 8.200000e+001 2.000000e+001
      endloop
   endfacet
   facet normal 0.000000e+000 1.000000e+000 0.000000e+000
      outer loop
         vertex 2.228718e+000 8.200000e+001 1.960000e+001
         vertex 1.535898e+000 8.200000e+001 2.000000e+001
         vertex 2.286246e+000 8.200000e+001 1.969574e+001
      endloop
   endfacet
   facet normal 0.000000e+000 1.000000e+000 0.000000e+000
      outer loop
         vertex 2.286246e+000 8.200000e+001 1.969574e+001
         vertex 1.535898e+000 8.200000e+001 2.000000e+001
         vertex 1.607807e+000 8.200000e+001 2.011968e+001
      endloop
   endfacet
   facet normal 0.000000e+000 1.000000e+000 0.000000e+000
      outer loop
         vertex 2.286246e+000 8.200000e+001 1.969574e+001
         vertex 1.607807e+000 8.200000e+001 2.011968e+001
         vertex 2.347079e+000 8.200000e+001 1.978942e+001
      endloop
   endfacet
   facet normal 0.000000e+000 1.000000e+000 0.000000e+000
      outer loop
         vertex 2.347079e+000 8.200000e+001 1.978942e+001
         vertex 1.607807e+000 8.200000e+001 2.011968e+001
         vertex 1.683850e+000 8.200000e+001 2.023677e+001
      endloop
   endfacet
   facet normal 0.000000e+000 1.000000e+000 0.000000e+000
      outer loop
         vertex 2.347079e+000 8.200000e+001 1.978942e+001
         vertex 1.683850e+000 8.200000e+001 2.023677e+001
         vertex 2.411146e+000 8.200000e+001 1.988091e+001
      endloop
   endfacet
   facet normal 0.000000e+000 1.000000e+000 0.000000e+000
      outer loop
         vertex 2.411146e+000 8.200000e+001 1.988091e+001
         vertex 1.683850e+000 8.200000e+001 2.023677e+001
         vertex 1.763932e+000 8.200000e+001 2.035114e+001
      endloop
   endfacet
   facet normal 0.000000e+000 1.000000e+000 0.000000e+000
      outer loop
         vertex 2.411146e+000 8.200000e+001 1.988091e+001
         vertex 1.763932e+000 8.200000e+001 2.035114e+001
         vertex 2.478366e+000 8.200000e+001 1.997012e+001
      endloop
   endfacet
   facet normal 0.000000e+000 1.000000e+000 0.000000e+000
      outer loop
         vertex 2.478366e+000 8.200000e+001 1.997012e+001
         vertex 1.763932e+000 8.200000e+001 2.035114e+001
         vertex 1.847956e+000 8.200000e+001 2.046265e+001
      endloop
   endfacet
   facet normal 0.000000e+000 1.000000e+000 0.000000e+000
      outer loop
         vertex 2.478366e+000 8.200000e+001 1.997012e+001
         vertex 1.847956e+000 8.200000e+001 2.046265e+001
         vertex 2.548657e+000 8.200000e+001 2.005692e+001
      endloop
   endfacet
   facet normal 0.000000e+000 1.000000e+000 0.000000e+000
      outer loop
         vertex 2.548657e+000 8.200000e+001 2.005692e+001
         vertex 1.847956e+000 8.200000e+001 2.046265e+001
         vertex 1.935822e+000 8.200000e+001 2.057115e+001
      endloop
   endfacet
   facet normal 0.000000e+000 1.000000e+000 0.000000e+000
      outer loop
         vertex 2.548657e+000 8.200000e+001 2.005692e+001
         vertex 1.935822e+000 8.200000e+001 2.057115e+001
         vertex 2.621937e+000 8.200000e+001 2.014122e+001
      endloop
   endfacet
   facet normal 0.000000e+000 1.000000e+000 0.000000e+000
      outer loop
         vertex 2.621937e+000 8.200000e+001 2.014122e+001
         vertex 1.935822e+000 8.200000e+001 2.057115e+001
         vertex 2.027420e+000 8.200000e+001 2.067652e+001
      endloop
   endfacet
   facet normal 0.000000e+000 1.000000e+000 0.000000e+000
      outer loop
         vertex 2.621937e+000 8.200000e+001 2.014122e+001
         vertex 2.027420e+000 8.200000e+001 2.067652e+001
         vertex 2.698112e+000 8.200000e+001 2.022291e+001
      endloop
   endfacet
   facet normal 0.000000e+000 1.000000e+000 0.000000e+000
      outer loop
         vertex 2.698112e+000 8.200000e+001 2.022291e+001
         vertex 2.027420e+000 8.200000e+001 2.067652e+001
         vertex 2.122641e+000 8.200000e+001 2.077863e+001
      endloop
   endfacet
   facet normal 0.000000e+000 1.000000e+000 0.000000e+000
      outer loop
         vertex 2.698112e+000 8.200000e+001 2.022291e+001
         vertex 2.122641e+000 8.200000e+001 2.077863e+001
         vertex 2.777093e+000 8.200000e+001 2.030189e+001
      endloop
   endfacet
   facet normal 0.000000e+000 1.000000e+000 0.000000e+000
      outer loop
         vertex 2.777093e+000 8.200000e+001 2.030189e+001
         vertex 2.122641e+000 8.200000e+001 2.077863e+001
         vertex 2.221366e+000 8.200000e+001 2.087736e+001
      endloop
   endfacet
   facet normal 0.000000e+000 1.000000e+000 0.000000e+000
      outer loop
         vertex 2.777093e+000 8.200000e+001 2.030189e+001
         vertex 2.221366e+000 8.200000e+001 2.087736e+001
         vertex 2.858782e+000 8.200000e+001 2.037807e+001
      endloop
   endfacet
   facet normal 0.000000e+000 1.000000e+000 0.000000e+000
      outer loop
         vertex 2.858782e+000 8.200000e+001 2.037807e+001
         vertex 2.221366e+000 8.200000e+001 2.087736e+001
         vertex 2.323478e+000 8.200000e+001 2.097258e+001
      endloop
   endfacet
   facet normal 0.000000e+000 1.000000e+000 0.000000e+000
      outer loop
         vertex 2.858782e+000 8.200000e+001 2.037807e+001
         vertex 2.323478e+000 8.200000e+001 2.097258e+001
         vertex 2.943079e+000 8.200000e+001 2.045134e+001
      endloop
   endfacet
   facet normal 0.000000e+000 1.000000e+000 0.000000e+000
      outer loop
         vertex 2.943079e+000 8.200000e+001 2.045134e+001
         vertex 2.323478e+000 8.200000e+001 2.097258e+001
         vertex 2.428849e+000 8.200000e+001 2.106418e+001
      endloop
   endfacet
   facet normal 0.000000e+000 1.000000e+000 0.000000e+000
      outer loop
         vertex 2.943079e+000 8.200000e+001 2.045134e+001
         vertex 2.428849e+000 8.200000e+001 2.106418e+001
         vertex 3.029883e+000 8.200000e+001 2.052163e+001
      endloop
   endfacet
   facet normal 0.000000e+000 1.000000e+000 0.000000e+000
      outer loop
         vertex 3.029883e+000 8.200000e+001 2.052163e+001
         vertex 2.428849e+000 8.200000e+001 2.106418e+001
         vertex 2.537354e+000 8.200000e+001 2.115204e+001
      endloop
   endfacet
   facet normal 0.000000e+000 1.000000e+000 0.000000e+000
      outer loop
         vertex 3.029883e+000 8.200000e+001 2.052163e+001
         vertex 2.537354e+000 8.200000e+001 2.115204e+001
         vertex 3.119087e+000 8.200000e+001 2.058885e+001
      endloop
   endfacet
   facet normal 0.000000e+000 1.000000e+000 0.000000e+000
      outer loop
         vertex 3.119087e+000 8.200000e+001 2.058885e+001
         vertex 2.537354e+000 8.200000e+001 2.115204e+001
         vertex 2.648858e+000 8.200000e+001 2.123607e+001
      endloop
   endfacet
   facet normal 0.000000e+000 1.000000e+000 0.000000e+000
      outer loop
         vertex 3.119087e+000 8.200000e+001 2.058885e+001
         vertex 2.648858e+000 8.200000e+001 2.123607e+001
         vertex 3.210583e+000 8.200000e+001 2.065292e+001
      endloop
   endfacet
   facet normal 0.000000e+000 1.000000e+000 0.000000e+000
      outer loop
         vertex 3.210583e+000 8.200000e+001 2.065292e+001
         vertex 2.648858e+000 8.200000e+001 2.123607e+001
         vertex 2.763228e+000 8.200000e+001 2.131615e+001
      endloop
   endfacet
   facet normal 0.000000e+000 1.000000e+000 0.000000e+000
      outer loop
         vertex 3.210583e+000 8.200000e+001 2.065292e+001
         vertex 2.763228e+000 8.200000e+001 2.131615e+001
         vertex 3.304258e+000 8.200000e+001 2.071375e+001
      endloop
   endfacet
   facet normal 0.000000e+000 1.000000e+000 0.000000e+000
      outer loop
         vertex 3.304258e+000 8.200000e+001 2.071375e+001
         vertex 2.763228e+000 8.200000e+001 2.131615e+001
         vertex 2.880323e+000 8.200000e+001 2.139219e+001
      endloop
   endfacet
   facet normal 0.000000e+000 1.000000e+000 0.000000e+000
      outer loop
         vertex 3.304258e+000 8.200000e+001 2.071375e+001
         vertex 2.880323e+000 8.200000e+001 2.139219e+001
         vertex 3.400000e+000 8.200000e+001 2.077128e+001
      endloop
   endfacet
   facet normal 0.000000e+000 1.000000e+000 0.000000e+000
      outer loop
         vertex 3.400000e+000 8.200000e+001 2.077128e+001
         vertex 2.880323e+000 8.200000e+001 2.139219e+001
         vertex 3.000000e+000 8.200000e+001 2.146410e+001
      endloop
   endfacet
   facet normal 0.000000e+000 1.000000e+000 0.000000e+000
      outer loop
         vertex 3.400000e+000 8.200000e+001 2.077128e+001
         vertex 3.000000e+000 8.200000e+001 2.146410e+001
         vertex 3.497691e+000 8.200000e+001 2.082543e+001
      endloop
   endfacet
   facet normal 0.000000e+000 1.000000e+000 0.000000e+000
      outer loop
         vertex 3.497691e+000 8.200000e+001 2.082543e+001
         vertex 3.000000e+000 8.200000e+001 2.146410e+001
         vertex 3.122114e+000 8.200000e+001 2.153179e+001
      endloop
   endfacet
   facet normal 0.000000e+000 1.000000e+000 0.000000e+000
      outer loop
         vertex 3.497691e+000 8.200000e+001 2.082543e+001
         vertex 3.122114e+000 8.200000e+001 2.153179e+001
         vertex 3.597212e+000 8.200000e+001 2.087614e+001
      endloop
   endfacet
   facet normal 0.000000e+000 1.000000e+000 0.000000e+000
      outer loop
         vertex 3.597212e+000 8.200000e+001 2.087614e+001
         vertex 3.122114e+000 8.200000e+001 2.153179e+001
         vertex 3.246515e+000 8.200000e+001 2.159518e+001
      endloop
   endfacet
   facet normal 0.000000e+000 1.000000e+000 0.000000e+000
      outer loop
         vertex 3.597212e+000 8.200000e+001 2.087614e+001
         vertex 3.246515e+000 8.200000e+001 2.159518e+001
         vertex 3.698442e+000 8.200000e+001 2.092335e+001
      endloop
   endfacet
   facet normal 0.000000e+000 1.000000e+000 0.000000e+000
      outer loop
         vertex 3.698442e+000 8.200000e+001 2.092335e+001
         vertex 3.246515e+000 8.200000e+001 2.159518e+001
         vertex 3.373053e+000 8.200000e+001 2.165418e+001
      endloop
   endfacet
   facet normal 0.000000e+000 1.000000e+000 0.000000e+000
      outer loop
         vertex 3.698442e+000 8.200000e+001 2.092335e+001
         vertex 3.373053e+000 8.200000e+001 2.165418e+001
         vertex 3.801258e+000 8.200000e+001 2.096699e+001
      endloop
   endfacet
   facet normal 0.000000e+000 1.000000e+000 0.000000e+000
      outer loop
         vertex 3.801258e+000 8.200000e+001 2.096699e+001
         vertex 3.373053e+000 8.200000e+001 2.165418e+001
         vertex 3.501574e+000 8.200000e+001 2.170873e+001
      endloop
   endfacet
   facet normal 0.000000e+000 1.000000e+000 0.000000e+000
      outer loop
         vertex 3.801258e+000 8.200000e+001 2.096699e+001
         vertex 3.501574e+000 8.200000e+001 2.170873e+001
         vertex 3.905536e+000 8.200000e+001 2.100702e+001
      endloop
   endfacet
   facet normal 0.000000e+000 1.000000e+000 0.000000e+000
      outer loop
         vertex 3.905536e+000 8.200000e+001 2.100702e+001
         vertex 3.501574e+000 8.200000e+001 2.170873e+001
         vertex 3.631920e+000 8.200000e+001 2.175877e+001
      endloop
   endfacet
   facet normal 0.000000e+000 1.000000e+000 0.000000e+000
      outer loop
         vertex 3.905536e+000 8.200000e+001 2.100702e+001
         vertex 3.631920e+000 8.200000e+001 2.175877e+001
         vertex 4.011146e+000 8.200000e+001 2.104338e+001
      endloop
   endfacet
   facet normal 0.000000e+000 1.000000e+000 0.000000e+000
      outer loop
         vertex 4.011146e+000 8.200000e+001 2.104338e+001
         vertex 3.631920e+000 8.200000e+001 2.175877e+001
         vertex 3.763932e+000 8.200000e+001 2.180422e+001
      endloop
   endfacet
   facet normal 0.000000e+000 1.000000e+000 0.000000e+000
      outer loop
         vertex 4.011146e+000 8.200000e+001 2.104338e+001
         vertex 3.763932e+000 8.200000e+001 2.180422e+001
         vertex 4.117960e+000 8.200000e+001 2.107604e+001
      endloop
   endfacet
   facet normal 0.000000e+000 1.000000e+000 0.000000e+000
      outer loop
         vertex 4.117960e+000 8.200000e+001 2.107604e+001
         vertex 3.763932e+000 8.200000e+001 2.180422e+001
         vertex 3.897450e+000 8.200000e+001 2.184505e+001
      endloop
   endfacet
   facet normal 0.000000e+000 1.000000e+000 0.000000e+000
      outer loop
         vertex 4.117960e+000 8.200000e+001 2.107604e+001
         vertex 3.897450e+000 8.200000e+001 2.184505e+001
         vertex 4.225850e+000 8.200000e+001 2.110495e+001
      endloop
   endfacet
   facet normal 0.000000e+000 1.000000e+000 0.000000e+000
      outer loop
         vertex 4.225850e+000 8.200000e+001 2.110495e+001
         vertex 3.897450e+000 8.200000e+001 2.184505e+001
         vertex 4.032312e+000 8.200000e+001 2.188118e+001
      endloop
   endfacet
   facet normal 0.000000e+000 1.000000e+000 0.000000e+000
      outer loop
         vertex 4.225850e+000 8.200000e+001 2.110495e+001
         vertex 4.032312e+000 8.200000e+001 2.188118e+001
         vertex 4.334682e+000 8.200000e+001 2.113007e+001
      endloop
   endfacet
   facet normal 0.000000e+000 1.000000e+000 0.000000e+000
      outer loop
         vertex 4.334682e+000 8.200000e+001 2.113007e+001
         vertex 4.032312e+000 8.200000e+001 2.188118e+001
         vertex 4.168353e+000 8.200000e+001 2.191259e+001
      endloop
   endfacet
   facet normal 0.000000e+000 1.000000e+000 0.000000e+000
      outer loop
         vertex 4.334682e+000 8.200000e+001 2.113007e+001
         vertex 4.168353e+000 8.200000e+001 2.191259e+001
         vertex 4.444325e+000 8.200000e+001 2.115138e+001
      endloop
   endfacet
   facet normal 0.000000e+000 1.000000e+000 0.000000e+000
      outer loop
         vertex 4.444325e+000 8.200000e+001 2.115138e+001
         vertex 4.168353e+000 8.200000e+001 2.191259e+001
         vertex 4.305408e+000 8.200000e+001 2.193923e+001
      endloop
   endfacet
   facet normal 0.000000e+000 1.000000e+000 0.000000e+000
      outer loop
         vertex 4.444325e+000 8.200000e+001 2.115138e+001
         vertex 4.305408e+000 8.200000e+001 2.193923e+001
         vertex 4.554646e+000 8.200000e+001 2.116886e+001
      endloop
   endfacet
   facet normal 0.000000e+000 1.000000e+000 0.000000e+000
      outer loop
         vertex 4.554646e+000 8.200000e+001 2.116886e+001
         vertex 4.305408e+000 8.200000e+001 2.193923e+001
         vertex 4.443307e+000 8.200000e+001 2.196107e+001
      endloop
   endfacet
   facet normal 0.000000e+000 1.000000e+000 0.000000e+000
      outer loop
         vertex 4.554646e+000 8.200000e+001 2.116886e+001
         vertex 4.443307e+000 8.200000e+001 2.196107e+001
         vertex 4.665509e+000 8.200000e+001 2.118247e+001
      endloop
   endfacet
   facet normal 0.000000e+000 1.000000e+000 0.000000e+000
      outer loop
         vertex 4.665509e+000 8.200000e+001 2.118247e+001
         vertex 4.443307e+000 8.200000e+001 2.196107e+001
         vertex 4.581886e+000 8.200000e+001 2.197809e+001
      endloop
   endfacet
   facet normal 0.000000e+000 1.000000e+000 0.000000e+000
      outer loop
         vertex 4.665509e+000 8.200000e+001 2.118247e+001
         vertex 4.581886e+000 8.200000e+001 2.197809e+001
         vertex 4.776779e+000 8.200000e+001 2.119220e+001
      endloop
   endfacet
   facet normal 0.000000e+000 1.000000e+000 0.000000e+000
      outer loop
         vertex 4.776779e+000 8.200000e+001 2.119220e+001
         vertex 4.581886e+000 8.200000e+001 2.197809e+001
         vertex 4.720974e+000 8.200000e+001 2.199026e+001
      endloop
   endfacet
   facet normal 0.000000e+000 1.000000e+000 0.000000e+000
      outer loop
         vertex 4.776779e+000 8.200000e+001 2.119220e+001
         vertex 4.720974e+000 8.200000e+001 2.199026e+001
         vertex 4.888321e+000 8.200000e+001 2.119805e+001
      endloop
   endfacet
   facet normal 0.000000e+000 1.000000e+000 0.000000e+000
      outer loop
         vertex 4.888321e+000 8.200000e+001 2.119805e+001
         vertex 4.720974e+000 8.200000e+001 2.199026e+001
         vertex 4.860402e+000 8.200000e+001 2.199756e+001
      endloop
   endfacet
   facet normal 0.000000e+000 1.000000e+000 0.000000e+000
      outer loop
         vertex 4.888321e+000 8.200000e+001 2.119805e+001
         vertex 4.860402e+000 8.200000e+001 2.199756e+001
         vertex 5.000000e+000 8.200000e+001 2.120000e+001
      endloop
   endfacet
   facet normal 0.000000e+000 1.000000e+000 0.000000e+000
      outer loop
         vertex 5.000000e+000 8.200000e+001 2.120000e+001
         vertex 4.860402e+000 8.200000e+001 2.199756e+001
         vertex 5.000000e+000 8.200000e+001 2.200000e+001
      endloop
   endfacet
   facet normal 0.000000e+000 1.000000e+000 0.000000e+000
      outer loop
         vertex 5.000000e+000 8.200000e+001 2.120000e+001
         vertex 5.000000e+000 8.200000e+001 2.200000e+001
         vertex 2.500000e+001 8.200000e+001 2.120000e+001
      endloop
   endfacet
   facet normal 0.000000e+000 1.000000e+000 0.000000e+000
      outer loop
         vertex 2.500000e+001 8.200000e+001 2.120000e+001
         vertex 5.000000e+000 8.200000e+001 2.200000e+001
         vertex 2.500000e+001 8.200000e+001 2.200000e+001
      endloop
   endfacet
   facet normal 0.000000e+000 1.000000e+000 0.000000e+000
      outer loop
         vertex 2.500000e+001 8.200000e+001 2.120000e+001
         vertex 2.500000e+001 8.200000e+001 2.200000e+001
         vertex 2.511168e+001 8.200000e+001 2.119805e+001
      endloop
   endfacet
   facet normal 0.000000e+000 1.000000e+000 0.000000e+000
      outer loop
         vertex 2.511168e+001 8.200000e+001 2.119805e+001
         vertex 2.500000e+001 8.200000e+001 2.200000e+001
         vertex 2.513960e+001 8.200000e+001 2.199756e+001
      endloop
   endfacet
   facet normal -1.163474e-002 0.000000e+000 -9.999323e-001
      outer loop
         vertex 1.999999e+000 8.200000e+001 9.999997e-001
         vertex 1.999999e+000 7.200001e+001 9.999997e-001
         vertex 1.965100e+000 7.200001e+001 1.000609e+000
      endloop
   endfacet
   facet normal -2.326948e-002 0.000000e+000 -9.997292e-001
      outer loop
         vertex 1.999999e+000 8.200000e+001 9.999997e-001
         vertex 1.965100e+000 7.200001e+001 1.000609e+000
         vertex 1.965100e+000 8.200000e+001 1.000609e+000
      endloop
   endfacet
   facet normal -4.652479e-002 0.000000e+000 -9.989172e-001
      outer loop
         vertex 1.965100e+000 8.200000e+001 1.000609e+000
         vertex 1.965100e+000 7.200001e+001 1.000609e+000
         vertex 1.930243e+000 7.200001e+001 1.002436e+000
      endloop
   endfacet
   facet normal -5.814535e-002 0.000000e+000 -9.983081e-001
      outer loop
         vertex 1.965100e+000 8.200000e+001 1.000609e+000
         vertex 1.930243e+000 7.200001e+001 1.002436e+000
         vertex 1.930243e+000 8.200000e+001 1.002436e+000
      endloop
   endfacet
   facet normal -8.135815e-002 0.000000e+000 -9.966849e-001
      outer loop
         vertex 1.930243e+000 8.200000e+001 1.002436e+000
         vertex 1.930243e+000 7.200001e+001 1.002436e+000
         vertex 1.895471e+000 7.200001e+001 1.005478e+000
      endloop
   endfacet
   facet normal -9.295038e-002 0.000000e+000 -9.956707e-001
      outer loop
         vertex 1.930243e+000 8.200000e+001 1.002436e+000
         vertex 1.895471e+000 7.200001e+001 1.005478e+000
         vertex 1.895471e+000 8.200000e+001 1.005478e+000
      endloop
   endfacet
   facet normal -1.160924e-001 0.000000e+000 -9.932384e-001
      outer loop
         vertex 1.895471e+000 8.200000e+001 1.005478e+000
         vertex 1.895471e+000 7.200001e+001 1.005478e+000
         vertex 1.860826e+000 7.200001e+001 1.009732e+000
      endloop
   endfacet
   facet normal -1.276422e-001 0.000000e+000 -9.918203e-001
      outer loop
         vertex 1.895471e+000 8.200000e+001 1.005478e+000
         vertex 1.860826e+000 7.200001e+001 1.009732e+000
         vertex 1.860826e+000 8.200000e+001 1.009732e+000
      endloop
   endfacet
   facet normal -1.506852e-001 0.000000e+000 -9.885818e-001
      outer loop
         vertex 1.860826e+000 8.200000e+001 1.009732e+000
         vertex 1.860826e+000 7.200001e+001 1.009732e+000
         vertex 1.826352e+000 7.200001e+001 1.015192e+000
      endloop
   endfacet
   facet normal -1.621784e-001 0.000000e+000 -9.867615e-001
      outer loop
         vertex 1.860826e+000 8.200000e+001 1.009732e+000
         vertex 1.826352e+000 7.200001e+001 1.015192e+000
         vertex 1.826352e+000 8.200000e+001 1.015192e+000
      endloop
   endfacet
   facet normal -1.850944e-001 0.000000e+000 -9.827207e-001
      outer loop
         vertex 1.826352e+000 8.200000e+001 1.015192e+000
         vertex 1.826352e+000 7.200001e+001 1.015192e+000
         vertex 1.792088e+000 7.200001e+001 1.021852e+000
      endloop
   endfacet
   facet normal -1.965171e-001 0.000000e+000 -9.805004e-001
      outer loop
         vertex 1.826352e+000 8.200000e+001 1.015192e+000
         vertex 1.792088e+000 7.200001e+001 1.021852e+000
         vertex 1.792088e+000 8.200000e+001 1.021852e+000
      endloop
   endfacet
   facet normal -2.192781e-001 0.000000e+000 -9.756624e-001
      outer loop
         vertex 1.792088e+000 8.200000e+001 1.021852e+000
         vertex 1.792088e+000 7.200001e+001 1.021852e+000
         vertex 1.758078e+000 7.200001e+001 1.029704e+000
      endloop
   endfacet
   facet normal -2.306164e-001 0.000000e+000 -9.730448e-001
      outer loop
         vertex 1.792088e+000 8.200000e+001 1.021852e+000
         vertex 1.758078e+000 7.200001e+001 1.029704e+000
         vertex 1.758078e+000 8.200000e+001 1.029704e+000
      endloop
   endfacet
   facet normal -2.531947e-001 0.000000e+000 -9.674153e-001
      outer loop
         vertex 1.758078e+000 8.200000e+001 1.029704e+000
         vertex 1.758078e+000 7.200001e+001 1.029704e+000
         vertex 1.724362e+000 7.200001e+001 1.038738e+000
      endloop
   endfacet
   facet normal -2.644347e-001 0.000000e+000 -9.644036e-001
      outer loop
         vertex 1.758078e+000 8.200000e+001 1.029704e+000
         vertex 1.724362e+000 7.200001e+001 1.038738e+000
         vertex 1.724362e+000 8.200000e+001 1.038738e+000
      endloop
   endfacet
   facet normal -2.868027e-001 0.000000e+000 -9.579897e-001
      outer loop
         vertex 1.724362e+000 8.200000e+001 1.038738e+000
         vertex 1.724362e+000 7.200001e+001 1.038738e+000
         vertex 1.690983e+000 7.200001e+001 1.048944e+000
      endloop
   endfacet
   facet normal -2.979308e-001 0.000000e+000 -9.545875e-001
      outer loop
         vertex 1.724362e+000 8.200000e+001 1.038738e+000
         vertex 1.690983e+000 7.200001e+001 1.048944e+000
         vertex 1.690983e+000 8.200000e+001 1.048944e+000
      endloop
   endfacet
   facet normal -3.200614e-001 0.000000e+000 -9.473968e-001
      outer loop
         vertex 1.690983e+000 8.200000e+001 1.048944e+000
         vertex 1.690983e+000 7.200001e+001 1.048944e+000
         vertex 1.657980e+000 7.200001e+001 1.060307e+000
      endloop
   endfacet
   facet normal -3.310639e-001 0.000000e+000 -9.436083e-001
      outer loop
         vertex 1.690983e+000 8.200000e+001 1.048944e+000
         vertex 1.657980e+000 7.200001e+001 1.060307e+000
         vertex 1.657980e+000 8.200000e+001 1.060307e+000
      endloop
   endfacet
   facet normal -3.529301e-001 0.000000e+000 -9.356497e-001
      outer loop
         vertex 1.657980e+000 8.200000e+001 1.060307e+000
         vertex 1.657980e+000 7.200001e+001 1.060307e+000
         vertex 1.625394e+000 7.200001e+001 1.072816e+000
      endloop
   endfacet
   facet normal -3.637937e-001 0.000000e+000 -9.314795e-001
      outer loop
         vertex 1.657980e+000 8.200000e+001 1.060307e+000
         vertex 1.625394e+000 7.200001e+001 1.072816e+000
         vertex 1.625394e+000 8.200000e+001 1.072816e+000
      endloop
   endfacet
   facet normal -3.853688e-001 0.000000e+000 -9.227627e-001
      outer loop
         vertex 1.625394e+000 8.200000e+001 1.072816e+000
         vertex 1.625394e+000 7.200001e+001 1.072816e+000
         vertex 1.593263e+000 7.200001e+001 1.086454e+000
      endloop
   endfacet
   facet normal -3.960803e-001 0.000000e+000 -9.182159e-001
      outer loop
         vertex 1.625394e+000 8.200000e+001 1.072816e+000
         vertex 1.593263e+000 7.200001e+001 1.086454e+000
         vertex 1.593263e+000 8.200000e+001 1.086454e+000
      endloop
   endfacet
   facet normal -4.173380e-001 0.000000e+000 -9.087514e-001
      outer loop
         vertex 1.593263e+000 8.200000e+001 1.086454e+000
         vertex 1.593263e+000 7.200001e+001 1.086454e+000
         vertex 1.561629e+000 7.200001e+001 1.101206e+000
      endloop
   endfacet
   facet normal -4.278843e-001 0.000000e+000 -9.038336e-001
      outer loop
         vertex 1.593263e+000 8.200000e+001 1.086454e+000
         vertex 1.561629e+000 7.200001e+001 1.101206e+000
         vertex 1.561629e+000 8.200000e+001 1.101206e+000
      endloop
   endfacet
   facet normal -4.487987e-001 0.000000e+000 -8.936329e-001
      outer loop
         vertex 1.561629e+000 8.200000e+001 1.101206e+000
         vertex 1.561629e+000 7.200001e+001 1.101206e+000
         vertex 1.530528e+000 7.200001e+001 1.117053e+000
      endloop
   endfacet
   facet normal -4.591669e-001 0.000000e+000 -8.883500e-001
      outer loop
         vertex 1.561629e+000 8.200000e+001 1.101206e+000
         vertex 1.530528e+000 7.200001e+001 1.117053e+000
         vertex 1.530528e+000 8.200000e+001 1.117053e+000
      endloop
   endfacet
   facet normal -4.797127e-001 0.000000e+000 -8.774257e-001
      outer loop
         vertex 1.530528e+000 8.200000e+001 1.117053e+000
         vertex 1.530528e+000 7.200001e+001 1.117053e+000
         vertex 1.499999e+000 7.200001e+001 1.133975e+000
      endloop
   endfacet
   facet normal -4.898902e-001 0.000000e+000 -8.717842e-001
      outer loop
         vertex 1.530528e+000 8.200000e+001 1.117053e+000
         vertex 1.499999e+000 7.200001e+001 1.133975e+000
         vertex 1.499999e+000 8.200000e+001 1.133975e+000
      endloop
   endfacet
   facet normal -5.100421e-001 0.000000e+000 -8.601494e-001
      outer loop
         vertex 1.499999e+000 8.200000e+001 1.133975e+000
         vertex 1.499999e+000 7.200001e+001 1.133975e+000
         vertex 1.470081e+000 7.200001e+001 1.151952e+000
      endloop
   endfacet
   facet normal -5.200166e-001 0.000000e+000 -8.541561e-001
      outer loop
         vertex 1.499999e+000 8.200000e+001 1.133975e+000
         vertex 1.470081e+000 7.200001e+001 1.151952e+000
         vertex 1.470081e+000 8.200000e+001 1.151952e+000
      endloop
   endfacet
   facet normal -5.397502e-001 0.000000e+000 -8.418252e-001
      outer loop
         vertex 1.470081e+000 8.200000e+001 1.151952e+000
         vertex 1.470081e+000 7.200001e+001 1.151952e+000
         vertex 1.440807e+000 7.200001e+001 1.170962e+000
      endloop
   endfacet
   facet normal -5.495094e-001 0.000000e+000 -8.354875e-001
      outer loop
         vertex 1.470081e+000 8.200000e+001 1.151952e+000
         vertex 1.440807e+000 7.200001e+001 1.170962e+000
         vertex 1.440807e+000 8.200000e+001 1.170962e+000
      endloop
   endfacet
   facet normal -5.688007e-001 0.000000e+000 -8.224754e-001
      outer loop
         vertex 1.440807e+000 8.200000e+001 1.170962e+000
         vertex 1.440807e+000 7.200001e+001 1.170962e+000
         vertex 1.412215e+000 7.200001e+001 1.190983e+000
      endloop
   endfacet
   facet normal -5.783327e-001 0.000000e+000 -8.158010e-001
      outer loop
         vertex 1.440807e+000 8.200000e+001 1.170962e+000
         vertex 1.412215e+000 7.200001e+001 1.190983e+000
         vertex 1.412215e+000 8.200000e+001 1.190983e+000
      endloop
   endfacet
   facet normal -5.971582e-001 0.000000e+000 -8.021235e-001
      outer loop
         vertex 1.412215e+000 8.200000e+001 1.190983e+000
         vertex 1.412215e+000 7.200001e+001 1.190983e+000
         vertex 1.384338e+000 7.200001e+001 1.211989e+000
      endloop
   endfacet
   facet normal -6.064515e-001 0.000000e+000 -7.951205e-001
      outer loop
         vertex 1.412215e+000 8.200000e+001 1.190983e+000
         vertex 1.384338e+000 7.200001e+001 1.211989e+000
         vertex 1.384338e+000 8.200000e+001 1.211989e+000
      endloop
   endfacet
   facet normal -6.247881e-001 0.000000e+000 -7.807943e-001
      outer loop
         vertex 1.384338e+000 8.200000e+001 1.211989e+000
         vertex 1.384338e+000 7.200001e+001 1.211989e+000
         vertex 1.357212e+000 7.200001e+001 1.233955e+000
      endloop
   endfacet
   facet normal -6.338314e-001 0.000000e+000 -7.734712e-001
      outer loop
         vertex 1.384338e+000 8.200000e+001 1.211989e+000
         vertex 1.357212e+000 7.200001e+001 1.233955e+000
         vertex 1.357212e+000 8.200000e+001 1.233955e+000
      endloop
   endfacet
   facet normal -6.516569e-001 0.000000e+000 -7.585139e-001
      outer loop
         vertex 1.357212e+000 8.200000e+001 1.233955e+000
         vertex 1.357212e+000 7.200001e+001 1.233955e+000
         vertex 1.330869e+000 7.200001e+001 1.256855e+000
      endloop
   endfacet
   facet normal -6.604390e-001 0.000000e+000 -7.508796e-001
      outer loop
         vertex 1.357212e+000 8.200000e+001 1.233955e+000
         vertex 1.330869e+000 7.200001e+001 1.256855e+000
         vertex 1.330869e+000 8.200000e+001 1.256855e+000
      endloop
   endfacet
   facet normal -6.777316e-001 0.000000e+000 -7.353093e-001
      outer loop
         vertex 1.330869e+000 8.200000e+001 1.256855e+000
         vertex 1.330869e+000 7.200001e+001 1.256855e+000
         vertex 1.305342e+000 7.200001e+001 1.280660e+000
      endloop
   endfacet
   facet normal -6.862420e-001 0.000000e+000 -7.273733e-001
      outer loop
         vertex 1.330869e+000 8.200000e+001 1.256855e+000
         vertex 1.305342e+000 7.200001e+001 1.280660e+000
         vertex 1.305342e+000 8.200000e+001 1.280660e+000
      endloop
   endfacet
   facet normal -7.029807e-001 0.000000e+000 -7.112089e-001
      outer loop
         vertex 1.305342e+000 8.200000e+001 1.280660e+000
         vertex 1.305342e+000 7.200001e+001 1.280660e+000
         vertex 1.280660e+000 7.200001e+001 1.305342e+000
      endloop
   endfacet
   facet normal -7.112090e-001 0.000000e+000 -7.029806e-001
      outer loop
         vertex 1.305342e+000 8.200000e+001 1.280660e+000
         vertex 1.280660e+000 7.200001e+001 1.305342e+000
         vertex 1.280660e+000 8.200000e+001 1.305342e+000
      endloop
   endfacet
   facet normal -7.273733e-001 0.000000e+000 -6.862420e-001
      outer loop
         vertex 1.280660e+000 8.200000e+001 1.305342e+000
         vertex 1.280660e+000 7.200001e+001 1.305342e+000
         vertex 1.256855e+000 7.200001e+001 1.330869e+000
      endloop
   endfacet
   facet normal -7.353093e-001 0.000000e+000 -6.777316e-001
      outer loop
         vertex 1.280660e+000 8.200000e+001 1.305342e+000
         vertex 1.256855e+000 7.200001e+001 1.330869e+000
         vertex 1.256855e+000 8.200000e+001 1.330869e+000
      endloop
   endfacet
   facet normal -7.508796e-001 0.000000e+000 -6.604390e-001
      outer loop
         vertex 1.256855e+000 8.200000e+001 1.330869e+000
         vertex 1.256855e+000 7.200001e+001 1.330869e+000
         vertex 1.233955e+000 7.200001e+001 1.357212e+000
      endloop
   endfacet
   facet normal -7.585139e-001 0.000000e+000 -6.516569e-001
      outer loop
         vertex 1.256855e+000 8.200000e+001 1.330869e+000
         vertex 1.233955e+000 7.200001e+001 1.357212e+000
         vertex 1.233955e+000 8.200000e+001 1.357212e+000
      endloop
   endfacet
   facet normal -7.734712e-001 0.000000e+000 -6.338314e-001
      outer loop
         vertex 1.233955e+000 8.200000e+001 1.357212e+000
         vertex 1.233955e+000 7.200001e+001 1.357212e+000
         vertex 1.211989e+000 7.200001e+001 1.384338e+000
      endloop
   endfacet
   facet normal -7.807944e-001 0.000000e+000 -6.247881e-001
      outer loop
         vertex 1.233955e+000 8.200000e+001 1.357212e+000
         vertex 1.211989e+000 7.200001e+001 1.384338e+000
         vertex 1.211989e+000 8.200000e+001 1.384338e+000
      endloop
   endfacet
   facet normal -7.951205e-001 0.000000e+000 -6.064515e-001
      outer loop
         vertex 1.211989e+000 8.200000e+001 1.384338e+000
         vertex 1.211989e+000 7.200001e+001 1.384338e+000
         vertex 1.190983e+000 7.200001e+001 1.412215e+000
      endloop
   endfacet
   facet normal -8.021235e-001 0.000000e+000 -5.971582e-001
      outer loop
         vertex 1.211989e+000 8.200000e+001 1.384338e+000
         vertex 1.190983e+000 7.200001e+001 1.412215e+000
         vertex 1.190983e+000 8.200000e+001 1.412215e+000
      endloop
   endfacet
   facet normal -8.158010e-001 0.000000e+000 -5.783327e-001
      outer loop
         vertex 1.190983e+000 8.200000e+001 1.412215e+000
         vertex 1.190983e+000 7.200001e+001 1.412215e+000
         vertex 1.170962e+000 7.200001e+001 1.440807e+000
      endloop
   endfacet
   facet normal -8.224754e-001 0.000000e+000 -5.688007e-001
      outer loop
         vertex 1.190983e+000 8.200000e+001 1.412215e+000
         vertex 1.170962e+000 7.200001e+001 1.440807e+000
         vertex 1.170962e+000 8.200000e+001 1.440807e+000
      endloop
   endfacet
   facet normal -8.354875e-001 0.000000e+000 -5.495094e-001
      outer loop
         vertex 1.170962e+000 8.200000e+001 1.440807e+000
         vertex 1.170962e+000 7.200001e+001 1.440807e+000
         vertex 1.151952e+000 7.200001e+001 1.470081e+000
      endloop
   endfacet
   facet normal -8.418252e-001 0.000000e+000 -5.397502e-001
      outer loop
         vertex 1.170962e+000 8.200000e+001 1.440807e+000
         vertex 1.151952e+000 7.200001e+001 1.470081e+000
         vertex 1.151952e+000 8.200000e+001 1.470081e+000
      endloop
   endfacet
   facet normal -8.541562e-001 0.000000e+000 -5.200166e-001
      outer loop
         vertex 1.151952e+000 8.200000e+001 1.470081e+000
         vertex 1.151952e+000 7.200001e+001 1.470081e+000
         vertex 1.133975e+000 7.200001e+001 1.500000e+000
      endloop
   endfacet
   facet normal -8.601494e-001 0.000000e+000 -5.100421e-001
      outer loop
         vertex 1.151952e+000 8.200000e+001 1.470081e+000
         vertex 1.133975e+000 7.200001e+001 1.500000e+000
         vertex 1.133975e+000 8.200000e+001 1.500000e+000
      endloop
   endfacet
   facet normal -8.717842e-001 0.000000e+000 -4.898902e-001
      outer loop
         vertex 1.133975e+000 8.200000e+001 1.500000e+000
         vertex 1.133975e+000 7.200001e+001 1.500000e+000
         vertex 1.117053e+000 7.200001e+001 1.530529e+000
      endloop
   endfacet
   facet normal -8.774256e-001 0.000000e+000 -4.797127e-001
      outer loop
         vertex 1.133975e+000 8.200000e+001 1.500000e+000
         vertex 1.117053e+000 7.200001e+001 1.530529e+000
         vertex 1.117053e+000 8.200000e+001 1.530529e+000
      endloop
   endfacet
   facet normal -8.883500e-001 0.000000e+000 -4.591669e-001
      outer loop
         vertex 1.117053e+000 8.200000e+001 1.530529e+000
         vertex 1.117053e+000 7.200001e+001 1.530529e+000
         vertex 1.101206e+000 7.200001e+001 1.561629e+000
      endloop
   endfacet
   facet normal -8.936329e-001 0.000000e+000 -4.487987e-001
      outer loop
         vertex 1.117053e+000 8.200000e+001 1.530529e+000
         vertex 1.101206e+000 7.200001e+001 1.561629e+000
         vertex 1.101206e+000 8.200000e+001 1.561629e+000
      endloop
   endfacet
   facet normal -9.038336e-001 0.000000e+000 -4.278843e-001
      outer loop
         vertex 1.101206e+000 8.200000e+001 1.561629e+000
         vertex 1.101206e+000 7.200001e+001 1.561629e+000
         vertex 1.086454e+000 7.200001e+001 1.593263e+000
      endloop
   endfacet
   facet normal -9.087514e-001 0.000000e+000 -4.173380e-001
      outer loop
         vertex 1.101206e+000 8.200000e+001 1.561629e+000
         vertex 1.086454e+000 7.200001e+001 1.593263e+000
         vertex 1.086454e+000 8.200000e+001 1.593263e+000
      endloop
   endfacet
   facet normal -9.182159e-001 0.000000e+000 -3.960802e-001
      outer loop
         vertex 1.086454e+000 8.200000e+001 1.593263e+000
         vertex 1.086454e+000 7.200001e+001 1.593263e+000
         vertex 1.072816e+000 7.200001e+001 1.625393e+000
      endloop
   endfacet
   facet normal -9.227627e-001 0.000000e+000 -3.853688e-001
      outer loop
         vertex 1.086454e+000 8.200000e+001 1.593263e+000
         vertex 1.072816e+000 7.200001e+001 1.625393e+000
         vertex 1.072816e+000 8.200000e+001 1.625393e+000
      endloop
   endfacet
   facet normal -9.314796e-001 0.000000e+000 -3.637937e-001
      outer loop
         vertex 1.072816e+000 8.200000e+001 1.625393e+000
         vertex 1.072816e+000 7.200001e+001 1.625393e+000
         vertex 1.060307e+000 7.200001e+001 1.657980e+000
      endloop
   endfacet
   facet normal -9.356497e-001 0.000000e+000 -3.529301e-001
      outer loop
         vertex 1.072816e+000 8.200000e+001 1.625393e+000
         vertex 1.060307e+000 7.200001e+001 1.657980e+000
         vertex 1.060307e+000 8.200000e+001 1.657980e+000
      endloop
   endfacet
   facet normal -9.436083e-001 0.000000e+000 -3.310639e-001
      outer loop
         vertex 1.060307e+000 8.200000e+001 1.657980e+000
         vertex 1.060307e+000 7.200001e+001 1.657980e+000
         vertex 1.048943e+000 7.200001e+001 1.690983e+000
      endloop
   endfacet
   facet normal -9.473968e-001 0.000000e+000 -3.200614e-001
      outer loop
         vertex 1.060307e+000 8.200000e+001 1.657980e+000
         vertex 1.048943e+000 7.200001e+001 1.690983e+000
         vertex 1.048943e+000 8.200000e+001 1.690983e+000
      endloop
   endfacet
   facet normal -9.545875e-001 0.000000e+000 -2.979308e-001
      outer loop
         vertex 1.048943e+000 8.200000e+001 1.690983e+000
         vertex 1.048943e+000 7.200001e+001 1.690983e+000
         vertex 1.038738e+000 7.200001e+001 1.724362e+000
      endloop
   endfacet
   facet normal -9.579897e-001 0.000000e+000 -2.868027e-001
      outer loop
         vertex 1.048943e+000 8.200000e+001 1.690983e+000
         vertex 1.038738e+000 7.200001e+001 1.724362e+000
         vertex 1.038738e+000 8.200000e+001 1.724362e+000
      endloop
   endfacet
   facet normal -9.644036e-001 0.000000e+000 -2.644347e-001
      outer loop
         vertex 1.038738e+000 8.200000e+001 1.724362e+000
         vertex 1.038738e+000 7.200001e+001 1.724362e+000
         vertex 1.029704e+000 7.200001e+001 1.758078e+000
      endloop
   endfacet
   facet normal -9.674153e-001 0.000000e+000 -2.531947e-001
      outer loop
         vertex 1.038738e+000 8.200000e+001 1.724362e+000
         vertex 1.029704e+000 7.200001e+001 1.758078e+000
         vertex 1.029704e+000 8.200000e+001 1.758078e+000
      endloop
   endfacet
   facet normal -9.730448e-001 0.000000e+000 -2.306164e-001
      outer loop
         vertex 1.029704e+000 8.200000e+001 1.758078e+000
         vertex 1.029704e+000 7.200001e+001 1.758078e+000
         vertex 1.021852e+000 7.200001e+001 1.792088e+000
      endloop
   endfacet
   facet normal -9.756624e-001 0.000000e+000 -2.192781e-001
      outer loop
         vertex 1.029704e+000 8.200000e+001 1.758078e+000
         vertex 1.021852e+000 7.200001e+001 1.792088e+000
         vertex 1.021852e+000 8.200000e+001 1.792088e+000
      endloop
   endfacet
   facet normal -9.805004e-001 0.000000e+000 -1.965171e-001
      outer loop
         vertex 1.021852e+000 8.200000e+001 1.792088e+000
         vertex 1.021852e+000 7.200001e+001 1.792088e+000
         vertex 1.015192e+000 7.200001e+001 1.826352e+000
      endloop
   endfacet
   facet normal -9.827207e-001 0.000000e+000 -1.850944e-001
      outer loop
         vertex 1.021852e+000 8.200000e+001 1.792088e+000
         vertex 1.015192e+000 7.200001e+001 1.826352e+000
         vertex 1.015192e+000 8.200000e+001 1.826352e+000
      endloop
   endfacet
   facet normal -9.867615e-001 0.000000e+000 -1.621784e-001
      outer loop
         vertex 1.015192e+000 8.200000e+001 1.826352e+000
         vertex 1.015192e+000 7.200001e+001 1.826352e+000
         vertex 1.009732e+000 7.200001e+001 1.860827e+000
      endloop
   endfacet
   facet normal -9.885818e-001 0.000000e+000 -1.506852e-001
      outer loop
         vertex 1.015192e+000 8.200000e+001 1.826352e+000
         vertex 1.009732e+000 7.200001e+001 1.860827e+000
         vertex 1.009732e+000 8.200000e+001 1.860827e+000
      endloop
   endfacet
   facet normal -9.918203e-001 0.000000e+000 -1.276422e-001
      outer loop
         vertex 1.009732e+000 8.200000e+001 1.860827e+000
         vertex 1.009732e+000 7.200001e+001 1.860827e+000
         vertex 1.005478e+000 7.200001e+001 1.895471e+000
      endloop
   endfacet
   facet normal -9.932384e-001 0.000000e+000 -1.160924e-001
      outer loop
         vertex 1.009732e+000 8.200000e+001 1.860827e+000
         vertex 1.005478e+000 7.200001e+001 1.895471e+000
         vertex 1.005478e+000 8.200000e+001 1.895471e+000
      endloop
   endfacet
   facet normal -9.956707e-001 0.000000e+000 -9.295037e-002
      outer loop
         vertex 1.005478e+000 8.200000e+001 1.895471e+000
         vertex 1.005478e+000 7.200001e+001 1.895471e+000
         vertex 1.002436e+000 7.200001e+001 1.930243e+000
      endloop
   endfacet
   facet normal -9.966849e-001 0.000000e+000 -8.135815e-002
      outer loop
         vertex 1.005478e+000 8.200000e+001 1.895471e+000
         vertex 1.002436e+000 7.200001e+001 1.930243e+000
         vertex 1.002436e+000 8.200000e+001 1.930243e+000
      endloop
   endfacet
   facet normal -9.983081e-001 0.000000e+000 -5.814535e-002
      outer loop
         vertex 1.002436e+000 8.200000e+001 1.930243e+000
         vertex 1.002436e+000 7.200001e+001 1.930243e+000
         vertex 1.000609e+000 7.200001e+001 1.965100e+000
      endloop
   endfacet
   facet normal -9.989172e-001 0.000000e+000 -4.652479e-002
      outer loop
         vertex 1.002436e+000 8.200000e+001 1.930243e+000
         vertex 1.000609e+000 7.200001e+001 1.965100e+000
         vertex 1.000609e+000 8.200000e+001 1.965100e+000
      endloop
   endfacet
   facet normal -9.997292e-001 0.000000e+000 -2.326948e-002
      outer loop
         vertex 1.000609e+000 8.200000e+001 1.965100e+000
         vertex 1.000609e+000 7.200001e+001 1.965100e+000
         vertex 1.000000e+000 7.200001e+001 2.000000e+000
      endloop
   endfacet
   facet normal -9.999323e-001 0.000000e+000 -1.163474e-002
      outer loop
         vertex 1.000609e+000 8.200000e+001 1.965100e+000
         vertex 1.000000e+000 7.200001e+001 2.000000e+000
         vertex 1.000000e+000 8.200000e+001 2.000000e+000
      endloop
   endfacet
   facet normal -1.000000e+000 0.000000e+000 0.000000e+000
      outer loop
         vertex 1.000000e+000 8.200000e+001 1.800000e+001
         vertex 1.000000e+000 8.200000e+001 2.000000e+000
         vertex 1.000000e+000 7.200001e+001 1.800000e+001
      endloop
   endfacet
   facet normal -1.000000e+000 0.000000e+000 0.000000e+000
      outer loop
         vertex 1.000000e+000 7.200001e+001 1.800000e+001
         vertex 1.000000e+000 8.200000e+001 2.000000e+000
         vertex 1.000000e+000 7.200001e+001 2.000000e+000
      endloop
   endfacet
   facet normal -9.999323e-001 0.000000e+000 1.163474e-002
      outer loop
         vertex 1.000000e+000 8.200000e+001 1.800000e+001
         vertex 1.000000e+000 7.200001e+001 1.800000e+001
         vertex 1.002437e+000 7.200001e+001 1.813960e+001
      endloop
   endfacet
   facet normal -9.997292e-001 0.000000e+000 2.326948e-002
      outer loop
         vertex 1.000000e+000 8.200000e+001 1.800000e+001
         vertex 1.002437e+000 7.200001e+001 1.813960e+001
         vertex 1.002437e+000 8.200000e+001 1.813960e+001
      endloop
   endfacet
   facet normal -9.989172e-001 0.000000e+000 4.652479e-002
      outer loop
         vertex 1.002437e+000 8.200000e+001 1.813960e+001
         vertex 1.002437e+000 7.200001e+001 1.813960e+001
         vertex 1.009744e+000 7.200001e+001 1.827903e+001
      endloop
   endfacet
   facet normal -9.983081e-001 0.000000e+000 5.814535e-002
      outer loop
         vertex 1.002437e+000 8.200000e+001 1.813960e+001
         vertex 1.009744e+000 7.200001e+001 1.827903e+001
         vertex 1.009744e+000 8.200000e+001 1.827903e+001
      endloop
   endfacet
   facet normal -9.966849e-001 0.000000e+000 8.135815e-002
      outer loop
         vertex 1.009744e+000 8.200000e+001 1.827903e+001
         vertex 1.009744e+000 7.200001e+001 1.827903e+001
         vertex 1.021912e+000 7.200001e+001 1.841811e+001
      endloop
   endfacet
   facet normal -9.956707e-001 0.000000e+000 9.295038e-002
      outer loop
         vertex 1.009744e+000 8.200000e+001 1.827903e+001
         vertex 1.021912e+000 7.200001e+001 1.841811e+001
         vertex 1.021912e+000 8.200000e+001 1.841811e+001
      endloop
   endfacet
   facet normal -9.932384e-001 0.000000e+000 1.160924e-001
      outer loop
         vertex 1.021912e+000 8.200000e+001 1.841811e+001
         vertex 1.021912e+000 7.200001e+001 1.841811e+001
         vertex 1.038928e+000 7.200001e+001 1.855669e+001
      endloop
   endfacet
   facet normal -9.918203e-001 0.000000e+000 1.276422e-001
      outer loop
         vertex 1.021912e+000 8.200000e+001 1.841811e+001
         vertex 1.038928e+000 7.200001e+001 1.855669e+001
         vertex 1.038928e+000 8.200000e+001 1.855669e+001
      endloop
   endfacet
   facet normal -9.885818e-001 0.000000e+000 1.506852e-001
      outer loop
         vertex 1.038928e+000 8.200000e+001 1.855669e+001
         vertex 1.038928e+000 7.200001e+001 1.855669e+001
         vertex 1.060769e+000 7.200001e+001 1.869459e+001
      endloop
   endfacet
   facet normal -9.867615e-001 0.000000e+000 1.621784e-001
      outer loop
         vertex 1.038928e+000 8.200000e+001 1.855669e+001
         vertex 1.060769e+000 7.200001e+001 1.869459e+001
         vertex 1.060769e+000 8.200000e+001 1.869459e+001
      endloop
   endfacet
   facet normal -9.827207e-001 0.000000e+000 1.850944e-001
      outer loop
         vertex 1.060769e+000 8.200000e+001 1.869459e+001
         vertex 1.060769e+000 7.200001e+001 1.869459e+001
         vertex 1.087409e+000 7.200001e+001 1.883165e+001
      endloop
   endfacet
   facet normal -9.805004e-001 0.000000e+000 1.965171e-001
      outer loop
         vertex 1.060769e+000 8.200000e+001 1.869459e+001
         vertex 1.087409e+000 7.200001e+001 1.883165e+001
         vertex 1.087409e+000 8.200000e+001 1.883165e+001
      endloop
   endfacet
   facet normal -9.756624e-001 0.000000e+000 2.192781e-001
      outer loop
         vertex 1.087409e+000 8.200000e+001 1.883165e+001
         vertex 1.087409e+000 7.200001e+001 1.883165e+001
         vertex 1.118816e+000 7.200001e+001 1.896769e+001
      endloop
   endfacet
   facet normal -9.730448e-001 0.000000e+000 2.306164e-001
      outer loop
         vertex 1.087409e+000 8.200000e+001 1.883165e+001
         vertex 1.118816e+000 7.200001e+001 1.896769e+001
         vertex 1.118816e+000 8.200000e+001 1.896769e+001
      endloop
   endfacet
   facet normal -9.674153e-001 0.000000e+000 2.531947e-001
      outer loop
         vertex 1.118816e+000 8.200000e+001 1.896769e+001
         vertex 1.118816e+000 7.200001e+001 1.896769e+001
         vertex 1.154953e+000 7.200001e+001 1.910255e+001
      endloop
   endfacet
   facet normal -9.644036e-001 0.000000e+000 2.644347e-001
      outer loop
         vertex 1.118816e+000 8.200000e+001 1.896769e+001
         vertex 1.154953e+000 7.200001e+001 1.910255e+001
         vertex 1.154953e+000 8.200000e+001 1.910255e+001
      endloop
   endfacet
   facet normal -9.579897e-001 0.000000e+000 2.868027e-001
      outer loop
         vertex 1.154953e+000 8.200000e+001 1.910255e+001
         vertex 1.154953e+000 7.200001e+001 1.910255e+001
         vertex 1.195773e+000 7.200001e+001 1.923607e+001
      endloop
   endfacet
   facet normal -9.545875e-001 0.000000e+000 2.979308e-001
      outer loop
         vertex 1.154953e+000 8.200000e+001 1.910255e+001
         vertex 1.195773e+000 7.200001e+001 1.923607e+001
         vertex 1.195773e+000 8.200000e+001 1.923607e+001
      endloop
   endfacet
   facet normal -9.473968e-001 0.000000e+000 3.200614e-001
      outer loop
         vertex 1.195773e+000 8.200000e+001 1.923607e+001
         vertex 1.195773e+000 7.200001e+001 1.923607e+001
         vertex 1.241230e+000 7.200001e+001 1.936808e+001
      endloop
   endfacet
   facet normal -9.436083e-001 0.000000e+000 3.310639e-001
      outer loop
         vertex 1.195773e+000 8.200000e+001 1.923607e+001
         vertex 1.241230e+000 7.200001e+001 1.936808e+001
         vertex 1.241230e+000 8.200000e+001 1.936808e+001
      endloop
   endfacet
   facet normal -9.356497e-001 0.000000e+000 3.529301e-001
      outer loop
         vertex 1.241230e+000 8.200000e+001 1.936808e+001
         vertex 1.241230e+000 7.200001e+001 1.936808e+001
         vertex 1.291265e+000 7.200001e+001 1.949843e+001
      endloop
   endfacet
   facet normal -9.314795e-001 0.000000e+000 3.637937e-001
      outer loop
         vertex 1.241230e+000 8.200000e+001 1.936808e+001
         vertex 1.291265e+000 7.200001e+001 1.949843e+001
         vertex 1.291265e+000 8.200000e+001 1.949843e+001
      endloop
   endfacet
   facet normal -9.227627e-001 0.000000e+000 3.853688e-001
      outer loop
         vertex 1.291265e+000 8.200000e+001 1.949843e+001
         vertex 1.291265e+000 7.200001e+001 1.949843e+001
         vertex 1.345818e+000 7.200001e+001 1.962695e+001
      endloop
   endfacet
   facet normal -9.182159e-001 0.000000e+000 3.960803e-001
      outer loop
         vertex 1.291265e+000 8.200000e+001 1.949843e+001
         vertex 1.345818e+000 7.200001e+001 1.962695e+001
         vertex 1.345818e+000 8.200000e+001 1.962695e+001
      endloop
   endfacet
   facet normal -9.087514e-001 0.000000e+000 4.173380e-001
      outer loop
         vertex 1.345818e+000 8.200000e+001 1.962695e+001
         vertex 1.345818e+000 7.200001e+001 1.962695e+001
         vertex 1.404824e+000 7.200001e+001 1.975348e+001
      endloop
   endfacet
   facet normal -9.038336e-001 0.000000e+000 4.278843e-001
      outer loop
         vertex 1.345818e+000 8.200000e+001 1.962695e+001
         vertex 1.404824e+000 7.200001e+001 1.975348e+001
         vertex 1.404824e+000 8.200000e+001 1.975348e+001
      endloop
   endfacet
   facet normal -8.936329e-001 0.000000e+000 4.487987e-001
      outer loop
         vertex 1.404824e+000 8.200000e+001 1.975348e+001
         vertex 1.404824e+000 7.200001e+001 1.975348e+001
         vertex 1.468210e+000 7.200001e+001 1.987789e+001
      endloop
   endfacet
   facet normal -8.883500e-001 0.000000e+000 4.591669e-001
      outer loop
         vertex 1.404824e+000 8.200000e+001 1.975348e+001
         vertex 1.468210e+000 7.200001e+001 1.987789e+001
         vertex 1.468210e+000 8.200000e+001 1.987789e+001
      endloop
   endfacet
   facet normal -8.774257e-001 0.000000e+000 4.797127e-001
      outer loop
         vertex 1.468210e+000 8.200000e+001 1.987789e+001
         vertex 1.468210e+000 7.200001e+001 1.987789e+001
         vertex 1.535898e+000 7.200001e+001 2.000000e+001
      endloop
   endfacet
   facet normal -8.717842e-001 0.000000e+000 4.898902e-001
      outer loop
         vertex 1.468210e+000 8.200000e+001 1.987789e+001
         vertex 1.535898e+000 7.200001e+001 2.000000e+001
         vertex 1.535898e+000 8.200000e+001 2.000000e+001
      endloop
   endfacet
   facet normal -8.601494e-001 0.000000e+000 5.100421e-001
      outer loop
         vertex 1.535898e+000 8.200000e+001 2.000000e+001
         vertex 1.535898e+000 7.200001e+001 2.000000e+001
         vertex 1.607807e+000 7.200001e+001 2.011968e+001
      endloop
   endfacet
   facet normal -8.541561e-001 0.000000e+000 5.200166e-001
      outer loop
         vertex 1.535898e+000 8.200000e+001 2.000000e+001
         vertex 1.607807e+000 7.200001e+001 2.011968e+001
         vertex 1.607807e+000 8.200000e+001 2.011968e+001
      endloop
   endfacet
   facet normal -8.418252e-001 0.000000e+000 5.397502e-001
      outer loop
         vertex 1.607807e+000 8.200000e+001 2.011968e+001
         vertex 1.607807e+000 7.200001e+001 2.011968e+001
         vertex 1.683850e+000 7.200001e+001 2.023677e+001
      endloop
   endfacet
   facet normal -8.354875e-001 0.000000e+000 5.495094e-001
      outer loop
         vertex 1.607807e+000 8.200000e+001 2.011968e+001
         vertex 1.683850e+000 7.200001e+001 2.023677e+001
         vertex 1.683850e+000 8.200000e+001 2.023677e+001
      endloop
   endfacet
   facet normal -8.224754e-001 0.000000e+000 5.688007e-001
      outer loop
         vertex 1.683850e+000 8.200000e+001 2.023677e+001
         vertex 1.683850e+000 7.200001e+001 2.023677e+001
         vertex 1.763932e+000 7.200001e+001 2.035114e+001
      endloop
   endfacet
   facet normal -8.158010e-001 0.000000e+000 5.783327e-001
      outer loop
         vertex 1.683850e+000 8.200000e+001 2.023677e+001
         vertex 1.763932e+000 7.200001e+001 2.035114e+001
         vertex 1.763932e+000 8.200000e+001 2.035114e+001
      endloop
   endfacet
   facet normal -8.021235e-001 0.000000e+000 5.971582e-001
      outer loop
         vertex 1.763932e+000 8.200000e+001 2.035114e+001
         vertex 1.763932e+000 7.200001e+001 2.035114e+001
         vertex 1.847956e+000 7.200001e+001 2.046265e+001
      endloop
   endfacet
   facet normal -7.951205e-001 0.000000e+000 6.064515e-001
      outer loop
         vertex 1.763932e+000 8.200000e+001 2.035114e+001
         vertex 1.847956e+000 7.200001e+001 2.046265e+001
         vertex 1.847956e+000 8.200000e+001 2.046265e+001
      endloop
   endfacet
   facet normal -7.807943e-001 0.000000e+000 6.247881e-001
      outer loop
         vertex 1.847956e+000 8.200000e+001 2.046265e+001
         vertex 1.847956e+000 7.200001e+001 2.046265e+001
         vertex 1.935822e+000 7.200001e+001 2.057115e+001
      endloop
   endfacet
   facet normal -7.734712e-001 0.000000e+000 6.338314e-001
      outer loop
         vertex 1.847956e+000 8.200000e+001 2.046265e+001
         vertex 1.935822e+000 7.200001e+001 2.057115e+001
         vertex 1.935822e+000 8.200000e+001 2.057115e+001
      endloop
   endfacet
   facet normal -7.585139e-001 0.000000e+000 6.516569e-001
      outer loop
         vertex 1.935822e+000 8.200000e+001 2.057115e+001
         vertex 1.935822e+000 7.200001e+001 2.057115e+001
         vertex 2.027420e+000 7.200001e+001 2.067652e+001
      endloop
   endfacet
   facet normal -7.508796e-001 0.000000e+000 6.604390e-001
      outer loop
         vertex 1.935822e+000 8.200000e+001 2.057115e+001
         vertex 2.027420e+000 7.200001e+001 2.067652e+001
         vertex 2.027420e+000 8.200000e+001 2.067652e+001
      endloop
   endfacet
   facet normal -7.353093e-001 0.000000e+000 6.777316e-001
      outer loop
         vertex 2.027420e+000 8.200000e+001 2.067652e+001
         vertex 2.027420e+000 7.200001e+001 2.067652e+001
         vertex 2.122641e+000 7.200001e+001 2.077863e+001
      endloop
   endfacet
   facet normal -7.273733e-001 0.000000e+000 6.862420e-001
      outer loop
         vertex 2.027420e+000 8.200000e+001 2.067652e+001
         vertex 2.122641e+000 7.200001e+001 2.077863e+001
         vertex 2.122641e+000 8.200000e+001 2.077863e+001
      endloop
   endfacet
   facet normal -7.112089e-001 0.000000e+000 7.029807e-001
      outer loop
         vertex 2.122641e+000 8.200000e+001 2.077863e+001
         vertex 2.122641e+000 7.200001e+001 2.077863e+001
         vertex 2.221366e+000 7.200001e+001 2.087736e+001
      endloop
   endfacet
   facet normal -7.029806e-001 0.000000e+000 7.112090e-001
      outer loop
         vertex 2.122641e+000 8.200000e+001 2.077863e+001
         vertex 2.221366e+000 7.200001e+001 2.087736e+001
         vertex 2.221366e+000 8.200000e+001 2.087736e+001
      endloop
   endfacet
   facet normal -6.862420e-001 0.000000e+000 7.273733e-001
      outer loop
         vertex 2.221366e+000 8.200000e+001 2.087736e+001
         vertex 2.221366e+000 7.200001e+001 2.087736e+001
         vertex 2.323478e+000 7.200001e+001 2.097258e+001
      endloop
   endfacet
   facet normal -6.777316e-001 0.000000e+000 7.353093e-001
      outer loop
         vertex 2.221366e+000 8.200000e+001 2.087736e+001
         vertex 2.323478e+000 7.200001e+001 2.097258e+001
         vertex 2.323478e+000 8.200000e+001 2.097258e+001
      endloop
   endfacet
   facet normal -6.604390e-001 0.000000e+000 7.508796e-001
      outer loop
         vertex 2.323478e+000 8.200000e+001 2.097258e+001
         vertex 2.323478e+000 7.200001e+001 2.097258e+001
         vertex 2.428849e+000 7.200001e+001 2.106418e+001
      endloop
   endfacet
   facet normal -6.516569e-001 0.000000e+000 7.585139e-001
      outer loop
         vertex 2.323478e+000 8.200000e+001 2.097258e+001
         vertex 2.428849e+000 7.200001e+001 2.106418e+001
         vertex 2.428849e+000 8.200000e+001 2.106418e+001
      endloop
   endfacet
   facet normal -6.338314e-001 0.000000e+000 7.734712e-001
      outer loop
         vertex 2.428849e+000 8.200000e+001 2.106418e+001
         vertex 2.428849e+000 7.200001e+001 2.106418e+001
         vertex 2.537354e+000 7.200001e+001 2.115204e+001
      endloop
   endfacet
   facet normal -6.247881e-001 0.000000e+000 7.807944e-001
      outer loop
         vertex 2.428849e+000 8.200000e+001 2.106418e+001
         vertex 2.537354e+000 7.200001e+001 2.115204e+001
         vertex 2.537354e+000 8.200000e+001 2.115204e+001
      endloop
   endfacet
   facet normal -6.064515e-001 0.000000e+000 7.951205e-001
      outer loop
         vertex 2.537354e+000 8.200000e+001 2.115204e+001
         vertex 2.537354e+000 7.200001e+001 2.115204e+001
         vertex 2.648858e+000 7.200001e+001 2.123607e+001
      endloop
   endfacet
   facet normal -5.971582e-001 0.000000e+000 8.021235e-001
      outer loop
         vertex 2.537354e+000 8.200000e+001 2.115204e+001
         vertex 2.648858e+000 7.200001e+001 2.123607e+001
         vertex 2.648858e+000 8.200000e+001 2.123607e+001
      endloop
   endfacet
   facet normal -5.783327e-001 0.000000e+000 8.158010e-001
      outer loop
         vertex 2.648858e+000 8.200000e+001 2.123607e+001
         vertex 2.648858e+000 7.200001e+001 2.123607e+001
         vertex 2.763228e+000 7.200001e+001 2.131615e+001
      endloop
   endfacet
   facet normal -5.688007e-001 0.000000e+000 8.224754e-001
      outer loop
         vertex 2.648858e+000 8.200000e+001 2.123607e+001
         vertex 2.763228e+000 7.200001e+001 2.131615e+001
         vertex 2.763228e+000 8.200000e+001 2.131615e+001
      endloop
   endfacet
   facet normal -5.495094e-001 0.000000e+000 8.354875e-001
      outer loop
         vertex 2.763228e+000 8.200000e+001 2.131615e+001
         vertex 2.763228e+000 7.200001e+001 2.131615e+001
         vertex 2.880323e+000 7.200001e+001 2.139219e+001
      endloop
   endfacet
   facet normal -5.397502e-001 0.000000e+000 8.418252e-001
      outer loop
         vertex 2.763228e+000 8.200000e+001 2.131615e+001
         vertex 2.880323e+000 7.200001e+001 2.139219e+001
         vertex 2.880323e+000 8.200000e+001 2.139219e+001
      endloop
   endfacet
   facet normal -5.200166e-001 0.000000e+000 8.541562e-001
      outer loop
         vertex 2.880323e+000 8.200000e+001 2.139219e+001
         vertex 2.880323e+000 7.200001e+001 2.139219e+001
         vertex 3.000000e+000 7.200001e+001 2.146410e+001
      endloop
   endfacet
   facet normal -5.100421e-001 0.000000e+000 8.601494e-001
      outer loop
         vertex 2.880323e+000 8.200000e+001 2.139219e+001
         vertex 3.000000e+000 7.200001e+001 2.146410e+001
         vertex 3.000000e+000 8.200000e+001 2.146410e+001
      endloop
   endfacet
   facet normal -4.898902e-001 0.000000e+000 8.717842e-001
      outer loop
         vertex 3.000000e+000 8.200000e+001 2.146410e+001
         vertex 3.000000e+000 7.200001e+001 2.146410e+001
         vertex 3.122114e+000 7.200001e+001 2.153179e+001
      endloop
   endfacet
   facet normal -4.797127e-001 0.000000e+000 8.774256e-001
      outer loop
         vertex 3.000000e+000 8.200000e+001 2.146410e+001
         vertex 3.122114e+000 7.200001e+001 2.153179e+001
         vertex 3.122114e+000 8.200000e+001 2.153179e+001
      endloop
   endfacet
   facet normal -4.591669e-001 0.000000e+000 8.883500e-001
      outer loop
         vertex 3.122114e+000 8.200000e+001 2.153179e+001
         vertex 3.122114e+000 7.200001e+001 2.153179e+001
         vertex 3.246515e+000 7.200001e+001 2.159518e+001
      endloop
   endfacet
   facet normal -4.487987e-001 0.000000e+000 8.936329e-001
      outer loop
         vertex 3.122114e+000 8.200000e+001 2.153179e+001
         vertex 3.246515e+000 7.200001e+001 2.159518e+001
         vertex 3.246515e+000 8.200000e+001 2.159518e+001
      endloop
   endfacet
   facet normal -4.278843e-001 0.000000e+000 9.038336e-001
      outer loop
         vertex 3.246515e+000 8.200000e+001 2.159518e+001
         vertex 3.246515e+000 7.200001e+001 2.159518e+001
         vertex 3.373053e+000 7.200001e+001 2.165418e+001
      endloop
   endfacet
   facet normal -4.173380e-001 0.000000e+000 9.087514e-001
      outer loop
         vertex 3.246515e+000 8.200000e+001 2.159518e+001
         vertex 3.373053e+000 7.200001e+001 2.165418e+001
         vertex 3.373053e+000 8.200000e+001 2.165418e+001
      endloop
   endfacet
   facet normal -3.960802e-001 0.000000e+000 9.182159e-001
      outer loop
         vertex 3.373053e+000 8.200000e+001 2.165418e+001
         vertex 3.373053e+000 7.200001e+001 2.165418e+001
         vertex 3.501574e+000 7.200001e+001 2.170873e+001
      endloop
   endfacet
   facet normal -3.853688e-001 0.000000e+000 9.227627e-001
      outer loop
         vertex 3.373053e+000 8.200000e+001 2.165418e+001
         vertex 3.501574e+000 7.200001e+001 2.170873e+001
         vertex 3.501574e+000 8.200000e+001 2.170873e+001
      endloop
   endfacet
   facet normal -3.637937e-001 0.000000e+000 9.314796e-001
      outer loop
         vertex 3.501574e+000 8.200000e+001 2.170873e+001
         vertex 3.501574e+000 7.200001e+001 2.170873e+001
         vertex 3.631920e+000 7.200001e+001 2.175877e+001
      endloop
   endfacet
   facet normal -3.529301e-001 0.000000e+000 9.356497e-001
      outer loop
         vertex 3.501574e+000 8.200000e+001 2.170873e+001
         vertex 3.631920e+000 7.200001e+001 2.175877e+001
         vertex 3.631920e+000 8.200000e+001 2.175877e+001
      endloop
   endfacet
   facet normal -3.310639e-001 0.000000e+000 9.436083e-001
      outer loop
         vertex 3.631920e+000 8.200000e+001 2.175877e+001
         vertex 3.631920e+000 7.200001e+001 2.175877e+001
         vertex 3.763932e+000 7.200001e+001 2.180422e+001
      endloop
   endfacet
   facet normal -3.200614e-001 0.000000e+000 9.473968e-001
      outer loop
         vertex 3.631920e+000 8.200000e+001 2.175877e+001
         vertex 3.763932e+000 7.200001e+001 2.180422e+001
         vertex 3.763932e+000 8.200000e+001 2.180422e+001
      endloop
   endfacet
   facet normal -2.979308e-001 0.000000e+000 9.545875e-001
      outer loop
         vertex 3.763932e+000 8.200000e+001 2.180422e+001
         vertex 3.763932e+000 7.200001e+001 2.180422e+001
         vertex 3.897450e+000 7.200001e+001 2.184505e+001
      endloop
   endfacet
   facet normal -2.868027e-001 0.000000e+000 9.579897e-001
      outer loop
         vertex 3.763932e+000 8.200000e+001 2.180422e+001
         vertex 3.897450e+000 7.200001e+001 2.184505e+001
         vertex 3.897450e+000 8.200000e+001 2.184505e+001
      endloop
   endfacet
   facet normal -2.644347e-001 0.000000e+000 9.644036e-001
      outer loop
         vertex 3.897450e+000 8.200000e+001 2.184505e+001
         vertex 3.897450e+000 7.200001e+001 2.184505e+001
         vertex 4.032312e+000 7.200001e+001 2.188118e+001
      endloop
   endfacet
   facet normal -2.531947e-001 0.000000e+000 9.674153e-001
      outer loop
         vertex 3.897450e+000 8.200000e+001 2.184505e+001
         vertex 4.032312e+000 7.200001e+001 2.188118e+001
         vertex 4.032312e+000 8.200000e+001 2.188118e+001
      endloop
   endfacet
   facet normal -2.306164e-001 0.000000e+000 9.730448e-001
      outer loop
         vertex 4.032312e+000 8.200000e+001 2.188118e+001
         vertex 4.032312e+000 7.200001e+001 2.188118e+001
         vertex 4.168353e+000 7.200001e+001 2.191259e+001
      endloop
   endfacet
   facet normal -2.192781e-001 0.000000e+000 9.756624e-001
      outer loop
         vertex 4.032312e+000 8.200000e+001 2.188118e+001
         vertex 4.168353e+000 7.200001e+001 2.191259e+001
         vertex 4.168353e+000 8.200000e+001 2.191259e+001
      endloop
   endfacet
   facet normal -1.965171e-001 0.000000e+000 9.805004e-001
      outer loop
         vertex 4.168353e+000 8.200000e+001 2.191259e+001
         vertex 4.168353e+000 7.200001e+001 2.191259e+001
         vertex 4.305408e+000 7.200001e+001 2.193923e+001
      endloop
   endfacet
   facet normal -1.850944e-001 0.000000e+000 9.827207e-001
      outer loop
         vertex 4.168353e+000 8.200000e+001 2.191259e+001
         vertex 4.305408e+000 7.200001e+001 2.193923e+001
         vertex 4.305408e+000 8.200000e+001 2.193923e+001
      endloop
   endfacet
   facet normal -1.621784e-001 0.000000e+000 9.867615e-001
      outer loop
         vertex 4.305408e+000 8.200000e+001 2.193923e+001
         vertex 4.305408e+000 7.200001e+001 2.193923e+001
         vertex 4.443307e+000 7.200001e+001 2.196107e+001
      endloop
   endfacet
   facet normal -1.506852e-001 0.000000e+000 9.885818e-001
      outer loop
         vertex 4.305408e+000 8.200000e+001 2.193923e+001
         vertex 4.443307e+000 7.200001e+001 2.196107e+001
         vertex 4.443307e+000 8.200000e+001 2.196107e+001
      endloop
   endfacet
   facet normal -1.276422e-001 0.000000e+000 9.918203e-001
      outer loop
         vertex 4.443307e+000 8.200000e+001 2.196107e+001
         vertex 4.443307e+000 7.200001e+001 2.196107e+001
         vertex 4.581886e+000 7.200001e+001 2.197809e+001
      endloop
   endfacet
   facet normal -1.160924e-001 0.000000e+000 9.932384e-001
      outer loop
         vertex 4.443307e+000 8.200000e+001 2.196107e+001
         vertex 4.581886e+000 7.200001e+001 2.197809e+001
         vertex 4.581886e+000 8.200000e+001 2.197809e+001
      endloop
   endfacet
   facet normal -9.295037e-002 0.000000e+000 9.956707e-001
      outer loop
         vertex 4.581886e+000 8.200000e+001 2.197809e+001
         vertex 4.581886e+000 7.200001e+001 2.197809e+001
         vertex 4.720974e+000 7.200001e+001 2.199026e+001
      endloop
   endfacet
   facet normal -8.135815e-002 0.000000e+000 9.966849e-001
      outer loop
         vertex 4.581886e+000 8.200000e+001 2.197809e+001
         vertex 4.720974e+000 7.200001e+001 2.199026e+001
         vertex 4.720974e+000 8.200000e+001 2.199026e+001
      endloop
   endfacet
   facet normal -5.814535e-002 0.000000e+000 9.983081e-001
      outer loop
         vertex 4.720974e+000 8.200000e+001 2.199026e+001
         vertex 4.720974e+000 7.200001e+001 2.199026e+001
         vertex 4.860402e+000 7.200001e+001 2.199756e+001
      endloop
   endfacet
   facet normal -4.652479e-002 0.000000e+000 9.989172e-001
      outer loop
         vertex 4.720974e+000 8.200000e+001 2.199026e+001
         vertex 4.860402e+000 7.200001e+001 2.199756e+001
         vertex 4.860402e+000 8.200000e+001 2.199756e+001
      endloop
   endfacet
   facet normal -2.326948e-002 0.000000e+000 9.997292e-001
      outer loop
         vertex 4.860402e+000 8.200000e+001 2.199756e+001
         vertex 4.860402e+000 7.200001e+001 2.199756e+001
         vertex 5.000000e+000 7.200001e+001 2.200000e+001
      endloop
   endfacet
   facet normal -1.163474e-002 0.000000e+000 9.999323e-001
      outer loop
         vertex 4.860402e+000 8.200000e+001 2.199756e+001
         vertex 5.000000e+000 7.200001e+001 2.200000e+001
         vertex 5.000000e+000 8.200000e+001 2.200000e+001
      endloop
   endfacet
   facet normal 0.000000e+000 0.000000e+000 1.000000e+000
      outer loop
         vertex 2.500000e+001 8.200000e+001 2.200000e+001
         vertex 5.000000e+000 8.200000e+001 2.200000e+001
         vertex 2.500000e+001 7.200001e+001 2.200000e+001
      endloop
   endfacet
   facet normal 0.000000e+000 0.000000e+000 1.000000e+000
      outer loop
         vertex 2.500000e+001 7.200001e+001 2.200000e+001
         vertex 5.000000e+000 8.200000e+001 2.200000e+001
         vertex 5.000000e+000 7.200001e+001 2.200000e+001
      endloop
   endfacet
   facet normal 1.163474e-002 0.000000e+000 9.999323e-001
      outer loop
         vertex 2.500000e+001 8.200000e+001 2.200000e+001
         vertex 2.500000e+001 7.200001e+001 2.200000e+001
         vertex 2.513960e+001 7.200001e+001 2.199756e+001
      endloop
   endfacet
   facet normal 2.326948e-002 0.000000e+000 9.997292e-001
      outer loop
         vertex 2.500000e+001 8.200000e+001 2.200000e+001
         vertex 2.513960e+001 7.200001e+001 2.199756e+001
         vertex 2.513960e+001 8.200000e+001 2.199756e+001
      endloop
   endfacet
   facet normal 4.652479e-002 0.000000e+000 9.989172e-001
      outer loop
         vertex 2.513960e+001 8.200000e+001 2.199756e+001
         vertex 2.513960e+001 7.200001e+001 2.199756e+001
         vertex 2.527903e+001 7.200001e+001 2.199026e+001
      endloop
   endfacet
   facet normal 5.814535e-002 0.000000e+000 9.983081e-001
      outer loop
         vertex 2.513960e+001 8.200000e+001 2.199756e+001
         vertex 2.527903e+001 7.200001e+001 2.199026e+001
         vertex 2.527903e+001 8.200000e+001 2.199026e+001
      endloop
   endfacet
   facet normal 8.135815e-002 0.000000e+000 9.966849e-001
      outer loop
         vertex 2.527903e+001 8.200000e+001 2.199026e+001
         vertex 2.527903e+001 7.200001e+001 2.199026e+001
         vertex 2.541811e+001 7.200001e+001 2.197809e+001
      endloop
   endfacet
   facet normal 9.295038e-002 0.000000e+000 9.956707e-001
      outer loop
         vertex 2.527903e+001 8.200000e+001 2.199026e+001
         vertex 2.541811e+001 7.200001e+001 2.197809e+001
         vertex 2.541811e+001 8.200000e+001 2.197809e+001
      endloop
   endfacet
   facet normal 1.160924e-001 0.000000e+000 9.932384e-001
      outer loop
         vertex 2.541811e+001 8.200000e+001 2.197809e+001
         vertex 2.541811e+001 7.200001e+001 2.197809e+001
         vertex 2.555669e+001 7.200001e+001 2.196107e+001
      endloop
   endfacet
   facet normal 1.276422e-001 0.000000e+000 9.918203e-001
      outer loop
         vertex 2.541811e+001 8.200000e+001 2.197809e+001
         vertex 2.555669e+001 7.200001e+001 2.196107e+001
         vertex 2.555669e+001 8.200000e+001 2.196107e+001
      endloop
   endfacet
   facet normal 1.506852e-001 0.000000e+000 9.885818e-001
      outer loop
         vertex 2.555669e+001 8.200000e+001 2.196107e+001
         vertex 2.555669e+001 7.200001e+001 2.196107e+001
         vertex 2.569459e+001 7.200001e+001 2.193923e+001
      endloop
   endfacet
   facet normal 1.621784e-001 0.000000e+000 9.867615e-001
      outer loop
         vertex 2.555669e+001 8.200000e+001 2.196107e+001
         vertex 2.569459e+001 7.200001e+001 2.193923e+001
         vertex 2.569459e+001 8.200000e+001 2.193923e+001
      endloop
   endfacet
   facet normal 1.850944e-001 0.000000e+000 9.827207e-001
      outer loop
         vertex 2.569459e+001 8.200000e+001 2.193923e+001
         vertex 2.569459e+001 7.200001e+001 2.193923e+001
         vertex 2.583165e+001 7.200001e+001 2.191259e+001
      endloop
   endfacet
   facet normal 1.965171e-001 0.000000e+000 9.805004e-001
      outer loop
         vertex 2.569459e+001 8.200000e+001 2.193923e+001
         vertex 2.583165e+001 7.200001e+001 2.191259e+001
         vertex 2.583165e+001 8.200000e+001 2.191259e+001
      endloop
   endfacet
   facet normal 2.192781e-001 0.000000e+000 9.756624e-001
      outer loop
         vertex 2.583165e+001 8.200000e+001 2.191259e+001
         vertex 2.583165e+001 7.200001e+001 2.191259e+001
         vertex 2.596769e+001 7.200001e+001 2.188118e+001
      endloop
   endfacet
   facet normal 2.306164e-001 0.000000e+000 9.730448e-001
      outer loop
         vertex 2.583165e+001 8.200000e+001 2.191259e+001
         vertex 2.596769e+001 7.200001e+001 2.188118e+001
         vertex 2.596769e+001 8.200000e+001 2.188118e+001
      endloop
   endfacet
   facet normal 2.531947e-001 0.000000e+000 9.674153e-001
      outer loop
         vertex 2.596769e+001 8.200000e+001 2.188118e+001
         vertex 2.596769e+001 7.200001e+001 2.188118e+001
         vertex 2.610255e+001 7.200001e+001 2.184505e+001
      endloop
   endfacet
   facet normal 2.644347e-001 0.000000e+000 9.644036e-001
      outer loop
         vertex 2.596769e+001 8.200000e+001 2.188118e+001
         vertex 2.610255e+001 7.200001e+001 2.184505e+001
         vertex 2.610255e+001 8.200000e+001 2.184505e+001
      endloop
   endfacet
   facet normal 2.868027e-001 0.000000e+000 9.579897e-001
      outer loop
         vertex 2.610255e+001 8.200000e+001 2.184505e+001
         vertex 2.610255e+001 7.200001e+001 2.184505e+001
         vertex 2.623607e+001 7.200001e+001 2.180422e+001
      endloop
   endfacet
   facet normal 2.979308e-001 0.000000e+000 9.545875e-001
      outer loop
         vertex 2.610255e+001 8.200000e+001 2.184505e+001
         vertex 2.623607e+001 7.200001e+001 2.180422e+001
         vertex 2.623607e+001 8.200000e+001 2.180422e+001
      endloop
   endfacet
   facet normal 3.200614e-001 0.000000e+000 9.473968e-001
      outer loop
         vertex 2.623607e+001 8.200000e+001 2.180422e+001
         vertex 2.623607e+001 7.200001e+001 2.180422e+001
         vertex 2.636808e+001 7.200001e+001 2.175877e+001
      endloop
   endfacet
   facet normal 3.310639e-001 0.000000e+000 9.436083e-001
      outer loop
         vertex 2.623607e+001 8.200000e+001 2.180422e+001
         vertex 2.636808e+001 7.200001e+001 2.175877e+001
         vertex 2.636808e+001 8.200000e+001 2.175877e+001
      endloop
   endfacet
   facet normal 3.529301e-001 0.000000e+000 9.356497e-001
      outer loop
         vertex 2.636808e+001 8.200000e+001 2.175877e+001
         vertex 2.636808e+001 7.200001e+001 2.175877e+001
         vertex 2.649843e+001 7.200001e+001 2.170873e+001
      endloop
   endfacet
   facet normal 3.637937e-001 0.000000e+000 9.314795e-001
      outer loop
         vertex 2.636808e+001 8.200000e+001 2.175877e+001
         vertex 2.649843e+001 7.200001e+001 2.170873e+001
         vertex 2.649843e+001 8.200000e+001 2.170873e+001
      endloop
   endfacet
   facet normal 3.853688e-001 0.000000e+000 9.227627e-001
      outer loop
         vertex 2.649843e+001 8.200000e+001 2.170873e+001
         vertex 2.649843e+001 7.200001e+001 2.170873e+001
         vertex 2.662695e+001 7.200001e+001 2.165418e+001
      endloop
   endfacet
   facet normal 3.960803e-001 0.000000e+000 9.182159e-001
      outer loop
         vertex 2.649843e+001 8.200000e+001 2.170873e+001
         vertex 2.662695e+001 7.200001e+001 2.165418e+001
         vertex 2.662695e+001 8.200000e+001 2.165418e+001
      endloop
   endfacet
   facet normal 4.173380e-001 0.000000e+000 9.087514e-001
      outer loop
         vertex 2.662695e+001 8.200000e+001 2.165418e+001
         vertex 2.662695e+001 7.200001e+001 2.165418e+001
         vertex 2.675348e+001 7.200001e+001 2.159518e+001
      endloop
   endfacet
   facet normal 4.278843e-001 0.000000e+000 9.038336e-001
      outer loop
         vertex 2.662695e+001 8.200000e+001 2.165418e+001
         vertex 2.675348e+001 7.200001e+001 2.159518e+001
         vertex 2.675348e+001 8.200000e+001 2.159518e+001
      endloop
   endfacet
   facet normal 4.487987e-001 0.000000e+000 8.936329e-001
      outer loop
         vertex 2.675348e+001 8.200000e+001 2.159518e+001
         vertex 2.675348e+001 7.200001e+001 2.159518e+001
         vertex 2.687789e+001 7.200001e+001 2.153179e+001
      endloop
   endfacet
   facet normal 4.591669e-001 0.000000e+000 8.883500e-001
      outer loop
         vertex 2.675348e+001 8.200000e+001 2.159518e+001
         vertex 2.687789e+001 7.200001e+001 2.153179e+001
         vertex 2.687789e+001 8.200000e+001 2.153179e+001
      endloop
   endfacet
   facet normal 4.797127e-001 0.000000e+000 8.774257e-001
      outer loop
         vertex 2.687789e+001 8.200000e+001 2.153179e+001
         vertex 2.687789e+001 7.200001e+001 2.153179e+001
         vertex 2.700000e+001 7.200001e+001 2.146410e+001
      endloop
   endfacet
   facet normal 4.898902e-001 0.000000e+000 8.717842e-001
      outer loop
         vertex 2.687789e+001 8.200000e+001 2.153179e+001
         vertex 2.700000e+001 7.200001e+001 2.146410e+001
         vertex 2.700000e+001 8.200000e+001 2.146410e+001
      endloop
   endfacet
   facet normal 5.100421e-001 0.000000e+000 8.601494e-001
      outer loop
         vertex 2.700000e+001 8.200000e+001 2.146410e+001
         vertex 2.700000e+001 7.200001e+001 2.146410e+001
         vertex 2.711968e+001 7.200001e+001 2.139219e+001
      endloop
   endfacet
   facet normal 5.200166e-001 0.000000e+000 8.541561e-001
      outer loop
         vertex 2.700000e+001 8.200000e+001 2.146410e+001
         vertex 2.711968e+001 7.200001e+001 2.139219e+001
         vertex 2.711968e+001 8.200000e+001 2.139219e+001
      endloop
   endfacet
   facet normal 5.397502e-001 0.000000e+000 8.418252e-001
      outer loop
         vertex 2.711968e+001 8.200000e+001 2.139219e+001
         vertex 2.711968e+001 7.200001e+001 2.139219e+001
         vertex 2.723677e+001 7.200001e+001 2.131615e+001
      endloop
   endfacet
   facet normal 5.495094e-001 0.000000e+000 8.354875e-001
      outer loop
         vertex 2.711968e+001 8.200000e+001 2.139219e+001
         vertex 2.723677e+001 7.200001e+001 2.131615e+001
         vertex 2.723677e+001 8.200000e+001 2.131615e+001
      endloop
   endfacet
   facet normal 5.688007e-001 0.000000e+000 8.224754e-001
      outer loop
         vertex 2.723677e+001 8.200000e+001 2.131615e+001
         vertex 2.723677e+001 7.200001e+001 2.131615e+001
         vertex 2.735114e+001 7.200001e+001 2.123607e+001
      endloop
   endfacet
   facet normal 5.783327e-001 0.000000e+000 8.158010e-001
      outer loop
         vertex 2.723677e+001 8.200000e+001 2.131615e+001
         vertex 2.735114e+001 7.200001e+001 2.123607e+001
         vertex 2.735114e+001 8.200000e+001 2.123607e+001
      endloop
   endfacet
   facet normal 5.971582e-001 0.000000e+000 8.021235e-001
      outer loop
         vertex 2.735114e+001 8.200000e+001 2.123607e+001
         vertex 2.735114e+001 7.200001e+001 2.123607e+001
         vertex 2.746265e+001 7.200001e+001 2.115204e+001
      endloop
   endfacet
   facet normal 6.064515e-001 0.000000e+000 7.951205e-001
      outer loop
         vertex 2.735114e+001 8.200000e+001 2.123607e+001
         vertex 2.746265e+001 7.200001e+001 2.115204e+001
         vertex 2.746265e+001 8.200000e+001 2.115204e+001
      endloop
   endfacet
   facet normal 6.247881e-001 0.000000e+000 7.807943e-001
      outer loop
         vertex 2.746265e+001 8.200000e+001 2.115204e+001
         vertex 2.746265e+001 7.200001e+001 2.115204e+001
         vertex 2.757115e+001 7.200001e+001 2.106418e+001
      endloop
   endfacet
   facet normal 6.338314e-001 0.000000e+000 7.734712e-001
      outer loop
         vertex 2.746265e+001 8.200000e+001 2.115204e+001
         vertex 2.757115e+001 7.200001e+001 2.106418e+001
         vertex 2.757115e+001 8.200000e+001 2.106418e+001
      endloop
   endfacet
   facet normal 6.516569e-001 0.000000e+000 7.585139e-001
      outer loop
         vertex 2.757115e+001 8.200000e+001 2.106418e+001
         vertex 2.757115e+001 7.200001e+001 2.106418e+001
         vertex 2.767652e+001 7.200001e+001 2.097258e+001
      endloop
   endfacet
   facet normal 6.604390e-001 0.000000e+000 7.508796e-001
      outer loop
         vertex 2.757115e+001 8.200000e+001 2.106418e+001
         vertex 2.767652e+001 7.200001e+001 2.097258e+001
         vertex 2.767652e+001 8.200000e+001 2.097258e+001
      endloop
   endfacet
   facet normal 6.777316e-001 0.000000e+000 7.353093e-001
      outer loop
         vertex 2.767652e+001 8.200000e+001 2.097258e+001
         vertex 2.767652e+001 7.200001e+001 2.097258e+001
         vertex 2.777863e+001 7.200001e+001 2.087736e+001
      endloop
   endfacet
   facet normal 6.862420e-001 0.000000e+000 7.273733e-001
      outer loop
         vertex 2.767652e+001 8.200000e+001 2.097258e+001
         vertex 2.777863e+001 7.200001e+001 2.087736e+001
         vertex 2.777863e+001 8.200000e+001 2.087736e+001
      endloop
   endfacet
   facet normal 7.029807e-001 0.000000e+000 7.112089e-001
      outer loop
         vertex 2.777863e+001 8.200000e+001 2.087736e+001
         vertex 2.777863e+001 7.200001e+001 2.087736e+001
         vertex 2.787736e+001 7.200001e+001 2.077863e+001
      endloop
   endfacet
   facet normal 7.112090e-001 0.000000e+000 7.029806e-001
      outer loop
         vertex 2.777863e+001 8.200000e+001 2.087736e+001
         vertex 2.787736e+001 7.200001e+001 2.077863e+001
         vertex 2.787736e+001 8.200000e+001 2.077863e+001
      endloop
   endfacet
   facet normal 7.273733e-001 0.000000e+000 6.862420e-001
      outer loop
         vertex 2.787736e+001 8.200000e+001 2.077863e+001
         vertex 2.787736e+001 7.200001e+001 2.077863e+001
         vertex 2.797258e+001 7.200001e+001 2.067652e+001
      endloop
   endfacet
   facet normal 7.353093e-001 0.000000e+000 6.777316e-001
      outer loop
         vertex 2.787736e+001 8.200000e+001 2.077863e+001
         vertex 2.797258e+001 7.200001e+001 2.067652e+001
         vertex 2.797258e+001 8.200000e+001 2.067652e+001
      endloop
   endfacet
   facet normal 7.508796e-001 0.000000e+000 6.604390e-001
      outer loop
         vertex 2.797258e+001 8.200000e+001 2.067652e+001
         vertex 2.797258e+001 7.200001e+001 2.067652e+001
         vertex 2.806418e+001 7.200001e+001 2.057115e+001
      endloop
   endfacet
   facet normal 7.585139e-001 0.000000e+000 6.516569e-001
      outer loop
         vertex 2.797258e+001 8.200000e+001 2.067652e+001
         vertex 2.806418e+001 7.200001e+001 2.057115e+001
         vertex 2.806418e+001 8.200000e+001 2.057115e+001
      endloop
   endfacet
   facet normal 7.734712e-001 0.000000e+000 6.338314e-001
      outer loop
         vertex 2.806418e+001 8.200000e+001 2.057115e+001
         vertex 2.806418e+001 7.200001e+001 2.057115e+001
         vertex 2.815204e+001 7.200001e+001 2.046265e+001
      endloop
   endfacet
   facet normal 7.807944e-001 0.000000e+000 6.247881e-001
      outer loop
         vertex 2.806418e+001 8.200000e+001 2.057115e+001
         vertex 2.815204e+001 7.200001e+001 2.046265e+001
         vertex 2.815204e+001 8.200000e+001 2.046265e+001
      endloop
   endfacet
   facet normal 7.951205e-001 0.000000e+000 6.064515e-001
      outer loop
         vertex 2.815204e+001 8.200000e+001 2.046265e+001
         vertex 2.815204e+001 7.200001e+001 2.046265e+001
         vertex 2.823607e+001 7.200001e+001 2.035114e+001
      endloop
   endfacet
   facet normal 8.021235e-001 0.000000e+000 5.971582e-001
      outer loop
         vertex 2.815204e+001 8.200000e+001 2.046265e+001
         vertex 2.823607e+001 7.200001e+001 2.035114e+001
         vertex 2.823607e+001 8.200000e+001 2.035114e+001
      endloop
   endfacet
   facet normal 8.158010e-001 0.000000e+000 5.783327e-001
      outer loop
         vertex 2.823607e+001 8.200000e+001 2.035114e+001
         vertex 2.823607e+001 7.200001e+001 2.035114e+001
         vertex 2.831615e+001 7.200001e+001 2.023677e+001
      endloop
   endfacet
   facet normal 8.224754e-001 0.000000e+000 5.688007e-001
      outer loop
         vertex 2.823607e+001 8.200000e+001 2.035114e+001
         vertex 2.831615e+001 7.200001e+001 2.023677e+001
         vertex 2.831615e+001 8.200000e+001 2.023677e+001
      endloop
   endfacet
   facet normal 8.354875e-001 0.000000e+000 5.495094e-001
      outer loop
         vertex 2.831615e+001 8.200000e+001 2.023677e+001
         vertex 2.831615e+001 7.200001e+001 2.023677e+001
         vertex 2.839219e+001 7.200001e+001 2.011968e+001
      endloop
   endfacet
   facet normal 8.418252e-001 0.000000e+000 5.397502e-001
      outer loop
         vertex 2.831615e+001 8.200000e+001 2.023677e+001
         vertex 2.839219e+001 7.200001e+001 2.011968e+001
         vertex 2.839219e+001 8.200000e+001 2.011968e+001
      endloop
   endfacet
   facet normal 8.541562e-001 0.000000e+000 5.200166e-001
      outer loop
         vertex 2.839219e+001 8.200000e+001 2.011968e+001
         vertex 2.839219e+001 7.200001e+001 2.011968e+001
         vertex 2.846410e+001 7.200001e+001 2.000000e+001
      endloop
   endfacet
   facet normal 8.601494e-001 0.000000e+000 5.100421e-001
      outer loop
         vertex 2.839219e+001 8.200000e+001 2.011968e+001
         vertex 2.846410e+001 7.200001e+001 2.000000e+001
         vertex 2.846410e+001 8.200000e+001 2.000000e+001
      endloop
   endfacet
   facet normal 8.717842e-001 0.000000e+000 4.898902e-001
      outer loop
         vertex 2.846410e+001 8.200000e+001 2.000000e+001
         vertex 2.846410e+001 7.200001e+001 2.000000e+001
         vertex 2.853179e+001 7.200001e+001 1.987789e+001
      endloop
   endfacet
   facet normal 8.774256e-001 0.000000e+000 4.797127e-001
      outer loop
         vertex 2.846410e+001 8.200000e+001 2.000000e+001
         vertex 2.853179e+001 7.200001e+001 1.987789e+001
         vertex 2.853179e+001 8.200000e+001 1.987789e+001
      endloop
   endfacet
   facet normal 8.883500e-001 0.000000e+000 4.591669e-001
      outer loop
         vertex 2.853179e+001 8.200000e+001 1.987789e+001
         vertex 2.853179e+001 7.200001e+001 1.987789e+001
         vertex 2.859517e+001 7.200001e+001 1.975348e+001
      endloop
   endfacet
   facet normal 8.936329e-001 0.000000e+000 4.487987e-001
      outer loop
         vertex 2.853179e+001 8.200000e+001 1.987789e+001
         vertex 2.859517e+001 7.200001e+001 1.975348e+001
         vertex 2.859517e+001 8.200000e+001 1.975348e+001
      endloop
   endfacet
   facet normal 9.038336e-001 0.000000e+000 4.278843e-001
      outer loop
         vertex 2.859517e+001 8.200000e+001 1.975348e+001
         vertex 2.859517e+001 7.200001e+001 1.975348e+001
         vertex 2.865418e+001 7.200001e+001 1.962695e+001
      endloop
   endfacet
   facet normal 9.087514e-001 0.000000e+000 4.173380e-001
      outer loop
         vertex 2.859517e+001 8.200000e+001 1.975348e+001
         vertex 2.865418e+001 7.200001e+001 1.962695e+001
         vertex 2.865418e+001 8.200000e+001 1.962695e+001
      endloop
   endfacet
   facet normal 9.182159e-001 0.000000e+000 3.960802e-001
      outer loop
         vertex 2.865418e+001 8.200000e+001 1.962695e+001
         vertex 2.865418e+001 7.200001e+001 1.962695e+001
         vertex 2.870874e+001 7.200001e+001 1.949843e+001
      endloop
   endfacet
   facet normal 9.227627e-001 0.000000e+000 3.853688e-001
      outer loop
         vertex 2.865418e+001 8.200000e+001 1.962695e+001
         vertex 2.870874e+001 7.200001e+001 1.949843e+001
         vertex 2.870874e+001 8.200000e+001 1.949843e+001
      endloop
   endfacet
   facet normal 9.314796e-001 0.000000e+000 3.637937e-001
      outer loop
         vertex 2.870874e+001 8.200000e+001 1.949843e+001
         vertex 2.870874e+001 7.200001e+001 1.949843e+001
         vertex 2.875877e+001 7.200001e+001 1.936808e+001
      endloop
   endfacet
   facet normal 9.356497e-001 0.000000e+000 3.529301e-001
      outer loop
         vertex 2.870874e+001 8.200000e+001 1.949843e+001
         vertex 2.875877e+001 7.200001e+001 1.936808e+001
         vertex 2.875877e+001 8.200000e+001 1.936808e+001
      endloop
   endfacet
   facet normal 9.436083e-001 0.000000e+000 3.310639e-001
      outer loop
         vertex 2.875877e+001 8.200000e+001 1.936808e+001
         vertex 2.875877e+001 7.200001e+001 1.936808e+001
         vertex 2.880423e+001 7.200001e+001 1.923607e+001
      endloop
   endfacet
   facet normal 9.473968e-001 0.000000e+000 3.200614e-001
      outer loop
         vertex 2.875877e+001 8.200000e+001 1.936808e+001
         vertex 2.880423e+001 7.200001e+001 1.923607e+001
         vertex 2.880423e+001 8.200000e+001 1.923607e+001
      endloop
   endfacet
   facet normal 9.545875e-001 0.000000e+000 2.979308e-001
      outer loop
         vertex 2.880423e+001 8.200000e+001 1.923607e+001
         vertex 2.880423e+001 7.200001e+001 1.923607e+001
         vertex 2.884505e+001 7.200001e+001 1.910255e+001
      endloop
   endfacet
   facet normal 9.579897e-001 0.000000e+000 2.868027e-001
      outer loop
         vertex 2.880423e+001 8.200000e+001 1.923607e+001
         vertex 2.884505e+001 7.200001e+001 1.910255e+001
         vertex 2.884505e+001 8.200000e+001 1.910255e+001
      endloop
   endfacet
   facet normal 9.644036e-001 0.000000e+000 2.644347e-001
      outer loop
         vertex 2.884505e+001 8.200000e+001 1.910255e+001
         vertex 2.884505e+001 7.200001e+001 1.910255e+001
         vertex 2.888118e+001 7.200001e+001 1.896769e+001
      endloop
   endfacet
   facet normal 9.674153e-001 0.000000e+000 2.531947e-001
      outer loop
         vertex 2.884505e+001 8.200000e+001 1.910255e+001
         vertex 2.888118e+001 7.200001e+001 1.896769e+001
         vertex 2.888118e+001 8.200000e+001 1.896769e+001
      endloop
   endfacet
   facet normal 9.730448e-001 0.000000e+000 2.306164e-001
      outer loop
         vertex 2.888118e+001 8.200000e+001 1.896769e+001
         vertex 2.888118e+001 7.200001e+001 1.896769e+001
         vertex 2.891259e+001 7.200001e+001 1.883165e+001
      endloop
   endfacet
   facet normal 9.756624e-001 0.000000e+000 2.192781e-001
      outer loop
         vertex 2.888118e+001 8.200000e+001 1.896769e+001
         vertex 2.891259e+001 7.200001e+001 1.883165e+001
         vertex 2.891259e+001 8.200000e+001 1.883165e+001
      endloop
   endfacet
   facet normal 9.805004e-001 0.000000e+000 1.965171e-001
      outer loop
         vertex 2.891259e+001 8.200000e+001 1.883165e+001
         vertex 2.891259e+001 7.200001e+001 1.883165e+001
         vertex 2.893923e+001 7.200001e+001 1.869459e+001
      endloop
   endfacet
   facet normal 9.827207e-001 0.000000e+000 1.850944e-001
      outer loop
         vertex 2.891259e+001 8.200000e+001 1.883165e+001
         vertex 2.893923e+001 7.200001e+001 1.869459e+001
         vertex 2.893923e+001 8.200000e+001 1.869459e+001
      endloop
   endfacet
   facet normal 9.867615e-001 0.000000e+000 1.621784e-001
      outer loop
         vertex 2.893923e+001 8.200000e+001 1.869459e+001
         vertex 2.893923e+001 7.200001e+001 1.869459e+001
         vertex 2.896107e+001 7.200001e+001 1.855669e+001
      endloop
   endfacet
   facet normal 9.885818e-001 0.000000e+000 1.506852e-001
      outer loop
         vertex 2.893923e+001 8.200000e+001 1.869459e+001
         vertex 2.896107e+001 7.200001e+001 1.855669e+001
         vertex 2.896107e+001 8.200000e+001 1.855669e+001
      endloop
   endfacet
   facet normal 9.918203e-001 0.000000e+000 1.276422e-001
      outer loop
         vertex 2.896107e+001 8.200000e+001 1.855669e+001
         vertex 2.896107e+001 7.200001e+001 1.855669e+001
         vertex 2.897809e+001 7.200001e+001 1.841811e+001
      endloop
   endfacet
   facet normal 9.932384e-001 0.000000e+000 1.160924e-001
      outer loop
         vertex 2.896107e+001 8.200000e+001 1.855669e+001
         vertex 2.897809e+001 7.200001e+001 1.841811e+001
         vertex 2.897809e+001 8.200000e+001 1.841811e+001
      endloop
   endfacet
   facet normal 9.956707e-001 0.000000e+000 9.295037e-002
      outer loop
         vertex 2.897809e+001 8.200000e+001 1.841811e+001
         vertex 2.897809e+001 7.200001e+001 1.841811e+001
         vertex 2.899026e+001 7.200001e+001 1.827903e+001
      endloop
   endfacet
   facet normal 9.966849e-001 0.000000e+000 8.135815e-002
      outer loop
         vertex 2.897809e+001 8.200000e+001 1.841811e+001
         vertex 2.899026e+001 7.200001e+001 1.827903e+001
         vertex 2.899026e+001 8.200000e+001 1.827903e+001
      endloop
   endfacet
   facet normal 9.983081e-001 0.000000e+000 5.814535e-002
      outer loop
         vertex 2.899026e+001 8.200000e+001 1.827903e+001
         vertex 2.899026e+001 7.200001e+001 1.827903e+001
         vertex 2.899756e+001 7.200001e+001 1.813960e+001
      endloop
   endfacet
   facet normal 9.989172e-001 0.000000e+000 4.652479e-002
      outer loop
         vertex 2.899026e+001 8.200000e+001 1.827903e+001
         vertex 2.899756e+001 7.200001e+001 1.813960e+001
         vertex 2.899756e+001 8.200000e+001 1.813960e+001
      endloop
   endfacet
   facet normal 9.997292e-001 0.000000e+000 2.326948e-002
      outer loop
         vertex 2.899756e+001 8.200000e+001 1.813960e+001
         vertex 2.899756e+001 7.200001e+001 1.813960e+001
         vertex 2.900000e+001 7.200001e+001 1.800000e+001
      endloop
   endfacet
   facet normal 9.999323e-001 0.000000e+000 1.163474e-002
      outer loop
         vertex 2.899756e+001 8.200000e+001 1.813960e+001
         vertex 2.900000e+001 7.200001e+001 1.800000e+001
         vertex 2.900000e+001 8.200000e+001 1.800000e+001
      endloop
   endfacet
   facet normal 1.000000e+000 0.000000e+000 0.000000e+000
      outer loop
         vertex 2.900000e+001 8.200000e+001 2.000000e+000
         vertex 2.900000e+001 8.200000e+001 1.800000e+001
         vertex 2.900000e+001 7.200001e+001 2.000000e+000
      endloop
   endfacet
   facet normal 1.000000e+000 0.000000e+000 0.000000e+000
      outer loop
         vertex 2.900000e+001 7.200001e+001 2.000000e+000
         vertex 2.900000e+001 8.200000e+001 1.800000e+001
         vertex 2.900000e+001 7.200001e+001 1.800000e+001
      endloop
   endfacet
   facet normal 9.999352e-001 0.000000e+000 -1.138184e-002
      outer loop
         vertex 2.900000e+001 8.200000e+001 2.000000e+000
         vertex 2.900000e+001 7.200001e+001 2.000000e+000
         vertex 2.899942e+001 7.200001e+001 1.965859e+000
      endloop
   endfacet
   facet normal 9.997408e-001 0.000000e+000 -2.276369e-002
      outer loop
         vertex 2.900000e+001 8.200000e+001 2.000000e+000
         vertex 2.899942e+001 7.200001e+001 1.965859e+000
         vertex 2.899942e+001 8.200000e+001 1.965859e+000
      endloop
   endfacet
   facet normal 9.989637e-001 0.000000e+000 -4.551410e-002
      outer loop
         vertex 2.899942e+001 8.200000e+001 1.965859e+000
         vertex 2.899942e+001 7.200001e+001 1.965859e+000
         vertex 2.899767e+001 7.200001e+001 1.931758e+000
      endloop
   endfacet
   facet normal 9.983808e-001 0.000000e+000 -5.688269e-002
      outer loop
         vertex 2.899942e+001 8.200000e+001 1.965859e+000
         vertex 2.899767e+001 7.200001e+001 1.931758e+000
         vertex 2.899767e+001 8.200000e+001 1.931758e+000
      endloop
   endfacet
   facet normal 9.968274e-001 0.000000e+000 -7.959332e-002
      outer loop
         vertex 2.899767e+001 8.200000e+001 1.931758e+000
         vertex 2.899767e+001 7.200001e+001 1.931758e+000
         vertex 2.899476e+001 7.200001e+001 1.897735e+000
      endloop
   endfacet
   facet normal 9.958568e-001 0.000000e+000 -9.093536e-002
      outer loop
         vertex 2.899767e+001 8.200000e+001 1.931758e+000
         vertex 2.899476e+001 7.200001e+001 1.897735e+000
         vertex 2.899476e+001 8.200000e+001 1.897735e+000
      endloop
   endfacet
   facet normal 9.935289e-001 0.000000e+000 -1.135797e-001
      outer loop
         vertex 2.899476e+001 8.200000e+001 1.897735e+000
         vertex 2.899476e+001 7.200001e+001 1.897735e+000
         vertex 2.899069e+001 7.200001e+001 1.863833e+000
      endloop
   endfacet
   facet normal 9.921716e-001 0.000000e+000 -1.248820e-001
      outer loop
         vertex 2.899476e+001 8.200000e+001 1.897735e+000
         vertex 2.899069e+001 7.200001e+001 1.863833e+000
         vertex 2.899069e+001 8.200000e+001 1.863833e+000
      endloop
   endfacet
   facet normal 9.890719e-001 0.000000e+000 -1.474337e-001
      outer loop
         vertex 2.899069e+001 8.200000e+001 1.863833e+000
         vertex 2.899069e+001 7.200001e+001 1.863833e+000
         vertex 2.898546e+001 7.200001e+001 1.830089e+000
      endloop
   endfacet
   facet normal 9.873295e-001 0.000000e+000 -1.586830e-001
      outer loop
         vertex 2.899069e+001 8.200000e+001 1.863833e+000
         vertex 2.898546e+001 7.200001e+001 1.830089e+000
         vertex 2.898546e+001 8.200000e+001 1.830089e+000
      endloop
   endfacet
   facet normal 9.834618e-001 0.000000e+000 -1.811157e-001
      outer loop
         vertex 2.898546e+001 8.200000e+001 1.830089e+000
         vertex 2.898546e+001 7.200001e+001 1.830089e+000
         vertex 2.897908e+001 7.200001e+001 1.796544e+000
      endloop
   endfacet
   facet normal 9.813364e-001 0.000000e+000 -1.922991e-001
      outer loop
         vertex 2.898546e+001 8.200000e+001 1.830089e+000
         vertex 2.897908e+001 7.200001e+001 1.796544e+000
         vertex 2.897908e+001 8.200000e+001 1.796544e+000
      endloop
   endfacet
   facet normal 9.767050e-001 0.000000e+000 -2.145866e-001
      outer loop
         vertex 2.897908e+001 8.200000e+001 1.796544e+000
         vertex 2.897908e+001 7.200001e+001 1.796544e+000
         vertex 2.897157e+001 7.200001e+001 1.763235e+000
      endloop
   endfacet
   facet normal 9.741990e-001 0.000000e+000 -2.256909e-001
      outer loop
         vertex 2.897908e+001 8.200000e+001 1.796544e+000
         vertex 2.897157e+001 7.200001e+001 1.763235e+000
         vertex 2.897157e+001 8.200000e+001 1.763235e+000
      endloop
   endfacet
   facet normal 9.688093e-001 0.000000e+000 -2.478073e-001
      outer loop
         vertex 2.897157e+001 8.200000e+001 1.763235e+000
         vertex 2.897157e+001 7.200001e+001 1.763235e+000
         vertex 2.896292e+001 7.200001e+001 1.730203e+000
      endloop
   endfacet
   facet normal 9.659257e-001 0.000000e+000 -2.588195e-001
      outer loop
         vertex 2.897157e+001 8.200000e+001 1.763235e+000
         vertex 2.896292e+001 7.200001e+001 1.730203e+000
         vertex 2.896292e+001 8.200000e+001 1.730203e+000
      endloop
   endfacet
   facet normal 9.597842e-001 0.000000e+000 -2.807391e-001
      outer loop
         vertex 2.896292e+001 8.200000e+001 1.730203e+000
         vertex 2.896292e+001 7.200001e+001 1.730203e+000
         vertex 2.895314e+001 7.200001e+001 1.697485e+000
      endloop
   endfacet
   facet normal 9.565262e-001 0.000000e+000 -2.916464e-001
      outer loop
         vertex 2.896292e+001 8.200000e+001 1.730203e+000
         vertex 2.895314e+001 7.200001e+001 1.697485e+000
         vertex 2.895314e+001 8.200000e+001 1.697485e+000
      endloop
   endfacet
   facet normal 9.496399e-001 0.000000e+000 -3.133435e-001
      outer loop
         vertex 2.895314e+001 8.200000e+001 1.697485e+000
         vertex 2.895314e+001 7.200001e+001 1.697485e+000
         vertex 2.894226e+001 7.200001e+001 1.665120e+000
      endloop
   endfacet
   facet normal 9.460114e-001 0.000000e+000 -3.241332e-001
      outer loop
         vertex 2.895314e+001 8.200000e+001 1.697485e+000
         vertex 2.894226e+001 7.200001e+001 1.665120e+000
         vertex 2.894226e+001 8.200000e+001 1.665120e+000
      endloop
   endfacet
   facet normal 9.383883e-001 0.000000e+000 -3.455826e-001
      outer loop
         vertex 2.894226e+001 8.200000e+001 1.665120e+000
         vertex 2.894226e+001 7.200001e+001 1.665120e+000
         vertex 2.893028e+001 7.200001e+001 1.633146e+000
      endloop
   endfacet
   facet normal 9.343936e-001 0.000000e+000 -3.562422e-001
      outer loop
         vertex 2.894226e+001 8.200000e+001 1.665120e+000
         vertex 2.893028e+001 7.200001e+001 1.633146e+000
         vertex 2.893028e+001 8.200000e+001 1.633146e+000
      endloop
   endfacet
   facet normal 9.260427e-001 0.000000e+000 -3.774188e-001
      outer loop
         vertex 2.893028e+001 8.200000e+001 1.633146e+000
         vertex 2.893028e+001 7.200001e+001 1.633146e+000
         vertex 2.891721e+001 7.200001e+001 1.601599e+000
      endloop
   endfacet
   facet normal 9.216864e-001 0.000000e+000 -3.879358e-001
      outer loop
         vertex 2.893028e+001 8.200000e+001 1.633146e+000
         vertex 2.891721e+001 7.200001e+001 1.601599e+000
         vertex 2.891721e+001 8.200000e+001 1.601599e+000
      endloop
   endfacet
   facet normal 9.126174e-001 0.000000e+000 -4.088148e-001
      outer loop
         vertex 2.891721e+001 8.200000e+001 1.601599e+000
         vertex 2.891721e+001 7.200001e+001 1.601599e+000
         vertex 2.890307e+001 7.200001e+001 1.570516e+000
      endloop
   endfacet
   facet normal 9.079046e-001 0.000000e+000 -4.191770e-001
      outer loop
         vertex 2.891721e+001 8.200000e+001 1.601599e+000
         vertex 2.890307e+001 7.200001e+001 1.570516e+000
         vertex 2.890307e+001 8.200000e+001 1.570516e+000
      endloop
   endfacet
   facet normal 8.981279e-001 0.000000e+000 -4.397343e-001
      outer loop
         vertex 2.890307e+001 8.200000e+001 1.570516e+000
         vertex 2.890307e+001 7.200001e+001 1.570516e+000
         vertex 2.888788e+001 7.200001e+001 1.539935e+000
      endloop
   endfacet
   facet normal 8.930641e-001 0.000000e+000 -4.499294e-001
      outer loop
         vertex 2.890307e+001 8.200000e+001 1.570516e+000
         vertex 2.888788e+001 7.200001e+001 1.539935e+000
         vertex 2.888788e+001 8.200000e+001 1.539935e+000
      endloop
   endfacet
   facet normal 8.825913e-001 0.000000e+000 -4.701410e-001
      outer loop
         vertex 2.888788e+001 8.200000e+001 1.539935e+000
         vertex 2.888788e+001 7.200001e+001 1.539935e+000
         vertex 2.887166e+001 7.200001e+001 1.509889e+000
      endloop
   endfacet
   facet normal 8.771824e-001 0.000000e+000 -4.801574e-001
      outer loop
         vertex 2.888788e+001 8.200000e+001 1.539935e+000
         vertex 2.887166e+001 7.200001e+001 1.509889e+000
         vertex 2.887166e+001 8.200000e+001 1.509889e+000
      endloop
   endfacet
   facet normal 8.660257e-001 0.000000e+000 -4.999996e-001
      outer loop
         vertex 2.887166e+001 8.200000e+001 1.509889e+000
         vertex 2.887166e+001 7.200001e+001 1.509889e+000
         vertex 2.885442e+001 7.200001e+001 1.480416e+000
      endloop
   endfacet
   facet normal 8.602779e-001 0.000000e+000 -5.098254e-001
      outer loop
         vertex 2.887166e+001 8.200000e+001 1.509889e+000
         vertex 2.885442e+001 7.200001e+001 1.480416e+000
         vertex 2.885442e+001 8.200000e+001 1.480416e+000
      endloop
   endfacet
   facet normal 8.484502e-001 0.000000e+000 -5.292751e-001
      outer loop
         vertex 2.885442e+001 8.200000e+001 1.480416e+000
         vertex 2.885442e+001 7.200001e+001 1.480416e+000
         vertex 2.883618e+001 7.200001e+001 1.451548e+000
      endloop
   endfacet
   facet normal 8.423703e-001 0.000000e+000 -5.388991e-001
      outer loop
         vertex 2.885442e+001 8.200000e+001 1.480416e+000
         vertex 2.883618e+001 7.200001e+001 1.451548e+000
         vertex 2.883618e+001 8.200000e+001 1.451548e+000
      endloop
   endfacet
   facet normal 8.298855e-001 0.000000e+000 -5.579337e-001
      outer loop
         vertex 2.883618e+001 8.200000e+001 1.451548e+000
         vertex 2.883618e+001 7.200001e+001 1.451548e+000
         vertex 2.881697e+001 7.200001e+001 1.423319e+000
      endloop
   endfacet
   facet normal 8.234807e-001 0.000000e+000 -5.673443e-001
      outer loop
         vertex 2.883618e+001 8.200000e+001 1.451548e+000
         vertex 2.881697e+001 7.200001e+001 1.423319e+000
         vertex 2.881697e+001 8.200000e+001 1.423319e+000
      endloop
   endfacet
   facet normal 8.103533e-001 0.000000e+000 -5.859416e-001
      outer loop
         vertex 2.881697e+001 8.200000e+001 1.423319e+000
         vertex 2.881697e+001 7.200001e+001 1.423319e+000
         vertex 2.879680e+001 7.200001e+001 1.395763e+000
      endloop
   endfacet
   facet normal 8.036308e-001 0.000000e+000 -5.951281e-001
      outer loop
         vertex 2.881697e+001 8.200000e+001 1.423319e+000
         vertex 2.879680e+001 7.200001e+001 1.395763e+000
         vertex 2.879680e+001 8.200000e+001 1.395763e+000
      endloop
   endfacet
   facet normal 7.898762e-001 0.000000e+000 -6.132664e-001
      outer loop
         vertex 2.879680e+001 8.200000e+001 1.395763e+000
         vertex 2.879680e+001 7.200001e+001 1.395763e+000
         vertex 2.877571e+001 7.200001e+001 1.368912e+000
      endloop
   endfacet
   facet normal 7.828439e-001 0.000000e+000 -6.222181e-001
      outer loop
         vertex 2.879680e+001 8.200000e+001 1.395763e+000
         vertex 2.877571e+001 7.200001e+001 1.368912e+000
         vertex 2.877571e+001 8.200000e+001 1.368912e+000
      endloop
   endfacet
   facet normal 7.684781e-001 0.000000e+000 -6.398761e-001
      outer loop
         vertex 2.877571e+001 8.200000e+001 1.368912e+000
         vertex 2.877571e+001 7.200001e+001 1.368912e+000
         vertex 2.875371e+001 7.200001e+001 1.342796e+000
      endloop
   endfacet
   facet normal 7.611444e-001 0.000000e+000 -6.485825e-001
      outer loop
         vertex 2.877571e+001 8.200000e+001 1.368912e+000
         vertex 2.875371e+001 7.200001e+001 1.342796e+000
         vertex 2.875371e+001 8.200000e+001 1.342796e+000
      endloop
   endfacet
   facet normal 7.461840e-001 0.000000e+000 -6.657398e-001
      outer loop
         vertex 2.875371e+001 8.200000e+001 1.342796e+000
         vertex 2.875371e+001 7.200001e+001 1.342796e+000
         vertex 2.873083e+001 7.200001e+001 1.317447e+000
      endloop
   endfacet
   facet normal 7.385573e-001 0.000000e+000 -6.741906e-001
      outer loop
         vertex 2.875371e+001 8.200000e+001 1.342796e+000
         vertex 2.873083e+001 7.200001e+001 1.317447e+000
         vertex 2.873083e+001 8.200000e+001 1.317447e+000
      endloop
   endfacet
   facet normal 7.230199e-001 0.000000e+000 -6.908273e-001
      outer loop
         vertex 2.873083e+001 8.200000e+001 1.317447e+000
         vertex 2.873083e+001 7.200001e+001 1.317447e+000
         vertex 2.870711e+001 7.200001e+001 1.292893e+000
      endloop
   endfacet
   facet normal 7.151092e-001 0.000000e+000 -6.990128e-001
      outer loop
         vertex 2.873083e+001 8.200000e+001 1.317447e+000
         vertex 2.870711e+001 7.200001e+001 1.292893e+000
         vertex 2.870711e+001 8.200000e+001 1.292893e+000
      endloop
   endfacet
   facet normal 6.990128e-001 0.000000e+000 -7.151092e-001
      outer loop
         vertex 2.870711e+001 8.200000e+001 1.292893e+000
         vertex 2.870711e+001 7.200001e+001 1.292893e+000
         vertex 2.868255e+001 7.200001e+001 1.269164e+000
      endloop
   endfacet
   facet normal 6.908273e-001 0.000000e+000 -7.230199e-001
      outer loop
         vertex 2.870711e+001 8.200000e+001 1.292893e+000
         vertex 2.868255e+001 7.200001e+001 1.269164e+000
         vertex 2.868255e+001 8.200000e+001 1.269164e+000
      endloop
   endfacet
   facet normal 6.741906e-001 0.000000e+000 -7.385573e-001
      outer loop
         vertex 2.868255e+001 8.200000e+001 1.269164e+000
         vertex 2.868255e+001 7.200001e+001 1.269164e+000
         vertex 2.865720e+001 7.200001e+001 1.246287e+000
      endloop
   endfacet
   facet normal 6.657398e-001 0.000000e+000 -7.461840e-001
      outer loop
         vertex 2.868255e+001 8.200000e+001 1.269164e+000
         vertex 2.865720e+001 7.200001e+001 1.246287e+000
         vertex 2.865720e+001 8.200000e+001 1.246287e+000
      endloop
   endfacet
   facet normal 6.485825e-001 0.000000e+000 -7.611444e-001
      outer loop
         vertex 2.865720e+001 8.200000e+001 1.246287e+000
         vertex 2.865720e+001 7.200001e+001 1.246287e+000
         vertex 2.863109e+001 7.200001e+001 1.224289e+000
      endloop
   endfacet
   facet normal 6.398761e-001 0.000000e+000 -7.684781e-001
      outer loop
         vertex 2.865720e+001 8.200000e+001 1.246287e+000
         vertex 2.863109e+001 7.200001e+001 1.224289e+000
         vertex 2.863109e+001 8.200000e+001 1.224289e+000
      endloop
   endfacet
   facet normal 6.222181e-001 0.000000e+000 -7.828440e-001
      outer loop
         vertex 2.863109e+001 8.200000e+001 1.224289e+000
         vertex 2.863109e+001 7.200001e+001 1.224289e+000
         vertex 2.860423e+001 7.200001e+001 1.203195e+000
      endloop
   endfacet
   facet normal 6.132663e-001 0.000000e+000 -7.898762e-001
      outer loop
         vertex 2.863109e+001 8.200000e+001 1.224289e+000
         vertex 2.860423e+001 7.200001e+001 1.203195e+000
         vertex 2.860423e+001 8.200000e+001 1.203195e+000
      endloop
   endfacet
   facet normal 5.951281e-001 0.000000e+000 -8.036308e-001
      outer loop
         vertex 2.860423e+001 8.200000e+001 1.203195e+000
         vertex 2.860423e+001 7.200001e+001 1.203195e+000
         vertex 2.857668e+001 7.200001e+001 1.183030e+000
      endloop
   endfacet
   facet normal 5.859416e-001 0.000000e+000 -8.103533e-001
      outer loop
         vertex 2.860423e+001 8.200000e+001 1.203195e+000
         vertex 2.857668e+001 7.200001e+001 1.183030e+000
         vertex 2.857668e+001 8.200000e+001 1.183030e+000
      endloop
   endfacet
   facet normal 5.673443e-001 0.000000e+000 -8.234807e-001
      outer loop
         vertex 2.857668e+001 8.200000e+001 1.183030e+000
         vertex 2.857668e+001 7.200001e+001 1.183030e+000
         vertex 2.854845e+001 7.200001e+001 1.163818e+000
      endloop
   endfacet
   facet normal 5.579337e-001 0.000000e+000 -8.298855e-001
      outer loop
         vertex 2.857668e+001 8.200000e+001 1.183030e+000
         vertex 2.854845e+001 7.200001e+001 1.163818e+000
         vertex 2.854845e+001 8.200000e+001 1.163818e+000
      endloop
   endfacet
   facet normal 5.388991e-001 0.000000e+000 -8.423703e-001
      outer loop
         vertex 2.854845e+001 8.200000e+001 1.163818e+000
         vertex 2.854845e+001 7.200001e+001 1.163818e+000
         vertex 2.851958e+001 7.200001e+001 1.145580e+000
      endloop
   endfacet
   facet normal 5.292751e-001 0.000000e+000 -8.484502e-001
      outer loop
         vertex 2.854845e+001 8.200000e+001 1.163818e+000
         vertex 2.851958e+001 7.200001e+001 1.145580e+000
         vertex 2.851958e+001 8.200000e+001 1.145580e+000
      endloop
   endfacet
   facet normal 5.098255e-001 0.000000e+000 -8.602779e-001
      outer loop
         vertex 2.851958e+001 8.200000e+001 1.145580e+000
         vertex 2.851958e+001 7.200001e+001 1.145580e+000
         vertex 2.849011e+001 7.200001e+001 1.128339e+000
      endloop
   endfacet
   facet normal 4.999996e-001 0.000000e+000 -8.660257e-001
      outer loop
         vertex 2.851958e+001 8.200000e+001 1.145580e+000
         vertex 2.849011e+001 7.200001e+001 1.128339e+000
         vertex 2.849011e+001 8.200000e+001 1.128339e+000
      endloop
   endfacet
   facet normal 4.801574e-001 0.000000e+000 -8.771824e-001
      outer loop
         vertex 2.849011e+001 8.200000e+001 1.128339e+000
         vertex 2.849011e+001 7.200001e+001 1.128339e+000
         vertex 2.846007e+001 7.200001e+001 1.112115e+000
      endloop
   endfacet
   facet normal 4.701410e-001 0.000000e+000 -8.825913e-001
      outer loop
         vertex 2.849011e+001 8.200000e+001 1.128339e+000
         vertex 2.846007e+001 7.200001e+001 1.112115e+000
         vertex 2.846007e+001 8.200000e+001 1.112115e+000
      endloop
   endfacet
   facet normal 4.499294e-001 0.000000e+000 -8.930641e-001
      outer loop
         vertex 2.846007e+001 8.200000e+001 1.112115e+000
         vertex 2.846007e+001 7.200001e+001 1.112115e+000
         vertex 2.842948e+001 7.200001e+001 1.096925e+000
      endloop
   endfacet
   facet normal 4.397343e-001 0.000000e+000 -8.981279e-001
      outer loop
         vertex 2.846007e+001 8.200000e+001 1.112115e+000
         vertex 2.842948e+001 7.200001e+001 1.096925e+000
         vertex 2.842948e+001 8.200000e+001 1.096925e+000
      endloop
   endfacet
   facet normal 4.191770e-001 0.000000e+000 -9.079046e-001
      outer loop
         vertex 2.842948e+001 8.200000e+001 1.096925e+000
         vertex 2.842948e+001 7.200001e+001 1.096925e+000
         vertex 2.839840e+001 7.200001e+001 1.082789e+000
      endloop
   endfacet
   facet normal 4.088148e-001 0.000000e+000 -9.126173e-001
      outer loop
         vertex 2.842948e+001 8.200000e+001 1.096925e+000
         vertex 2.839840e+001 7.200001e+001 1.082789e+000
         vertex 2.839840e+001 8.200000e+001 1.082789e+000
      endloop
   endfacet
   facet normal 3.879358e-001 0.000000e+000 -9.216865e-001
      outer loop
         vertex 2.839840e+001 8.200000e+001 1.082789e+000
         vertex 2.839840e+001 7.200001e+001 1.082789e+000
         vertex 2.836685e+001 7.200001e+001 1.069721e+000
      endloop
   endfacet
   facet normal 3.774188e-001 0.000000e+000 -9.260427e-001
      outer loop
         vertex 2.839840e+001 8.200000e+001 1.082789e+000
         vertex 2.836685e+001 7.200001e+001 1.069721e+000
         vertex 2.836685e+001 8.200000e+001 1.069721e+000
      endloop
   endfacet
   facet normal 3.562422e-001 0.000000e+000 -9.343936e-001
      outer loop
         vertex 2.836685e+001 8.200000e+001 1.069721e+000
         vertex 2.836685e+001 7.200001e+001 1.069721e+000
         vertex 2.833488e+001 7.200001e+001 1.057739e+000
      endloop
   endfacet
   facet normal 3.455826e-001 0.000000e+000 -9.383883e-001
      outer loop
         vertex 2.836685e+001 8.200000e+001 1.069721e+000
         vertex 2.833488e+001 7.200001e+001 1.057739e+000
         vertex 2.833488e+001 8.200000e+001 1.057739e+000
      endloop
   endfacet
   facet normal 3.241333e-001 0.000000e+000 -9.460115e-001
      outer loop
         vertex 2.833488e+001 8.200000e+001 1.057739e+000
         vertex 2.833488e+001 7.200001e+001 1.057739e+000
         vertex 2.830251e+001 7.200001e+001 1.046855e+000
      endloop
   endfacet
   facet normal 3.133435e-001 0.000000e+000 -9.496399e-001
      outer loop
         vertex 2.833488e+001 8.200000e+001 1.057739e+000
         vertex 2.830251e+001 7.200001e+001 1.046855e+000
         vertex 2.830251e+001 8.200000e+001 1.046855e+000
      endloop
   endfacet
   facet normal 2.916464e-001 0.000000e+000 -9.565262e-001
      outer loop
         vertex 2.830251e+001 8.200000e+001 1.046855e+000
         vertex 2.830251e+001 7.200001e+001 1.046855e+000
         vertex 2.826980e+001 7.200001e+001 1.037083e+000
      endloop
   endfacet
   facet normal 2.807390e-001 0.000000e+000 -9.597842e-001
      outer loop
         vertex 2.830251e+001 8.200000e+001 1.046855e+000
         vertex 2.826980e+001 7.200001e+001 1.037083e+000
         vertex 2.826980e+001 8.200000e+001 1.037083e+000
      endloop
   endfacet
   facet normal 2.588195e-001 0.000000e+000 -9.659257e-001
      outer loop
         vertex 2.826980e+001 8.200000e+001 1.037083e+000
         vertex 2.826980e+001 7.200001e+001 1.037083e+000
         vertex 2.823676e+001 7.200001e+001 1.028433e+000
      endloop
   endfacet
   facet normal 2.478073e-001 0.000000e+000 -9.688093e-001
      outer loop
         vertex 2.826980e+001 8.200000e+001 1.037083e+000
         vertex 2.823676e+001 7.200001e+001 1.028433e+000
         vertex 2.823676e+001 8.200000e+001 1.028433e+000
      endloop
   endfacet
   facet normal 2.256909e-001 0.000000e+000 -9.741990e-001
      outer loop
         vertex 2.823676e+001 8.200000e+001 1.028433e+000
         vertex 2.823676e+001 7.200001e+001 1.028433e+000
         vertex 2.820345e+001 7.200001e+001 1.020916e+000
      endloop
   endfacet
   facet normal 2.145866e-001 0.000000e+000 -9.767050e-001
      outer loop
         vertex 2.823676e+001 8.200000e+001 1.028433e+000
         vertex 2.820345e+001 7.200001e+001 1.020916e+000
         vertex 2.820345e+001 8.200000e+001 1.020916e+000
      endloop
   endfacet
   facet normal 1.922991e-001 0.000000e+000 -9.813364e-001
      outer loop
         vertex 2.820345e+001 8.200000e+001 1.020916e+000
         vertex 2.820345e+001 7.200001e+001 1.020916e+000
         vertex 2.816991e+001 7.200001e+001 1.014540e+000
      endloop
   endfacet
   facet normal 1.811157e-001 0.000000e+000 -9.834618e-001
      outer loop
         vertex 2.820345e+001 8.200000e+001 1.020916e+000
         vertex 2.816991e+001 7.200001e+001 1.014540e+000
         vertex 2.816991e+001 8.200000e+001 1.014540e+000
      endloop
   endfacet
   facet normal 1.586830e-001 0.000000e+000 -9.873295e-001
      outer loop
         vertex 2.816991e+001 8.200000e+001 1.014540e+000
         vertex 2.816991e+001 7.200001e+001 1.014540e+000
         vertex 2.813617e+001 7.200001e+001 1.009314e+000
      endloop
   endfacet
   facet normal 1.474337e-001 0.000000e+000 -9.890719e-001
      outer loop
         vertex 2.816991e+001 8.200000e+001 1.014540e+000
         vertex 2.813617e+001 7.200001e+001 1.009314e+000
         vertex 2.813617e+001 8.200000e+001 1.009314e+000
      endloop
   endfacet
   facet normal 1.248820e-001 0.000000e+000 -9.921716e-001
      outer loop
         vertex 2.813617e+001 8.200000e+001 1.009314e+000
         vertex 2.813617e+001 7.200001e+001 1.009314e+000
         vertex 2.810226e+001 7.200001e+001 1.005243e+000
      endloop
   endfacet
   facet normal 1.135797e-001 0.000000e+000 -9.935289e-001
      outer loop
         vertex 2.813617e+001 8.200000e+001 1.009314e+000
         vertex 2.810226e+001 7.200001e+001 1.005243e+000
         vertex 2.810226e+001 8.200000e+001 1.005243e+000
      endloop
   endfacet
   facet normal 9.093536e-002 0.000000e+000 -9.958568e-001
      outer loop
         vertex 2.810226e+001 8.200000e+001 1.005243e+000
         vertex 2.810226e+001 7.200001e+001 1.005243e+000
         vertex 2.806824e+001 7.200001e+001 1.002331e+000
      endloop
   endfacet
   facet normal 7.959332e-002 0.000000e+000 -9.968274e-001
      outer loop
         vertex 2.810226e+001 8.200000e+001 1.005243e+000
         vertex 2.806824e+001 7.200001e+001 1.002331e+000
         vertex 2.806824e+001 8.200000e+001 1.002331e+000
      endloop
   endfacet
   facet normal 5.688269e-002 0.000000e+000 -9.983808e-001
      outer loop
         vertex 2.806824e+001 8.200000e+001 1.002331e+000
         vertex 2.806824e+001 7.200001e+001 1.002331e+000
         vertex 2.803414e+001 7.200001e+001 1.000583e+000
      endloop
   endfacet
   facet normal 4.551410e-002 0.000000e+000 -9.989637e-001
      outer loop
         vertex 2.806824e+001 8.200000e+001 1.002331e+000
         vertex 2.803414e+001 7.200001e+001 1.000583e+000
         vertex 2.803414e+001 8.200000e+001 1.000583e+000
      endloop
   endfacet
   facet normal 2.276369e-002 0.000000e+000 -9.997408e-001
      outer loop
         vertex 2.803414e+001 8.200000e+001 1.000583e+000
         vertex 2.803414e+001 7.200001e+001 1.000583e+000
         vertex 2.800000e+001 7.200001e+001 9.999997e-001
      endloop
   endfacet
   facet normal 1.138184e-002 0.000000e+000 -9.999352e-001
      outer loop
         vertex 2.803414e+001 8.200000e+001 1.000583e+000
         vertex 2.800000e+001 7.200001e+001 9.999997e-001
         vertex 2.800000e+001 8.200000e+001 9.999997e-001
      endloop
   endfacet
   facet normal 3.336007e-017 0.000000e+000 -1.000000e+000
      outer loop
         vertex 1.999999e+000 8.200000e+001 9.999997e-001
         vertex 2.800000e+001 8.200000e+001 9.999997e-001
         vertex 1.999999e+000 7.200001e+001 9.999997e-001
      endloop
   endfacet
   facet normal 3.336007e-017 0.000000e+000 -1.000000e+000
      outer loop
         vertex 1.999999e+000 7.200001e+001 9.999997e-001
         vertex 2.800000e+001 8.200000e+001 9.999997e-001
         vertex 2.800000e+001 7.200001e+001 9.999997e-001
      endloop
   endfacet
   facet normal -1.138184e-002 0.000000e+000 9.999352e-001
      outer loop
         vertex 2.800000e+001 8.200000e+001 1.800000e+000
         vertex 2.800000e+001 7.200001e+001 1.800000e+000
         vertex 2.800683e+001 8.200000e+001 1.800117e+000
      endloop
   endfacet
   facet normal -2.276369e-002 0.000000e+000 9.997408e-001
      outer loop
         vertex 2.800683e+001 8.200000e+001 1.800117e+000
         vertex 2.800000e+001 7.200001e+001 1.800000e+000
         vertex 2.800683e+001 7.200001e+001 1.800117e+000
      endloop
   endfacet
   facet normal -4.551410e-002 0.000000e+000 9.989637e-001
      outer loop
         vertex 2.800683e+001 8.200000e+001 1.800117e+000
         vertex 2.800683e+001 7.200001e+001 1.800117e+000
         vertex 2.801365e+001 8.200000e+001 1.800466e+000
      endloop
   endfacet
   facet normal -5.688269e-002 0.000000e+000 9.983808e-001
      outer loop
         vertex 2.801365e+001 8.200000e+001 1.800466e+000
         vertex 2.800683e+001 7.200001e+001 1.800117e+000
         vertex 2.801365e+001 7.200001e+001 1.800466e+000
      endloop
   endfacet
   facet normal -7.959332e-002 0.000000e+000 9.968274e-001
      outer loop
         vertex 2.801365e+001 8.200000e+001 1.800466e+000
         vertex 2.801365e+001 7.200001e+001 1.800466e+000
         vertex 2.802045e+001 8.200000e+001 1.801048e+000
      endloop
   endfacet
   facet normal -9.093536e-002 0.000000e+000 9.958568e-001
      outer loop
         vertex 2.802045e+001 8.200000e+001 1.801048e+000
         vertex 2.801365e+001 7.200001e+001 1.800466e+000
         vertex 2.802045e+001 7.200001e+001 1.801048e+000
      endloop
   endfacet
   facet normal -1.135797e-001 0.000000e+000 9.935289e-001
      outer loop
         vertex 2.802045e+001 8.200000e+001 1.801048e+000
         vertex 2.802045e+001 7.200001e+001 1.801048e+000
         vertex 2.802723e+001 8.200000e+001 1.801863e+000
      endloop
   endfacet
   facet normal -1.248820e-001 0.000000e+000 9.921716e-001
      outer loop
         vertex 2.802723e+001 8.200000e+001 1.801863e+000
         vertex 2.802045e+001 7.200001e+001 1.801048e+000
         vertex 2.802723e+001 7.200001e+001 1.801863e+000
      endloop
   endfacet
   facet normal -1.474337e-001 0.000000e+000 9.890719e-001
      outer loop
         vertex 2.802723e+001 8.200000e+001 1.801863e+000
         vertex 2.802723e+001 7.200001e+001 1.801863e+000
         vertex 2.803398e+001 8.200000e+001 1.802908e+000
      endloop
   endfacet
   facet normal -1.586830e-001 0.000000e+000 9.873295e-001
      outer loop
         vertex 2.803398e+001 8.200000e+001 1.802908e+000
         vertex 2.802723e+001 7.200001e+001 1.801863e+000
         vertex 2.803398e+001 7.200001e+001 1.802908e+000
      endloop
   endfacet
   facet normal -1.811157e-001 0.000000e+000 9.834618e-001
      outer loop
         vertex 2.803398e+001 8.200000e+001 1.802908e+000
         vertex 2.803398e+001 7.200001e+001 1.802908e+000
         vertex 2.804069e+001 8.200000e+001 1.804183e+000
      endloop
   endfacet
   facet normal -1.922991e-001 0.000000e+000 9.813364e-001
      outer loop
         vertex 2.804069e+001 8.200000e+001 1.804183e+000
         vertex 2.803398e+001 7.200001e+001 1.802908e+000
         vertex 2.804069e+001 7.200001e+001 1.804183e+000
      endloop
   endfacet
   facet normal -2.145866e-001 0.000000e+000 9.767050e-001
      outer loop
         vertex 2.804069e+001 8.200000e+001 1.804183e+000
         vertex 2.804069e+001 7.200001e+001 1.804183e+000
         vertex 2.804735e+001 8.200000e+001 1.805686e+000
      endloop
   endfacet
   facet normal -2.256909e-001 0.000000e+000 9.741990e-001
      outer loop
         vertex 2.804735e+001 8.200000e+001 1.805686e+000
         vertex 2.804069e+001 7.200001e+001 1.804183e+000
         vertex 2.804735e+001 7.200001e+001 1.805686e+000
      endloop
   endfacet
   facet normal -2.478073e-001 0.000000e+000 9.688093e-001
      outer loop
         vertex 2.804735e+001 8.200000e+001 1.805686e+000
         vertex 2.804735e+001 7.200001e+001 1.805686e+000
         vertex 2.805396e+001 8.200000e+001 1.807416e+000
      endloop
   endfacet
   facet normal -2.588195e-001 0.000000e+000 9.659257e-001
      outer loop
         vertex 2.805396e+001 8.200000e+001 1.807416e+000
         vertex 2.804735e+001 7.200001e+001 1.805686e+000
         vertex 2.805396e+001 7.200001e+001 1.807416e+000
      endloop
   endfacet
   facet normal -2.807391e-001 0.000000e+000 9.597842e-001
      outer loop
         vertex 2.805396e+001 8.200000e+001 1.807416e+000
         vertex 2.805396e+001 7.200001e+001 1.807416e+000
         vertex 2.806050e+001 8.200000e+001 1.809371e+000
      endloop
   endfacet
   facet normal -2.916464e-001 0.000000e+000 9.565262e-001
      outer loop
         vertex 2.806050e+001 8.200000e+001 1.809371e+000
         vertex 2.805396e+001 7.200001e+001 1.807416e+000
         vertex 2.806050e+001 7.200001e+001 1.809371e+000
      endloop
   endfacet
   facet normal -3.133435e-001 0.000000e+000 9.496399e-001
      outer loop
         vertex 2.806050e+001 8.200000e+001 1.809371e+000
         vertex 2.806050e+001 7.200001e+001 1.809371e+000
         vertex 2.806698e+001 8.200000e+001 1.811548e+000
      endloop
   endfacet
   facet normal -3.241332e-001 0.000000e+000 9.460114e-001
      outer loop
         vertex 2.806698e+001 8.200000e+001 1.811548e+000
         vertex 2.806050e+001 7.200001e+001 1.809371e+000
         vertex 2.806698e+001 7.200001e+001 1.811548e+000
      endloop
   endfacet
   facet normal -3.455826e-001 0.000000e+000 9.383883e-001
      outer loop
         vertex 2.806698e+001 8.200000e+001 1.811548e+000
         vertex 2.806698e+001 7.200001e+001 1.811548e+000
         vertex 2.807337e+001 8.200000e+001 1.813944e+000
      endloop
   endfacet
   facet normal -3.562422e-001 0.000000e+000 9.343936e-001
      outer loop
         vertex 2.807337e+001 8.200000e+001 1.813944e+000
         vertex 2.806698e+001 7.200001e+001 1.811548e+000
         vertex 2.807337e+001 7.200001e+001 1.813944e+000
      endloop
   endfacet
   facet normal -3.774188e-001 0.000000e+000 9.260427e-001
      outer loop
         vertex 2.807337e+001 8.200000e+001 1.813944e+000
         vertex 2.807337e+001 7.200001e+001 1.813944e+000
         vertex 2.807968e+001 8.200000e+001 1.816558e+000
      endloop
   endfacet
   facet normal -3.879358e-001 0.000000e+000 9.216864e-001
      outer loop
         vertex 2.807968e+001 8.200000e+001 1.816558e+000
         vertex 2.807337e+001 7.200001e+001 1.813944e+000
         vertex 2.807968e+001 7.200001e+001 1.816558e+000
      endloop
   endfacet
   facet normal -4.088148e-001 0.000000e+000 9.126174e-001
      outer loop
         vertex 2.807968e+001 8.200000e+001 1.816558e+000
         vertex 2.807968e+001 7.200001e+001 1.816558e+000
         vertex 2.808590e+001 8.200000e+001 1.819385e+000
      endloop
   endfacet
   facet normal -4.191770e-001 0.000000e+000 9.079046e-001
      outer loop
         vertex 2.808590e+001 8.200000e+001 1.819385e+000
         vertex 2.807968e+001 7.200001e+001 1.816558e+000
         vertex 2.808590e+001 7.200001e+001 1.819385e+000
      endloop
   endfacet
   facet normal -4.397343e-001 0.000000e+000 8.981279e-001
      outer loop
         vertex 2.808590e+001 8.200000e+001 1.819385e+000
         vertex 2.808590e+001 7.200001e+001 1.819385e+000
         vertex 2.809201e+001 8.200000e+001 1.822423e+000
      endloop
   endfacet
   facet normal -4.499294e-001 0.000000e+000 8.930641e-001
      outer loop
         vertex 2.809201e+001 8.200000e+001 1.822423e+000
         vertex 2.808590e+001 7.200001e+001 1.819385e+000
         vertex 2.809201e+001 7.200001e+001 1.822423e+000
      endloop
   endfacet
   facet normal -4.701410e-001 0.000000e+000 8.825913e-001
      outer loop
         vertex 2.809201e+001 8.200000e+001 1.822423e+000
         vertex 2.809201e+001 7.200001e+001 1.822423e+000
         vertex 2.809802e+001 8.200000e+001 1.825668e+000
      endloop
   endfacet
   facet normal -4.801574e-001 0.000000e+000 8.771824e-001
      outer loop
         vertex 2.809802e+001 8.200000e+001 1.825668e+000
         vertex 2.809201e+001 7.200001e+001 1.822423e+000
         vertex 2.809802e+001 7.200001e+001 1.825668e+000
      endloop
   endfacet
   facet normal -4.999996e-001 0.000000e+000 8.660257e-001
      outer loop
         vertex 2.809802e+001 8.200000e+001 1.825668e+000
         vertex 2.809802e+001 7.200001e+001 1.825668e+000
         vertex 2.810392e+001 8.200000e+001 1.829116e+000
      endloop
   endfacet
   facet normal -5.098254e-001 0.000000e+000 8.602779e-001
      outer loop
         vertex 2.810392e+001 8.200000e+001 1.829116e+000
         vertex 2.809802e+001 7.200001e+001 1.825668e+000
         vertex 2.810392e+001 7.200001e+001 1.829116e+000
      endloop
   endfacet
   facet normal -5.292751e-001 0.000000e+000 8.484502e-001
      outer loop
         vertex 2.810392e+001 8.200000e+001 1.829116e+000
         vertex 2.810392e+001 7.200001e+001 1.829116e+000
         vertex 2.810969e+001 8.200000e+001 1.832764e+000
      endloop
   endfacet
   facet normal -5.388991e-001 0.000000e+000 8.423703e-001
      outer loop
         vertex 2.810969e+001 8.200000e+001 1.832764e+000
         vertex 2.810392e+001 7.200001e+001 1.829116e+000
         vertex 2.810969e+001 7.200001e+001 1.832764e+000
      endloop
   endfacet
   facet normal -5.579337e-001 0.000000e+000 8.298855e-001
      outer loop
         vertex 2.810969e+001 8.200000e+001 1.832764e+000
         vertex 2.810969e+001 7.200001e+001 1.832764e+000
         vertex 2.811534e+001 8.200000e+001 1.836606e+000
      endloop
   endfacet
   facet normal -5.673443e-001 0.000000e+000 8.234807e-001
      outer loop
         vertex 2.811534e+001 8.200000e+001 1.836606e+000
         vertex 2.810969e+001 7.200001e+001 1.832764e+000
         vertex 2.811534e+001 7.200001e+001 1.836606e+000
      endloop
   endfacet
   facet normal -5.859416e-001 0.000000e+000 8.103533e-001
      outer loop
         vertex 2.811534e+001 8.200000e+001 1.836606e+000
         vertex 2.811534e+001 7.200001e+001 1.836606e+000
         vertex 2.812085e+001 8.200000e+001 1.840639e+000
      endloop
   endfacet
   facet normal -5.951281e-001 0.000000e+000 8.036308e-001
      outer loop
         vertex 2.812085e+001 8.200000e+001 1.840639e+000
         vertex 2.811534e+001 7.200001e+001 1.836606e+000
         vertex 2.812085e+001 7.200001e+001 1.840639e+000
      endloop
   endfacet
   facet normal -6.132664e-001 0.000000e+000 7.898762e-001
      outer loop
         vertex 2.812085e+001 8.200000e+001 1.840639e+000
         vertex 2.812085e+001 7.200001e+001 1.840639e+000
         vertex 2.812622e+001 8.200000e+001 1.844858e+000
      endloop
   endfacet
   facet normal -6.222181e-001 0.000000e+000 7.828439e-001
      outer loop
         vertex 2.812622e+001 8.200000e+001 1.844858e+000
         vertex 2.812085e+001 7.200001e+001 1.840639e+000
         vertex 2.812622e+001 7.200001e+001 1.844858e+000
      endloop
   endfacet
   facet normal -6.398761e-001 0.000000e+000 7.684781e-001
      outer loop
         vertex 2.812622e+001 8.200000e+001 1.844858e+000
         vertex 2.812622e+001 7.200001e+001 1.844858e+000
         vertex 2.813144e+001 8.200000e+001 1.849257e+000
      endloop
   endfacet
   facet normal -6.485825e-001 0.000000e+000 7.611444e-001
      outer loop
         vertex 2.813144e+001 8.200000e+001 1.849257e+000
         vertex 2.812622e+001 7.200001e+001 1.844858e+000
         vertex 2.813144e+001 7.200001e+001 1.849257e+000
      endloop
   endfacet
   facet normal -6.657398e-001 0.000000e+000 7.461840e-001
      outer loop
         vertex 2.813144e+001 8.200000e+001 1.849257e+000
         vertex 2.813144e+001 7.200001e+001 1.849257e+000
         vertex 2.813651e+001 8.200000e+001 1.853832e+000
      endloop
   endfacet
   facet normal -6.741906e-001 0.000000e+000 7.385573e-001
      outer loop
         vertex 2.813651e+001 8.200000e+001 1.853832e+000
         vertex 2.813144e+001 7.200001e+001 1.849257e+000
         vertex 2.813651e+001 7.200001e+001 1.853832e+000
      endloop
   endfacet
   facet normal -6.908273e-001 0.000000e+000 7.230199e-001
      outer loop
         vertex 2.813651e+001 8.200000e+001 1.853832e+000
         vertex 2.813651e+001 7.200001e+001 1.853832e+000
         vertex 2.814142e+001 8.200000e+001 1.858579e+000
      endloop
   endfacet
   facet normal -6.990128e-001 0.000000e+000 7.151092e-001
      outer loop
         vertex 2.814142e+001 8.200000e+001 1.858579e+000
         vertex 2.813651e+001 7.200001e+001 1.853832e+000
         vertex 2.814142e+001 7.200001e+001 1.858579e+000
      endloop
   endfacet
   facet normal -7.151092e-001 0.000000e+000 6.990128e-001
      outer loop
         vertex 2.814142e+001 8.200000e+001 1.858579e+000
         vertex 2.814142e+001 7.200001e+001 1.858579e+000
         vertex 2.814617e+001 8.200000e+001 1.863489e+000
      endloop
   endfacet
   facet normal -7.230199e-001 0.000000e+000 6.908273e-001
      outer loop
         vertex 2.814617e+001 8.200000e+001 1.863489e+000
         vertex 2.814142e+001 7.200001e+001 1.858579e+000
         vertex 2.814617e+001 7.200001e+001 1.863489e+000
      endloop
   endfacet
   facet normal -7.385573e-001 0.000000e+000 6.741906e-001
      outer loop
         vertex 2.814617e+001 8.200000e+001 1.863489e+000
         vertex 2.814617e+001 7.200001e+001 1.863489e+000
         vertex 2.815074e+001 8.200000e+001 1.868559e+000
      endloop
   endfacet
   facet normal -7.461840e-001 0.000000e+000 6.657398e-001
      outer loop
         vertex 2.815074e+001 8.200000e+001 1.868559e+000
         vertex 2.814617e+001 7.200001e+001 1.863489e+000
         vertex 2.815074e+001 7.200001e+001 1.868559e+000
      endloop
   endfacet
   facet normal -7.611444e-001 0.000000e+000 6.485825e-001
      outer loop
         vertex 2.815074e+001 8.200000e+001 1.868559e+000
         vertex 2.815074e+001 7.200001e+001 1.868559e+000
         vertex 2.815514e+001 8.200000e+001 1.873782e+000
      endloop
   endfacet
   facet normal -7.684781e-001 0.000000e+000 6.398761e-001
      outer loop
         vertex 2.815514e+001 8.200000e+001 1.873782e+000
         vertex 2.815074e+001 7.200001e+001 1.868559e+000
         vertex 2.815514e+001 7.200001e+001 1.873782e+000
      endloop
   endfacet
   facet normal -7.828440e-001 0.000000e+000 6.222181e-001
      outer loop
         vertex 2.815514e+001 8.200000e+001 1.873782e+000
         vertex 2.815514e+001 7.200001e+001 1.873782e+000
         vertex 2.815936e+001 8.200000e+001 1.879152e+000
      endloop
   endfacet
   facet normal -7.898762e-001 0.000000e+000 6.132663e-001
      outer loop
         vertex 2.815936e+001 8.200000e+001 1.879152e+000
         vertex 2.815514e+001 7.200001e+001 1.873782e+000
         vertex 2.815936e+001 7.200001e+001 1.879152e+000
      endloop
   endfacet
   facet normal -8.036308e-001 0.000000e+000 5.951281e-001
      outer loop
         vertex 2.815936e+001 8.200000e+001 1.879152e+000
         vertex 2.815936e+001 7.200001e+001 1.879152e+000
         vertex 2.816339e+001 8.200000e+001 1.884664e+000
      endloop
   endfacet
   facet normal -8.103533e-001 0.000000e+000 5.859416e-001
      outer loop
         vertex 2.816339e+001 8.200000e+001 1.884664e+000
         vertex 2.815936e+001 7.200001e+001 1.879152e+000
         vertex 2.816339e+001 7.200001e+001 1.884664e+000
      endloop
   endfacet
   facet normal -8.234807e-001 0.000000e+000 5.673443e-001
      outer loop
         vertex 2.816339e+001 8.200000e+001 1.884664e+000
         vertex 2.816339e+001 7.200001e+001 1.884664e+000
         vertex 2.816724e+001 8.200000e+001 1.890310e+000
      endloop
   endfacet
   facet normal -8.298855e-001 0.000000e+000 5.579337e-001
      outer loop
         vertex 2.816724e+001 8.200000e+001 1.890310e+000
         vertex 2.816339e+001 7.200001e+001 1.884664e+000
         vertex 2.816724e+001 7.200001e+001 1.890310e+000
      endloop
   endfacet
   facet normal -8.423703e-001 0.000000e+000 5.388991e-001
      outer loop
         vertex 2.816724e+001 8.200000e+001 1.890310e+000
         vertex 2.816724e+001 7.200001e+001 1.890310e+000
         vertex 2.817088e+001 8.200000e+001 1.896083e+000
      endloop
   endfacet
   facet normal -8.484502e-001 0.000000e+000 5.292751e-001
      outer loop
         vertex 2.817088e+001 8.200000e+001 1.896083e+000
         vertex 2.816724e+001 7.200001e+001 1.890310e+000
         vertex 2.817088e+001 7.200001e+001 1.896083e+000
      endloop
   endfacet
   facet normal -8.602779e-001 0.000000e+000 5.098255e-001
      outer loop
         vertex 2.817088e+001 8.200000e+001 1.896083e+000
         vertex 2.817088e+001 7.200001e+001 1.896083e+000
         vertex 2.817433e+001 8.200000e+001 1.901978e+000
      endloop
   endfacet
   facet normal -8.660257e-001 0.000000e+000 4.999996e-001
      outer loop
         vertex 2.817433e+001 8.200000e+001 1.901978e+000
         vertex 2.817088e+001 7.200001e+001 1.896083e+000
         vertex 2.817433e+001 7.200001e+001 1.901978e+000
      endloop
   endfacet
   facet normal -8.771824e-001 0.000000e+000 4.801574e-001
      outer loop
         vertex 2.817433e+001 8.200000e+001 1.901978e+000
         vertex 2.817433e+001 7.200001e+001 1.901978e+000
         vertex 2.817758e+001 8.200000e+001 1.907987e+000
      endloop
   endfacet
   facet normal -8.825913e-001 0.000000e+000 4.701410e-001
      outer loop
         vertex 2.817758e+001 8.200000e+001 1.907987e+000
         vertex 2.817433e+001 7.200001e+001 1.901978e+000
         vertex 2.817758e+001 7.200001e+001 1.907987e+000
      endloop
   endfacet
   facet normal -8.930641e-001 0.000000e+000 4.499294e-001
      outer loop
         vertex 2.817758e+001 8.200000e+001 1.907987e+000
         vertex 2.817758e+001 7.200001e+001 1.907987e+000
         vertex 2.818061e+001 8.200000e+001 1.914103e+000
      endloop
   endfacet
   facet normal -8.981279e-001 0.000000e+000 4.397343e-001
      outer loop
         vertex 2.818061e+001 8.200000e+001 1.914103e+000
         vertex 2.817758e+001 7.200001e+001 1.907987e+000
         vertex 2.818061e+001 7.200001e+001 1.914103e+000
      endloop
   endfacet
   facet normal -9.079046e-001 0.000000e+000 4.191770e-001
      outer loop
         vertex 2.818061e+001 8.200000e+001 1.914103e+000
         vertex 2.818061e+001 7.200001e+001 1.914103e+000
         vertex 2.818344e+001 8.200000e+001 1.920320e+000
      endloop
   endfacet
   facet normal -9.126173e-001 0.000000e+000 4.088148e-001
      outer loop
         vertex 2.818344e+001 8.200000e+001 1.920320e+000
         vertex 2.818061e+001 7.200001e+001 1.914103e+000
         vertex 2.818344e+001 7.200001e+001 1.920320e+000
      endloop
   endfacet
   facet normal -9.216865e-001 0.000000e+000 3.879358e-001
      outer loop
         vertex 2.818344e+001 8.200000e+001 1.920320e+000
         vertex 2.818344e+001 7.200001e+001 1.920320e+000
         vertex 2.818606e+001 8.200000e+001 1.926629e+000
      endloop
   endfacet
   facet normal -9.260427e-001 0.000000e+000 3.774188e-001
      outer loop
         vertex 2.818606e+001 8.200000e+001 1.926629e+000
         vertex 2.818344e+001 7.200001e+001 1.920320e+000
         vertex 2.818606e+001 7.200001e+001 1.926629e+000
      endloop
   endfacet
   facet normal -9.343936e-001 0.000000e+000 3.562422e-001
      outer loop
         vertex 2.818606e+001 8.200000e+001 1.926629e+000
         vertex 2.818606e+001 7.200001e+001 1.926629e+000
         vertex 2.818845e+001 8.200000e+001 1.933024e+000
      endloop
   endfacet
   facet normal -9.383883e-001 0.000000e+000 3.455826e-001
      outer loop
         vertex 2.818845e+001 8.200000e+001 1.933024e+000
         vertex 2.818606e+001 7.200001e+001 1.926629e+000
         vertex 2.818845e+001 7.200001e+001 1.933024e+000
      endloop
   endfacet
   facet normal -9.460115e-001 0.000000e+000 3.241333e-001
      outer loop
         vertex 2.818845e+001 8.200000e+001 1.933024e+000
         vertex 2.818845e+001 7.200001e+001 1.933024e+000
         vertex 2.819063e+001 8.200000e+001 1.939497e+000
      endloop
   endfacet
   facet normal -9.496399e-001 0.000000e+000 3.133435e-001
      outer loop
         vertex 2.819063e+001 8.200000e+001 1.939497e+000
         vertex 2.818845e+001 7.200001e+001 1.933024e+000
         vertex 2.819063e+001 7.200001e+001 1.939497e+000
      endloop
   endfacet
   facet normal -9.565262e-001 0.000000e+000 2.916464e-001
      outer loop
         vertex 2.819063e+001 8.200000e+001 1.939497e+000
         vertex 2.819063e+001 7.200001e+001 1.939497e+000
         vertex 2.819258e+001 8.200000e+001 1.946040e+000
      endloop
   endfacet
   facet normal -9.597842e-001 0.000000e+000 2.807390e-001
      outer loop
         vertex 2.819258e+001 8.200000e+001 1.946040e+000
         vertex 2.819063e+001 7.200001e+001 1.939497e+000
         vertex 2.819258e+001 7.200001e+001 1.946040e+000
      endloop
   endfacet
   facet normal -9.659257e-001 0.000000e+000 2.588195e-001
      outer loop
         vertex 2.819258e+001 8.200000e+001 1.946040e+000
         vertex 2.819258e+001 7.200001e+001 1.946040e+000
         vertex 2.819431e+001 8.200000e+001 1.952647e+000
      endloop
   endfacet
   facet normal -9.688093e-001 0.000000e+000 2.478073e-001
      outer loop
         vertex 2.819431e+001 8.200000e+001 1.952647e+000
         vertex 2.819258e+001 7.200001e+001 1.946040e+000
         vertex 2.819431e+001 7.200001e+001 1.952647e+000
      endloop
   endfacet
   facet normal -9.741990e-001 0.000000e+000 2.256909e-001
      outer loop
         vertex 2.819431e+001 8.200000e+001 1.952647e+000
         vertex 2.819431e+001 7.200001e+001 1.952647e+000
         vertex 2.819582e+001 8.200000e+001 1.959309e+000
      endloop
   endfacet
   facet normal -9.767050e-001 0.000000e+000 2.145866e-001
      outer loop
         vertex 2.819582e+001 8.200000e+001 1.959309e+000
         vertex 2.819431e+001 7.200001e+001 1.952647e+000
         vertex 2.819582e+001 7.200001e+001 1.959309e+000
      endloop
   endfacet
   facet normal -9.813364e-001 0.000000e+000 1.922991e-001
      outer loop
         vertex 2.819582e+001 8.200000e+001 1.959309e+000
         vertex 2.819582e+001 7.200001e+001 1.959309e+000
         vertex 2.819709e+001 8.200000e+001 1.966018e+000
      endloop
   endfacet
   facet normal -9.834618e-001 0.000000e+000 1.811157e-001
      outer loop
         vertex 2.819709e+001 8.200000e+001 1.966018e+000
         vertex 2.819582e+001 7.200001e+001 1.959309e+000
         vertex 2.819709e+001 7.200001e+001 1.966018e+000
      endloop
   endfacet
   facet normal -9.873295e-001 0.000000e+000 1.586830e-001
      outer loop
         vertex 2.819709e+001 8.200000e+001 1.966018e+000
         vertex 2.819709e+001 7.200001e+001 1.966018e+000
         vertex 2.819814e+001 8.200000e+001 1.972767e+000
      endloop
   endfacet
   facet normal -9.890719e-001 0.000000e+000 1.474337e-001
      outer loop
         vertex 2.819814e+001 8.200000e+001 1.972767e+000
         vertex 2.819709e+001 7.200001e+001 1.966018e+000
         vertex 2.819814e+001 7.200001e+001 1.972767e+000
      endloop
   endfacet
   facet normal -9.921716e-001 0.000000e+000 1.248820e-001
      outer loop
         vertex 2.819814e+001 8.200000e+001 1.972767e+000
         vertex 2.819814e+001 7.200001e+001 1.972767e+000
         vertex 2.819895e+001 8.200000e+001 1.979547e+000
      endloop
   endfacet
   facet normal -9.935289e-001 0.000000e+000 1.135797e-001
      outer loop
         vertex 2.819895e+001 8.200000e+001 1.979547e+000
         vertex 2.819814e+001 7.200001e+001 1.972767e+000
         vertex 2.819895e+001 7.200001e+001 1.979547e+000
      endloop
   endfacet
   facet normal -9.958568e-001 0.000000e+000 9.093536e-002
      outer loop
         vertex 2.819895e+001 8.200000e+001 1.979547e+000
         vertex 2.819895e+001 7.200001e+001 1.979547e+000
         vertex 2.819954e+001 8.200000e+001 1.986351e+000
      endloop
   endfacet
   facet normal -9.968274e-001 0.000000e+000 7.959332e-002
      outer loop
         vertex 2.819954e+001 8.200000e+001 1.986351e+000
         vertex 2.819895e+001 7.200001e+001 1.979547e+000
         vertex 2.819954e+001 7.200001e+001 1.986351e+000
      endloop
   endfacet
   facet normal -9.983808e-001 0.000000e+000 5.688269e-002
      outer loop
         vertex 2.819954e+001 8.200000e+001 1.986351e+000
         vertex 2.819954e+001 7.200001e+001 1.986351e+000
         vertex 2.819988e+001 8.200000e+001 1.993172e+000
      endloop
   endfacet
   facet normal -9.989637e-001 0.000000e+000 4.551410e-002
      outer loop
         vertex 2.819988e+001 8.200000e+001 1.993172e+000
         vertex 2.819954e+001 7.200001e+001 1.986351e+000
         vertex 2.819988e+001 7.200001e+001 1.993172e+000
      endloop
   endfacet
   facet normal -9.997408e-001 0.000000e+000 2.276369e-002
      outer loop
         vertex 2.819988e+001 8.200000e+001 1.993172e+000
         vertex 2.819988e+001 7.200001e+001 1.993172e+000
         vertex 2.820000e+001 8.200000e+001 2.000000e+000
      endloop
   endfacet
   facet normal -9.999352e-001 0.000000e+000 1.138184e-002
      outer loop
         vertex 2.820000e+001 8.200000e+001 2.000000e+000
         vertex 2.819988e+001 7.200001e+001 1.993172e+000
         vertex 2.820000e+001 7.200001e+001 2.000000e+000
      endloop
   endfacet
   facet normal 0.000000e+000 0.000000e+000 1.000000e+000
      outer loop
         vertex 2.800000e+001 8.200000e+001 1.800000e+000
         vertex 1.999999e+000 8.200000e+001 1.800000e+000
         vertex 2.800000e+001 7.200001e+001 1.800000e+000
      endloop
   endfacet
   facet normal 0.000000e+000 0.000000e+000 1.000000e+000
      outer loop
         vertex 2.800000e+001 7.200001e+001 1.800000e+000
         vertex 1.999999e+000 8.200000e+001 1.800000e+000
         vertex 1.999999e+000 7.200001e+001 1.800000e+000
      endloop
   endfacet
   facet normal 9.999323e-001 0.000000e+000 1.163474e-002
      outer loop
         vertex 1.800000e+000 8.200000e+001 2.000000e+000
         vertex 1.800000e+000 7.200001e+001 2.000000e+000
         vertex 1.800122e+000 8.200000e+001 1.993020e+000
      endloop
   endfacet
   facet normal 9.997292e-001 0.000000e+000 2.326948e-002
      outer loop
         vertex 1.800122e+000 8.200000e+001 1.993020e+000
         vertex 1.800000e+000 7.200001e+001 2.000000e+000
         vertex 1.800122e+000 7.200001e+001 1.993020e+000
      endloop
   endfacet
   facet normal 9.989172e-001 0.000000e+000 4.652479e-002
      outer loop
         vertex 1.800122e+000 8.200000e+001 1.993020e+000
         vertex 1.800122e+000 7.200001e+001 1.993020e+000
         vertex 1.800487e+000 8.200000e+001 1.986049e+000
      endloop
   endfacet
   facet normal 9.983081e-001 0.000000e+000 5.814535e-002
      outer loop
         vertex 1.800487e+000 8.200000e+001 1.986049e+000
         vertex 1.800122e+000 7.200001e+001 1.993020e+000
         vertex 1.800487e+000 7.200001e+001 1.986049e+000
      endloop
   endfacet
   facet normal 9.966849e-001 0.000000e+000 8.135815e-002
      outer loop
         vertex 1.800487e+000 8.200000e+001 1.986049e+000
         vertex 1.800487e+000 7.200001e+001 1.986049e+000
         vertex 1.801095e+000 8.200000e+001 1.979094e+000
      endloop
   endfacet
   facet normal 9.956707e-001 0.000000e+000 9.295038e-002
      outer loop
         vertex 1.801095e+000 8.200000e+001 1.979094e+000
         vertex 1.800487e+000 7.200001e+001 1.986049e+000
         vertex 1.801095e+000 7.200001e+001 1.979094e+000
      endloop
   endfacet
   facet normal 9.932384e-001 0.000000e+000 1.160924e-001
      outer loop
         vertex 1.801095e+000 8.200000e+001 1.979094e+000
         vertex 1.801095e+000 7.200001e+001 1.979094e+000
         vertex 1.801946e+000 8.200000e+001 1.972165e+000
      endloop
   endfacet
   facet normal 9.918203e-001 0.000000e+000 1.276422e-001
      outer loop
         vertex 1.801946e+000 8.200000e+001 1.972165e+000
         vertex 1.801095e+000 7.200001e+001 1.979094e+000
         vertex 1.801946e+000 7.200001e+001 1.972165e+000
      endloop
   endfacet
   facet normal 9.885818e-001 0.000000e+000 1.506852e-001
      outer loop
         vertex 1.801946e+000 8.200000e+001 1.972165e+000
         vertex 1.801946e+000 7.200001e+001 1.972165e+000
         vertex 1.803039e+000 8.200000e+001 1.965270e+000
      endloop
   endfacet
   facet normal 9.867615e-001 0.000000e+000 1.621784e-001
      outer loop
         vertex 1.803039e+000 8.200000e+001 1.965270e+000
         vertex 1.801946e+000 7.200001e+001 1.972165e+000
         vertex 1.803039e+000 7.200001e+001 1.965270e+000
      endloop
   endfacet
   facet normal 9.827207e-001 0.000000e+000 1.850944e-001
      outer loop
         vertex 1.803039e+000 8.200000e+001 1.965270e+000
         vertex 1.803039e+000 7.200001e+001 1.965270e+000
         vertex 1.804370e+000 8.200000e+001 1.958418e+000
      endloop
   endfacet
   facet normal 9.805004e-001 0.000000e+000 1.965171e-001
      outer loop
         vertex 1.804370e+000 8.200000e+001 1.958418e+000
         vertex 1.803039e+000 7.200001e+001 1.965270e+000
         vertex 1.804370e+000 7.200001e+001 1.958418e+000
      endloop
   endfacet
   facet normal 9.756624e-001 0.000000e+000 2.192781e-001
      outer loop
         vertex 1.804370e+000 8.200000e+001 1.958418e+000
         vertex 1.804370e+000 7.200001e+001 1.958418e+000
         vertex 1.805941e+000 8.200000e+001 1.951615e+000
      endloop
   endfacet
   facet normal 9.730448e-001 0.000000e+000 2.306164e-001
      outer loop
         vertex 1.805941e+000 8.200000e+001 1.951615e+000
         vertex 1.804370e+000 7.200001e+001 1.958418e+000
         vertex 1.805941e+000 7.200001e+001 1.951615e+000
      endloop
   endfacet
   facet normal 9.674153e-001 0.000000e+000 2.531947e-001
      outer loop
         vertex 1.805941e+000 8.200000e+001 1.951615e+000
         vertex 1.805941e+000 7.200001e+001 1.951615e+000
         vertex 1.807747e+000 8.200000e+001 1.944872e+000
      endloop
   endfacet
   facet normal 9.644036e-001 0.000000e+000 2.644347e-001
      outer loop
         vertex 1.807747e+000 8.200000e+001 1.944872e+000
         vertex 1.805941e+000 7.200001e+001 1.951615e+000
         vertex 1.807747e+000 7.200001e+001 1.944872e+000
      endloop
   endfacet
   facet normal 9.579897e-001 0.000000e+000 2.868027e-001
      outer loop
         vertex 1.807747e+000 8.200000e+001 1.944872e+000
         vertex 1.807747e+000 7.200001e+001 1.944872e+000
         vertex 1.809789e+000 8.200000e+001 1.938196e+000
      endloop
   endfacet
   facet normal 9.545875e-001 0.000000e+000 2.979308e-001
      outer loop
         vertex 1.809789e+000 8.200000e+001 1.938196e+000
         vertex 1.807747e+000 7.200001e+001 1.944872e+000
         vertex 1.809789e+000 7.200001e+001 1.938196e+000
      endloop
   endfacet
   facet normal 9.473968e-001 0.000000e+000 3.200614e-001
      outer loop
         vertex 1.809789e+000 8.200000e+001 1.938196e+000
         vertex 1.809789e+000 7.200001e+001 1.938196e+000
         vertex 1.812061e+000 8.200000e+001 1.931596e+000
      endloop
   endfacet
   facet normal 9.436083e-001 0.000000e+000 3.310639e-001
      outer loop
         vertex 1.812061e+000 8.200000e+001 1.931596e+000
         vertex 1.809789e+000 7.200001e+001 1.938196e+000
         vertex 1.812061e+000 7.200001e+001 1.931596e+000
      endloop
   endfacet
   facet normal 9.356497e-001 0.000000e+000 3.529301e-001
      outer loop
         vertex 1.812061e+000 8.200000e+001 1.931596e+000
         vertex 1.812061e+000 7.200001e+001 1.931596e+000
         vertex 1.814563e+000 8.200000e+001 1.925079e+000
      endloop
   endfacet
   facet normal 9.314795e-001 0.000000e+000 3.637937e-001
      outer loop
         vertex 1.814563e+000 8.200000e+001 1.925079e+000
         vertex 1.812061e+000 7.200001e+001 1.931596e+000
         vertex 1.814563e+000 7.200001e+001 1.925079e+000
      endloop
   endfacet
   facet normal 9.227627e-001 0.000000e+000 3.853688e-001
      outer loop
         vertex 1.814563e+000 8.200000e+001 1.925079e+000
         vertex 1.814563e+000 7.200001e+001 1.925079e+000
         vertex 1.817291e+000 8.200000e+001 1.918653e+000
      endloop
   endfacet
   facet normal 9.182159e-001 0.000000e+000 3.960803e-001
      outer loop
         vertex 1.817291e+000 8.200000e+001 1.918653e+000
         vertex 1.814563e+000 7.200001e+001 1.925079e+000
         vertex 1.817291e+000 7.200001e+001 1.918653e+000
      endloop
   endfacet
   facet normal 9.087514e-001 0.000000e+000 4.173380e-001
      outer loop
         vertex 1.817291e+000 8.200000e+001 1.918653e+000
         vertex 1.817291e+000 7.200001e+001 1.918653e+000
         vertex 1.820241e+000 8.200000e+001 1.912326e+000
      endloop
   endfacet
   facet normal 9.038336e-001 0.000000e+000 4.278843e-001
      outer loop
         vertex 1.820241e+000 8.200000e+001 1.912326e+000
         vertex 1.817291e+000 7.200001e+001 1.918653e+000
         vertex 1.820241e+000 7.200001e+001 1.912326e+000
      endloop
   endfacet
   facet normal 8.936329e-001 0.000000e+000 4.487987e-001
      outer loop
         vertex 1.820241e+000 8.200000e+001 1.912326e+000
         vertex 1.820241e+000 7.200001e+001 1.912326e+000
         vertex 1.823410e+000 8.200000e+001 1.906106e+000
      endloop
   endfacet
   facet normal 8.883500e-001 0.000000e+000 4.591669e-001
      outer loop
         vertex 1.823410e+000 8.200000e+001 1.906106e+000
         vertex 1.820241e+000 7.200001e+001 1.912326e+000
         vertex 1.823410e+000 7.200001e+001 1.906106e+000
      endloop
   endfacet
   facet normal 8.774257e-001 0.000000e+000 4.797127e-001
      outer loop
         vertex 1.823410e+000 8.200000e+001 1.906106e+000
         vertex 1.823410e+000 7.200001e+001 1.906106e+000
         vertex 1.826795e+000 8.200000e+001 1.900000e+000
      endloop
   endfacet
   facet normal 8.717842e-001 0.000000e+000 4.898902e-001
      outer loop
         vertex 1.826795e+000 8.200000e+001 1.900000e+000
         vertex 1.823410e+000 7.200001e+001 1.906106e+000
         vertex 1.826795e+000 7.200001e+001 1.900000e+000
      endloop
   endfacet
   facet normal 8.601494e-001 0.000000e+000 5.100421e-001
      outer loop
         vertex 1.826795e+000 8.200000e+001 1.900000e+000
         vertex 1.826795e+000 7.200001e+001 1.900000e+000
         vertex 1.830390e+000 8.200000e+001 1.894016e+000
      endloop
   endfacet
   facet normal 8.541561e-001 0.000000e+000 5.200166e-001
      outer loop
         vertex 1.830390e+000 8.200000e+001 1.894016e+000
         vertex 1.826795e+000 7.200001e+001 1.900000e+000
         vertex 1.830390e+000 7.200001e+001 1.894016e+000
      endloop
   endfacet
   facet normal 8.418252e-001 0.000000e+000 5.397502e-001
      outer loop
         vertex 1.830390e+000 8.200000e+001 1.894016e+000
         vertex 1.830390e+000 7.200001e+001 1.894016e+000
         vertex 1.834192e+000 8.200000e+001 1.888162e+000
      endloop
   endfacet
   facet normal 8.354875e-001 0.000000e+000 5.495094e-001
      outer loop
         vertex 1.834192e+000 8.200000e+001 1.888162e+000
         vertex 1.830390e+000 7.200001e+001 1.894016e+000
         vertex 1.834192e+000 7.200001e+001 1.888162e+000
      endloop
   endfacet
   facet normal 8.224754e-001 0.000000e+000 5.688007e-001
      outer loop
         vertex 1.834192e+000 8.200000e+001 1.888162e+000
         vertex 1.834192e+000 7.200001e+001 1.888162e+000
         vertex 1.838196e+000 8.200000e+001 1.882443e+000
      endloop
   endfacet
   facet normal 8.158010e-001 0.000000e+000 5.783327e-001
      outer loop
         vertex 1.838196e+000 8.200000e+001 1.882443e+000
         vertex 1.834192e+000 7.200001e+001 1.888162e+000
         vertex 1.838196e+000 7.200001e+001 1.882443e+000
      endloop
   endfacet
   facet normal 8.021235e-001 0.000000e+000 5.971582e-001
      outer loop
         vertex 1.838196e+000 8.200000e+001 1.882443e+000
         vertex 1.838196e+000 7.200001e+001 1.882443e+000
         vertex 1.842397e+000 8.200000e+001 1.876867e+000
      endloop
   endfacet
   facet normal 7.951205e-001 0.000000e+000 6.064515e-001
      outer loop
         vertex 1.842397e+000 8.200000e+001 1.876867e+000
         vertex 1.838196e+000 7.200001e+001 1.882443e+000
         vertex 1.842397e+000 7.200001e+001 1.876867e+000
      endloop
   endfacet
   facet normal 7.807943e-001 0.000000e+000 6.247881e-001
      outer loop
         vertex 1.842397e+000 8.200000e+001 1.876867e+000
         vertex 1.842397e+000 7.200001e+001 1.876867e+000
         vertex 1.846791e+000 8.200000e+001 1.871442e+000
      endloop
   endfacet
   facet normal 7.734712e-001 0.000000e+000 6.338314e-001
      outer loop
         vertex 1.846791e+000 8.200000e+001 1.871442e+000
         vertex 1.842397e+000 7.200001e+001 1.876867e+000
         vertex 1.846791e+000 7.200001e+001 1.871442e+000
      endloop
   endfacet
   facet normal 7.585139e-001 0.000000e+000 6.516569e-001
      outer loop
         vertex 1.846791e+000 8.200000e+001 1.871442e+000
         vertex 1.846791e+000 7.200001e+001 1.871442e+000
         vertex 1.851371e+000 8.200000e+001 1.866174e+000
      endloop
   endfacet
   facet normal 7.508796e-001 0.000000e+000 6.604390e-001
      outer loop
         vertex 1.851371e+000 8.200000e+001 1.866174e+000
         vertex 1.846791e+000 7.200001e+001 1.871442e+000
         vertex 1.851371e+000 7.200001e+001 1.866174e+000
      endloop
   endfacet
   facet normal 7.353093e-001 0.000000e+000 6.777316e-001
      outer loop
         vertex 1.851371e+000 8.200000e+001 1.866174e+000
         vertex 1.851371e+000 7.200001e+001 1.866174e+000
         vertex 1.856131e+000 8.200000e+001 1.861068e+000
      endloop
   endfacet
   facet normal 7.273733e-001 0.000000e+000 6.862420e-001
      outer loop
         vertex 1.856131e+000 8.200000e+001 1.861068e+000
         vertex 1.851371e+000 7.200001e+001 1.866174e+000
         vertex 1.856131e+000 7.200001e+001 1.861068e+000
      endloop
   endfacet
   facet normal 7.112089e-001 0.000000e+000 7.029807e-001
      outer loop
         vertex 1.856131e+000 8.200000e+001 1.861068e+000
         vertex 1.856131e+000 7.200001e+001 1.861068e+000
         vertex 1.861068e+000 8.200000e+001 1.856132e+000
      endloop
   endfacet
   facet normal 7.029806e-001 0.000000e+000 7.112090e-001
      outer loop
         vertex 1.861068e+000 8.200000e+001 1.856132e+000
         vertex 1.856131e+000 7.200001e+001 1.861068e+000
         vertex 1.861068e+000 7.200001e+001 1.856132e+000
      endloop
   endfacet
   facet normal 6.862420e-001 0.000000e+000 7.273733e-001
      outer loop
         vertex 1.861068e+000 8.200000e+001 1.856132e+000
         vertex 1.861068e+000 7.200001e+001 1.856132e+000
         vertex 1.866174e+000 8.200000e+001 1.851371e+000
      endloop
   endfacet
   facet normal 6.777316e-001 0.000000e+000 7.353093e-001
      outer loop
         vertex 1.866174e+000 8.200000e+001 1.851371e+000
         vertex 1.861068e+000 7.200001e+001 1.856132e+000
         vertex 1.866174e+000 7.200001e+001 1.851371e+000
      endloop
   endfacet
   facet normal 6.604390e-001 0.000000e+000 7.508796e-001
      outer loop
         vertex 1.866174e+000 8.200000e+001 1.851371e+000
         vertex 1.866174e+000 7.200001e+001 1.851371e+000
         vertex 1.871442e+000 8.200000e+001 1.846791e+000
      endloop
   endfacet
   facet normal 6.516569e-001 0.000000e+000 7.585139e-001
      outer loop
         vertex 1.871442e+000 8.200000e+001 1.846791e+000
         vertex 1.866174e+000 7.200001e+001 1.851371e+000
         vertex 1.871442e+000 7.200001e+001 1.846791e+000
      endloop
   endfacet
   facet normal 6.338314e-001 0.000000e+000 7.734712e-001
      outer loop
         vertex 1.871442e+000 8.200000e+001 1.846791e+000
         vertex 1.871442e+000 7.200001e+001 1.846791e+000
         vertex 1.876867e+000 8.200000e+001 1.842398e+000
      endloop
   endfacet
   facet normal 6.247881e-001 0.000000e+000 7.807944e-001
      outer loop
         vertex 1.876867e+000 8.200000e+001 1.842398e+000
         vertex 1.871442e+000 7.200001e+001 1.846791e+000
         vertex 1.876867e+000 7.200001e+001 1.842398e+000
      endloop
   endfacet
   facet normal 6.064515e-001 0.000000e+000 7.951205e-001
      outer loop
         vertex 1.876867e+000 8.200000e+001 1.842398e+000
         vertex 1.876867e+000 7.200001e+001 1.842398e+000
         vertex 1.882442e+000 8.200000e+001 1.838197e+000
      endloop
   endfacet
   facet normal 5.971582e-001 0.000000e+000 8.021235e-001
      outer loop
         vertex 1.882442e+000 8.200000e+001 1.838197e+000
         vertex 1.876867e+000 7.200001e+001 1.842398e+000
         vertex 1.882442e+000 7.200001e+001 1.838197e+000
      endloop
   endfacet
   facet normal 5.783327e-001 0.000000e+000 8.158010e-001
      outer loop
         vertex 1.882442e+000 8.200000e+001 1.838197e+000
         vertex 1.882442e+000 7.200001e+001 1.838197e+000
         vertex 1.888162e+000 8.200000e+001 1.834192e+000
      endloop
   endfacet
   facet normal 5.688007e-001 0.000000e+000 8.224754e-001
      outer loop
         vertex 1.888162e+000 8.200000e+001 1.834192e+000
         vertex 1.882442e+000 7.200001e+001 1.838197e+000
         vertex 1.888162e+000 7.200001e+001 1.834192e+000
      endloop
   endfacet
   facet normal 5.495094e-001 0.000000e+000 8.354875e-001
      outer loop
         vertex 1.888162e+000 8.200000e+001 1.834192e+000
         vertex 1.888162e+000 7.200001e+001 1.834192e+000
         vertex 1.894016e+000 8.200000e+001 1.830390e+000
      endloop
   endfacet
   facet normal 5.397502e-001 0.000000e+000 8.418252e-001
      outer loop
         vertex 1.894016e+000 8.200000e+001 1.830390e+000
         vertex 1.888162e+000 7.200001e+001 1.834192e+000
         vertex 1.894016e+000 7.200001e+001 1.830390e+000
      endloop
   endfacet
   facet normal 5.200166e-001 0.000000e+000 8.541562e-001
      outer loop
         vertex 1.894016e+000 8.200000e+001 1.830390e+000
         vertex 1.894016e+000 7.200001e+001 1.830390e+000
         vertex 1.900000e+000 8.200000e+001 1.826795e+000
      endloop
   endfacet
   facet normal 5.100421e-001 0.000000e+000 8.601494e-001
      outer loop
         vertex 1.900000e+000 8.200000e+001 1.826795e+000
         vertex 1.894016e+000 7.200001e+001 1.830390e+000
         vertex 1.900000e+000 7.200001e+001 1.826795e+000
      endloop
   endfacet
   facet normal 4.898902e-001 0.000000e+000 8.717842e-001
      outer loop
         vertex 1.900000e+000 8.200000e+001 1.826795e+000
         vertex 1.900000e+000 7.200001e+001 1.826795e+000
         vertex 1.906105e+000 8.200000e+001 1.823410e+000
      endloop
   endfacet
   facet normal 4.797127e-001 0.000000e+000 8.774256e-001
      outer loop
         vertex 1.906105e+000 8.200000e+001 1.823410e+000
         vertex 1.900000e+000 7.200001e+001 1.826795e+000
         vertex 1.906105e+000 7.200001e+001 1.823410e+000
      endloop
   endfacet
   facet normal 4.591669e-001 0.000000e+000 8.883500e-001
      outer loop
         vertex 1.906105e+000 8.200000e+001 1.823410e+000
         vertex 1.906105e+000 7.200001e+001 1.823410e+000
         vertex 1.912326e+000 8.200000e+001 1.820241e+000
      endloop
   endfacet
   facet normal 4.487987e-001 0.000000e+000 8.936329e-001
      outer loop
         vertex 1.912326e+000 8.200000e+001 1.820241e+000
         vertex 1.906105e+000 7.200001e+001 1.823410e+000
         vertex 1.912326e+000 7.200001e+001 1.820241e+000
      endloop
   endfacet
   facet normal 4.278843e-001 0.000000e+000 9.038336e-001
      outer loop
         vertex 1.912326e+000 8.200000e+001 1.820241e+000
         vertex 1.912326e+000 7.200001e+001 1.820241e+000
         vertex 1.918652e+000 8.200000e+001 1.817291e+000
      endloop
   endfacet
   facet normal 4.173380e-001 0.000000e+000 9.087514e-001
      outer loop
         vertex 1.918652e+000 8.200000e+001 1.817291e+000
         vertex 1.912326e+000 7.200001e+001 1.820241e+000
         vertex 1.918652e+000 7.200001e+001 1.817291e+000
      endloop
   endfacet
   facet normal 3.960802e-001 0.000000e+000 9.182159e-001
      outer loop
         vertex 1.918652e+000 8.200000e+001 1.817291e+000
         vertex 1.918652e+000 7.200001e+001 1.817291e+000
         vertex 1.925078e+000 8.200000e+001 1.814563e+000
      endloop
   endfacet
   facet normal 3.853688e-001 0.000000e+000 9.227627e-001
      outer loop
         vertex 1.925078e+000 8.200000e+001 1.814563e+000
         vertex 1.918652e+000 7.200001e+001 1.817291e+000
         vertex 1.925078e+000 7.200001e+001 1.814563e+000
      endloop
   endfacet
   facet normal 3.637937e-001 0.000000e+000 9.314796e-001
      outer loop
         vertex 1.925078e+000 8.200000e+001 1.814563e+000
         vertex 1.925078e+000 7.200001e+001 1.814563e+000
         vertex 1.931596e+000 8.200000e+001 1.812061e+000
      endloop
   endfacet
   facet normal 3.529301e-001 0.000000e+000 9.356497e-001
      outer loop
         vertex 1.931596e+000 8.200000e+001 1.812061e+000
         vertex 1.925078e+000 7.200001e+001 1.814563e+000
         vertex 1.931596e+000 7.200001e+001 1.812061e+000
      endloop
   endfacet
   facet normal 3.310639e-001 0.000000e+000 9.436083e-001
      outer loop
         vertex 1.931596e+000 8.200000e+001 1.812061e+000
         vertex 1.931596e+000 7.200001e+001 1.812061e+000
         vertex 1.938196e+000 8.200000e+001 1.809788e+000
      endloop
   endfacet
   facet normal 3.200614e-001 0.000000e+000 9.473968e-001
      outer loop
         vertex 1.938196e+000 8.200000e+001 1.809788e+000
         vertex 1.931596e+000 7.200001e+001 1.812061e+000
         vertex 1.938196e+000 7.200001e+001 1.809788e+000
      endloop
   endfacet
   facet normal 2.979308e-001 0.000000e+000 9.545875e-001
      outer loop
         vertex 1.938196e+000 8.200000e+001 1.809788e+000
         vertex 1.938196e+000 7.200001e+001 1.809788e+000
         vertex 1.944872e+000 8.200000e+001 1.807747e+000
      endloop
   endfacet
   facet normal 2.868027e-001 0.000000e+000 9.579897e-001
      outer loop
         vertex 1.944872e+000 8.200000e+001 1.807747e+000
         vertex 1.938196e+000 7.200001e+001 1.809788e+000
         vertex 1.944872e+000 7.200001e+001 1.807747e+000
      endloop
   endfacet
   facet normal 2.644347e-001 0.000000e+000 9.644036e-001
      outer loop
         vertex 1.944872e+000 8.200000e+001 1.807747e+000
         vertex 1.944872e+000 7.200001e+001 1.807747e+000
         vertex 1.951615e+000 8.200000e+001 1.805941e+000
      endloop
   endfacet
   facet normal 2.531947e-001 0.000000e+000 9.674153e-001
      outer loop
         vertex 1.951615e+000 8.200000e+001 1.805941e+000
         vertex 1.944872e+000 7.200001e+001 1.807747e+000
         vertex 1.951615e+000 7.200001e+001 1.805941e+000
      endloop
   endfacet
   facet normal 2.306164e-001 0.000000e+000 9.730448e-001
      outer loop
         vertex 1.951615e+000 8.200000e+001 1.805941e+000
         vertex 1.951615e+000 7.200001e+001 1.805941e+000
         vertex 1.958418e+000 8.200000e+001 1.804370e+000
      endloop
   endfacet
   facet normal 2.192781e-001 0.000000e+000 9.756624e-001
      outer loop
         vertex 1.958418e+000 8.200000e+001 1.804370e+000
         vertex 1.951615e+000 7.200001e+001 1.805941e+000
         vertex 1.958418e+000 7.200001e+001 1.804370e+000
      endloop
   endfacet
   facet normal 1.965171e-001 0.000000e+000 9.805004e-001
      outer loop
         vertex 1.958418e+000 8.200000e+001 1.804370e+000
         vertex 1.958418e+000 7.200001e+001 1.804370e+000
         vertex 1.965270e+000 8.200000e+001 1.803038e+000
      endloop
   endfacet
   facet normal 1.850944e-001 0.000000e+000 9.827207e-001
      outer loop
         vertex 1.965270e+000 8.200000e+001 1.803038e+000
         vertex 1.958418e+000 7.200001e+001 1.804370e+000
         vertex 1.965270e+000 7.200001e+001 1.803038e+000
      endloop
   endfacet
   facet normal 1.621784e-001 0.000000e+000 9.867615e-001
      outer loop
         vertex 1.965270e+000 8.200000e+001 1.803038e+000
         vertex 1.965270e+000 7.200001e+001 1.803038e+000
         vertex 1.972165e+000 8.200000e+001 1.801946e+000
      endloop
   endfacet
   facet normal 1.506852e-001 0.000000e+000 9.885818e-001
      outer loop
         vertex 1.972165e+000 8.200000e+001 1.801946e+000
         vertex 1.965270e+000 7.200001e+001 1.803038e+000
         vertex 1.972165e+000 7.200001e+001 1.801946e+000
      endloop
   endfacet
   facet normal 1.276422e-001 0.000000e+000 9.918203e-001
      outer loop
         vertex 1.972165e+000 8.200000e+001 1.801946e+000
         vertex 1.972165e+000 7.200001e+001 1.801946e+000
         vertex 1.979094e+000 8.200000e+001 1.801095e+000
      endloop
   endfacet
   facet normal 1.160924e-001 0.000000e+000 9.932384e-001
      outer loop
         vertex 1.979094e+000 8.200000e+001 1.801095e+000
         vertex 1.972165e+000 7.200001e+001 1.801946e+000
         vertex 1.979094e+000 7.200001e+001 1.801095e+000
      endloop
   endfacet
   facet normal 9.295037e-002 0.000000e+000 9.956707e-001
      outer loop
         vertex 1.979094e+000 8.200000e+001 1.801095e+000
         vertex 1.979094e+000 7.200001e+001 1.801095e+000
         vertex 1.986048e+000 8.200000e+001 1.800487e+000
      endloop
   endfacet
   facet normal 8.135815e-002 0.000000e+000 9.966849e-001
      outer loop
         vertex 1.986048e+000 8.200000e+001 1.800487e+000
         vertex 1.979094e+000 7.200001e+001 1.801095e+000
         vertex 1.986048e+000 7.200001e+001 1.800487e+000
      endloop
   endfacet
   facet normal 5.814535e-002 0.000000e+000 9.983081e-001
      outer loop
         vertex 1.986048e+000 8.200000e+001 1.800487e+000
         vertex 1.986048e+000 7.200001e+001 1.800487e+000
         vertex 1.993020e+000 8.200000e+001 1.800122e+000
      endloop
   endfacet
   facet normal 4.652479e-002 0.000000e+000 9.989172e-001
      outer loop
         vertex 1.993020e+000 8.200000e+001 1.800122e+000
         vertex 1.986048e+000 7.200001e+001 1.800487e+000
         vertex 1.993020e+000 7.200001e+001 1.800122e+000
      endloop
   endfacet
   facet normal 2.326948e-002 0.000000e+000 9.997292e-001
      outer loop
         vertex 1.993020e+000 8.200000e+001 1.800122e+000
         vertex 1.993020e+000 7.200001e+001 1.800122e+000
         vertex 1.999999e+000 8.200000e+001 1.800000e+000
      endloop
   endfacet
   facet normal 1.163474e-002 0.000000e+000 9.999323e-001
      outer loop
         vertex 1.999999e+000 8.200000e+001 1.800000e+000
         vertex 1.993020e+000 7.200001e+001 1.800122e+000
         vertex 1.999999e+000 7.200001e+001 1.800000e+000
      endloop
   endfacet
   facet normal 1.163474e-002 0.000000e+000 -9.999323e-001
      outer loop
         vertex 5.000000e+000 8.200000e+001 2.120000e+001
         vertex 5.000000e+000 7.200001e+001 2.120000e+001
         vertex 4.888321e+000 8.200000e+001 2.119805e+001
      endloop
   endfacet
   facet normal 2.326948e-002 0.000000e+000 -9.997292e-001
      outer loop
         vertex 4.888321e+000 8.200000e+001 2.119805e+001
         vertex 5.000000e+000 7.200001e+001 2.120000e+001
         vertex 4.888321e+000 7.200001e+001 2.119805e+001
      endloop
   endfacet
   facet normal 4.652479e-002 0.000000e+000 -9.989172e-001
      outer loop
         vertex 4.888321e+000 8.200000e+001 2.119805e+001
         vertex 4.888321e+000 7.200001e+001 2.119805e+001
         vertex 4.776779e+000 8.200000e+001 2.119220e+001
      endloop
   endfacet
   facet normal 5.814535e-002 0.000000e+000 -9.983081e-001
      outer loop
         vertex 4.776779e+000 8.200000e+001 2.119220e+001
         vertex 4.888321e+000 7.200001e+001 2.119805e+001
         vertex 4.776779e+000 7.200001e+001 2.119220e+001
      endloop
   endfacet
   facet normal 8.135815e-002 0.000000e+000 -9.966849e-001
      outer loop
         vertex 4.776779e+000 8.200000e+001 2.119220e+001
         vertex 4.776779e+000 7.200001e+001 2.119220e+001
         vertex 4.665509e+000 8.200000e+001 2.118247e+001
      endloop
   endfacet
   facet normal 9.295038e-002 0.000000e+000 -9.956707e-001
      outer loop
         vertex 4.665509e+000 8.200000e+001 2.118247e+001
         vertex 4.776779e+000 7.200001e+001 2.119220e+001
         vertex 4.665509e+000 7.200001e+001 2.118247e+001
      endloop
   endfacet
   facet normal 1.160924e-001 0.000000e+000 -9.932384e-001
      outer loop
         vertex 4.665509e+000 8.200000e+001 2.118247e+001
         vertex 4.665509e+000 7.200001e+001 2.118247e+001
         vertex 4.554646e+000 8.200000e+001 2.116886e+001
      endloop
   endfacet
   facet normal 1.276422e-001 0.000000e+000 -9.918203e-001
      outer loop
         vertex 4.554646e+000 8.200000e+001 2.116886e+001
         vertex 4.665509e+000 7.200001e+001 2.118247e+001
         vertex 4.554646e+000 7.200001e+001 2.116886e+001
      endloop
   endfacet
   facet normal 1.506852e-001 0.000000e+000 -9.885818e-001
      outer loop
         vertex 4.554646e+000 8.200000e+001 2.116886e+001
         vertex 4.554646e+000 7.200001e+001 2.116886e+001
         vertex 4.444325e+000 8.200000e+001 2.115138e+001
      endloop
   endfacet
   facet normal 1.621784e-001 0.000000e+000 -9.867615e-001
      outer loop
         vertex 4.444325e+000 8.200000e+001 2.115138e+001
         vertex 4.554646e+000 7.200001e+001 2.116886e+001
         vertex 4.444325e+000 7.200001e+001 2.115138e+001
      endloop
   endfacet
   facet normal 1.850944e-001 0.000000e+000 -9.827207e-001
      outer loop
         vertex 4.444325e+000 8.200000e+001 2.115138e+001
         vertex 4.444325e+000 7.200001e+001 2.115138e+001
         vertex 4.334682e+000 8.200000e+001 2.113007e+001
      endloop
   endfacet
   facet normal 1.965171e-001 0.000000e+000 -9.805004e-001
      outer loop
         vertex 4.334682e+000 8.200000e+001 2.113007e+001
         vertex 4.444325e+000 7.200001e+001 2.115138e+001
         vertex 4.334682e+000 7.200001e+001 2.113007e+001
      endloop
   endfacet
   facet normal 2.192781e-001 0.000000e+000 -9.756624e-001
      outer loop
         vertex 4.334682e+000 8.200000e+001 2.113007e+001
         vertex 4.334682e+000 7.200001e+001 2.113007e+001
         vertex 4.225850e+000 8.200000e+001 2.110495e+001
      endloop
   endfacet
   facet normal 2.306164e-001 0.000000e+000 -9.730448e-001
      outer loop
         vertex 4.225850e+000 8.200000e+001 2.110495e+001
         vertex 4.334682e+000 7.200001e+001 2.113007e+001
         vertex 4.225850e+000 7.200001e+001 2.110495e+001
      endloop
   endfacet
   facet normal 2.531947e-001 0.000000e+000 -9.674153e-001
      outer loop
         vertex 4.225850e+000 8.200000e+001 2.110495e+001
         vertex 4.225850e+000 7.200001e+001 2.110495e+001
         vertex 4.117960e+000 8.200000e+001 2.107604e+001
      endloop
   endfacet
   facet normal 2.644347e-001 0.000000e+000 -9.644036e-001
      outer loop
         vertex 4.117960e+000 8.200000e+001 2.107604e+001
         vertex 4.225850e+000 7.200001e+001 2.110495e+001
         vertex 4.117960e+000 7.200001e+001 2.107604e+001
      endloop
   endfacet
   facet normal 2.868027e-001 0.000000e+000 -9.579897e-001
      outer loop
         vertex 4.117960e+000 8.200000e+001 2.107604e+001
         vertex 4.117960e+000 7.200001e+001 2.107604e+001
         vertex 4.011146e+000 8.200000e+001 2.104338e+001
      endloop
   endfacet
   facet normal 2.979308e-001 0.000000e+000 -9.545875e-001
      outer loop
         vertex 4.011146e+000 8.200000e+001 2.104338e+001
         vertex 4.117960e+000 7.200001e+001 2.107604e+001
         vertex 4.011146e+000 7.200001e+001 2.104338e+001
      endloop
   endfacet
   facet normal 3.200614e-001 0.000000e+000 -9.473968e-001
      outer loop
         vertex 4.011146e+000 8.200000e+001 2.104338e+001
         vertex 4.011146e+000 7.200001e+001 2.104338e+001
         vertex 3.905536e+000 8.200000e+001 2.100702e+001
      endloop
   endfacet
   facet normal 3.310639e-001 0.000000e+000 -9.436083e-001
      outer loop
         vertex 3.905536e+000 8.200000e+001 2.100702e+001
         vertex 4.011146e+000 7.200001e+001 2.104338e+001
         vertex 3.905536e+000 7.200001e+001 2.100702e+001
      endloop
   endfacet
   facet normal 3.529301e-001 0.000000e+000 -9.356497e-001
      outer loop
         vertex 3.905536e+000 8.200000e+001 2.100702e+001
         vertex 3.905536e+000 7.200001e+001 2.100702e+001
         vertex 3.801258e+000 8.200000e+001 2.096699e+001
      endloop
   endfacet
   facet normal 3.637937e-001 0.000000e+000 -9.314795e-001
      outer loop
         vertex 3.801258e+000 8.200000e+001 2.096699e+001
         vertex 3.905536e+000 7.200001e+001 2.100702e+001
         vertex 3.801258e+000 7.200001e+001 2.096699e+001
      endloop
   endfacet
   facet normal 3.853688e-001 0.000000e+000 -9.227627e-001
      outer loop
         vertex 3.801258e+000 8.200000e+001 2.096699e+001
         vertex 3.801258e+000 7.200001e+001 2.096699e+001
         vertex 3.698442e+000 8.200000e+001 2.092335e+001
      endloop
   endfacet
   facet normal 3.960803e-001 0.000000e+000 -9.182159e-001
      outer loop
         vertex 3.698442e+000 8.200000e+001 2.092335e+001
         vertex 3.801258e+000 7.200001e+001 2.096699e+001
         vertex 3.698442e+000 7.200001e+001 2.092335e+001
      endloop
   endfacet
   facet normal 4.173380e-001 0.000000e+000 -9.087514e-001
      outer loop
         vertex 3.698442e+000 8.200000e+001 2.092335e+001
         vertex 3.698442e+000 7.200001e+001 2.092335e+001
         vertex 3.597212e+000 8.200000e+001 2.087614e+001
      endloop
   endfacet
   facet normal 4.278843e-001 0.000000e+000 -9.038336e-001
      outer loop
         vertex 3.597212e+000 8.200000e+001 2.087614e+001
         vertex 3.698442e+000 7.200001e+001 2.092335e+001
         vertex 3.597212e+000 7.200001e+001 2.087614e+001
      endloop
   endfacet
   facet normal 4.487987e-001 0.000000e+000 -8.936329e-001
      outer loop
         vertex 3.597212e+000 8.200000e+001 2.087614e+001
         vertex 3.597212e+000 7.200001e+001 2.087614e+001
         vertex 3.497691e+000 8.200000e+001 2.082543e+001
      endloop
   endfacet
   facet normal 4.591669e-001 0.000000e+000 -8.883500e-001
      outer loop
         vertex 3.497691e+000 8.200000e+001 2.082543e+001
         vertex 3.597212e+000 7.200001e+001 2.087614e+001
         vertex 3.497691e+000 7.200001e+001 2.082543e+001
      endloop
   endfacet
   facet normal 4.797127e-001 0.000000e+000 -8.774257e-001
      outer loop
         vertex 3.497691e+000 8.200000e+001 2.082543e+001
         vertex 3.497691e+000 7.200001e+001 2.082543e+001
         vertex 3.400000e+000 8.200000e+001 2.077128e+001
      endloop
   endfacet
   facet normal 4.898902e-001 0.000000e+000 -8.717842e-001
      outer loop
         vertex 3.400000e+000 8.200000e+001 2.077128e+001
         vertex 3.497691e+000 7.200001e+001 2.082543e+001
         vertex 3.400000e+000 7.200001e+001 2.077128e+001
      endloop
   endfacet
   facet normal 5.100421e-001 0.000000e+000 -8.601494e-001
      outer loop
         vertex 3.400000e+000 8.200000e+001 2.077128e+001
         vertex 3.400000e+000 7.200001e+001 2.077128e+001
         vertex 3.304258e+000 8.200000e+001 2.071375e+001
      endloop
   endfacet
   facet normal 5.200166e-001 0.000000e+000 -8.541561e-001
      outer loop
         vertex 3.304258e+000 8.200000e+001 2.071375e+001
         vertex 3.400000e+000 7.200001e+001 2.077128e+001
         vertex 3.304258e+000 7.200001e+001 2.071375e+001
      endloop
   endfacet
   facet normal 5.397502e-001 0.000000e+000 -8.418252e-001
      outer loop
         vertex 3.304258e+000 8.200000e+001 2.071375e+001
         vertex 3.304258e+000 7.200001e+001 2.071375e+001
         vertex 3.210583e+000 8.200000e+001 2.065292e+001
      endloop
   endfacet
   facet normal 5.495094e-001 0.000000e+000 -8.354875e-001
      outer loop
         vertex 3.210583e+000 8.200000e+001 2.065292e+001
         vertex 3.304258e+000 7.200001e+001 2.071375e+001
         vertex 3.210583e+000 7.200001e+001 2.065292e+001
      endloop
   endfacet
   facet normal 5.688007e-001 0.000000e+000 -8.224754e-001
      outer loop
         vertex 3.210583e+000 8.200000e+001 2.065292e+001
         vertex 3.210583e+000 7.200001e+001 2.065292e+001
         vertex 3.119087e+000 8.200000e+001 2.058885e+001
      endloop
   endfacet
   facet normal 5.783327e-001 0.000000e+000 -8.158010e-001
      outer loop
         vertex 3.119087e+000 8.200000e+001 2.058885e+001
         vertex 3.210583e+000 7.200001e+001 2.065292e+001
         vertex 3.119087e+000 7.200001e+001 2.058885e+001
      endloop
   endfacet
   facet normal 5.971582e-001 0.000000e+000 -8.021235e-001
      outer loop
         vertex 3.119087e+000 8.200000e+001 2.058885e+001
         vertex 3.119087e+000 7.200001e+001 2.058885e+001
         vertex 3.029883e+000 8.200000e+001 2.052163e+001
      endloop
   endfacet
   facet normal 6.064515e-001 0.000000e+000 -7.951205e-001
      outer loop
         vertex 3.029883e+000 8.200000e+001 2.052163e+001
         vertex 3.119087e+000 7.200001e+001 2.058885e+001
         vertex 3.029883e+000 7.200001e+001 2.052163e+001
      endloop
   endfacet
   facet normal 6.247881e-001 0.000000e+000 -7.807943e-001
      outer loop
         vertex 3.029883e+000 8.200000e+001 2.052163e+001
         vertex 3.029883e+000 7.200001e+001 2.052163e+001
         vertex 2.943079e+000 8.200000e+001 2.045134e+001
      endloop
   endfacet
   facet normal 6.338314e-001 0.000000e+000 -7.734712e-001
      outer loop
         vertex 2.943079e+000 8.200000e+001 2.045134e+001
         vertex 3.029883e+000 7.200001e+001 2.052163e+001
         vertex 2.943079e+000 7.200001e+001 2.045134e+001
      endloop
   endfacet
   facet normal 6.516569e-001 0.000000e+000 -7.585139e-001
      outer loop
         vertex 2.943079e+000 8.200000e+001 2.045134e+001
         vertex 2.943079e+000 7.200001e+001 2.045134e+001
         vertex 2.858782e+000 8.200000e+001 2.037807e+001
      endloop
   endfacet
   facet normal 6.604390e-001 0.000000e+000 -7.508796e-001
      outer loop
         vertex 2.858782e+000 8.200000e+001 2.037807e+001
         vertex 2.943079e+000 7.200001e+001 2.045134e+001
         vertex 2.858782e+000 7.200001e+001 2.037807e+001
      endloop
   endfacet
   facet normal 6.777316e-001 0.000000e+000 -7.353093e-001
      outer loop
         vertex 2.858782e+000 8.200000e+001 2.037807e+001
         vertex 2.858782e+000 7.200001e+001 2.037807e+001
         vertex 2.777093e+000 8.200000e+001 2.030189e+001
      endloop
   endfacet
   facet normal 6.862420e-001 0.000000e+000 -7.273733e-001
      outer loop
         vertex 2.777093e+000 8.200000e+001 2.030189e+001
         vertex 2.858782e+000 7.200001e+001 2.037807e+001
         vertex 2.777093e+000 7.200001e+001 2.030189e+001
      endloop
   endfacet
   facet normal 7.029807e-001 0.000000e+000 -7.112089e-001
      outer loop
         vertex 2.777093e+000 8.200000e+001 2.030189e+001
         vertex 2.777093e+000 7.200001e+001 2.030189e+001
         vertex 2.698112e+000 8.200000e+001 2.022291e+001
      endloop
   endfacet
   facet normal 7.112090e-001 0.000000e+000 -7.029806e-001
      outer loop
         vertex 2.698112e+000 8.200000e+001 2.022291e+001
         vertex 2.777093e+000 7.200001e+001 2.030189e+001
         vertex 2.698112e+000 7.200001e+001 2.022291e+001
      endloop
   endfacet
   facet normal 7.273733e-001 0.000000e+000 -6.862420e-001
      outer loop
         vertex 2.698112e+000 8.200000e+001 2.022291e+001
         vertex 2.698112e+000 7.200001e+001 2.022291e+001
         vertex 2.621937e+000 8.200000e+001 2.014122e+001
      endloop
   endfacet
   facet normal 7.353093e-001 0.000000e+000 -6.777316e-001
      outer loop
         vertex 2.621937e+000 8.200000e+001 2.014122e+001
         vertex 2.698112e+000 7.200001e+001 2.022291e+001
         vertex 2.621937e+000 7.200001e+001 2.014122e+001
      endloop
   endfacet
   facet normal 7.508796e-001 0.000000e+000 -6.604390e-001
      outer loop
         vertex 2.621937e+000 8.200000e+001 2.014122e+001
         vertex 2.621937e+000 7.200001e+001 2.014122e+001
         vertex 2.548657e+000 8.200000e+001 2.005692e+001
      endloop
   endfacet
   facet normal 7.585139e-001 0.000000e+000 -6.516569e-001
      outer loop
         vertex 2.548657e+000 8.200000e+001 2.005692e+001
         vertex 2.621937e+000 7.200001e+001 2.014122e+001
         vertex 2.548657e+000 7.200001e+001 2.005692e+001
      endloop
   endfacet
   facet normal 7.734712e-001 0.000000e+000 -6.338314e-001
      outer loop
         vertex 2.548657e+000 8.200000e+001 2.005692e+001
         vertex 2.548657e+000 7.200001e+001 2.005692e+001
         vertex 2.478366e+000 8.200000e+001 1.997012e+001
      endloop
   endfacet
   facet normal 7.807944e-001 0.000000e+000 -6.247881e-001
      outer loop
         vertex 2.478366e+000 8.200000e+001 1.997012e+001
         vertex 2.548657e+000 7.200001e+001 2.005692e+001
         vertex 2.478366e+000 7.200001e+001 1.997012e+001
      endloop
   endfacet
   facet normal 7.951205e-001 0.000000e+000 -6.064515e-001
      outer loop
         vertex 2.478366e+000 8.200000e+001 1.997012e+001
         vertex 2.478366e+000 7.200001e+001 1.997012e+001
         vertex 2.411146e+000 8.200000e+001 1.988091e+001
      endloop
   endfacet
   facet normal 8.021235e-001 0.000000e+000 -5.971582e-001
      outer loop
         vertex 2.411146e+000 8.200000e+001 1.988091e+001
         vertex 2.478366e+000 7.200001e+001 1.997012e+001
         vertex 2.411146e+000 7.200001e+001 1.988091e+001
      endloop
   endfacet
   facet normal 8.158010e-001 0.000000e+000 -5.783327e-001
      outer loop
         vertex 2.411146e+000 8.200000e+001 1.988091e+001
         vertex 2.411146e+000 7.200001e+001 1.988091e+001
         vertex 2.347079e+000 8.200000e+001 1.978942e+001
      endloop
   endfacet
   facet normal 8.224754e-001 0.000000e+000 -5.688007e-001
      outer loop
         vertex 2.347079e+000 8.200000e+001 1.978942e+001
         vertex 2.411146e+000 7.200001e+001 1.988091e+001
         vertex 2.347079e+000 7.200001e+001 1.978942e+001
      endloop
   endfacet
   facet normal 8.354875e-001 0.000000e+000 -5.495094e-001
      outer loop
         vertex 2.347079e+000 8.200000e+001 1.978942e+001
         vertex 2.347079e+000 7.200001e+001 1.978942e+001
         vertex 2.286246e+000 8.200000e+001 1.969574e+001
      endloop
   endfacet
   facet normal 8.418252e-001 0.000000e+000 -5.397502e-001
      outer loop
         vertex 2.286246e+000 8.200000e+001 1.969574e+001
         vertex 2.347079e+000 7.200001e+001 1.978942e+001
         vertex 2.286246e+000 7.200001e+001 1.969574e+001
      endloop
   endfacet
   facet normal 8.541562e-001 0.000000e+000 -5.200166e-001
      outer loop
         vertex 2.286246e+000 8.200000e+001 1.969574e+001
         vertex 2.286246e+000 7.200001e+001 1.969574e+001
         vertex 2.228718e+000 8.200000e+001 1.960000e+001
      endloop
   endfacet
   facet normal 8.601494e-001 0.000000e+000 -5.100421e-001
      outer loop
         vertex 2.228718e+000 8.200000e+001 1.960000e+001
         vertex 2.286246e+000 7.200001e+001 1.969574e+001
         vertex 2.228718e+000 7.200001e+001 1.960000e+001
      endloop
   endfacet
   facet normal 8.717842e-001 0.000000e+000 -4.898902e-001
      outer loop
         vertex 2.228718e+000 8.200000e+001 1.960000e+001
         vertex 2.228718e+000 7.200001e+001 1.960000e+001
         vertex 2.174567e+000 8.200000e+001 1.950231e+001
      endloop
   endfacet
   facet normal 8.774256e-001 0.000000e+000 -4.797127e-001
      outer loop
         vertex 2.174567e+000 8.200000e+001 1.950231e+001
         vertex 2.228718e+000 7.200001e+001 1.960000e+001
         vertex 2.174567e+000 7.200001e+001 1.950231e+001
      endloop
   endfacet
   facet normal 8.883500e-001 0.000000e+000 -4.591669e-001
      outer loop
         vertex 2.174567e+000 8.200000e+001 1.950231e+001
         vertex 2.174567e+000 7.200001e+001 1.950231e+001
         vertex 2.123859e+000 8.200000e+001 1.940279e+001
      endloop
   endfacet
   facet normal 8.936329e-001 0.000000e+000 -4.487987e-001
      outer loop
         vertex 2.123859e+000 8.200000e+001 1.940279e+001
         vertex 2.174567e+000 7.200001e+001 1.950231e+001
         vertex 2.123859e+000 7.200001e+001 1.940279e+001
      endloop
   endfacet
   facet normal 9.038336e-001 0.000000e+000 -4.278843e-001
      outer loop
         vertex 2.123859e+000 8.200000e+001 1.940279e+001
         vertex 2.123859e+000 7.200001e+001 1.940279e+001
         vertex 2.076655e+000 8.200000e+001 1.930156e+001
      endloop
   endfacet
   facet normal 9.087514e-001 0.000000e+000 -4.173380e-001
      outer loop
         vertex 2.076655e+000 8.200000e+001 1.930156e+001
         vertex 2.123859e+000 7.200001e+001 1.940279e+001
         vertex 2.076655e+000 7.200001e+001 1.930156e+001
      endloop
   endfacet
   facet normal 9.182159e-001 0.000000e+000 -3.960802e-001
      outer loop
         vertex 2.076655e+000 8.200000e+001 1.930156e+001
         vertex 2.076655e+000 7.200001e+001 1.930156e+001
         vertex 2.033011e+000 8.200000e+001 1.919874e+001
      endloop
   endfacet
   facet normal 9.227627e-001 0.000000e+000 -3.853688e-001
      outer loop
         vertex 2.033011e+000 8.200000e+001 1.919874e+001
         vertex 2.076655e+000 7.200001e+001 1.930156e+001
         vertex 2.033011e+000 7.200001e+001 1.919874e+001
      endloop
   endfacet
   facet normal 9.314796e-001 0.000000e+000 -3.637937e-001
      outer loop
         vertex 2.033011e+000 8.200000e+001 1.919874e+001
         vertex 2.033011e+000 7.200001e+001 1.919874e+001
         vertex 1.992984e+000 8.200000e+001 1.909446e+001
      endloop
   endfacet
   facet normal 9.356497e-001 0.000000e+000 -3.529301e-001
      outer loop
         vertex 1.992984e+000 8.200000e+001 1.909446e+001
         vertex 2.033011e+000 7.200001e+001 1.919874e+001
         vertex 1.992984e+000 7.200001e+001 1.909446e+001
      endloop
   endfacet
   facet normal 9.436083e-001 0.000000e+000 -3.310639e-001
      outer loop
         vertex 1.992984e+000 8.200000e+001 1.909446e+001
         vertex 1.992984e+000 7.200001e+001 1.909446e+001
         vertex 1.956619e+000 8.200000e+001 1.898886e+001
      endloop
   endfacet
   facet normal 9.473968e-001 0.000000e+000 -3.200614e-001
      outer loop
         vertex 1.956619e+000 8.200000e+001 1.898886e+001
         vertex 1.992984e+000 7.200001e+001 1.909446e+001
         vertex 1.956619e+000 7.200001e+001 1.898886e+001
      endloop
   endfacet
   facet normal 9.545875e-001 0.000000e+000 -2.979308e-001
      outer loop
         vertex 1.956619e+000 8.200000e+001 1.898886e+001
         vertex 1.956619e+000 7.200001e+001 1.898886e+001
         vertex 1.923962e+000 8.200000e+001 1.888204e+001
      endloop
   endfacet
   facet normal 9.579897e-001 0.000000e+000 -2.868027e-001
      outer loop
         vertex 1.923962e+000 8.200000e+001 1.888204e+001
         vertex 1.956619e+000 7.200001e+001 1.898886e+001
         vertex 1.923962e+000 7.200001e+001 1.888204e+001
      endloop
   endfacet
   facet normal 9.644036e-001 0.000000e+000 -2.644347e-001
      outer loop
         vertex 1.923962e+000 8.200000e+001 1.888204e+001
         vertex 1.923962e+000 7.200001e+001 1.888204e+001
         vertex 1.895053e+000 8.200000e+001 1.877415e+001
      endloop
   endfacet
   facet normal 9.674153e-001 0.000000e+000 -2.531947e-001
      outer loop
         vertex 1.895053e+000 8.200000e+001 1.877415e+001
         vertex 1.923962e+000 7.200001e+001 1.888204e+001
         vertex 1.895053e+000 7.200001e+001 1.877415e+001
      endloop
   endfacet
   facet normal 9.730448e-001 0.000000e+000 -2.306164e-001
      outer loop
         vertex 1.895053e+000 8.200000e+001 1.877415e+001
         vertex 1.895053e+000 7.200001e+001 1.877415e+001
         vertex 1.869927e+000 8.200000e+001 1.866532e+001
      endloop
   endfacet
   facet normal 9.756624e-001 0.000000e+000 -2.192781e-001
      outer loop
         vertex 1.869927e+000 8.200000e+001 1.866532e+001
         vertex 1.895053e+000 7.200001e+001 1.877415e+001
         vertex 1.869927e+000 7.200001e+001 1.866532e+001
      endloop
   endfacet
   facet normal 9.805004e-001 0.000000e+000 -1.965171e-001
      outer loop
         vertex 1.869927e+000 8.200000e+001 1.866532e+001
         vertex 1.869927e+000 7.200001e+001 1.866532e+001
         vertex 1.848615e+000 8.200000e+001 1.855568e+001
      endloop
   endfacet
   facet normal 9.827207e-001 0.000000e+000 -1.850944e-001
      outer loop
         vertex 1.848615e+000 8.200000e+001 1.855568e+001
         vertex 1.869927e+000 7.200001e+001 1.866532e+001
         vertex 1.848615e+000 7.200001e+001 1.855568e+001
      endloop
   endfacet
   facet normal 9.867615e-001 0.000000e+000 -1.621784e-001
      outer loop
         vertex 1.848615e+000 8.200000e+001 1.855568e+001
         vertex 1.848615e+000 7.200001e+001 1.855568e+001
         vertex 1.831142e+000 8.200000e+001 1.844535e+001
      endloop
   endfacet
   facet normal 9.885818e-001 0.000000e+000 -1.506852e-001
      outer loop
         vertex 1.831142e+000 8.200000e+001 1.844535e+001
         vertex 1.848615e+000 7.200001e+001 1.855568e+001
         vertex 1.831142e+000 7.200001e+001 1.844535e+001
      endloop
   endfacet
   facet normal 9.918203e-001 0.000000e+000 -1.276422e-001
      outer loop
         vertex 1.831142e+000 8.200000e+001 1.844535e+001
         vertex 1.831142e+000 7.200001e+001 1.844535e+001
         vertex 1.817530e+000 8.200000e+001 1.833449e+001
      endloop
   endfacet
   facet normal 9.932384e-001 0.000000e+000 -1.160924e-001
      outer loop
         vertex 1.817530e+000 8.200000e+001 1.833449e+001
         vertex 1.831142e+000 7.200001e+001 1.844535e+001
         vertex 1.817530e+000 7.200001e+001 1.833449e+001
      endloop
   endfacet
   facet normal 9.956707e-001 0.000000e+000 -9.295037e-002
      outer loop
         vertex 1.817530e+000 8.200000e+001 1.833449e+001
         vertex 1.817530e+000 7.200001e+001 1.833449e+001
         vertex 1.807795e+000 8.200000e+001 1.822322e+001
      endloop
   endfacet
   facet normal 9.966849e-001 0.000000e+000 -8.135815e-002
      outer loop
         vertex 1.807795e+000 8.200000e+001 1.822322e+001
         vertex 1.817530e+000 7.200001e+001 1.833449e+001
         vertex 1.807795e+000 7.200001e+001 1.822322e+001
      endloop
   endfacet
   facet normal 9.983081e-001 0.000000e+000 -5.814535e-002
      outer loop
         vertex 1.807795e+000 8.200000e+001 1.822322e+001
         vertex 1.807795e+000 7.200001e+001 1.822322e+001
         vertex 1.801949e+000 8.200000e+001 1.811168e+001
      endloop
   endfacet
   facet normal 9.989172e-001 0.000000e+000 -4.652479e-002
      outer loop
         vertex 1.801949e+000 8.200000e+001 1.811168e+001
         vertex 1.807795e+000 7.200001e+001 1.822322e+001
         vertex 1.801949e+000 7.200001e+001 1.811168e+001
      endloop
   endfacet
   facet normal 9.997292e-001 0.000000e+000 -2.326948e-002
      outer loop
         vertex 1.801949e+000 8.200000e+001 1.811168e+001
         vertex 1.801949e+000 7.200001e+001 1.811168e+001
         vertex 1.800000e+000 8.200000e+001 1.800000e+001
      endloop
   endfacet
   facet normal 9.999323e-001 0.000000e+000 -1.163474e-002
      outer loop
         vertex 1.800000e+000 8.200000e+001 1.800000e+001
         vertex 1.801949e+000 7.200001e+001 1.811168e+001
         vertex 1.800000e+000 7.200001e+001 1.800000e+001
      endloop
   endfacet
   facet normal 0.000000e+000 0.000000e+000 -1.000000e+000
      outer loop
         vertex 5.000000e+000 8.200000e+001 2.120000e+001
         vertex 2.500000e+001 8.200000e+001 2.120000e+001
         vertex 5.000000e+000 7.200001e+001 2.120000e+001
      endloop
   endfacet
   facet normal 0.000000e+000 0.000000e+000 -1.000000e+000
      outer loop
         vertex 5.000000e+000 7.200001e+001 2.120000e+001
         vertex 2.500000e+001 8.200000e+001 2.120000e+001
         vertex 2.500000e+001 7.200001e+001 2.120000e+001
      endloop
   endfacet
   facet normal -9.999323e-001 0.000000e+000 -1.163474e-002
      outer loop
         vertex 2.820000e+001 8.200000e+001 1.800000e+001
         vertex 2.820000e+001 7.200001e+001 1.800000e+001
         vertex 2.819805e+001 8.200000e+001 1.811168e+001
      endloop
   endfacet
   facet normal -9.997292e-001 0.000000e+000 -2.326948e-002
      outer loop
         vertex 2.819805e+001 8.200000e+001 1.811168e+001
         vertex 2.820000e+001 7.200001e+001 1.800000e+001
         vertex 2.819805e+001 7.200001e+001 1.811168e+001
      endloop
   endfacet
   facet normal -9.989172e-001 0.000000e+000 -4.652479e-002
      outer loop
         vertex 2.819805e+001 8.200000e+001 1.811168e+001
         vertex 2.819805e+001 7.200001e+001 1.811168e+001
         vertex 2.819220e+001 8.200000e+001 1.822322e+001
      endloop
   endfacet
   facet normal -9.983081e-001 0.000000e+000 -5.814535e-002
      outer loop
         vertex 2.819220e+001 8.200000e+001 1.822322e+001
         vertex 2.819805e+001 7.200001e+001 1.811168e+001
         vertex 2.819220e+001 7.200001e+001 1.822322e+001
      endloop
   endfacet
   facet normal -9.966849e-001 0.000000e+000 -8.135815e-002
      outer loop
         vertex 2.819220e+001 8.200000e+001 1.822322e+001
         vertex 2.819220e+001 7.200001e+001 1.822322e+001
         vertex 2.818247e+001 8.200000e+001 1.833449e+001
      endloop
   endfacet
   facet normal -9.956707e-001 0.000000e+000 -9.295038e-002
      outer loop
         vertex 2.818247e+001 8.200000e+001 1.833449e+001
         vertex 2.819220e+001 7.200001e+001 1.822322e+001
         vertex 2.818247e+001 7.200001e+001 1.833449e+001
      endloop
   endfacet
   facet normal -9.932384e-001 0.000000e+000 -1.160924e-001
      outer loop
         vertex 2.818247e+001 8.200000e+001 1.833449e+001
         vertex 2.818247e+001 7.200001e+001 1.833449e+001
         vertex 2.816886e+001 8.200000e+001 1.844535e+001
      endloop
   endfacet
   facet normal -9.918203e-001 0.000000e+000 -1.276422e-001
      outer loop
         vertex 2.816886e+001 8.200000e+001 1.844535e+001
         vertex 2.818247e+001 7.200001e+001 1.833449e+001
         vertex 2.816886e+001 7.200001e+001 1.844535e+001
      endloop
   endfacet
   facet normal -9.885818e-001 0.000000e+000 -1.506852e-001
      outer loop
         vertex 2.816886e+001 8.200000e+001 1.844535e+001
         vertex 2.816886e+001 7.200001e+001 1.844535e+001
         vertex 2.815139e+001 8.200000e+001 1.855568e+001
      endloop
   endfacet
   facet normal -9.867615e-001 0.000000e+000 -1.621784e-001
      outer loop
         vertex 2.815139e+001 8.200000e+001 1.855568e+001
         vertex 2.816886e+001 7.200001e+001 1.844535e+001
         vertex 2.815139e+001 7.200001e+001 1.855568e+001
      endloop
   endfacet
   facet normal -9.827207e-001 0.000000e+000 -1.850944e-001
      outer loop
         vertex 2.815139e+001 8.200000e+001 1.855568e+001
         vertex 2.815139e+001 7.200001e+001 1.855568e+001
         vertex 2.813007e+001 8.200000e+001 1.866532e+001
      endloop
   endfacet
   facet normal -9.805004e-001 0.000000e+000 -1.965171e-001
      outer loop
         vertex 2.813007e+001 8.200000e+001 1.866532e+001
         vertex 2.815139e+001 7.200001e+001 1.855568e+001
         vertex 2.813007e+001 7.200001e+001 1.866532e+001
      endloop
   endfacet
   facet normal -9.756624e-001 0.000000e+000 -2.192781e-001
      outer loop
         vertex 2.813007e+001 8.200000e+001 1.866532e+001
         vertex 2.813007e+001 7.200001e+001 1.866532e+001
         vertex 2.810495e+001 8.200000e+001 1.877415e+001
      endloop
   endfacet
   facet normal -9.730448e-001 0.000000e+000 -2.306164e-001
      outer loop
         vertex 2.810495e+001 8.200000e+001 1.877415e+001
         vertex 2.813007e+001 7.200001e+001 1.866532e+001
         vertex 2.810495e+001 7.200001e+001 1.877415e+001
      endloop
   endfacet
   facet normal -9.674153e-001 0.000000e+000 -2.531947e-001
      outer loop
         vertex 2.810495e+001 8.200000e+001 1.877415e+001
         vertex 2.810495e+001 7.200001e+001 1.877415e+001
         vertex 2.807604e+001 8.200000e+001 1.888204e+001
      endloop
   endfacet
   facet normal -9.644036e-001 0.000000e+000 -2.644347e-001
      outer loop
         vertex 2.807604e+001 8.200000e+001 1.888204e+001
         vertex 2.810495e+001 7.200001e+001 1.877415e+001
         vertex 2.807604e+001 7.200001e+001 1.888204e+001
      endloop
   endfacet
   facet normal -9.579897e-001 0.000000e+000 -2.868027e-001
      outer loop
         vertex 2.807604e+001 8.200000e+001 1.888204e+001
         vertex 2.807604e+001 7.200001e+001 1.888204e+001
         vertex 2.804338e+001 8.200000e+001 1.898886e+001
      endloop
   endfacet
   facet normal -9.545875e-001 0.000000e+000 -2.979308e-001
      outer loop
         vertex 2.804338e+001 8.200000e+001 1.898886e+001
         vertex 2.807604e+001 7.200001e+001 1.888204e+001
         vertex 2.804338e+001 7.200001e+001 1.898886e+001
      endloop
   endfacet
   facet normal -9.473968e-001 0.000000e+000 -3.200614e-001
      outer loop
         vertex 2.804338e+001 8.200000e+001 1.898886e+001
         vertex 2.804338e+001 7.200001e+001 1.898886e+001
         vertex 2.800702e+001 8.200000e+001 1.909446e+001
      endloop
   endfacet
   facet normal -9.436083e-001 0.000000e+000 -3.310639e-001
      outer loop
         vertex 2.800702e+001 8.200000e+001 1.909446e+001
         vertex 2.804338e+001 7.200001e+001 1.898886e+001
         vertex 2.800702e+001 7.200001e+001 1.909446e+001
      endloop
   endfacet
   facet normal -9.356497e-001 0.000000e+000 -3.529301e-001
      outer loop
         vertex 2.800702e+001 8.200000e+001 1.909446e+001
         vertex 2.800702e+001 7.200001e+001 1.909446e+001
         vertex 2.796699e+001 8.200000e+001 1.919874e+001
      endloop
   endfacet
   facet normal -9.314795e-001 0.000000e+000 -3.637937e-001
      outer loop
         vertex 2.796699e+001 8.200000e+001 1.919874e+001
         vertex 2.800702e+001 7.200001e+001 1.909446e+001
         vertex 2.796699e+001 7.200001e+001 1.919874e+001
      endloop
   endfacet
   facet normal -9.227627e-001 0.000000e+000 -3.853688e-001
      outer loop
         vertex 2.796699e+001 8.200000e+001 1.919874e+001
         vertex 2.796699e+001 7.200001e+001 1.919874e+001
         vertex 2.792335e+001 8.200000e+001 1.930156e+001
      endloop
   endfacet
   facet normal -9.182159e-001 0.000000e+000 -3.960803e-001
      outer loop
         vertex 2.792335e+001 8.200000e+001 1.930156e+001
         vertex 2.796699e+001 7.200001e+001 1.919874e+001
         vertex 2.792335e+001 7.200001e+001 1.930156e+001
      endloop
   endfacet
   facet normal -9.087514e-001 0.000000e+000 -4.173380e-001
      outer loop
         vertex 2.792335e+001 8.200000e+001 1.930156e+001
         vertex 2.792335e+001 7.200001e+001 1.930156e+001
         vertex 2.787614e+001 8.200000e+001 1.940279e+001
      endloop
   endfacet
   facet normal -9.038336e-001 0.000000e+000 -4.278843e-001
      outer loop
         vertex 2.787614e+001 8.200000e+001 1.940279e+001
         vertex 2.792335e+001 7.200001e+001 1.930156e+001
         vertex 2.787614e+001 7.200001e+001 1.940279e+001
      endloop
   endfacet
   facet normal -8.936329e-001 0.000000e+000 -4.487987e-001
      outer loop
         vertex 2.787614e+001 8.200000e+001 1.940279e+001
         vertex 2.787614e+001 7.200001e+001 1.940279e+001
         vertex 2.782543e+001 8.200000e+001 1.950231e+001
      endloop
   endfacet
   facet normal -8.883500e-001 0.000000e+000 -4.591669e-001
      outer loop
         vertex 2.782543e+001 8.200000e+001 1.950231e+001
         vertex 2.787614e+001 7.200001e+001 1.940279e+001
         vertex 2.782543e+001 7.200001e+001 1.950231e+001
      endloop
   endfacet
   facet normal -8.774257e-001 0.000000e+000 -4.797127e-001
      outer loop
         vertex 2.782543e+001 8.200000e+001 1.950231e+001
         vertex 2.782543e+001 7.200001e+001 1.950231e+001
         vertex 2.777128e+001 8.200000e+001 1.960000e+001
      endloop
   endfacet
   facet normal -8.717842e-001 0.000000e+000 -4.898902e-001
      outer loop
         vertex 2.777128e+001 8.200000e+001 1.960000e+001
         vertex 2.782543e+001 7.200001e+001 1.950231e+001
         vertex 2.777128e+001 7.200001e+001 1.960000e+001
      endloop
   endfacet
   facet normal -8.601494e-001 0.000000e+000 -5.100421e-001
      outer loop
         vertex 2.777128e+001 8.200000e+001 1.960000e+001
         vertex 2.777128e+001 7.200001e+001 1.960000e+001
         vertex 2.771375e+001 8.200000e+001 1.969574e+001
      endloop
   endfacet
   facet normal -8.541561e-001 0.000000e+000 -5.200166e-001
      outer loop
         vertex 2.771375e+001 8.200000e+001 1.969574e+001
         vertex 2.777128e+001 7.200001e+001 1.960000e+001
         vertex 2.771375e+001 7.200001e+001 1.969574e+001
      endloop
   endfacet
   facet normal -8.418252e-001 0.000000e+000 -5.397502e-001
      outer loop
         vertex 2.771375e+001 8.200000e+001 1.969574e+001
         vertex 2.771375e+001 7.200001e+001 1.969574e+001
         vertex 2.765292e+001 8.200000e+001 1.978942e+001
      endloop
   endfacet
   facet normal -8.354875e-001 0.000000e+000 -5.495094e-001
      outer loop
         vertex 2.765292e+001 8.200000e+001 1.978942e+001
         vertex 2.771375e+001 7.200001e+001 1.969574e+001
         vertex 2.765292e+001 7.200001e+001 1.978942e+001
      endloop
   endfacet
   facet normal -8.224754e-001 0.000000e+000 -5.688007e-001
      outer loop
         vertex 2.765292e+001 8.200000e+001 1.978942e+001
         vertex 2.765292e+001 7.200001e+001 1.978942e+001
         vertex 2.758886e+001 8.200000e+001 1.988091e+001
      endloop
   endfacet
   facet normal -8.158010e-001 0.000000e+000 -5.783327e-001
      outer loop
         vertex 2.758886e+001 8.200000e+001 1.988091e+001
         vertex 2.765292e+001 7.200001e+001 1.978942e+001
         vertex 2.758886e+001 7.200001e+001 1.988091e+001
      endloop
   endfacet
   facet normal -8.021235e-001 0.000000e+000 -5.971582e-001
      outer loop
         vertex 2.758886e+001 8.200000e+001 1.988091e+001
         vertex 2.758886e+001 7.200001e+001 1.988091e+001
         vertex 2.752164e+001 8.200000e+001 1.997012e+001
      endloop
   endfacet
   facet normal -7.951205e-001 0.000000e+000 -6.064515e-001
      outer loop
         vertex 2.752164e+001 8.200000e+001 1.997012e+001
         vertex 2.758886e+001 7.200001e+001 1.988091e+001
         vertex 2.752164e+001 7.200001e+001 1.997012e+001
      endloop
   endfacet
   facet normal -7.807943e-001 0.000000e+000 -6.247881e-001
      outer loop
         vertex 2.752164e+001 8.200000e+001 1.997012e+001
         vertex 2.752164e+001 7.200001e+001 1.997012e+001
         vertex 2.745134e+001 8.200000e+001 2.005692e+001
      endloop
   endfacet
   facet normal -7.734712e-001 0.000000e+000 -6.338314e-001
      outer loop
         vertex 2.745134e+001 8.200000e+001 2.005692e+001
         vertex 2.752164e+001 7.200001e+001 1.997012e+001
         vertex 2.745134e+001 7.200001e+001 2.005692e+001
      endloop
   endfacet
   facet normal -7.585139e-001 0.000000e+000 -6.516569e-001
      outer loop
         vertex 2.745134e+001 8.200000e+001 2.005692e+001
         vertex 2.745134e+001 7.200001e+001 2.005692e+001
         vertex 2.737806e+001 8.200000e+001 2.014122e+001
      endloop
   endfacet
   facet normal -7.508796e-001 0.000000e+000 -6.604390e-001
      outer loop
         vertex 2.737806e+001 8.200000e+001 2.014122e+001
         vertex 2.745134e+001 7.200001e+001 2.005692e+001
         vertex 2.737806e+001 7.200001e+001 2.014122e+001
      endloop
   endfacet
   facet normal -7.353093e-001 0.000000e+000 -6.777316e-001
      outer loop
         vertex 2.737806e+001 8.200000e+001 2.014122e+001
         vertex 2.737806e+001 7.200001e+001 2.014122e+001
         vertex 2.730189e+001 8.200000e+001 2.022291e+001
      endloop
   endfacet
   facet normal -7.273733e-001 0.000000e+000 -6.862420e-001
      outer loop
         vertex 2.730189e+001 8.200000e+001 2.022291e+001
         vertex 2.737806e+001 7.200001e+001 2.014122e+001
         vertex 2.730189e+001 7.200001e+001 2.022291e+001
      endloop
   endfacet
   facet normal -7.112089e-001 0.000000e+000 -7.029807e-001
      outer loop
         vertex 2.730189e+001 8.200000e+001 2.022291e+001
         vertex 2.730189e+001 7.200001e+001 2.022291e+001
         vertex 2.722291e+001 8.200000e+001 2.030189e+001
      endloop
   endfacet
   facet normal -7.029806e-001 0.000000e+000 -7.112090e-001
      outer loop
         vertex 2.722291e+001 8.200000e+001 2.030189e+001
         vertex 2.730189e+001 7.200001e+001 2.022291e+001
         vertex 2.722291e+001 7.200001e+001 2.030189e+001
      endloop
   endfacet
   facet normal -6.862420e-001 0.000000e+000 -7.273733e-001
      outer loop
         vertex 2.722291e+001 8.200000e+001 2.030189e+001
         vertex 2.722291e+001 7.200001e+001 2.030189e+001
         vertex 2.714122e+001 8.200000e+001 2.037807e+001
      endloop
   endfacet
   facet normal -6.777316e-001 0.000000e+000 -7.353093e-001
      outer loop
         vertex 2.714122e+001 8.200000e+001 2.037807e+001
         vertex 2.722291e+001 7.200001e+001 2.030189e+001
         vertex 2.714122e+001 7.200001e+001 2.037807e+001
      endloop
   endfacet
   facet normal -6.604390e-001 0.000000e+000 -7.508796e-001
      outer loop
         vertex 2.714122e+001 8.200000e+001 2.037807e+001
         vertex 2.714122e+001 7.200001e+001 2.037807e+001
         vertex 2.705692e+001 8.200000e+001 2.045134e+001
      endloop
   endfacet
   facet normal -6.516569e-001 0.000000e+000 -7.585139e-001
      outer loop
         vertex 2.705692e+001 8.200000e+001 2.045134e+001
         vertex 2.714122e+001 7.200001e+001 2.037807e+001
         vertex 2.705692e+001 7.200001e+001 2.045134e+001
      endloop
   endfacet
   facet normal -6.338314e-001 0.000000e+000 -7.734712e-001
      outer loop
         vertex 2.705692e+001 8.200000e+001 2.045134e+001
         vertex 2.705692e+001 7.200001e+001 2.045134e+001
         vertex 2.697012e+001 8.200000e+001 2.052163e+001
      endloop
   endfacet
   facet normal -6.247881e-001 0.000000e+000 -7.807944e-001
      outer loop
         vertex 2.697012e+001 8.200000e+001 2.052163e+001
         vertex 2.705692e+001 7.200001e+001 2.045134e+001
         vertex 2.697012e+001 7.200001e+001 2.052163e+001
      endloop
   endfacet
   facet normal -6.064515e-001 0.000000e+000 -7.951205e-001
      outer loop
         vertex 2.697012e+001 8.200000e+001 2.052163e+001
         vertex 2.697012e+001 7.200001e+001 2.052163e+001
         vertex 2.688091e+001 8.200000e+001 2.058885e+001
      endloop
   endfacet
   facet normal -5.971582e-001 0.000000e+000 -8.021235e-001
      outer loop
         vertex 2.688091e+001 8.200000e+001 2.058885e+001
         vertex 2.697012e+001 7.200001e+001 2.052163e+001
         vertex 2.688091e+001 7.200001e+001 2.058885e+001
      endloop
   endfacet
   facet normal -5.783327e-001 0.000000e+000 -8.158010e-001
      outer loop
         vertex 2.688091e+001 8.200000e+001 2.058885e+001
         vertex 2.688091e+001 7.200001e+001 2.058885e+001
         vertex 2.678942e+001 8.200000e+001 2.065292e+001
      endloop
   endfacet
   facet normal -5.688007e-001 0.000000e+000 -8.224754e-001
      outer loop
         vertex 2.678942e+001 8.200000e+001 2.065292e+001
         vertex 2.688091e+001 7.200001e+001 2.058885e+001
         vertex 2.678942e+001 7.200001e+001 2.065292e+001
      endloop
   endfacet
   facet normal -5.495094e-001 0.000000e+000 -8.354875e-001
      outer loop
         vertex 2.678942e+001 8.200000e+001 2.065292e+001
         vertex 2.678942e+001 7.200001e+001 2.065292e+001
         vertex 2.669574e+001 8.200000e+001 2.071375e+001
      endloop
   endfacet
   facet normal -5.397502e-001 0.000000e+000 -8.418252e-001
      outer loop
         vertex 2.669574e+001 8.200000e+001 2.071375e+001
         vertex 2.678942e+001 7.200001e+001 2.065292e+001
         vertex 2.669574e+001 7.200001e+001 2.071375e+001
      endloop
   endfacet
   facet normal -5.200166e-001 0.000000e+000 -8.541562e-001
      outer loop
         vertex 2.669574e+001 8.200000e+001 2.071375e+001
         vertex 2.669574e+001 7.200001e+001 2.071375e+001
         vertex 2.660000e+001 8.200000e+001 2.077128e+001
      endloop
   endfacet
   facet normal -5.100421e-001 0.000000e+000 -8.601494e-001
      outer loop
         vertex 2.660000e+001 8.200000e+001 2.077128e+001
         vertex 2.669574e+001 7.200001e+001 2.071375e+001
         vertex 2.660000e+001 7.200001e+001 2.077128e+001
      endloop
   endfacet
   facet normal -4.898902e-001 0.000000e+000 -8.717842e-001
      outer loop
         vertex 2.660000e+001 8.200000e+001 2.077128e+001
         vertex 2.660000e+001 7.200001e+001 2.077128e+001
         vertex 2.650231e+001 8.200000e+001 2.082543e+001
      endloop
   endfacet
   facet normal -4.797127e-001 0.000000e+000 -8.774256e-001
      outer loop
         vertex 2.650231e+001 8.200000e+001 2.082543e+001
         vertex 2.660000e+001 7.200001e+001 2.077128e+001
         vertex 2.650231e+001 7.200001e+001 2.082543e+001
      endloop
   endfacet
   facet normal -4.591669e-001 0.000000e+000 -8.883500e-001
      outer loop
         vertex 2.650231e+001 8.200000e+001 2.082543e+001
         vertex 2.650231e+001 7.200001e+001 2.082543e+001
         vertex 2.640279e+001 8.200000e+001 2.087614e+001
      endloop
   endfacet
   facet normal -4.487987e-001 0.000000e+000 -8.936329e-001
      outer loop
         vertex 2.640279e+001 8.200000e+001 2.087614e+001
         vertex 2.650231e+001 7.200001e+001 2.082543e+001
         vertex 2.640279e+001 7.200001e+001 2.087614e+001
      endloop
   endfacet
   facet normal -4.278843e-001 0.000000e+000 -9.038336e-001
      outer loop
         vertex 2.640279e+001 8.200000e+001 2.087614e+001
         vertex 2.640279e+001 7.200001e+001 2.087614e+001
         vertex 2.630156e+001 8.200000e+001 2.092335e+001
      endloop
   endfacet
   facet normal -4.173380e-001 0.000000e+000 -9.087514e-001
      outer loop
         vertex 2.630156e+001 8.200000e+001 2.092335e+001
         vertex 2.640279e+001 7.200001e+001 2.087614e+001
         vertex 2.630156e+001 7.200001e+001 2.092335e+001
      endloop
   endfacet
   facet normal -3.960802e-001 0.000000e+000 -9.182159e-001
      outer loop
         vertex 2.630156e+001 8.200000e+001 2.092335e+001
         vertex 2.630156e+001 7.200001e+001 2.092335e+001
         vertex 2.619874e+001 8.200000e+001 2.096699e+001
      endloop
   endfacet
   facet normal -3.853688e-001 0.000000e+000 -9.227627e-001
      outer loop
         vertex 2.619874e+001 8.200000e+001 2.096699e+001
         vertex 2.630156e+001 7.200001e+001 2.092335e+001
         vertex 2.619874e+001 7.200001e+001 2.096699e+001
      endloop
   endfacet
   facet normal -3.637937e-001 0.000000e+000 -9.314796e-001
      outer loop
         vertex 2.619874e+001 8.200000e+001 2.096699e+001
         vertex 2.619874e+001 7.200001e+001 2.096699e+001
         vertex 2.609447e+001 8.200000e+001 2.100702e+001
      endloop
   endfacet
   facet normal -3.529301e-001 0.000000e+000 -9.356497e-001
      outer loop
         vertex 2.609447e+001 8.200000e+001 2.100702e+001
         vertex 2.619874e+001 7.200001e+001 2.096699e+001
         vertex 2.609447e+001 7.200001e+001 2.100702e+001
      endloop
   endfacet
   facet normal -3.310639e-001 0.000000e+000 -9.436083e-001
      outer loop
         vertex 2.609447e+001 8.200000e+001 2.100702e+001
         vertex 2.609447e+001 7.200001e+001 2.100702e+001
         vertex 2.598886e+001 8.200000e+001 2.104338e+001
      endloop
   endfacet
   facet normal -3.200614e-001 0.000000e+000 -9.473968e-001
      outer loop
         vertex 2.598886e+001 8.200000e+001 2.104338e+001
         vertex 2.609447e+001 7.200001e+001 2.100702e+001
         vertex 2.598886e+001 7.200001e+001 2.104338e+001
      endloop
   endfacet
   facet normal -2.979308e-001 0.000000e+000 -9.545875e-001
      outer loop
         vertex 2.598886e+001 8.200000e+001 2.104338e+001
         vertex 2.598886e+001 7.200001e+001 2.104338e+001
         vertex 2.588204e+001 8.200000e+001 2.107604e+001
      endloop
   endfacet
   facet normal -2.868027e-001 0.000000e+000 -9.579897e-001
      outer loop
         vertex 2.588204e+001 8.200000e+001 2.107604e+001
         vertex 2.598886e+001 7.200001e+001 2.104338e+001
         vertex 2.588204e+001 7.200001e+001 2.107604e+001
      endloop
   endfacet
   facet normal -2.644347e-001 0.000000e+000 -9.644036e-001
      outer loop
         vertex 2.588204e+001 8.200000e+001 2.107604e+001
         vertex 2.588204e+001 7.200001e+001 2.107604e+001
         vertex 2.577415e+001 8.200000e+001 2.110495e+001
      endloop
   endfacet
   facet normal -2.531947e-001 0.000000e+000 -9.674153e-001
      outer loop
         vertex 2.577415e+001 8.200000e+001 2.110495e+001
         vertex 2.588204e+001 7.200001e+001 2.107604e+001
         vertex 2.577415e+001 7.200001e+001 2.110495e+001
      endloop
   endfacet
   facet normal -2.306164e-001 0.000000e+000 -9.730448e-001
      outer loop
         vertex 2.577415e+001 8.200000e+001 2.110495e+001
         vertex 2.577415e+001 7.200001e+001 2.110495e+001
         vertex 2.566532e+001 8.200000e+001 2.113007e+001
      endloop
   endfacet
   facet normal -2.192781e-001 0.000000e+000 -9.756624e-001
      outer loop
         vertex 2.566532e+001 8.200000e+001 2.113007e+001
         vertex 2.577415e+001 7.200001e+001 2.110495e+001
         vertex 2.566532e+001 7.200001e+001 2.113007e+001
      endloop
   endfacet
   facet normal -1.965171e-001 0.000000e+000 -9.805004e-001
      outer loop
         vertex 2.566532e+001 8.200000e+001 2.113007e+001
         vertex 2.566532e+001 7.200001e+001 2.113007e+001
         vertex 2.555567e+001 8.200000e+001 2.115138e+001
      endloop
   endfacet
   facet normal -1.850944e-001 0.000000e+000 -9.827207e-001
      outer loop
         vertex 2.555567e+001 8.200000e+001 2.115138e+001
         vertex 2.566532e+001 7.200001e+001 2.113007e+001
         vertex 2.555567e+001 7.200001e+001 2.115138e+001
      endloop
   endfacet
   facet normal -1.621784e-001 0.000000e+000 -9.867615e-001
      outer loop
         vertex 2.555567e+001 8.200000e+001 2.115138e+001
         vertex 2.555567e+001 7.200001e+001 2.115138e+001
         vertex 2.544535e+001 8.200000e+001 2.116886e+001
      endloop
   endfacet
   facet normal -1.506852e-001 0.000000e+000 -9.885818e-001
      outer loop
         vertex 2.544535e+001 8.200000e+001 2.116886e+001
         vertex 2.555567e+001 7.200001e+001 2.115138e+001
         vertex 2.544535e+001 7.200001e+001 2.116886e+001
      endloop
   endfacet
   facet normal -1.276422e-001 0.000000e+000 -9.918203e-001
      outer loop
         vertex 2.544535e+001 8.200000e+001 2.116886e+001
         vertex 2.544535e+001 7.200001e+001 2.116886e+001
         vertex 2.533449e+001 8.200000e+001 2.118247e+001
      endloop
   endfacet
   facet normal -1.160924e-001 0.000000e+000 -9.932384e-001
      outer loop
         vertex 2.533449e+001 8.200000e+001 2.118247e+001
         vertex 2.544535e+001 7.200001e+001 2.116886e+001
         vertex 2.533449e+001 7.200001e+001 2.118247e+001
      endloop
   endfacet
   facet normal -9.295037e-002 0.000000e+000 -9.956707e-001
      outer loop
         vertex 2.533449e+001 8.200000e+001 2.118247e+001
         vertex 2.533449e+001 7.200001e+001 2.118247e+001
         vertex 2.522322e+001 8.200000e+001 2.119220e+001
      endloop
   endfacet
   facet normal -8.135815e-002 0.000000e+000 -9.966849e-001
      outer loop
         vertex 2.522322e+001 8.200000e+001 2.119220e+001
         vertex 2.533449e+001 7.200001e+001 2.118247e+001
         vertex 2.522322e+001 7.200001e+001 2.119220e+001
      endloop
   endfacet
   facet normal -5.814535e-002 0.000000e+000 -9.983081e-001
      outer loop
         vertex 2.522322e+001 8.200000e+001 2.119220e+001
         vertex 2.522322e+001 7.200001e+001 2.119220e+001
         vertex 2.511168e+001 8.200000e+001 2.119805e+001
      endloop
   endfacet
   facet normal -4.652479e-002 0.000000e+000 -9.989172e-001
      outer loop
         vertex 2.511168e+001 8.200000e+001 2.119805e+001
         vertex 2.522322e+001 7.200001e+001 2.119220e+001
         vertex 2.511168e+001 7.200001e+001 2.119805e+001
      endloop
   endfacet
   facet normal -2.326948e-002 0.000000e+000 -9.997292e-001
      outer loop
         vertex 2.511168e+001 8.200000e+001 2.119805e+001
         vertex 2.511168e+001 7.200001e+001 2.119805e+001
         vertex 2.500000e+001 8.200000e+001 2.120000e+001
      endloop
   endfacet
   facet normal -1.163474e-002 0.000000e+000 -9.999323e-001
      outer loop
         vertex 2.500000e+001 8.200000e+001 2.120000e+001
         vertex 2.511168e+001 7.200001e+001 2.119805e+001
         vertex 2.500000e+001 7.200001e+001 2.120000e+001
      endloop
   endfacet
   facet normal 0.000000e+000 0.000000e+000 -1.000000e+000
      outer loop
         vertex 2.707680e+000 7.100000e+001 6.995909e+000
         vertex 2.707680e+000 7.300000e+001 6.995909e+000
         vertex 2.730453e+001 7.100000e+001 6.995909e+000
      endloop
   endfacet
   facet normal 0.000000e+000 0.000000e+000 -1.000000e+000
      outer loop
         vertex 2.730453e+001 7.100000e+001 6.995909e+000
         vertex 2.707680e+000 7.300000e+001 6.995909e+000
         vertex 2.730453e+001 7.300000e+001 6.995909e+000
      endloop
   endfacet
   facet normal -1.000000e+000 0.000000e+000 0.000000e+000
      outer loop
         vertex 2.730453e+001 7.100000e+001 6.995909e+000
         vertex 2.730453e+001 7.300000e+001 6.995909e+000
         vertex 2.730453e+001 7.100000e+001 5.196330e+000
      endloop
   endfacet
   facet normal -1.000000e+000 0.000000e+000 0.000000e+000
      outer loop
         vertex 2.730453e+001 7.100000e+001 5.196330e+000
         vertex 2.730453e+001 7.300000e+001 6.995909e+000
         vertex 2.730453e+001 7.300000e+001 5.196330e+000
      endloop
   endfacet
   facet normal 0.000000e+000 0.000000e+000 1.000000e+000
      outer loop
         vertex 2.730453e+001 7.100000e+001 5.196330e+000
         vertex 2.730453e+001 7.300000e+001 5.196330e+000
         vertex 2.707680e+000 7.100000e+001 5.196330e+000
      endloop
   endfacet
   facet normal 0.000000e+000 0.000000e+000 1.000000e+000
      outer loop
         vertex 2.707680e+000 7.100000e+001 5.196330e+000
         vertex 2.730453e+001 7.300000e+001 5.196330e+000
         vertex 2.707680e+000 7.300000e+001 5.196330e+000
      endloop
   endfacet
   facet normal 1.000000e+000 0.000000e+000 0.000000e+000
      outer loop
         vertex 2.707680e+000 7.100000e+001 5.196330e+000
         vertex 2.707680e+000 7.300000e+001 5.196330e+000
         vertex 2.707680e+000 7.100000e+001 6.995909e+000
      endloop
   endfacet
   facet normal 1.000000e+000 0.000000e+000 0.000000e+000
      outer loop
         vertex 2.707680e+000 7.100000e+001 6.995909e+000
         vertex 2.707680e+000 7.300000e+001 5.196330e+000
         vertex 2.707680e+000 7.300000e+001 6.995909e+000
      endloop
   endfacet
   facet normal 0.000000e+000 1.000000e+000 0.000000e+000
      outer loop
         vertex 2.730453e+001 7.300000e+001 5.196330e+000
         vertex 2.820000e+001 7.300000e+001 4.196331e+000
         vertex 2.707680e+000 7.300000e+001 5.196330e+000
      endloop
   endfacet
   facet normal 0.000000e+000 1.000000e+000 0.000000e+000
      outer loop
         vertex 2.707680e+000 7.300000e+001 5.196330e+000
         vertex 2.820000e+001 7.300000e+001 4.196331e+000
         vertex 1.800000e+000 7.300000e+001 4.196331e+000
      endloop
   endfacet
   facet normal 0.000000e+000 1.000000e+000 0.000000e+000
      outer loop
         vertex 2.707680e+000 7.300000e+001 5.196330e+000
         vertex 1.800000e+000 7.300000e+001 4.196331e+000
         vertex 2.707680e+000 7.300000e+001 6.995909e+000
      endloop
   endfacet
   facet normal 0.000000e+000 1.000000e+000 0.000000e+000
      outer loop
         vertex 2.707680e+000 7.300000e+001 6.995909e+000
         vertex 1.800000e+000 7.300000e+001 4.196331e+000
         vertex 1.800000e+000 7.300000e+001 7.995909e+000
      endloop
   endfacet
   facet normal 0.000000e+000 1.000000e+000 0.000000e+000
      outer loop
         vertex 2.707680e+000 7.300000e+001 6.995909e+000
         vertex 1.800000e+000 7.300000e+001 7.995909e+000
         vertex 2.730453e+001 7.300000e+001 6.995909e+000
      endloop
   endfacet
   facet normal 0.000000e+000 1.000000e+000 0.000000e+000
      outer loop
         vertex 2.730453e+001 7.300000e+001 6.995909e+000
         vertex 1.800000e+000 7.300000e+001 7.995909e+000
         vertex 2.820000e+001 7.300000e+001 7.995909e+000
      endloop
   endfacet
   facet normal 0.000000e+000 1.000000e+000 0.000000e+000
      outer loop
         vertex 2.730453e+001 7.300000e+001 6.995909e+000
         vertex 2.820000e+001 7.300000e+001 7.995909e+000
         vertex 2.730453e+001 7.300000e+001 5.196330e+000
      endloop
   endfacet
   facet normal 0.000000e+000 1.000000e+000 0.000000e+000
      outer loop
         vertex 2.730453e+001 7.300000e+001 5.196330e+000
         vertex 2.820000e+001 7.300000e+001 7.995909e+000
         vertex 2.820000e+001 7.300000e+001 4.196331e+000
      endloop
   endfacet
   facet normal 0.000000e+000 0.000000e+000 1.000000e+000
      outer loop
         vertex 2.820000e+001 7.200001e+001 7.995909e+000
         vertex 2.820000e+001 7.300000e+001 7.995909e+000
         vertex 1.800000e+000 7.200001e+001 7.995909e+000
      endloop
   endfacet
   facet normal 0.000000e+000 0.000000e+000 1.000000e+000
      outer loop
         vertex 1.800000e+000 7.200001e+001 7.995909e+000
         vertex 2.820000e+001 7.300000e+001 7.995909e+000
         vertex 1.800000e+000 7.300000e+001 7.995909e+000
      endloop
   endfacet
   facet normal 0.000000e+000 0.000000e+000 -1.000000e+000
      outer loop
         vertex 2.820000e+001 7.300000e+001 4.196331e+000
         vertex 2.820000e+001 7.200001e+001 4.196331e+000
         vertex 1.800000e+000 7.300000e+001 4.196331e+000
      endloop
   endfacet
   facet normal 0.000000e+000 0.000000e+000 -1.000000e+000
      outer loop
         vertex 1.800000e+000 7.300000e+001 4.196331e+000
         vertex 2.820000e+001 7.200001e+001 4.196331e+000
         vertex 1.800000e+000 7.200001e+001 4.196331e+000
      endloop
   endfacet
   facet normal -6.570922e-017 0.000000e+000 -1.000000e+000
      outer loop
         vertex 1.800000e+000 7.300000e+001 1.583172e+001
         vertex 2.820000e+001 7.300000e+001 1.583172e+001
         vertex 1.800000e+000 7.200001e+001 1.583172e+001
      endloop
   endfacet
   facet normal -6.570922e-017 0.000000e+000 -1.000000e+000
      outer loop
         vertex 1.800000e+000 7.200001e+001 1.583172e+001
         vertex 2.820000e+001 7.300000e+001 1.583172e+001
         vertex 2.820000e+001 7.200001e+001 1.583172e+001
      endloop
   endfacet
   facet normal 0.000000e+000 0.000000e+000 1.000000e+000
      outer loop
         vertex 2.820000e+001 7.300000e+001 1.683410e+001
         vertex 1.800000e+000 7.300000e+001 1.683410e+001
         vertex 2.820000e+001 7.200001e+001 1.683410e+001
      endloop
   endfacet
   facet normal 0.000000e+000 0.000000e+000 1.000000e+000
      outer loop
         vertex 2.820000e+001 7.200001e+001 1.683410e+001
         vertex 1.800000e+000 7.300000e+001 1.683410e+001
         vertex 1.800000e+000 7.200001e+001 1.683410e+001
      endloop
   endfacet
   facet normal 0.000000e+000 1.000000e+000 0.000000e+000
      outer loop
         vertex 1.800000e+000 7.300000e+001 1.583172e+001
         vertex 1.800000e+000 7.300000e+001 1.683410e+001
         vertex 2.820000e+001 7.300000e+001 1.583172e+001
      endloop
   endfacet
   facet normal 0.000000e+000 1.000000e+000 0.000000e+000
      outer loop
         vertex 2.820000e+001 7.300000e+001 1.583172e+001
         vertex 1.800000e+000 7.300000e+001 1.683410e+001
         vertex 2.820000e+001 7.300000e+001 1.683410e+001
      endloop
   endfacet
endsolid