:020000040000FA
:06000000020DC00203CB5B
:03002B00020B22A3
:030033000209BE01
:030053000202FAAC
:1000830002035C01010000000000F8FF07FFFF000E
:10009300000504000000030001FF18102700007F83
:1000A3000020FD000206FFFF1E7F21003200320008
:1000B300000000000000000000000201000008161C
:1000C3000000000000000000000000000000040227
:1000D300FFFFFF0003000000000A0000000001040E
:1000E30006000104010C000208EE80000000010478
:1000F3000000B515000000E8030000FFFF061688A6
:10010300130000E803000064006400B801A0BB0D05
:1001130000A0BB0D000202020704010A1E02051E15
:10012300020A0A010108080103B80B02803E01021A
:10013300FEFFE8030A050001FFFF020A011401E0C4
:10014300050301010F030003000300030003000381
:100153000003000300030005000A00140028004FF9
:10016300009E000000272800000000FB260000007E
:1001730000FF000000FF0000120DD0604F120DDFE2
:100183006012E7548066F6120C9B7011120E6D70AC
:100193003B090909F4F618F618F618F622120CAF03
:1001A3007015120E7608080860EAE6447FF61876A2
:1001B3008018E4F618F622120E766016120E6D7091
:1001C30012E4F608F608F608E65480F60909091859
:1001D300181822EAC0E0EBC0E0ECC0E0EDC0E0E6B6
:1001E30087F0A4FBACF008E687F0A42CFCE435F020
:1001F300FA1809E687F0A42C4B60027401CA35F0A3
:10020300FCE433FB09E687F0D2F7A42CCB35F0FCF2
:100213001908E687F0A42BCC35F0FBE433FD08196D
:10022300E687F0D2E7A42C4ACB35F0CD3400FC09A5
:10023300E687F0D2E7A42DCC35F0FDE433FA0918B4
:10024300E687F0D2F7A42CCD35F0CA3400FC08E6DB
:1002530087F0D2E7D2F7A42ACC35F07A7E20E70BD9
:100263000ACB33CBCD33CDCC33CC33CB335014701B
:1002730004ED30E00ED2F1E4CD3DCDCC3CCC3B508F
:1002830005DA05C2F1EB547FC63308E63392F0FB7F
:10029300E73309E733C39A502D2B70190C0D4C4DDE
:1002A30070151806E608C333700D20F10AA2F01387
:1002B300F6E418800B4024E4F630F002768018F65A
:1002C30018F618F68024D33B14501074FFA2F013D1
:1002D300F6187680E418F618F6800FA2F013F618D5
:1002E300E63303F618ECF618EDF6D0E0FDD0E0FCAB
:1002F300D0E0FBD0E0FA22C0E074F11206E4A2AF32
:10030300E433F509D2AF85A708AFA1EF5508FE7412
:10031300105E600612107475A1EF74085E60081217
:10032300107A75A1F78024EFA2E092F0E508A2E02D
:1003330082F05017906198E0F8900579E0C398A295
:10034300D265D0335002E8F075A1FE752300E509AC
:10035300A2E092AF7F020207A0C0E074F21206E4AB
:10036300A2AFE433FED2AF9061A4E0F8759B00E541
:100373009158540860087591F71210C88023E591CD
:1003830058541060087591EF1210CE8014E591A2B5
:10039300E092F0E8A2E082F05007E0C2E0F012122F
:1003A300249061A3E0F8E5E9585404600E1211FAB1
:1003B30075E9FB906193E0A2E640F2752300EEA29B
:1003C300E092AF7F010207A0C0E074F21206E4A23C
:1003D300AFE433FED2AF9061A5E0F8E5BF58540413
:1003E300600675BFFB12123C80D1C3E498F8E49910
:1003F300F912042E8026C3E49AFAE49BFBE920E772
:10040300E912042EE498F8E499F922C3E498F8E495
:1004130099F912042EE498F8E499F9C3E49AFAE4FA
:100423009BFB22EB20E7CFE920E7E0B90010BB00FC
:1004330008E88AF084F8AAF022E4FBC8FA22EB70F9
:10044300227B10C833C8C933C9335007C39AC3DBEF
:10045300F280069A50012ADBEAC833F4C8C933F4A0
:10046300C9FA2275F008E4C833C8C933C933C99A35
:10047300C99B5004C92AC93BD5F0ECFBC833F4C867
:10048300E4C9FA221204D230F0391205178034126B
:1004930004D220F01430E72B74FFFCFBFA747F8046
:1004A30022E4FCFBFA7480801AB48008BC00F2BB1F
:1004B30000EF800F50EBF9E4C39AFAE49BFBE49C52
:1004C300FCE499C6CC18C6CB18C6CA18C6F922E4F0
:1004D300C9C608CAC608CBC6D3330308CCC63392F1
:1004E300F0C3947F402E94184019C9B90704CACBAE
:1004F300CC225025C309CA33CACB33CBCC33CC333C
:10050300D9F422F4600DC9CCC313CB13CBCA13CADD
:10051300D9F6CC22E4FCFBFA2214FCFBFA220808ED
:1005230008EAC0E0EBC0E086F0E7A4FA180986F019
:10053300E7A42AFA180986F0E7A42AFA180986F02C
:10054300E7A42AFA1986F0E7A4FBE5F02AFA1908CA
:1005530086F0E7A42BFBE5F03AFA190886F0E7A446
:100563002BFBE5F03AFA18180986F0E7A4C5F02B3F
:10057300FBE43AFA1908E7C5F0C6A426F6E5F03B12
:10058300FBE43AFA1886F0E7A4F6E5F00826F6E469
:100593003B08F6E43A08F6D0E0FBD0E0FA22E4CFD9
:1005A300C0E0E4CEC0E0E4CDC0E0E4CCC0E075F050
:1005B30020E626F608E633F608E633F608E633F6D1
:1005C300181818EC33FCED33FDEE33FEEF33FFC3A5
:1005D300EC9709ED9709EE9709EF97191919400F51
:1005E300FFEC97FC09ED97FD09EE97FE191906D567
:1005F300F0BFECF709EDF709EEF709EFF719191951
:10060300D0E0FCD0E0FDD0E0FED0E0FF222521C504
:1006130082C0E0E52234FFC583C0E0E521C39582B3
:1006230024F810AF088583228582218008858322E0
:10063300858221D2AFCEF0A3E520F0A37808E608A7
:10064300F0A3DEFAEFF0A3E58124FAF8E608F0A3BD
:10065300E608F0A3E608F0A30808E608F0A3E60816
:10066300F0A315811581D0E0FED0E0F81581158146
:100673001581E8C0E0EEC0E022120E58B900030273
:1006830006CEE490050178A279148002F0A3D8FC89
:10069300D9FA78239000867A01BA00028007E4939E
:1006A300A3F608DAF97AA27B1890008778F4790127
:1006B3008015E493A3AD82AE838A828B83F0A3AAD1
:1006C30082AB838D828E83D8E9D9E775826A75837D
:1006D300BA7404120B047582367583247400120BEA
:1006E30004C0D02521C582C0E0E52234FFC583C004
:1006F300E0E521C3958224F310AF08858322858228
:10070300218008858322858221D2AFC8F0A3E9F036
:10071300A3EAF0A3EBF0A37908E709F0A3D8FAEC76
:10072300F0A3EDF0A3EEF0A3EFF0A3D0E0F0A3D09D
:10073300E0F0A3D0E0F0A3E520F0A3E5F0F0A322DE
:10074300E9799EC608CAC608CBC608CCC6C37020C2
:100753007996CACBCC7019798ECBCC70137986CCB1
:10076300700EF9802ACA33CACB33CBCC33CC3319BE
:1007730030E7F2CCCBCA3350147004EA30E00DE416
:10078300CA3ACACB3BCBCC3CCC500209C3E913C613
:10079300CC182313C6CB18C6CA18C6F922852283E0
:1007A300852182E0C0E0A3E0F9A3E0FAA3E0FBA384
:1007B3007808E0F608A3DFFAE0FCA3E0FDA3E0FE7F
:1007C300A3E0FFA3E0C0E0A3E0C0E0A3E0F5D0A373
:1007D300E0F520A3E0A3F5F010AF0885832285821E
:1007E300218008858322858221D2AFD082D083D015
:1007F300E0F8D0E03275F0108E248F2585822985AC
:100803008328852182852283E0CEA3E0CF852982B8
:10081300852883EBC9EAC8EDCBECCAC3E833C8E942
:1008230033C9EA33CAEB33CBC3EA9EF527EB9FF513
:1008330026B35004AB26AA27EC33CCED33CDD5F049
:10084300DAAE24AF2522D083D082ECC0E0EDC0E045
:10085300E493A3FCE493A3FDED4C600D120921EC9A
:1008630024FFFCED34FFFD80EFE493A3FCE493A3AA
:10087300FDED4C600D1209E9EC24FFFCED34FFFDA6
:1008830080EFD0E0FDD0E0FCE493A3C0E0E493C0AC
:10089300E022852283852182E0A3FEE0A3F5207870
:1008A30008E0A3F608DFFAE0A3FFE0A3C0E0E0A3BB
:1008B300C0E0E0A3C0E0E0A3C0E0E0A3C0E010AF6D
:1008C300088582218583228008858221858322D21F
:1008D300AFD083D082020B0AD083D082E9C0E0E498
:1008E30093A3C386F0C5F095F0F908E493A386F0CB
:1008F300C5F095F0700BE493A3C3994005E9048018
:1009030002A3E475F002A42582F582E5F03583F5B0
:1009130083D0E0F9E493A3C0E0E493C0E022C0E015
:10092300C3E49396087401939618400FE49366709A
:100933000808740193661870007019A3A3C3E493A5
:1009430096087401939618A3A3400DD0E0D0E0D08D
:10095300E0020885A3A3A3A3A3A3D0E02274048089
:100963000474028000CCC0E0EDC0E0E521C39CCC60
:10097300AD2250011D10AF068C218D2280068C21E3
:100983008D22D2AF120A86D0E0FDD0E0FC227402A1
:100993008000CCC0E0EDC0E0E521C39CCCAD22508B
:1009A300011D10AF068C218D2280068C218D22D251
:1009B300AF120A64D0E0FDD0E0FC22C0E074F21272
:1009C30006E4A2AFE433FED2AFE58BA2E050057993
:1009D30004120FCC758B00C2E8752300EEA2E092DF
:1009E300AF7F010207A0C0E0C0F088F0E493667017
:1009F300080874019366187000A8F0A3A3700BD0C5
:100A0300F0D0E0D0E0D0E0020885A3A3D0F0D0E09E
:100A130022D083D082CCC0E0E493A36006120AC63E
:100A23001470FAE493A36006120BF31470FAD0E087
:100A3300FCE493A3C0E0E493C0E022C008C3E096C3
:100A4300F50808A3E096420808A3E096420808A325
:100A5300E0964208A2D265D033E5087001D3D008EE
:100A630022CAC0E0E493A3C582CCC582C583CDC5A9
:100A730083F0A3C582CCC582C583CDC583DAE5D017
:100A8300E0CA22CAC0E0E0A3C582CCC582C583CD3B
:100A9300C583F0A3C582CCC582C583CDC583DAE601
:100AA300D0E0CA227009080808226016181818C670
:100AB300C333C608C633C608C633C608C633C6D54D
:100AC300E0EA22C0E0E493A3D39C5010E493A3C3D1
:100AD3009C400AD0E0D0E0D0E0020A31A3A3A3D027
:100AE300E022C008C3E096F50808A3E09642080890
:100AF300A3E096420808A3E09645087001D3D00806
:100B030022C09FF59FE473D09F22D083D082C09FE1
:100B1300E493C0E0740193C0E0740293F59F22C094
:100B2300E0C0D0E8C0E0A8A8D2AFC2C7752300E8F0
:100B3300A2E792AFD0E0F8D0D0D0E0327404800ABC
:100B430074038006740280027401C0E0F404120B83
:100B530075D0E0120E1B2200C0D0252110AF08F57E
:100B630021500C05228008F52150020522D2AFD076
:100B7300D0222521F58210AF08F521400C152280E3
:100B830008F52140021522D2AF85228322BB010240
:100B9300E722C082C08389828A83BB0003E080028C
:100BA300E493D083D082226016080808C6C313C614
:100BB30018C613C618C613C618C613C6D5E0EA224C
:100BC300C3E0C696F608A3E0C696F608A3E0C69669
:100BD300F608A3E0C696F6222521F8E43522F92289
:100BE3002521FAE43522FB222521FCE43522FD22CE
:100BF300C0E0E493A36C7009D0E0D0E0D0E0020A37
:100C030031A3A3D0E022252110AF08F521400C1514
:100C1300228008F52140021522D2AF22E06670102F
:100C230008A3E066700A08A3E066700408A3E06600
:100C330022E76670100809E766700A0809E766701C
:100C4300040809E76622C3E7960809E7960809E757
:100C5300960809E796A2D265D03322C3E09608A38B
:100C6300E09608A3E09608A3E096A2D265D03322CB
:100C7300C3E49396087401939608740293960874D8
:100C830003939622C3E697F60809E697F60809E662
:100C930097F60809E697F622181818E6084608702A
:100CA30009E626087005E633F4220822191919E724
:100CB3000947097009E727097005E733F422092278
:100CC300C3E096F008A3E096F008A3E096F008A32B
:100CD300E096F022E026F008A3E036F008A3E03621
:100CE300F008A3E036F022700422600D18C6C33367
:100CF300C608C633C6D5E0F41822E627F60809E687
:100D030037F60809E637F60809E637F622E026F64D
:100D130008A3E036F608A3E036F608A3E036F62289
:100D2300E056F008A3E056F008A3E056F008A3E06D
:100D330056F022E657F60809E657F60809E657F68D
:100D43000809E657F622E647F60809E647F60809D2
:100D5300E647F60809E647F622E056F608A3E0560A
:100D6300F608A3E056F608A3E056F622E4C396F687
:100D730008E496F608E496F608E496F622600D0871
:100D8300C6A2E713C618C613C6D5E0F322C6F4C637
:100D930008C6F4C608C6F4C608C6F4C622C3E0965D
:100DA30008A3E09608A3E09608A3E09622C3E7967B
:100DB3000809E7960809E7960809E7962275D0001F
:100DC30075813F7521017522050002067CE6084600
:100DD30008C3134608336002E633F422E7094709E0
:100DE300C3134709336002E733F422600C08C6C318
:100DF30013C618C613C6D5E0F422E6F008A3E6F03E
:100E030008A3E6F008A3E6F022E0F608A3E0F6085C
:100E1300A3E0F608A3E0F622CAC0E0E6F0A308DAEE
:100E2300FAD0E0FA22E0FAA3E0FBA3E0FCA3E0FDA2
:100E330022EAF0A3EBF0A3ECF0A3EDF022E0F8A399
:100E4300E0F9A3E0FAA3E0FB22E8F0A3E9F0A3EAC8
:100E5300F0A3EBF022E5C754F84401F5C77901226A
:100E63002521F582E43522F58322E727194719471F
:100E7300194722E62618461846184622C2AF75D6E9
:100E83009F02000022120B0D00DB03120B0D4CDB43
:100E930003120B0DDEDB03120B0DB7DC03120B0D7C
:100EA30013DD03120B0D71DD03120B0DE4DD0312D1
:100EB3000B0D28DE03120B0D80DE03120B0DA2DED9
:100EC30003120B0D32DF03120B0DC3DF03120B0DE5
:100ED3000FE003120B0D3BE003120B0D7CE003123A
:100EE3000B0D1BE203120B0DFDE203120B0DD2E3FC
:100EF30003120B0D33AF04120B0D5EAF04120B0D77
:100F030079AF04120B0D9EAF04120B0D44B0041203
:100F13000B0D6AB004120B0D2FB104120B0D59B156
:100F230004120B0DB9FF03120B0DD6FF03120B0DA9
:100F330094AC04120B0DDDAC04120B0D12AD0412B4
:100F43000B0D1AAD04120B0D83AD04120B0DA1ADE5
:100F530004120B0D39B604120B0DF6B604120B0D69
:100F6300DBB704120B0D13C404120B0D24C40412BB
:100F73000B0DC2C404120B0DCDC404120B0DE7C438
:100F830004120B0DFBFF01120B0D38C904120B0DDC
:100F9300F6C404120B0D06C504120B0D18C504127A
:100FA3000B0DCAC504120B0D20C104120B0DA4C1F5
:100FB30004120B0D0CC204120B0D25C304120B0DEE
:100FC30072C304120B0D7BC304120B0DA2C30412D4
:100FD3000B0DEAC304120B0D01C404120B0DF07FB9
:100FE30000120B0DF37F00120B0DF87F00120B0D97
:100FF3005DB804120B0D95B804120B0DE3B904127E
:101003000B0D67BA04120B0DADFA03120B0DD9FACF
:1010130003120B0D43FD03120B0D83FD03120B0D86
:10102300BFFD03120B0DD3FD03120B0DECFD0312D9
:101033000B0DDEFE03120B0D91FF03120B0DA5FF2B
:1010430003120B0D3C7E00120B0D607E00120B0D84
:10105300797E00120B0DB77E00120B0DE77E001296
:101063000B0D147F00120B0D1E7F00120B0D847FDE
:1010730000120B0D877F00120B0D917F00120B0DD9
:101083009E7F00120B0DEDA904120B0D0DAA041285
:101093000B0D4CAA04120B0D6AAA04120B0D85AAA0
:1010A30004120B0DEBAA04120B0DF7AA04120B0D7D
:1010B30054AB04120B0D63AB04120B0D87AB04127C
:1010C3000B0D48AC04120B0D55AC04120B0D66ACA2
:1010D30004120B0D22C704120B0D6AC704120B0D69
:1010E30096C704120B0D579304120B0DB1940412FF
:1010F3000B0DBF9404120B0DD29404120B0DE79445
:1011030004120B0DFC9404120B0D0F9504120B0D1E
:101113008B9504120B0DF09504120B0D78960412A7
:101123000B0DF09604120B0DC99704120B0DD997F2
:1011330004120B0DE89704120B0D89C604120B0D54
:10114300ADC604120B0DD5C604120B0DFDC6041259
:101153000B0DA6B104120B0DCDB104120B0DEBB1A7
:1011630004120B0D5AB204120B0D1AA704120B0D25
:1011730033A704120B0D3FA704120B0D53A7041240
:101183000B0D71A704120B0D7BA704120B0D85A782
:1011930004120B0D98A704120B0D1EA804120B0DBD
:1011A30093A804120B0DC2A804120B0D10A904126C
:1011B3000B0D5FA904120B0D7AA904120B0D84A960
:1011C30004120B0D95A904120B0DD8A904120B0DD3
:1011D30016C804120B0D61C804120B0D9889041272
:1011E3000B0DC48904120B0DE18904120B0DF48954
:1011F30004120B0D0F8A04120B0D698A04120B0DD6
:10120300978A04120B0DA78E04120B0D059004127E
:101213000B0D379004120B0D9A9004120B0D0692CE
:1012230004120B0D2E9204120B0D439204120B0D9C
:10123300539204120B0D939204120B0DD5920412C8
:101243000B0DE59204120B0DEABE04120B0D04BF45
:1012530004120B0D2CBF04120B0D45BF04120B0D12
:1012630069BF04120B0D87BF04120B0D9EBF04123E
:101273000B0DCCBF04120B0DE7BF04120B0DD0C531
:1012830004120B0D14C604120B0DCCFB01120B0D33
:10129300DCFB01120B0DE1FC01120B0D13FD01121E
:1012A3000B0D43FD01120B0D66FD01120B0D7DFDB0
:1012B30001120B0DB7FD01120B0D1CFE01120B0DDC
:1012C3005EFE01120B0DA5FE01120B0DD2FE0112E3
:1012D3000B0DFDFE01120B0D54BC04120B0D66BC6D
:1012E30004120B0D7ABD04120B0D7DBD04120B0D00
:1012F3001AC004120B0D50C004120B0D68C0041267
:101303000B0DAAC004120B0DBAC004120B0DFEC0C4
:1013130004120B0D08C104120B0D457700120B0DBF
:10132300887700120B0DED7700120B0D0C7800126D
:101333000B0DAE7800120B0DB77800120B0D087968
:1013430000120B0D317900120B0D3E7900120B0DBB
:10135300B07900120B0D3E7A00120B0D837A001246
:101363000B0DBC7A00120B0D217B00120B0D4A7B77
:1013730000120B0DC17B00120B0D107C00120B0D24
:101383004D7C00120B0D827C00120B0D947C00121D
:101393000B0DA67C00120B0DC57C00120B0DCE7C31
:1013A30000120B0D8F7D00120B0DD27D00120B0D61
:1013B300107E00120B0DC5C804120B0DAABD04123A
:1013C3000B0DFBB304120B0D31B404120B0D79B4E6
:1013D30004120B0DD2B504120B0DBDC203120B0D7B
:1013E300E3C303120B0D1FC403120B0DDDC5031260
:1013F3000B0D0BC603120B0D75C803120B0DB5C8ED
:1014030003120B0D57CA03120B0DEDCA03120B0D7A
:1014130047CB03120B0DD7CB03120B0D1BCC0312BF
:101423000B0D5DCC03120B0DC2CD03120B0D42CF7E
:1014330003120B0D83D103120B0DB1D103120B0D4C
:10144300DDD103120B0DE6D103120B0D43D20312B0
:101453000B0DDCD203120B0DF3D503120B0D79D652
:1014630003120B0D55FF01120B0D6DFF01120B0D36
:1014730077FF01120B0DCDFF01120B0D939C04128C
:101483000B0DA99C04120B0D4A9D04120B0D899D93
:1014930004120B0DA69D04120B0DD79D04120B0D08
:1014A300249E04120B0D589E04120B0D939E0412DE
:1014B3000B0D90A004120B0DF6A004120B0D25C208
:1014C30004120B0D84C204120B0DC2C204120B0DC5
:1014D30003C304120B0D6DC804120B0D008002121E
:1014E3000B0D0C8002120B0D6E8002120B0D788017
:1014F30002120B0D078102120B0D438102120B0D19
:10150300018202120B0D5E8202120B0DF482021293
:101513000B0D458302120B0DC38302120B0D7F8546
:1015230002120B0D798702120B0DB78802120B0DF5
:10153300038A02120B0DA98A02120B0D668F021287
:101543000B0D619002120B0DF79002120B0D2791F8
:1015530002120B0DC49102120B0DE19102120B0D3D
:10156300019202120B0D6F9202120B0D8C9202125A
:101573000B0DBA9202120B0D5A9402120B0D7B94AF
:1015830002120B0D219502120B0D699502120B0D20
:10159300C79502120B0D6A9602120B0DCF9602121B
:1015A3000B0D389702120B0D749702120B0D229834
:1015B30002120B0D989802120B0DD39802120B0D09
:1015C3004A9902120B0D8F9A02120B0D1A9C0212EA
:1015D3000B0DB39C02120B0D049F02120B0D699F9E
:1015E30002120B0D979F02120B0DD0A402120B0DCA
:1015F3007FA702120B0D7FA802120B0D58ED0212EA
:101603000B0D2CEF02120B0D89F102120B0D93F14E
:1016130002120B0DB3F102120B0DD6F202120B0DD7
:10162300C5F402120B0D93F602120B0DDCF7021236
:101633000B0D25F902120B0DA5F902120B0DF2FA8F
:1016430002120B0D4BFB02120B0D69FB02120B0D69
:10165300A87F00120B0D8BFC02120B0D4AFD021228
:101663000B0DB0FD02120B0D5FFE02120B0D57ADF9
:1016730003120B0D86AD03120B0DFEAD03120B0D02
:101683000DAF03120B0D69AF03120B0DD6B003128E
:101693000B0DF2B003120B0D44B103120B0D87B106
:1016A30003120B0D9AB103120B0DF2B103120B0DC2
:1016B300B4B203120B0D30B303120B0D67B3031255
:1016C3000B0D9FB303120B0D31B503120B0D10B6A7
:1016D30003120B0D5EB703120B0D41B803120B0D72
:1016E300CDB803120B0D0DB903120B0D2CB9031258
:1016F3000B0D77B903120B0D97B903120B0D30BA0B
:1017030003120B0DB6BA03120B0D11BB03120B0D13
:1017130051BB03120B0DE7BD03120B0D00BF0312E8
:101723000B0D46BF03120B0D70C003120B0D98C0B7
:1017330003120B0D9BC003120B0DA5C003120B0D5F
:10174300C1C003120B0D3BC103120B0D74C1031275
:101753000B0DA0C103120B0DC7C103120B0DEBC17F
:1017630003120B0D5CC203120B0D6FC203120B0DA0
:101773009EC203120B0D99C704120B0DA5C70412C9
:101783000B0DD9C704120B0DF8FF01120B0D3F9778
:1017930003120B0D629703120B0DA79803120B0D87
:1017A300F09803120B0D5C9903120B0DBA990312F7
:1017B3000B0DBD9903120B0D0E9A03120B0D839A99
:1017C30003120B0D089B03120B0D0B9B03120B0D46
:1017D3008C9B03120B0DCD9B03120B0DB99F0312B0
:1017E3000B0D63A103120B0DB3A103120B0D42A545
:1017F30003120B0D75A603120B0DCAA703120B0DD3
:1018030067A803120B0D52A903120B0DB5AB0312FC
:101813000B0D02EC01120B0DACEC01120B0D17EDCD
:1018230001120B0D32ED01120B0DB7ED01120B0D71
:1018330011EE01120B0D58EE01120B0DBFEE01124A
:101843000B0D3EF001120B0D6DF101120B0DF5F1B5
:1018530001120B0DFEF301120B0DABF401120B0D74
:1018630081F501120B0D3CF701120B0DD4F8011297
:101873000B0D67F901120B0D8DFA01120B0D25D219
:1018830002120B0D0C8604120B0DD0D202120B0D9B
:1018930014D302120B0D6FD302120B0DCCD3021211
:1018A3000B0D07D402120B0D89D402120B0DE3D4D6
:1018B30002120B0D61D602120B0DE1D602120B0DB3
:1018C3003CD702120B0D56D702120B0D77D702121B
:1018D3000B0DD1D702120B0D4DDA02120B0D6CDA80
:1018E30002120B0D5CDB02120B0D8FDC02120B0DCF
:1018F3000EDD02120B0D4ADD02120B0D7BDA031211
:101903000B0D6EDE02120B0D46E002120B0D4DE1C4
:1019130002120B0DC5E202120B0DBBE402120B0DFA
:1019230031E702120B0D0BE902120B0DCCE9021287
:101933000B0D44EA02120B0D5BEA02120B0D52EB84
:1019430002120B0D46EC02120B0DB5EC02120B0D3D
:1019530028A404120B0D7FA504120B0D3EA604123E
:101963000B0DA6A604120B0D03A104120B0D1EA151
:1019730004120B0D62A104120B0D88A104120B0DAE
:10198300AFA104120B0DC7A104120B0D69A204121F
:101993000B0D7EA204120B0DA1A304120B0DAAA31F
:1019A30004120B0DB3A304120B0DBCA304120B0DF5
:1019B300C6A304120B0D199804120B0D259C0412D7
:1019C3000B0D2A9C04120B0D2C9C04120B0DE1BA77
:1019D30004120B0D1AC904120B0DD1FF02120B0DC9
:1019E3006CAC02120B0D9FAC02120B0D0BAD02126D
:1019F3000B0DA6AD02120B0D43AE02120B0D88AEFA
:101A030002120B0DAAAE02120B0DC3AE02120B0D86
:101A1300E9AE02120B0D0BAF02120B0D49AF02120E
:101A23000B0D8DAF02120B0DAFAF02120B0D11B0E8
:101A330002120B0DD8B002120B0D8FB102120B0D57
:101A430001B202120B0DCCB202120B0D1FB3021224
:101A53000B0D85B302120B0DBFB302120B0D11B4A4
:101A630002120B0D7FB402120B0DEAB402120B0D1E
:101A7300EDB402120B0D6EB502120B0D05B6021278
:101A83000B0D85B602120B0DA4B602120B0D08B88E
:101A930002120B0D15B802120B0D21B902120B0D18
:101AA3002EB902120B0D37B902120B0D0FBB021226
:101AB3000B0D29BC02120B0DA2BC02120B0D14BD9F
:101AC30002120B0D36BD02120B0DCABD02120B0D15
:101AD3009EBF02120B0D75C302120B0D89C30212B6
:101AE3000B0D99C302120B0DA3C302120B0DACC352
:101AF30002120B0DB5C302120B0DBFC302120B0D65
:101B0300ECC302120B0D15C402120B0D20C40212FA
:101B13000B0D44C402120B0D68C402120B0DD2C488
:101B230002120B0D18C502120B0D35C502120B0D57
:101B3300B2C502120B0DE9C502120B0D28C6021223
:101B43000B0D75C602120B0DFBC602120B0DC9C895
:101B530002120B0D4CC902120B0D30CA02120B0DEF
:101B630097CC02120B0DF0CC02120B0D3ACD0212E0
:101B73000B0D95CE02120B0DCACE02120B0D1CCF0C
:101B830002120B0DD1CF02120B0D80D002120B0DDE
:101B9300BDD002120B0D52D102120B0DBED1021297
:101BA3000B0D882A00120B0DBA2A00120B0DE82A1E
:101BB30000120B0DBE2C00120B0D9E2D00120B0DEF
:101BC300F62D00120B0D312F00120B0D7D2F00127D
:101BD3000B0DA63200120B0D993500120B0DE936D1
:101BE30000120B0D7F3700120B0D8B3700120B0DFC
:101BF300BD3700120B0D403900120B0DF13A0012E4
:101C03000B0D853B00120B0DC83B00120B0D463C20
:101C130000120B0D633C00120B0D933C00120B0DD5
:101C2300C83C00120B0D983D00120B0D413E0012F3
:101C33000B0DC74000120B0DE74100120B0DD242F2
:101C430000120B0D544300120B0D884700120B0DAD
:101C5300C54700120B0D1D4800120B0D5048001212
:101C63000B0DBA4800120B0DF04800120B0D7B4907
:101C730000120B0DD34900120B0DAA4A00120B0DD3
:101C8300634B00120B0DFE4B00120B0D064F00129F
:101C93000B0D225000120B0DC55300120B0DB9543E
:101CA30000120B0DBC5400120B0DEB5400120B0D64
:101CB300F15600120B0DCA5700120B0D0D580012EE
:101CC3000B0D635900120B0DA25900120B0D2B5A69
:101CD30000120B0D5F5A00120B0D245B00120B0D4B
:101CE3003C5D00120B0DAD5D00120B0DED5D00129E
:101CF3000B0D7B5E00120B0D9D5F00120B0D5F60E1
:101D030000120B0D666200120B0D7E6200120B0DAA
:101D1300926200120B0DCA6200120B0DF8620012E0
:101D23000B0D776400120B0D9C6500120B0DF9650A
:101D330000120B0DAB6600120B0DD26600120B0DD9
:101D4300996700120B0D316800120B0D576A0012D0
:101D53000B0D8C6A00120B0DEF6A00120B0D1E6C3B
:101D630000120B0DC66C00120B0DF76C00120B0D5D
:101D73000F6D00120B0D9E6D00120B0D52700012B1
:101D83000B0D2A7200120B0D467200120B0D6272BC
:101D930000120B0D307300120B0D237700120B0D85
:101DA300208201120B0D528201120B0D418601128A
:101DB3000B0D8D8601120B0DD38601120B0D75874A
:101DC30001120B0DD18701120B0D168801120B0D99
:101DD3005D8901120B0D718A01120B0D608E0112C8
:101DE3000B0DE48E01120B0DF18F01120B0D4D90B3
:101DF30001120B0D3D9201120B0DB29201120B0D4C
:101E0300BC9201120B0DC99201120B0DF492011237
:101E13000B0DDB9301120B0D859401120B0D039532
:101E230001120B0D239501120B0D4C9501120B0D95
:101E33006E9501120B0DCE9701120B0D94980112A2
:101E43000B0DD99801120B0D569901120B0D079A20
:101E530001120B0D399A01120B0D7F9A01120B0D12
:101E6300BB9A01120B0D0B9B01120B0D5F9B011211
:101E73000B0DB59B01120B0D019C01120B0D6E9CFA
:101E830001120B0DE99C01120B0DB49E01120B0DF7
:101E9300B49F01120B0DD9A001120B0D18A401124E
:101EA3000B0D2BA701120B0DE8A701120B0D2CA88C
:101EB30001120B0DDCA901120B0DF0A901120B0D80
:101EC300FAA901120B0D04AA01120B0D10AA01129B
:101ED3000B0D2CAA01120B0DD7AA01120B0D16AB79
:101EE30001120B0D20AB01120B0D2AAB01120B0DCE
:101EF3009AAB01120B0DE5AB01120B0DFAAC0112FB
:101F03000B0D56AD01120B0DD7AD01120B0D96AE95
:101F130001120B0D9FAF01120B0DD3B001120B0D6C
:101F2300C1B101120B0DD9B101120B0D34B2011263
:101F33000B0D52B201120B0D9AB201120B0DC1B26D
:101F430001120B0D5CB301120B0D22B401120B0D28
:101F5300B4B401120B0D2EB501120B0D48B60112CC
:101F63000B0DF5B601120B0D1DB801120B0D6DB85B
:101F730001120B0DD1B801120B0D33B901120B0D68
:101F830061B901120B0D85B901120B0DBAB901121A
:101F93000B0DEBB901120B0D1EBA01120B0D3EBA5C
:101FA30001120B0DA6BA01120B0D9ABB01120B0DF8
:101FB300F5BB01120B0D1EBC01120B0DA6BC0112C9
:101FC3000B0D29BD01120B0D54BD01120B0D39BEB2
:101FD30001120B0DACE403120B0DE4E403120B0D21
:101FE30005E503120B0D47E503120B0DA9E50312DB
:101FF3000B0DB3E503120B0DC3E503120B0DFEE549
:1020030003120B0DDEE903120B0DCBEB03120B0DC9
:10201300B1ED03120B0D48EE03120B0DEAEE0312A2
:102023000B0D3BC001120B0DB9C001120B0D15C1F5
:1020330001120B0D60C101120B0D7BC101120B0DBF
:10204300A6C101120B0DC3C101120B0DCFC10112A9
:102053000B0D66C301120B0D7FC301120B0D04C4DC
:1020630001120B0D17C401120B0D36C401120B0D17
:10207300DAC401120B0D5BC601120B0D0EC801125F
:102083000B0DA4C801120B0DA7C801120B0D17C924
:1020930001120B0D35C901120B0DCCC901120B0D29
:1020A30014CA01120B0D17CA01120B0DDDCA01125E
:1020B3000B0D4ACB01120B0D70CB01120B0DFBCB99
:1020C30001120B0D19CC01120B0D5FCC01120B0D7C
:1020D30013CD01120B0D5DCD01120B0D8CCD011231
:1020E3000B0DE9CD01120B0D1ECE01120B0D4ACEC5
:1020F30001120B0D58CE01120B0DA5CE01120B0DC3
:1021030015CF01120B0D5ECF01120B0DAACF0112D9
:102113000B0DD6CF01120B0DE1CF01120B0DFFCF2B
:1021230001120B0DEAD001120B0DF4D001120B0DAD
:102133002FD101120B0D3FD101120B0D48D101120A
:102143000B0D9CD101120B0DB0D101120B0DDFD27F
:1021530001120B0DF6D201120B0D0BD301120B0D55
:1021630099D301120B0DDED301120B0D6AD40112A8
:102173000B0D75D401120B0DB7D501120B0DD2D572
:1021830001120B0D1ED601120B0D8DD601120B0D74
:10219300C6D601120B0DE0D601120B0D22D7011288
:1021A3000B0DF2D901120B0D9FDA01120B0D0CDB93
:1021B30001120B0D4CDD01120B0D64DD01120B0D31
:1021C30067DD01120B0D73DD01120B0D87DD0112AB
:1021D3000B0D8FDD01120B0DC2DD01120B0DC4DEE1
:1021E30001120B0D4BDF01120B0DBBDF01120B0DA7
:1021F3003DE001120B0DFEE001120B0D1DE101127A
:102203000B0DBEE101120B0D1BE201120B0D1EE2C1
:1022130001120B0D4BE201120B0D60E201120B0DCB
:10222300D4E201120B0D23E401120B0D29E5011277
:102233000B0DB4E501120B0DCFE601120B0D97E761
:1022430001120B0DC8E701120B0DEBE701120B0D89
:10225300F4E701120B0D23E801120B0DB3E8011291
:102263000B0D69E901120B0DDEE901120B0D85EA75
:1022730001120B0DFAEA01120B0D31EB01120B0DDA
:102283006FEB01120B0DA5EB01120B0DF885041278
:102293000B0D558504120B0D558404120B0D6E8323
:1022A30004120B0D5E8104120B0D6C8004120B0DD6
:1022B3000A8004120B0D2F9703120B0DC496031201
:1022C3000B0DF89403120B0DB69403120B0DBA9376
:1022D30003120B0D36DA03120B0D1ADA03120B0D70
:1022E3008E9303120B0D459303120B0DF3D70312B9
:1022F3000B0DB5D703120B0D869203120B0D8B8FAB
:1023030003120B0D608D03120B0D078D03120B0DC2
:102313009A8C03120B0D598C03120B0D928B031223
:102323000B0D2C8B03120B0DCB8A03120B0D6B8A37
:1023330003120B0D428903120B0DD68803120B0DEA
:102343002E8803120B0D298803120B0D1D8803120F
:102353000B0D508403120B0D2A8403120B0D87D728
:1023630003120B0D54D703120B0DD8D603120B0D0A
:10237300528904120B0D1E8904120B0DC788041217
:102383000B0D358704120B0DC88303120B0D6A83E3
:1023930003120B0D288303120B0D158303120B0D70
:1023A300878604120B0D0A8303120B0DD9820312C5
:1023B3000B0DF88003120B0D6B8003120B0D7D8642
:1023C30004120B0D278003120B0DB9DD02120B0D46
:1023D300008003120B0D47FA03120B0D1AFA0312B6
:1023E3000B0DE7F903120B0DBFF903120B0D60F987
:1023F30003120B0D40F903120B0D0BF903120B0D16
:10240300B7F503120B0D9FF303120B0D89F10312A2
:102413000B0D09F103120B0DB5F003120B0D69F04F
:1024230003120B0D738604120B0DC1EF03120B0D78
:1024330088D20200000080FBE4738F0001005A1968
:1024430087000100581935000400211925000200F6
:102453002519260002002719270002002919280040
:102463000100331929000100341984000400921675
:1024730086000100B0182A00010035192B00010065
:1024830036192C0001003A192D0008009E162E0063
:1024930001003B192F0001003C19300001003D19D8
:1024A300310001003E1932000100A616330001007D
:1024B300A716340001003F1936000100A8163800A2
:1024C300010040193900010039198300020056192F
:1024D30063000100B41664000100371965000100B0
:1024E30038196D000100B5167100080096166600D4
:1024F3000100551943000100461944000200471921
:10250300450001004919460002004A194700080026
:10251300AC16480001004C194B0001004D19040092
:1025230001005919A10001005D19370001005C1970
:10253300880001005B193C000100A9163D00010061
:102543004119490002004E1967000100B6164D00FB
:10255300020050194E00010052194F000200531996
:102563003E000100451951000100AA165200010066
:10257300431953000100441954000100AB16000035
:10258300000000000000000020011A82000001008A
:1025930020011C820000020020011E8200000300B3
:1025A30020011B82000004004201CC8000000500D2
:1025B3004201FE80000006004201DE8000000700A9
:1025C30030011F820000004042013C810000FEFFF9
:1025D300210118820300FEFF21011882030000007D
:1025E30021237F150A0006002301F81801002100AA
:1025F3002001EF18010001022123F2180100160245
:102603001023FC18010036022823FD1802040000E1
:1026130029018115020420052023F718020404056B
:102623001023F61805040000210185150804000095
:102633002101851500040000210183150004100306
:102643002923FE18000136360101000102010001B1
:10265300030100010401060605020000070100341E
:102663000801000F090401010D0100FF0E0800001D
:1026730017020000190100FF1A0100011B0100FEEF
:102683001C0100081D0200001F01000120010001C0
:10269300210200002301000F240200002601000193
:1026A30027010008280200FF2A0100072B0102402E
:1026B3002C0100002D0100012E0100012F0100FF5C
:1026C30030010B1D310800003A0100083B01000FE7
:1026D3003C0100013D0100FF3E04000042040000F4
:1026E300460400004A0400004E04000052040000A7
:1026F300560400005A04000001037103010301039F
:102703000103010301032203020301031003000376
:10271300000300030003000300030003420300035C
:102723002403060300030003040312032503230306
:1027330025032303040304030003000300034403EA
:102743000003000323030003650321003503810312
:102753000003050300030003000300032503230311
:1027630003027102300160021102700201020202CF
:1027730002028002100261023A0041006302730206
:1027830072026202430200021302380000020002D6
:102793000402120200020002000200020402040208
:1027A300370037003C0244020002390000020002F5
:1027B30065020002350281020002050282028302E1
:1027C3000002010171010101010111010101310146
:1027D300010101018001100161013B00140063014B
:1027E30073017201620143010001130106013D01FE
:1027F3003500040112010001000100010001040180
:102803000401330133013C0144013201360000016C
:10281300000165010001350081010001050182010C
:10282300830100010300710030016000110070009A
:1028330031022003500480001000610000001400E6
:10284300630073007200620043000000130006007F
:10285300000000000400120000000000000000005F
:1028630004000400370037003C024400000000006D
:102873000000000065000000350081000000050035
:1028830000008300000036000100060000000F0076
:1028930000000000000000000000000003FFFF0034
:1028A300000403FFFF0000FFFF0FF4010005C40451
:1028B3000320000100000B000000000000000003E3
:1028C300010F0000000000000000000000000000F5
:1028D30000000000000000000000000000000000F5
:1028E30000000000BA15E415C015FA14C615EA1560
:1028F300C615F615CC15FA14C615EA15D215FA1431
:1029030000000000D815FA140000000000000000C9
:10291300DE15FA14000000000000000000000000B3
:1029230000000000000000000000000000000000A4
:102933000000000000000000000000000000000094
:1029430000003C1801003C180200B2170280AC17CB
:102953000300B8170400BE170480C4170500CA1784
:102963000600D6173100E8173300EE173400F417CA
:10297300FFFF0000030003000400080010001F0015
:102983003E007B00F600EC01D703AF075D0FB91ED5
:10299300713D000007ECFDFDFDECDCDCCCBCACAC18
:1029A3009C9C8C7C7C6C6C5C5C5C4C4C3C3C2C2C14
:1029B3001C1C03EAF5E5D5D5C5B5A59595858575A3
:1029C30075656555554545353525251515050A188C
:1029D3001E02E21D05EE1D07E81D0CCA1D0DD61DC6
:1029E300FF000000160F00000B150B020002220F60
:1029F3003300000E0F5A6967426565416C6C69616B
:102A03006E63653039D0D1D2D3D4D5D6D7D8D9DAFD
:102A1300DBDCDDDEDF303016181920231A1C1E30F4
:102A230000034D4C4651181A2505020001191618CA
:102A3300161618230300303017181921301B1D1FD9
:102A430030003C40423A3F3F392F47300C0E020BD7
:102A5300040B0A0708000F02040201010101090225
:102A6300E803000000BE040A010024000300E80399
:102A7300FF04091803100F030A0C041E0828021888
:102A83000A10151E05C082C08312236A9016DF74D4
:102A9300BAF0A3741BF09016E174C0F0A3741BF09A
:102AA3009016E374C6F0A3741BF09016E574CCF093
:102AB300A3741BF00257C374F71206109016D3E4E5
:102AC300F0E99016D2F07CAC7D167AD47B16121402
:102AD300D090194CE09016DCF09016DD7496F0A3BC
:102AE3007416023A5074F0120610EAFEEBFF54809B
:102AF3007003022C599016D2123AE57003022C523D
:102B0300EA241B125350707CEA241F12535064139F
:102B13007002A3E0706E8A828B83122CA79016ED4D
:102B23001248E2750A00750B00800D1239261269EE
:102B3300C21213D4AA0EAB0FEA4B60488A828B836E
:102B4300E0650C7004A3E0650D702C8A828B83A36F
:102B5300A3A3A3E0F50EA3E0F50FE50A450B8A82D4
:102B63008B83A3A3A3A360C3123C28850A82850B8E
:102B730083A3A3A3A380B78A0A8B0B8A828B8312B6
:102B830048DE80B4E508242A125350FCE5082402E9
:102B9300F8E43509F9E8FAE9FB9016ED122D8EA356
:102BA300A3E06402703C8A828B831248E2800B8824
:102BB300828983A3A3A3A3123C28E849601F8882C8
:102BC3008983E06A7003A3E06B70E488828983A33E
:102BD300A3E06C70DA901952125680806BECF912F4
:102BE3001BF6850882850983E06401704FE508249C
:102BF30018122C90120B4B125F6A120960E508241D
:102C030012122C90120B4BE508123AD9120B47E51E
:102C130008240B125F6E120964E5082417123A7632
:102C2300E5082402FCE43509FDE5082419FAE43536
:102C330009FB12240C740A120B5A800CE064027014
:102C430007AA08AB09121CD4AA08AB0912133EEE5B
:102C5300FAEF6480802DEA5402600C9019617401CC
:102C6300F0EA6402FA8023EA5408601A121BF0EABD
:102C73004B700B9016EF125E457A08122C9DEE6492
:102C830008FAEFFB80047A007B000265F4F582E426
:102C93003509F583E0F50A780A22FB9016D2E0F9AC
:102CA3001214A022A3A3E0F50CA3E0F50D227B00F0
:102CB3009016D2E0F912149474042274F4120610DC
:102CC3008A088B098A828B83A3A3A31246DA123A5A
:102CD3008138F583E02409FA12658C7003022D8193
:102CE3008A828B83740212474F8508828509831277
:102CF3002D8EE8F0A3E91262068A828B83A3A3A335
:102D0300A3A3A3A3A3F0E5082403F8E43509122D34
:102D130083123A813AF583E08E828B83A3A3A3A324
:102D2300F0EE2409FAE43FFB8E828F83A3A31259AA
:102D330032F5838882E0A2E58E828F83A3A3A3A3C7
:102D4300A3500474018001E4F0E5082403F58289AB
:102D5300831248E2EA124E633BF583126553120B6A
:102D630043123A803B125A248E828F83A3A3127795
:102D730002120B5AEEFAEFFB9016D21265D98016A7
:102D8300F98882F583E0FAA3E0CA22124A7FA3A35B
:102D9300227402120B5A7F0402089574F212061071
:102DA3008A088B09ECFAEDFB740E120E63E0FC1239
:102DB3000E8E8A0C8B0DAE0CAF0DEA4F6030AC0853
:102DC300AD091222D4E96026AC08AD09EEFAEFFB97
:102DD3001218FCE970148E828F83123C15FAEFFBF4
:102DE3001222DAAA08AB09120EA67900800279B47E
:102DF3000249CE74F012061074F6120C09EAFEEBC7
:102E0300FF8C088D09750FB3852182852283E4F039
:102E1300750E008002050E902A87E493F8E50EC331
:102E2300984003022F1DAA0E7B00120ECA8A0A8B3A
:102E33000BEA4B60E08A828B83A3A3122F2428F032
:102E4300F8C3EE98EF940050CC7C157D007900AA6E
:102E530008AB09121326850A82850B83A3A3A3A3B8
:102E63001269FFE0F8EEC3982925E0F8E433F9E5A9
:102E73000A28F582E50B39F583A3A3A3A3A3A31221
:102E83003A8BA31254A78A0C8B0DAC0CAD0DAA0878
:102E9300AB091214D0850A82850B83A3E064017009
:102EA3000A125F6A7401123A9D80447401120BEB9B
:102EB300850A82850B831248E0120EB2E9603D74E5
:102EC30009120E63E0C0E0125F6AD0E0F0740912E9
:102ED3000E63E0640370137401120BEBE508240B1B
:102EE300FAE43509FB1214D080127401120E631236
:102EF3003C28E50812548D35091269C0850A82857C
:102F03000B83125F76123A9DA3A3E0C0E0E5082489
:102F130014125F6ED0E0F0750F00A90F740A0265FA
:102F2300F1A3A3A3E0F8852182852283E02274F72D
:102F3300120610E9FE8A828B83A3A3A3A3A3A3E0B3
:102F4300540860338A828B83A3A3A3A3A3A3E0546F
:102F53000260218A828B83A3A3A3A3A3A3A3A3A316
:102F6300E06406600F74E96E600A74CD6E600574E8
:102F7300F06E7003121BD80242CD74F01206107467
:102F8300EF120C09740F120E63125D297408120EEE
:102F930063E9F0ECFEEDFF7405120E631240951227
:102FA30042B9A3E0F9120E9A7406120E63125D2958
:102FB3007406120E63124EF47003023238123AC5CD
:102FC300E0FA7406120E63E0F9121B18123298F835
:102FD300A3E0F9E8497003023238EE2403F50AE46A
:102FE3003FF50BEE2406F508E43FF5097C00850860
:102FF30082F5831248E2850A82850B83E0F9120E7B
:10300300A07403120E63125D29850A82850B83E087
:10301300C0E0852182852283123291D0E0125009CB
:10302300F985218285228312392D124B5B122F27BA
:10303300FAA3E0CA2407F582E43AF583E8F0A3E4AF
:10304300125D342406F582E438F583E41269CC1268
:1030530046CE120B43EE123A813F125A24740312E6
:103063000E631246DA24091276FC120B5A742912E3
:103073000E631269F9122D8812501C3A1269C0743A
:103083002B120E63E0C0E0852182852283124EBBA2
:10309300D0E0F07402120E63E4F07425120E63782C
:1030A30008120E0C02318F7403120E631259EC884E
:1030B30082F583123280A3A3A31254B2FB120EB87B
:1030C300850E82850F83A3EAF0A3EBF07403120E3F
:1030D30063123291A31232801256C1A2E6500F85B9
:1030E3000E82850F83A3A3A3A3A3E0D2E1F074050B
:1030F300120E63E0706B850E82850F83A3123C284A
:1031030090172DE0687003A3E0697055850E8285E2
:103113000F83A3A3A3123A60750C00780C120B4B18
:103123007808120B3F7429120E63E0F50C780C1229
:103133000B4B7427120E6312096490173A12096439
:1031430079007419120E631248B2121D1C740A120C
:103153000B5A850E82850F83A3A3A3A3A3E0440583
:10316300F07402120E63E004FC8E828F831248DC3B
:103173008E828F83A3A3A3E0F9120EA07403120E11
:1031830063125D297402120E63E004F07403120EDD
:1031930063124EF460677402120E63E0FA7406124F
:1031A3000E63123C28C3EA98E49950517402120E3C
:1031B3006312356A852182852283E028F8A3E039EA
:1031C300F9E8240FF50EE439F50F850E82F583E453
:1031D300F07403120E6312328B640160030230AA8F
:1031E3007405120E6374011265DFF07403120E632B
:1031F3001257B312358DE8F0A3E90230CE85218250
:103203008522831248E2121B1E85218285228312A6
:1032130009647426120E63E0FD7425120E63E0FC4C
:10322300740A120E63E0F9EEFAEFFB121BD274027A
:10323300120B5A80438E828F83A3A3A3E0C0E07452
:103243000C120E63D0E0F0126448E0C0E0740D127B
:103253000E63D0E0F07406120E63124EF47009741C
:103263000E120E6374B98007740E120E637410F09D
:103273007409120BE3121D1674110265F1E0850E39
:1032830082850F83A3A3A322E0124FE1E022E01281
:103293004FE1A3A322852182852283EAF0A3EB12C7
:1032A3004EFD2274F012061074E1120C097404121C
:1032B3000E63E9F07403120E63ECF07402120E63F2
:1032C300EDF08A0E8B0F742F120E63122CA9AA0C29
:1032D300FB121B0C7401120E63E9F0AA0CAB0D1266
:1032E3001B127401120E63E070030235658521829F
:1032F300852283E480158E828F83A3A3A3A3A3E0F7
:10330300D2E3F0852182852283E004126537F885B4
:103313002182852283E0C398400302355C74011245
:103323000E63E0700302355C8521828522831235AA
:103333006AE50C28F8E50D39F9E8240FFEE439FFB6
:103343008E82F583A3A3A3A3A3E0A2E040B57508EF
:1033530000750A08750B007402120E63E0600375B2
:1033630008207C087D0079007405120BE3121326F4
:103373008E828F83E0603E90177DE06401701AE5D2
:1033830008D2E3F508750B1012357A120E63E8F0D4
:10339300A3E91253A574FF807643080C750A0C8EBB
:1033A300828F83A31235851269C27405120E63746A
:1033B300FFF0A3805A7404120E63E06009E508D29B
:1033C300E6F508750A0A8E828F83A3E064FE700314
:1033D300A3E0F470307412120E637404125F94F855
:1033E300741D120E63E812474F7412120BE3121A84
:1033F3003A7D007C0079007415120E63AA82AB83B8
:10340300121824800B12357A120E63E8F0A3E9F048
:103413007407120E63E508F0123ABCC0E074091297
:103423000E63D0E0F0740A120E637401F074051297
:103433000BE3121CDA7411120E63E0600302353AD7
:10344300740D120E631250048E828F83A3A3A3A361
:10345300F0740D120E6312471DE50AF0A3E50BF09D
:103463007403120E63E0C0E01246AED0E01256C100
:10347300601190177DE0C0E0740D120E631246F8E0
:10348300D0E0F0740D120E63123C28850C82850D7A
:1034930083A3A3A3A3A3123573241C125D23126970
:1034A300DC12357512567339126467C0E012469503
:1034B300D0E012652CC0E0740D120E631241DBD014
:1034C300E012622DC0E0740D120E631241D1D0E000
:1034D300F0740D120E63123585123573242A125DB2
:1034E30023850E82850F83A3A3A3A3A3A3A3A3E092
:1034F300125D1C123AABC0E01241BDD0E0F0740D76
:10350300120E631248E2850E82850F8312654224F0
:1035130028F582E43B1269C0123AB4126553120BC8
:1035230043125A1DEA125CB53B127700120B5A7410
:1035330005120BE3121CE08E828F83A3A3A3A3A324
:10354300E0D2E0F07411120E63E060030232F9740A
:1035530001120E63E0140233057900AA0CAB0D12BD
:103563001BDE741F0265F1E075F007A4F8A9F022D1
:10357300A3A31248E6E8228E828F83A3123C2C7405
:103583000522E012358DA3A3A322F8A3E0F9850E4B
:1035930082850F83A32274F012061074E8120C09BB
:1035A300E9852182852283F08A0E8B0F8A828B83A1
:1035B300A3A3A3A3A3A3A3A3E0F9121B368A088B97
:1035C30009EA4B7003023676E50E124E77123AD4AF
:1035D300123A6B852182852283E060030236797C6F
:1035E30004850E82850F83A3A3A3A3A3A3A3A3E0B0
:1035F300F9121B3CEE4F607B8E828F83A3A3A3A3A0
:10360300123C287407120E63125E5A123C28740986
:10361300120E6312477FC0E07411120E63D0E012E2
:10362300620BA3A3A3A3A3A3A3123C28740F120E9C
:10363300631269C27412120E63E41265E7C8241F91
:10364300F582E438F5831259E8C413135403FC706C
:10365300027C048E828F83E0F97808120B47742072
:1036630059FD744059F97403120BE3121BD274020F
:10367300120B5A0265EF7C08850E82850F83A3A384
:10368300A3A3A3A3A3A3E0F9121B3C8B0BEA4B70E8
:10369300030235F7EE4F60DB852182852283E0F557
:1036A3000C780C120B4B850882850983A3A3A3A373
:1036B300A3A3A3E0F50C780C120B4B8A828B83A394
:1036C300A3A3E0FB8A82850B8312721F8A82850B78
:1036D30083E0FA8E828F83A3A3E0F912241274028B
:1036E300120B5A0235FB74F712061074FA120C0906
:1036F300E9FE780179017F00800379000F124A5EA9
:10370300E0FCEFC39C5026EF75F007A4FC85F0089E
:10371300AD08EA2CFCEB3DFD12404DE0A2E050DA8F
:10372300540C60D6E0A2E250D3780080CF8A828B1B
:1037330083A3A3A3A3A3A3E0703DE9A2E040057480
:10374300016E70338A828B83A3A3A3A3A3A3740103
:10375300123A3DE0C0E07403120E63D0E01240ACB5
:10376300E0C0E07404120E63D0E0F07405120E633F
:10377300E8125987121D1674060242CAC082C0831A
:103783007901121BDE0257C374F4120610EA4B9040
:1037930019616019E4F08A088B09F50AF50B7808BA
:1037A300120B3F7A02122CB1120B5A800A7401F0E9
:1037B3007A027B00122C9E022D9974F0120610746B
:1037C300F3120C097403120E63E4F0A3F09016EDE8
:1037D300123A6B7401120E63E4F0A312475404F01F
:1037E300901727E0A2E350030238B0123A3174096C
:1037F300120E63120E4C7409120E637808120E0C2B
:103803009016EF7808120BC37405120E6378081232
:103813000DFD1239347405120E637808120DA05091
:10382300077A017B000239217405120E63780C12AA
:103833000E0C901951E0F509780C79081205A1A82E
:103843000CA90D901952E0C398E4995003E080014C
:10385300E8852182852283F07409120E63780812A9
:103863000E0CC008C009C00AC00B7405120E6378A1
:103873000C120E0C123934780C79081205A1E4F5F8
:103883000AF50BD00FD00ED00DD00C780C7908129E
:103893000C879016EF780C120DFD80111239261249
:1038A30069C2EEFAEFFB1213D4AE08AF09EE4F6014
:1038B300658E828F83122F24C398502DEE2403F834
:1038C300E43FF9E0FA88828983E0C39AF0602374C5
:1038D30003120E63123D8E7401120E63EEF0A3EF1A
:1038E300125E75FEA3E0FF80C48E828F83A3A3A321
:1038F300E4F08E828F831276B97401120E63124E36
:10390300F48E828F83A3A3A3A36091125E4E120E43
:103913006312392D80897403120E631248E2740D09
:103923000265F1123C2C9016ED22125A13A3A3A3A5
:10393300229019501276C1E4F50AF50B2274F012A5
:1039430006108A088B09890A780079009016ED120F
:103953003A6BFBEE4B601E088E828F83A3A3A3A357
:103963001248AC601008E87001098E828F83123A06
:1039730067EA4F70E39019531248E2C3E89AE99B50
:103983004003023A247A06123A27A80CA90DEA4901
:103993007003023A248A828B83E508F0A3E50912B7
:1039A3003A46E50AF0901952124A66123A3DA3E4E8
:1039B300F0A3F09016ED1248AC600D8E828F83A3B6
:1039C300A3A3A31269C280179016ED1269C29017C0
:1039D30027E0A2E34009123A319016EF120E4C9001
:1039E3001727E0A2E3503A7A087B009016D2E0F959
:1039F3001214A6EA4B4C4D7028901950E0F508A319
:103A0300E085080CF50DE4F50EF50F780C120B3F6D
:103A13007A087B009016D2E0F912149A7404120B00
:103A23005A0265F47B001213CE8A0C8B0D221214FA
:103A3300B8EAF8EBF9ECFAEDFB22123A4122123A1A
:103A430046A322F08A828B83A3A322E508F00242D5
:103A5300CDF08E828F83A3A3A3A3A3A32212535ECD
:103A6300A3A3F022A3A3A3A3E0FEA3E0FF227F0569
:103A7300020895F582E43509F583E0F922EA123A62
:103A830085222410F582E422123A93A3A3A3A3224E
:103A9300123C3085088285098322123AA122F085DF
:103AA3000A82850B83A3A322E50E2411123AD1E0E7
:103AB30022E50E240E123AD122E50E2410123AD139
:103AC300E022123AC922EE123A853FF58322F582AB
:103AD300E4350FF58322240FF50AE43509F50B7855
:103AE3000A22E0F91213508A088B09EA4B2274F276
:103AF300120610890B8A088B098A828B831248E28B
:103B0300121C02EA4B600479B8806A121C0EE9F8B1
:103B1300902A78E493F9E8C399400479B280567AFD
:103B230015123A27AE0CAF0DEA4F70047910804599
:103B33008A828B83E4F0A3123A46E50BF0750A0000
:103B43007808120B437C127D00EA24031264FE12F0
:103B53000B5A9016F3124EF470089016F3800C1261
:103B63003C2888828983123B7B70F4EEF0A3EFF04C
:103B7300121C2079000249CE1248E6EA4B8882895A
:103B83008322C082C0839016F380048C828D8312BB
:103B93007220EC4D60288C828D83A3A3E0696005BD
:103BA30074FF6970E68C828D83A3A3A3E06A70031C
:103BB300A3E06B70D6EC2403FAE43DFB80047A00A7
:103BC3007B000257C374F7120610E9FD74FE6D7093
:103BD300047C0180027C009016F380096D70027CE6
:103BE3000188828983124EF4601F88828983A3A38C
:103BF300A3E06A7003A3E06B70E7ECA2E08882891C
:103C030083A3A3E050D6F9800279FE0242CDEEF9F8
:103C1300800CA3A31276C1EE227402120B5A7F0208
:103C2300020895F583123C2C22123C3022E0F8A3C3
:103C3300E0F922123C308E828F8322120B5A7F03CB
:103C4300020895C082C08379009016F3800109E0D1
:103C5300FAA3E08A82F583E582458370F10257C3B4
:103C630074F6120610E4F508F5097808120B47906C
:103C73002A78E49375F013A4A9F0123D83126A2005
:103C8300120B5AE9FE74096E7003121C1A023C11DE
:103C930074F612061074FE120C09852182852283A4
:103CA300E4F0A3F0A821A922880889097808120B57
:103CB300477508027509007808120B4712669112BE
:103CC3000B5A023C1C74F512061074EB120C098596
:103CD3002182852283E4F0A3F09016F380748E8210
:103CE3008F83A3A3E0C0E07402120E63D0E01253EB
:103CF300A5A982AA8389088A09750A007808120B84
:103D0300437C127D007406120E631269E5120B5A8E
:103D13007402120BDB880889097808120B477508AF
:103D2300137509007808120B477404120E63124EC0
:103D33009775F013A4F8AAF075F013E9123D7F12FA
:103D43006699120B5A852182852283123D8E8E82BB
:103D53008F83123A6BEE4F7085A821A922880889B8
:103D6300097808120B477508027509007808120BC9
:103D730047126691120B5A7415023C3EA42AF9E8C5
:103D83002402FCE439FD7A427B0022E02401F0A303
:103D9300E03400F02274F412061074EB120C097E66
:103DA300007F00A821A922880889097808120B47F7
:103DB3007508028E097808120B477C007D007A4251
:103DC300126A2C120B5AE9706C8E08805674021218
:103DD3000BDB880A890B780A120B47750A13750BDC
:103DE30000780A120B47E50875F013A4F8AAF075DA
:103DF300F013E509123D7F126A2E120B5AE9701B6C
:103E03007403120E63AA82AB837402120E63E0F989
:103E1300121BFCE970050EEE70010F0508E5087032
:103E2300020509852182852283123C28C3E508986F
:103E3300E509994098EEFAEFFB7415022D9674F696
:103E43001206108C828D83A3A312409AF0EA125CAF
:103E5300BB3BF583E0C0E0124057D0E0F0EA241DFD
:103E6300F582E43B123C2612403B124095F0A3F04E
:103E7300EA241FF582E43BF583123A6BEC12402EE1
:103E83003DF583EEF0A3EFF01240343BF58312408F
:103E930065A3A3A3A3A3A3EEF0A3EF125916FE8C6D
:103EA300828D831240A474035EFEC3940340030215
:103EB3004021EE600874026E6003023F468C828DDF
:103EC30083E0540CFE740C6E7003023F85E0A2E4A1
:103ED300400D88828983E08C828D83A31240BA745B
:103EE300086E6003023F851240457401F08A828B9D
:103EF30083A3A3A3A3A312536B70148C828D83E0BB
:103F0300440C1240ACA3A3124065EEF0A3EFF08C77
:103F1300828D83E0A2E4402B888212407312408892
:103F2300500109F582124073A3A3A3A3A3A3F0A393
:103F3300EF1240B48C828D83A3A3A3F0E82403F88B
:103F430050010988828983E0C0E0EC2411F582E402
:103F53003DF583D0E01240A48C828D83E0A2E7502C
:103F63007588828983E0FE8C828D831240BA74FC4B
:103F73005E700C8C828D83A3E054036403701E0275
:103F83004021124045E4F0740C6E6003023EF08859
:103F930082124079124088500109023F128C828DAF
:103FA30083A3E05403603288828983E0C0E0EC128B
:103FB300405F3DF583D0E01240BB8C828D83E0549B
:103FC300036402701488828983E0C0E012404DD0FC
:103FD300E01240BB8003A3E4F0EC124E633D126990
:103FE300C0EC2410FEE43DFFEA241DF582E43BF51A
:103FF30083E0F5088E828F83E0C3982508F508F0E7
:10400300EA2417F8E43BF98882F583E0C39508C0F6
:10401300E012403BD0E0125916C39508500A1240F3
:104023003BE4F0124057E4F0023C212415F582E40E
:1040330022EA240DF582E422EC240DF582E43DF519
:104043008322EC12501C3DF58322EC2414F582E408
:104053003DF58322EC123A853DF583222413F58244
:10406300E422E0FEA3E0FF8C828D83A3A3A3A3221B
:10407300124079A3A3228983E0F508A3E0FFE508B2
:104083008C828D8322A3A3A3A3F0A3EFF0E82402E1
:10409300F82212409AA322E4F08C828D83A3A3A377
:1040A300221240C2A882A98322123A41A3A3A3A346
:1040B300221240C2A3E022A31240C208A983221203
:1040C300591FA32274F412061074F3120C098A0AFE
:1040D3008B0BECFEEDFF8C82F583E0540CF508E0CE
:1040E300A2E75006E508D2E7F508E508D2E1F508AE
:1040F30012536B7006E508D2E4F508E0A2E550061A
:10410300E508D2E5F5087C087D007900AA21AB22F9
:104113001213267402120E63E5081269C6C0E07416
:1041230003120E63D0E0124754E50AF0A3E50BF047
:104133007405120E63126232120E63E07077740814
:10414300120E631246DA1259083812624DC0E07437
:1041530008120E631241DBD0E012622DC0E0740836
:10416300120E631241D1D0E0F07408120E631241B3
:10417300C7E0124702124783125D1CEE241112534B
:1041830037C0E01241BDD0E0F0EE2414125337C023
:10419300E07408120E631246DA2435F582E438F52A
:1041A30083D0E0124727C0E07408120E631246DE84
:1041B300D0E0125F86740D022D96E82432F582E476
:1041C30039F58322123C36A3A3A3A3A3A322124649
:1041D300EE12642C38F583221246EE2426F582E48F
:1041E30038F5832274F71206107E008A828B83A32C
:1041F300A3A3A3A3A3A3A3A3E0640460030242A90C
:10420300125014E060030242A9124E763B124EF2A2
:1042130070030242A988828983E054036003024247
:10422300A9E812501C39F583E0FA8C828D83A3A38D
:10423300E0FBA3E0CB2411F582E43BF583E06A7055
:104243006588828983A3A3A3A3A3A3A3A3A31242E1
:10425300ADE06A7003A3E06B704C88828983A3A3EB
:104263001242B9E0FFA3E0CF24061253376A70036A
:10427300A3E06B703188828983A3A3E0F88C828DDD
:1042830083A3A3E0F9A3E0F5838982A3A3E0686095
:10429300138C828D83A3A3A3E0F5838982E0540C5E
:1042A300640470027E01EEF980201242B1221248AA
:1042B300EA8C828D8322A3A31242B1A3A322740C9E
:1042C300120E63E0F9740D120B5A7F010208957404
:1042D300F612061074FC120C09EAFEEBFFECFAED81
:1042E300FB8C82F583A3E0540360169016E9124E0B
:1042F300F460597900EEFCEFFD125B1312243B804E
:104303004B852182852283EEF0A3EFF07402120E17
:1043130063124749AC21AD227A387B1C121E608A96
:10432300088B09A808A909EA4960218A828B83A31B
:10433300A3A3A3A3A3A3A3A37406F07A0088828BE9
:10434300831246DA125CDCE0F9121DBE7404023CEF
:104353001E74F212061074F3120C09EAFEEBFF8AC4
:1043630082F583A3A3A3A3A3A3A3A3A3A3E0F50A13
:10437300901961E0700579BA0246927508017509D2
:1043830000750C00750D007C087D007900AA21AB37
:10439300221213267405120E63740112475C54042F
:1043A30060127402120E63E0D2E612475C54087086
:1043B30003750803E05410600674404508F508E0EF
:1043C300540860227402120E63E044C012475C5426
:1043D30020600A7403120E63E0D2E08008740312B3
:1043E3000E63E0D2E1F0EE24151253371246C27089
:1043F30003740169700674084508F5088E828F837B
:10440300A3A3A3A3A3A3A3A3E07016121EBA85219B
:1044130082852283125D297402120E63E0D2E28048
:1044230030640F70107402120E63124764740445F3
:1044330008F508807F8E828F83A3A3A3A3A3A3A3DE
:10444300A3E064028E828F83700A1269F9E8F0A3F5
:10445300E9F08060A3A3A3A3A3A3A3A3E0640370D1
:104463000DAC21AD22EEFAEFFB121C6E80468E825C
:104473008F83A3A3A3A3A3A3A3A3E0640170359095
:10448300177DE060107402120E6312476475091001
:10449300750AFF80187402120E63E0440C1247542D
:1044A30074FDF0A374FFF074044508F5088E828F41
:1044B30083122CA9EE2415125337A2E0503F740245
:1044C300120E63E0540C701B8E828F831248E2122B
:1044D30018EAE9700579BB0246927402120E63E092
:1044E300D2E5F0EE2415125337A2E05010740212F5
:1044F3000E63E0540C64047004E0D2E5F0EE241182
:10450300125337C0E07404120E63D0E01262341207
:104513000E63E0600302468B7408120E6312471D9C
:10452300E508F0A3E509F01246B8E0C0E01246AE94
:10453300D0E0F012469FE0C0E07408120E6312460A
:10454300DA12405F38F583D0E012478364017011BB
:1045530090177DE0C0E07408120E631246F8D0E0B5
:10456300F07408120E631247181246A9FAE8241CC5
:10457300F582E439F583EA12474FEE2415FAE43F56
:10458300FB8A82F583127220E812567339F583127F
:104593004749EE241C125337C0E0124695D0E0126F
:1045A30057B91246C2700374016970137408120E6E
:1045B30063125004FAEE241D125337F9121B428E74
:1045C300828F83A3A3A3A3A3A3A3A3A3E0C0E074A5
:1045D30008120E631241DBD0E0F07408120E63126E
:1045E30041D1E50AF07408120E63124E972428F5A0
:1045F30082E439F583E50CF0A3E50D12472F12474A
:10460300021253B0125D1CEE1246A9C0E0E8243337
:10461300F582E439F583D0E0F0EE241B125337C062
:10462300E07408120E631246DED0E0F0EE241A1294
:104633005337C0E07408120E631246DA2432F5824F
:10464300E438F583D0E01247271246CE120B43120B
:104653006432127220740B120E631246DA242F1284
:1046630076FC120B5AEE2415125337544060129005
:104673001709124EF4600AAA21AB22125B1312240B
:104683003BAA21AB22121CE0740C120E63E0F90268
:1046930049C9E82420F582E439F58322EE2419F58B
:1046A30082E43FF58322126441E022E82412F5827A
:1046B300E439F58322EE2418F582E43FF58322548E
:1046C30080F8A3E05401F974806822F508A3E0F5AB
:1046D30009750A007808221246EE221246EE2434A7
:1046E300F582E438F58322A3A3A3A31246F222E0C2
:1046F300F8A3E0C8221246EE12402E38F58322FAC0
:10470300A3E0FBE8242AF582E439F583EAF0A3EB7E
:1047130022A3A3A3A3123C2CEE22124E9B124E7B88
:1047230039F58322F0EE24131253B822F0EE240D50
:104733001253B822E0FC8A828B83E02CFCA3E03482
:1047430000FD8A828B83ECF0A3EDF022F0A3E4F06A
:1047530022F085218285228322F0EE24151253B89C
:1047630022E0D2E3F012476C228E828F83123C3018
:10477300852182852283E8F0A3E9F022E8F0A3E90A
:10478300125E6FE02274F71206108A828B83A3E015
:10479300640170047E6380027E648A828B83E0609E
:1047A3000879051247BC24F3FE901725E06007F94A
:1047B3001247BC24F2FE0242A9121D88E9F8EEC397
:1047C300982274F612061074FE120C098521828554
:1047D3002283125D29E9FEECFAEDFB90052F124EC0
:1047E300F46032A821A922880889097808120B47A6
:1047F3007D01740E120E63E0FCEEF990052F125C3E
:10480300FD12243B7402120B5AEA4B6004790080B8
:104813000679B2800279B6023C1C74F7120610E9DD
:10482300FE9016DF124EF4601F7409120E63E0F55A
:10483300087808120B4BEEF99016DF125CFD122478
:104843003B7401120B5A800279B60242CD74F712FF
:1048530006108908ECFEEDFF79B5E508245E6020BB
:1048630014600624F86034803D9005311248AC6032
:1048730035126A3D12243B8E828F83125D29802478
:104883009016E1127220EC4D601CEEFCEFFD9016C9
:10489300E1125CFD12243BE9F9800B9016DD12480E
:1048A300B21214D079000242CD1248E6EA4B22122A
:1048B3007224EEFAEFFB2274F7120610E9FE79B5C3
:1048C30074AB6E700B9016DD1248E21214D07900AF
:1048D3000242CD8E828F83A3A3A3A3A3A3A3A31278
:1048E30048E6221248EA22E0FAA3E0FB2274F1121E
:1048F3000610EAFEEBFF8C0A8D0B75080190172D4D
:10490300E06E7003A3E06F700C1249BDAA0AAB0BF3
:104913001214D0805E121EC0EE6A7002EF6B700933
:10492300AA0AAB0B121EC6804AAC0AAD0BEEFAEF15
:10493300FB121A16E9F508901958E070361223464F
:10494300E97030E508702C9016FDE06E7003A3E06B
:104953006F7020EE4F601C750CF5750D16750E000B
:10496300780C120B437C087D00AA0AAB0B1269E991
:10497300120B5AA90802731C74F2120610EAFEEB1A
:10498300FF8C088D09750A011249BDEEFAEFFB127F
:1049930014CAE96401701190172D123C288508820E
:1049A3008509831269C2800EAC08AD09EEFAEFFBEC
:1049B300121A1CE9F50AA90A8011121EB48A0C8B7B
:1049C3000DAC0CAD0D22740D120B5A7F0602089527
:1049D30074F6120610EAFEEBFF7A0D7B001213CE7B
:1049E300EA4B6062EE24241266C6F0EE24251266BA
:1049F300C6A3124A8B1266CCA3A312645F124A6643
:104A0300F0EE124A4C124A7BE8F0A3E9124AA212D2
:104A13004A731269C2EE124A55126522A3A3A3A3D5
:104A2300F0EE2433125337C0E0124A5ED0E0126234
:104A330051124A73A3A3A3E8F0A3E9124A9AC0E070
:104A4300125014D0E0F0023C21242AF582E43FF511
:104A53008322242EF582E43FF58322EA12548D3B10
:104A6300F58322124A6A22E08A828B83A3A3A322BC
:104A7300126581A3A3A3A322124A7F22123C308A88
:104A8300828B83A3A3A3A322F0124A9022EE2426AF
:104A9300F582E43FF58322F0EE24321253B822F07C
:104AA300EE242C1253B82274F412061074FE120C66
:104AB30009ECFEEDFFEC241612533764057010EC7D
:104AC3002406FCE43FFD121C68E97003024B56AC5C
:104AD30021AD2212677B1218F08521828522831271
:104AE3004EF4606B8E828F83E064017058E875F03A
:104AF30009A4F8AAF075F009E9A42AF9745628F86C
:104B0300740439F9E8FAE9FB8882F5837808120E10
:104B13000CEE124BF8120DA04027852182852283CB
:104B2300124718125345124B5B7808120E0C9081F2
:104B33004C7808120D108A828B837808120DFD8041
:104B43000A79A28010EE240F1269BC7900800679DD
:104B5300A1800279C8022D94124779EE12644D2286
:104B630074F21206108A0C8B0DECFEEDFFEC12535F
:104B730045E4F0A3F090817C7808120E0CEC124B04
:104B8300F8120C1F6067EC240E12533E703478B396
:104B9300901724E07028901756E064017020EC24ED
:104BA30011125337F9121D708B09A909EE124E77B2
:104BB3003F125D27EA4960047800800278A18808E3
:104BC300802EE060046402700A121C7AE9F5087012
:104BD30007801DE064037010EEFCEFFDAA0CAB0D23
:104BE300121914E9F50880087508A180037508A354
:104BF300A9080249CE12644D78082274F0120610F7
:104C030074F5120C09EAFEEBFFEA240AFCE43F8C7C
:104C130082F5831276BD124E817403120BEB8A82E6
:104C23008B83125B1DE97003024CE77401120BEBDB
:104C33007403120BE31218F07401120E63124EF494
:104C43007003024CE7E875F009A4F8AAF075F009BF
:104C5300E9A42AF9745228FC740439FDE508240EEA
:104C6300125F6EE4F004120E63123C28E508124E44
:104C73007735091269C08C828D83120E40E50824B2
:104C830012125F6E120E4C90814C7808120E0C8C2F
:104C9300828D837808120CD78C828D83780C120E48
:104CA3000C90820C7808120E0C780C79081205A16E
:104CB300E5084509450A450B702A7401120E631273
:104CC3004E9775F009A4F8AAF075F009E9A42AF93A
:104CD300745A28F582740439F5837401F07A007BE1
:104CE30008124EA48E828F83A3A3A3A3A3A3A3A37B
:104CF300A3A3E02406FCA3E03400FD8E828F83127D
:104D03005B1D12623F603EEE240A124E6912471D7C
:104D1300746812474FE8124E6339F5837402F090BA
:104D2300170F120E408C828D83125D161259083CA8
:104D3300F583120E4C90814C7808120E0C90170FCD
:104D43007808120CD7124EDF705D9016DD124E8F6D
:104D5300A3A3A3A3A3A3A3A3A3A312593E1214CA59
:104D6300E970101258FC9016DD12590E700512628C
:104D73003F60348E828F83A3A3A3A3A3A3A3A3A380
:104D8300A3124E8F1248E212191AE960118E828F14
:104D930083A3A3A3A3A3A3124ECBE4F0A3F08E8219
:104DA3008F83124EB1E4F0124EDF6003024E5E8E2B
:104DB300828F83A3A3A3A3A3A31276B9901724E09E
:104DC3006003024E53901756E064016003024E5392
:104DD300750A3A750B00780A120B477402120BDB43
:104DE300880A890B780A120B47126CB8120B5AE91E
:104DF300705BE508240E125F6E7401124EF9C0E079
:104E0300E5082411125F6ED0E0F0E508240F125F6D
:104E13006E743A12474F90170B120E40E508241296
:104E2300125F6E120E4C90814C7808120E0C901784
:104E33000B7808120CD790814C7808120E0C90173F
:104E43000B7808120C1F7008124EA08003124E81BB
:104E5300124EDF70061257FF74A1F0740B0265F156
:104E6300240EF582E422F8E43FF9E8FCE9FD8882A8
:104E7300F58322EA124E7B22240FF582E422E50811
:104E8300124E7B3509F583E4F0A3F0221272248ECF
:104E9300828F8322124E9B22123C30E8227A007BBF
:104EA300029015B5E0F912137A228A828B83A3A3A9
:104EB300A3A3A3A3A3A3A3A3124EBF221246F22428
:104EC3000EF582E438F58322A3A3A3A3124ED322C3
:104ED3001246F2240FF582E438F583228E828F8303
:104EE300A3A3A3A3A3A31246EA240FF582E438F5F0
:104EF30083124E9B4922124EFD22F0852182852288
:104F030083E02274F6120610EAFEEBFF7A237B009D
:104F13001213CEEE240AF508E43FF5098508821240
:104F23005D277C237D00790012132685088285097D
:104F330083124EF47003024FC7EEFAEFFB121C8686
:104F4300124EDF60748E828F83124FFA64018E8259
:104F53008F83A3A3A3A3A3A37007124FF0740E80A0
:104F630021124EF4701012623F700B8E828F83A356
:104F7300A3E0A2E05007124FE6740D8005124FE63E
:104F83007405126251540364017007124FCE740505
:104F9300800B901725E0C0E0124FCED0E0125009ED
:104FA300F58388821253648508828509831246DA61
:104FB300125CBB38F583E9800E850882850983126C
:104FC3005DA08003125CE3F0023C218E828F83A3F9
:104FD300A3A3A3A3A3A3A3A3A3124FE022E0125D61
:104FE30002A3228E828F83A3A3A3A3A3A31246EAC1
:104FF300125CC138F58322A3A3A3A3A3A3A3A3A3F2
:10500300A3124EBFE02212500D22126790F8A3E0C4
:1050130022EA12501C3BF58322240CF582E422740D
:10502300F112061074E4120C098A0C8B0D8C088D96
:10503300097A237B001213CE8A0A8B0BAE0AAF0BBD
:10504300EA4F700302531F125CC7E508241512537D
:1050530050687003A3E0698E828F837004740280AA
:10506300027401F0E508240DF8E43509F98882F5A6
:1050730083E0FAC3E49AFA95E0FB12534C2AFAA3AD
:10508300E03BFB8E828F83A3A3A3A31259258E82B9
:105093008F83A3A3F0EE2420F582E43FF583E4F0AD
:1050A300EE2421F582E43FF583E4F0EEFAEFFB1200
:1050B3001D3A85088285098312536B70098E828F8E
:1050C30083A374058006901725125359F0EE241715
:1050D300F50AE43FF50B8E828F83125364E9850A48
:1050E30082850B83F0EE2416F8E43FF9E508240EDD
:1050F300FAE43509FB88828983124737E5082410CF
:10510300FAE43509FB850A82850B83E0FC888289F2
:1051130083E0F88A828B83E0C398C39CF81253A57B
:10512300F0EEFCEFFDAA0CAB0D121C80E9F50B8E23
:10513300828F83E0640270061258FC125329E50B38
:105143006003025316750C00750D00901958E06446
:10515300016005E06402703F12533B6008EE2421B6
:1051630012533E70328E828F83A3A3A3125CE91283
:105173005371EE241612533712539AFAE439FB1281
:105183003A29EA4B601112654B120B4312537FAA63
:105193000C1269E9120B5AEEFAEFFB121D46E9F500
:1051A3000B901958E064016008E064026003025345
:1051B30009E97003025309E50C450D700302531608
:1051C3008003850E0B12533B600BEE242112533EDA
:1051D300600302530F850B0E850C08850D09750AB4
:1051E300007808120B4312537F8E828F83A3A3A3ED
:1051F300A3127702120B5AEE2420125337600D12BA
:105203005344746812474FEE24208015EE24211274
:10521300533760151253447403F0A37401F0EE2462
:1052230021F582E43FF583E4F0EEFAEFFB121D462D
:10523300E9F50B70907C137D0079007409120BE380
:10524300121326741A120E6374011253B064687039
:1052530002A3E0704F8E828F83124ECBE064056011
:10526300030251C57C0879FF8E828F83A3A3A3A376
:10527300E0242A1259411213B0E970030251C57C8C
:10528300087D0079FF7401120BE3121326740112D7
:105293000BEB7A007B0079AB121C627419120E635C
:1052A30074FC8015125344E064037004A3E06401AA
:1052B30070087419120E6374FFF0E4F508F50978A9
:1052C30008120B477402120BEB7413120E63AA82BB
:1052D300AB83125E26120B5A852182852283E060FE
:1052E3002B7409120BDB880889097808120B4775A0
:1052F30008137509007808120B477C007D001266BD
:1053030099120B5A8006E50C450D6007AA0CAB0DEC
:105313001213D4EEFAEFFB1213D48003750B10A90A
:105323000B741C027319EE2406FAE43FFB1214D02B
:1053330022EE240C1253B822EE24201253B8640137
:1053430022EE124E7B3FF58322E508240EF582E41C
:105353003509F583E02212535EA322E08E828F8308
:1053630022A3E0F9121D8822E054036401221253A0
:105373007522E0FAE82AF8E43400F9228E828F835A
:10538300A3A3A3125CED125375EE24161253B812A5
:10539300539AFCE439FD22FAE82AF8E439F9E824BF
:1053A30004221253A922126260A3A3A322F0125370
:1053B300B522EE240FF582E43FF583E02279010262
:1053C3000B0A74F4120610EAFEEBFF8A82F583A33C
:1053D300A3A3A3A3A3A3A31246DA2424F582E43848
:1053E300F58312536B702E8A828B83124FFA7025CA
:1053F300125493E06405701D125493A3E0F87401F2
:105403006860057406687007124EAD740280051259
:105413004EAD7403F0EA240A125D94125CFDE4F0CD
:10542300EA2408F8E43F122D832431F582E43AF5A7
:1054330083E0C0E0126A34A3A3D0E01254B2CA24BA
:105443002EF582E43AF583E0C0E0126A34A3A3A305
:10545300D0E01259D8C812548D38123C26126A343F
:105463001254A78A0A8B0BAC0AAD0B8508828509F7
:105473008312593E1214D08508828509831248E2AB
:10548300121D46125D8FF0022D99240BF582E42242
:105493008A828B83A3A3A3A3A3A3A3A3126226F548
:1054A30083888222A3A3A3A3124779121EB42212D4
:1054B300591AFAA3E0220253C0C082C0839016FF98
:1054C300748CF0A3741CF09017017498F0A3741CEF
:1054D300F0901703749EF0A3741CF0901705749258
:1054E300F0A3741CF00257C374F4120610EA2408E4
:1054F300FEE43BFF8E82F583124E97125CD3E0F5F8
:105503000874035508F509125939F8A3E08882F5A0
:1055130083E508F0A3A882A983E5096009740265FD
:105523000960030255D8740C5508FC600A74086CB2
:10553300600574046C7026740265097006E508A2A0
:10554300E4401A8A828B83A3A3A3A3A3A3A3A312D6
:1055530056DE12642C3D125679A308A983740C6C91
:10556300701C1256DA24281256C62428F582E43D0C
:10557300F583A312605AF0E82402F850010974027B
:1055830065097006E508A2E4404B1256DA242A1294
:1055930056C6242AF582E43DF583A3125688125693
:1055A300E412605A1256E4A3125680E82404F85019
:1055B3000109EC600F74086C600A740C6C6005746C
:1055C300046C7011125D0A2426F582E43C125679AC
:1055D300A3A882A9838A828B83A3A3A3A3A3A3A340
:1055E300A31256A854037014E508A2E1400E125DFD
:1055F3000A1256733CF583E05480600812568E12EB
:10560300567B80199016D3E0C0E012568ED0E0127C
:1056130056BB888289831256BB0412591FA3A882E2
:10562300A983E508A2E750458E828F831256A88886
:105633008289831256C11256AD54036030125D0A3B
:105643002434F582E43C126058F0E508A2E1501DD1
:105653008A828B83A3A3A3A3A3A3A3A3122D88242A
:1056630035F582E43A126058A3F0E82403022D9939
:10567300241EF582E422F583125688F022125688FE
:10568300A3A3A3F022E088828983228A828B83A347
:10569300A3A3A3A3A3A3A3E0FCA3E0CC2432F5829A
:1056A300E43CF58322E01256AD22FCA3E0CC242592
:1056B300F582E43CF583E022F09016D3E0221262F7
:1056C3005CE022F582E43DF5831256881256D3221C
:1056D3001262601256DE228E828F83E0FDA3E0CD3C
:1056E30022A31256D3242CF582E43DF58322C082F3
:1056F300C0838A828B831257B3FC74035CF98A825A
:105703008B83A3A37401F0E960057402697061746B
:105713000C5CF8600A74086860057404687013749C
:1057230002697005ECA2E440098A828B83A3A37407
:1057330002F0740C68700A8A828B83A3A3E02402AC
:10574300F07402697005ECA2E440258A828B83A37E
:10575300A3E02404F0E8600F740868600A740C681E
:10576300600574046870098A828B83A3A3E004F044
:10577300ECA2E7502A8A828B83A3A3E0041257B9D1
:10578300123292E0540360178A828B83A3A3E0044E
:10579300F0ECA2E150098A828B83A3A3E004F08A90
:1057A300828B83A3A3E004F0801685218285228364
:1057B300124FE0A3E022F08A828B83E022120B5A7D
:1057C300D083D082020B0AC082C0838A828B83A3D8
:1057D300A3A3A3A3A3A3A3A3A3124EF460098A8242
:1057E3008B83A3A31257EC80D7A3A3A3A3A3A3A341
:1057F300A31257F8221248EA1213D4221258032292
:10580300EE240CF582E43FF5832274F6120610743D
:10581300F4120C09125948FCA3E0F5838C82A3E02F
:10582300C0E07402120E63D0E01259F61259DF740D
:1058330004120E631269C27402120E63E0640470F0
:105843001412595E24121259417406120E6312592E
:1058530025241A8035E064016005E064067039EAA6
:105863002402F8E43B122D831259083AF583E0C071
:10587300E07403120E63D0E0125916241312594137
:105883007406120E63125925241B1259DF74081271
:105893000E63E8F0A3E9802B7406120E63E4F0A311
:1058A30012595924121259417408120E63125932B3
:1058B300C8241AF582E438F583E0C0E0740A120EB6
:1058C30063D0E0F07406120E63124EF4601F740688
:1058D300120E631248E2121A0AE96401700F125899
:1058E300FC7406120E6312590E64017007AA21ABF1
:1058F30022121D22740C023C1E121EB48A088B094C
:10590300AC08AD09222412F582E4221248E61214EF
:10591300CAE92212591A2212591FE022F0888289F9
:10592300832212592922EAF0A3EB12591FE0221213
:105933005929F8A3E0221262BAE022E02406FAA36E
:10594300E03400FB228A828B83A3A3A3A3A3A31225
:1059530069FDE8F0A3E9F012595E22125A07E0222A
:10596300C082C08374FD120C0912598D12328CC08F
:10597300E07402120E63D0E0125987121D287403DB
:105983000257C0E4F0AA21AB22228A828B83A3A30D
:10599300A3A3A3A31247708A828B83A3A3E022C08D
:1059A30082C08374FA120C091269EF1259FCC0E029
:1059B3007402120E63D0E01259D8F5838882A3A330
:1059C300E0C0E07405120E63D0E0125987121D2E59
:1059D30074060257C012591AF8A3E022F8A3E03460
:1059E30000F922A3A3125A5A22E02402F8A3E034B6
:1059F30000F92212591A240222124779125A071265
:105A03005A13E022EA2402F8E43BF98882F5832260
:105A1300E0FAA3E0F5838A82A322E50E123A8535E4
:105A23000FF583E0FC7D0022C082C083125A4E60D2
:105A33000A24FC600B24F9600C800D121CBC800846
:105A4300121CC28003121CC80257C38A828B8312A2
:105A53005A5824FB22A3A3125D01E02274F6120616
:105A63001074E4120C09EAFEEBFF7401120BEB8ACB
:105A7300828B83A3A3A3A3A3A3125B1D7409120B9D
:105A8300DB880889097808120B477402120BEB7440
:105A930003120BE3125E26120B5A852182852283A1
:105AA300E06036741A120E63E060046401702A9099
:105AB30016B6E070248E828F83A3A3A3A3A3E07002
:105AC300188E828F83125B17603F8E828F83A3A30E
:105AD300A3125B13E0640760308E828F83A3A3A3BA
:105AE300A3A3A3A3A3E070148E828F831259E66449
:105AF3000560097A347B01121788800DEEFAEFFBFB
:105B0300901707125CFD12243B741C023C1EEEF935
:105B1300125D0422125A586406221248E6121C68C7
:105B23002274F412061074FA120C09EAFEEBFF1247
:105B330032982408F582E43B125D2F240AF582E4AF
:105B430038125D2F125CDC125986121CB01257AD4D
:105B5300F508125CC7852182852283126A3AE068C0
:105B63007003A3E069602EE508A2E5502885218231
:105B7300852283A3E0FB9016FF125CFD12243B8574
:105B830021828522831246DA240A124EEE7006120F
:105B930057ADC2E5F01253346003025CB0740312D4
:105BA3000E637436F07402120E63125CE9A3A3E071
:105BB30028C0E07404120E63D0E01253A5A3A3E03F
:105BC300C0E07405120E63D0E0125E68F8A3E0F93A
:105BD300E849601BE8125CBB39F583E0FAE8125C24
:105BE300C139F583E02AF87404120E63E028F074D7
:105BF30003120BE3121A768A088B09A808A909EA8B
:105C0300497003025CA58E828F831248E2888289E1
:105C130083A3A3125D29E81259083912624DC0E02B
:105C2300E8125CD3D0E012622DC0E0E82425F582AF
:105C3300E439F583D0E0125E75C0E0E8242EF582E6
:105C4300E439F583D0E0F07402120E63E0FA1259DE
:105C5300392AFCA3E03400FDE8125CB539F5831260
:105C63004749E82431F582E439F583EA125E68FA9C
:105C7300A3E0FBEA4B6019E8242FFAE439FB8E8298
:105C83008F83A3A3125D0E125CC13CF583124737C9
:105C93008E828F83A3A3A3A3A3A3A3A3E8F0A3E963
:105CA300800AEEFAEFFB121CB6125CE3F0740602F4
:105CB3002D96242FF582E4222417F582E42224165C
:105CC300F582E422121EBA8A0A8B0BA80AA90B22B8
:105CD3002424F582E439F5832212501C38F58322FB
:105CE300125803741022125CED22E0F88E828F8327
:105CF300A3A322EEFAEFFB901701125D0122E0F855
:105D0300A3E0F5838882228A828B83A3A3A3A3A320
:105D1300A3A3A3E0FCA3E0CC22FAA3E0FBE8242C9A
:105D2300F582E439F583EAF0A3EBF022F583E4F09E
:105D3300A3124EFDF8A3E0C82274F6120610EAFE81
:105D4300EBFFEA1253357028125D7D124EF46006A4
:105D5300125CF612243B125334700B1248D6121AFB
:105D630070125D8F8009EE2408125D94125DA0F01D
:105D7300EEFAEFFB121CB6023C21121CAA8E828F94
:105D830083A3A3A3A3A3A3A3A3A3A322125803E9B7
:105D930022F508E43FF509850882F583221257F8B6
:105DA300850882850983E4F0A32274F41206108A1D
:105DB300088B09ECFEEDFF125CC7EE241512533776
:105DC300687003A3E069600EAA08AB091218EAE938
:105DD300700479018011EEFCEFFDAA08AB0990175E
:105DE30005125CFD12243B022D9974F7120610EA8A
:105DF3004B701F7E007F00125E2C50247C107D00B0
:105E0300EE2404FAEF3401FB12145E0EEE70E80F79
:105E130080E57C107D008A828B83125E3C12145EC7
:105E23000242CD121CF2740222902A6BE493F8749E
:105E33000193F9C3EE98EF9922E02404FAE43401C4
:105E4300FB22E4F0A3F0A3F0A3F022123C2C740194
:105E5300221247797403221247798E828F83A3A378
:105E6300A3A3A3A322125E6FA3A3E022123A54A317
:105E7300A3221253A9A3E02274F012061074ED12A8
:105E83000C098A0E8B0F8C0A8D0B7EFF7FFF8C8291
:105E93008D83E4F0EC4D6004EA4B70077AFF7BFFDF
:105EA300025F5A750800750900802474FF6E700341
:105EB30074FF6F70127408120E63AA82AB83121FF1
:105EC300C2E97003125F5F0508E5087002050990D7
:105ED3002A6FE493F8740193F9C3E50898E50999E7
:105EE3005071A821A922880C890D780C120B4775D3
:105EF3000C13750D00780C120B477C007D00E50830
:105F03002411FAE5093401FB126A2E120B5AAC0E66
:105F1300AD0F7408120E63AA82AB831214CAE9642C
:105F2300017088850A82850B837401F07423120E35
:105F3300631248AC601AA821A922880C890D750E3A
:105F430000780C120B437C137D001269E9120B5A83
:105F5300125F5FEEFAEFFB74130265F1E50824119B
:105F6300FEE5093401FF22E5082413F582E435092F
:105F7300F58322E0850882850983A3A3A3A3A3A3B2
:105F8300A3A322F0AA21AB22121CE0221240C2E0FA
:105F930022125F9822123A54E02274F71206107408
:105FA300F3120C09EAFEEBFF740C120E63E4F07CAF
:105FB30008FDF9AA21AB2212604FE06401600A8E4A
:105FC300828F83A3E0640470667404120E63740208
:105FD300F0740C120E63E070538E828F83E0852180
:105FE3008285228312474F7402120E637421F07468
:105FF30005120E63126232120E63E0702F740812E0
:106003000E6312621D7408126A43AA82AB83126084
:106013005A1257B96402700D12721AE82402FAE494
:1060230039FB1214D0AA21AB22121CE00242C18E0A
:10603300828F83A3E0640270097404120E63740AEE
:10604300808E740C120E6374B3F080E01213268EEC
:10605300828F83A322F583125688A32274F4120637
:106063001074B6120C098A088B098A828B83A3A346
:10607300E0640460030261EC901958E0700302616C
:10608300EC12623F60030261EC740F120BEB7A00B7
:106093007B0079AB121C5C85088285098312722010
:1060A300740F120BE3121A10E970030261EC7437D8
:1060B300120BDB880A890B780A120B477402120B46
:1060C300EB850882850983126244120B5A8521826B
:1060D300852283E070030261EC7447120E63E0646F
:1060E3000160030261EC7427120BDB880A890B78C9
:1060F3000A120B47750A10750B00780A120B477CBE
:10610300007D007A027B01126A2E120B5A7401126F
:106113000E637403F07417120BDB880A890B780A79
:10612300120B477429120BDB880A890B780A120BAE
:10613300477C087D007405120BE3126993120B5A16
:10614300740E120E63E4F07C08FDF97402120BE383
:106153001213267402120E63E4F0A3F07404120EF9
:10616300637401F07407120E637401F07406120E67
:1061730063741AF07402120BE3121CDA740E120E1B
:1061830063E07065740A120E631261F3FEA3E0FF0D
:106193008E82F583740F1262068E828F83126A4891
:1061A300120B437C087D007412120BE31269E9128F
:1061B3000B5A740F120BEBEE240212532C741712AA
:1061C3000BDB880889097808120B437C107D00EEED
:1061D300240A1264FE120B5A7402120BE3121CE01F
:1061E300740E120E63E0F9800279C2744A022D968E
:1061F3001261F7221261FB221246F2125CB538F5E6
:1062030083E02212620BE022F0850882850983A3D2
:10621300A3221248E6121F32E922126226F988826B
:10622300F583221261FBF8A3E0221253A9E0227442
:1062330001F0AA21AB22121CDA740C22121D0AE906
:10624300221248E6121CF2740222F58374011262D0
:106253005522126260A3A3E02212626022F08E82B2
:106263008F8322C082C08312627774CEF0A3741C22
:10627300F00257C3121CA490170722C082C0837C6C
:106283000879FF9016DD1248E21213B00257C37467
:10629300F7120610E9FE124E763B124EF260158895
:1062A300828983A3E05403700BEEFB1262BA12627D
:1062B300EF1262C40242CDE8240BF582E439F58380
:1062C30022E0F912241822C082C083EAF8EBF98A8B
:1062D30082F583A3A3A3A3A3E0FB8A828983A3A359
:1062E300A3A31262EFA31262C40257C3E0FA888227
:1062F3008983A3A32274F01206108A0C8B0D8C0ED3
:106303008D0F890B123A801269D72430FA1265086F
:1063130070030264288A828B837401F0850C0885DC
:106323000D09750A007808120B437C177D00EA24D7
:10633300191264FE120B5A850E08850F097808128C
:106343000B437C097D00EE24021264FE120B5A7487
:1063530010120E63124718240B1269BC7412120E2A
:1063630063126456C0E0125344D0E01240B4C0E05C
:10637300126432D0E0125F8FC0E0123AC5D0E0F071
:106383007414120E63E0C0E0126448D0E012645F3C
:10639300E4F0A3F07415120E63120E40EE12405F88
:1063A3003FF583120E4C12643CE50B126527A3A341
:1063B300124714240D1269BC7419120E63E0C0E075
:1063C3001246B8D0E0126A09E06029EE2430FAE4FC
:1063D3003FFB12642B3F126467F508A3E0F50978CD
:1063E30008120B43E50C123A81350D125A24126937
:1063F300E9120B5AEE241A1253375403601D9016F8
:10640300EB124EF4600CEEFAEFFB125B1312243B1B
:106413008013EEFAEFFB12133E800AEEFAEFFB90C5
:1064230016D21265D90265F4EE2427F582E422EE32
:106433002411F582E43FF58322EE12644122125CBB
:10644300BB3FF58322EE12644D222412F582E43F12
:10645300F58322123C2C8882F583E022F012642B10
:106463003FF58322F583EAF0A3EBF0E50C240E124B
:106473006A12E02274F21206108A0C8B0D7A201233
:106483006508606C8A828B83740412656A126522C4
:1064930012652C8A828B83A3A3A3A3A3126527125D
:1064A3006553120B437C107D00EA24061264FE122E
:1064B3000B5A850C82850D83A3A3A3A3A3A31272F6
:1064C3001EEE2416FAE43FFB121A04850C82850D96
:1064D30083A3A3A3A3A3A3A3A3A3A3E0C0E01264E2
:1064E300F6D0E0126537C0E0126518D0E012655CA3
:1064F3000249CEEE1256733FF58322FAE43FFB12B4
:10650300131A7403227B001213388A088B09AE080E
:10651300AF09EA4F22EE241FF582E43FF5832212EE
:106523004A6AA322126531A322126531E022127650
:10653300A2A3A322F0E50C12548D126A15E022A344
:10654300A3A3A3123C2CEA228E828F83A3A3A3A32B
:106553001276C1750A00780822F0EEFAEFFB901567
:10656300B5E0F912134422F0850C82850D83E01205
:106573006581124779850C82850D83A3A322F8A335
:10658300E0F98A828B83A3A3227B001213388A0A41
:106593008B0BAE0AAF0BEA4F2274F6120610EAFE1B
:1065A300EBFF7A057B00121338EA4B601B8A828B60
:1065B3008374081256C11265CE1262518A828B838C
:1065C300A3A3A3A3F01265D6023C21126581E8F0D0
:1065D300A3E9229015B5E0F912134422F0850E8247
:1065E300850F83221265DFE0F8A3E0227418120BF3
:1065F3005A7F0802089574F612061074EC120C09FF
:10660300EAFEEBFF8A82F583126215707C12623F09
:10661300600280758E828F83A3A3E070658E828F64
:1066230083A3A3A3A3A3E0640470577401120BDB39
:10663300880889097808120B477402120BEB90162D
:10664300DD126244120B5A852182852283E0603277
:106653007411120E63E06401702812669F120B47D7
:106663007508017509007808120B477C107D007AC4
:10667300117B01126699120B5A79001223A67A0133
:1066830080027A0079011223527414023C1E7C00AA
:106693007D007A427B001214527404227402F08546
:1066A3008208858309780822C082C08390171574F5
:1066B30076F0A3741DF0901717746AF0A3741DF09D
:1066C3000257C3F582E43FF583E08A828B83227409
:1066D300F5120610126999850882F583E054078A3A
:1066E300828B83A312678C131313541F5403C0E0CC
:1066F300EA126783D0E012678CC4135407F50A7952
:1067030004A3AA82AB8312132CEAF8EBF9ECFAED9B
:10671300FB126448120E4C1267737405F0E50AA26B
:10672300E05017E5082405FCE43509FD125329EE72
:1067330024161253372408F0800C7C087D0079005E
:1067430012677B121326EE240E12533E701FEE24A3
:1067530016F8E43FF98882F583E0FAE5082A125334
:1067630050C0E0126432D0E012591604F0023C41EA
:10677300EE125CC13FF58322EE2406FAE43FFB22CE
:10678300240EF582E43FF5832212679022F08508F8
:1067930082850983E02274F21206108A088B09EAC3
:1067A3002416125350640D7005750A018003750A8F
:1067B300008A828B831269AF127049E50AC433548D
:1067C300E0F9EA12534E33333354F8F88A828B8359
:1067D300A3E048498E828F83F0A3AE82AF83EA247D
:1067E30012125F6E120960126827120B5A8A0C8B01
:1067F3000DAE0CAF0DE50AA2E05013E5082406FC2C
:10680300E43509FD1214D0EE2408FE50010F125393
:106813004C6401700CE50824111253508E828F834F
:10682300F00249CEEEFAEFFB1213A474042274F4BF
:1068330012061074C7120C091269998A828B83E0BD
:106843007005121D40800CA3E0F88508828509833A
:10685300E048F01264481209607430120BEB8508AB
:1068630082850983E0F912677B121D647404120B9D
:106873005A8E828F83A3A3E0C0E07401120E63D00B
:10688300E0F0EE2416125337C0E07402120E63D008
:10689300E012622DC0E07403120E63D0E01269C6E9
:1068A300C0E07404120E63D0E01253B064017004AC
:1068B300A3E064017018740C120BEBEE2422125344
:1068C30037F9EE2418FAE43FFB1218DE800E740C3D
:1068D300120BEB1253441248E2121926740C120BDA
:1068E300DB740A120E63E8F0A3E912475474FF1233
:1068F30069CC64027009852182852283E4800DE0DE
:10690300640370418521828522837402F0741C1212
:106913000BDB880A890B780A120B47740E120BDB08
:10692300880A890B780A120B477C087D00740412CD
:106933000BE3126993120B5A741C120BDB740A12C9
:106943000E631269C28E828F83A3A3A3A312096469
:10695300742E120BEB7403120BE38E828F83E0F918
:10696300121D7C7402120B5AE9FE85088285098385
:1069730012703E741C120BE31213267C107D0079F7
:1069830000740C120BE3121326EEF97439022D96E0
:10699300121D8E740422EAFEEBFF8A82F5831269CC
:1069A300AFE028F508A3E03400F50922A3A3E0F83B
:1069B3008A828B83A3A3A3A322F582E43FF58312E8
:1069C30047792212625CA3E022F0EE240E1253B840
:1069D30022F582E4126A15E022E50C12501C126AB9
:1069E3001522AA82AB8312131A7403228A828B8321
:1069F300A3A3A3A3A3A31269FD22E0F8A3E0F9854F
:106A0300218285228322F0E50C2410126A1222F5DA
:106A130082E4350DF58322121D9474042212144668
:106A23007402227C007D007A3A7B001214587404AD
:106A330022850882850983E0FAA3E0F5838A82220E
:106A430012625CA322A3F0121EB48A088B09750A92
:106A53000078082274F41206108A088B0978081249
:106A63000B47750A11750B00780A120B47126A2639
:106A7300120B5AE9701090170B120E40E5082411FF
:106A8300125F6E120E4C022D9974F512061074EFFC
:106A9300120C09E9852182852283F08A088B097506
:106AA3000A007808120B437C107D007404120E63F5
:106AB3001269E5120B5AA821A922880889097808C6
:106AC300120B477508117509007808120B477C00F3
:106AD3007D007A3B126697120B5A7C117D00790078
:106AE300AA21AB221213267411023C3E74F0120643
:106AF3001074EB120C09E9FE7A11126C1270030286
:106B03006C0D7808120B47750A11750B00780A1281
:106B13000B477C007D007A3B126A2C120B5AE9600A
:106B230003026BF9850882850983E06E6003026BBB
:106B3300F97A117B001213CE8A0A8B0BEA4B70038E
:106B4300026BF9780A120B47750C11750D00780C5E
:106B5300120B47126A26120B5AE96003026BE5789F
:106B630008120B47780C120B477C007D007A3A120F
:106B73006697120B5A9017567401F09081E0780CC7
:106B8300120E0C90170B780C120DA0400690170BE9
:106B9300125E4585080C85090D750E00780C120BE5
:106BA300437C117D007403120BE31269E9120B5A43
:106BB30090170B120E407411120E63120E4CA82183
:106BC300A922880C890D780C120B47750C15750DCD
:106BD30000780C120B477C007D007A8212669712B4
:106BE3000B5A7C117D007900AA0AAB0B121326AA5B
:106BF3000AAB0B1213D47C117D007900AA08AB09F0
:106C0300121326AA08AB091213D474150265F17B7B
:106C1300001213CE8A088B09EA4B2274F312061072
:106C230074FF120C098A098B08EBC43354E0F8EAA9
:106C330033333354F849488C828D83F0A3AE82AF4B
:106C430083740E120E63120960126827120B5A8A9C
:106C53000A8B0BAE0AAF0BE5086019121EB48A0A41
:106C63008B0BAC0AAD0BEEFAEFFB1214D0EE24083B
:106C7300FE50010F740165097033750A3A750B00F4
:106C8300780A120B477402120BDB880A890B780A05
:106C9300120B47126CB8120B5AE9700B85218285CF
:106CA300228312535E80058E828F83E4F074011277
:106CB3000B5A023A717C017D007A007B00121FC8D7
:106CC30074042274F71206108908ECFEEDFFEAFC47
:106CD300EBFDEEFAEFFB1214D07409120E631209E6
:106CE30060EE2408FAE43F12682A120B5A8A828B58
:106CF30083023A4EE9F874020458F97402B90002A7
:106D03008004C333D9FC541CF9020B0A74F4120631
:106D13001074FE120C098908750A3A750B00780A7B
:106D2300120B477403120BDB880A890B780A120BC8
:106D330047126CB8120B5AE970567401120E63E0D5
:106D430065086044750A3B750B00780A120B47749B
:106D530002120BDB880A890B780A120B47126CB8F4
:106D6300120B5AE9702E852182852283E065087013
:106D73001FE0F87401120E63E0C398500F8521825F
:106D8300852283E0F9121D587E3A80067E3B8002FD
:106D93007E007F00EEFAEFFB022D9474F0120610D2
:106DA30074D2120C097403120E63E9F07401120E0B
:106DB30063125D29EC852182852283F07404120E0F
:106DC30063EDF07406120E63740E124EF9C0E07494
:106DD30005120E63D0E0F07404120E63E0C0E07499
:106DE30007120E63D0E0F0901725E0C0E07408129C
:106DF3000E63D0E0F07409120E637401F074031291
:106E03000E63E06003026EDB75083A7509007808CB
:106E1300120B477412120BDB880889097808120BCE
:106E2300477C11126CBA120B5AE96003026ECF74DD
:106E330011120E63A882A983740E120E631269C223
:106E430090170B7808120E0C85080C85090D850A1E
:106E53000E850B0F90814C780C120D1090170B7848
:106E63000C120DFD7808120B3F7404120E63E0F848
:106E73007405120E63E028FCA3E03400FD7B017A65
:106E830001740C120E63E0F9121D5E7404120B5AA6
:106E93001258FC7421120BE31214D0901713123DF5
:106EA3008E901713123937902A637808120C7340A7
:106EB3001590814C7808120E0C90170B7808120C61
:106EC3001F6003026F5E124EA0026F5E740E120EFD
:106ED30063E4F0A3F0026F5E852182852283E0F8EC
:106EE3007401120E63E0281259DFE812403539F5B8
:106EF30083E0F9121D708A08A808743A684B60038E
:106F0300026FB075083A7509007808120B477412BE
:106F1300120BDB880889097808120B477C11126C65
:106F2300BA120B5AE97003026FE0740E120E63E497
:106F3300F0A3124EF9F87401120E6312704974082B
:106F4300120E63E0F88E828F83E048F0EE2405FC96
:106F5300E43FFD7421120BE31214D08521828522B4
:106F630083E0F87401120E631270498E82F583A3D5
:106F7300A982AA8389088A09750A007808120B4333
:106F83007C047D00742C120E631269E5120B5A8E79
:106F9300828F83E0C0E0742D120E63D0E0F0740E94
:106FA300120E63124EF4704A79A1027039743B6871
:106FB3004B6003026F2D75083B7509007808120BAF
:106FC300477412120BDB880889097808120B477C77
:106FD30011126CBA120B5AE96003026F2D7411126D
:106FE3000E63A882A983740E120E63E8F0A3E9026C
:106FF3006F357401120E631209647423120BEB7460
:1070030007120BE37405120E63E0F9121D7C740280
:10701300120B5AE9FE852182852283E0F87401125E
:107023000E631276E412703E7411120E63AA82ABE1
:1070330083121326EEF9742E0265F1E054F8F07C06
:10704300107D00790022E028FEA3E03400FF2274C3
:10705300F012061074E8120C097403120E63E9F0BF
:107063007404120E63124749EAFEEBFF75080075BC
:1070730009008A82F583A3A3A3A3A3A3A3A3A312B3
:107083005E4E120E631269C27401120E631248E25D
:10709300121FF29017B974F8F0A3741F1269C6F89F
:1070A3008E828F83E028F50BA3A3A3E0C394048E01
:1070B300828F83A3A3E05009250BF50B750A00808B
:1070C30002F50A8E828F83A3A3125364E98521827A
:1070D300852283F07428120E63E0F50EA3E0F50F0A
:1070E300AA0AA80BE50E28F8E4350FF9E82AF8E414
:1070F30039F97406120E63125E54120E6312535959
:10710300A3A3600302719FE0C394044003750901C4
:107113007408120BDB880C890D780C120B4774036F
:10712300120E63120964E50BF50C750D00780C1251
:107133000B47780E120B47EAF50C780C120B47122B
:10714300720B120B477B027410120E6312722074BF
:107153000C120E63E0FAA909122016740C120B5AD2
:10716300E9F960030272087800852182852283E0B1
:10717300FAE8C39A4003027208E8FA7408120E632D
:10718300127321E0C0E07406120E63E02AFCA3E050
:1071930034008C82F583D0E0F00880CDE0C3940402
:1071A30040037508017408120BDB880C890D780CF9
:1071B300120B477403120E63120964E50BF50C7589
:1071C3000D00780C120B47780E120B477408120E41
:1071D30063E0FAE50A2AF50CE43400F50D780C12A5
:1071E3000B4712720B120B477B027410120E6312C1
:1071F3007220740C120E63E0FAA90812201C740C9E
:10720300120B5AE9F90265EFA80BE50E28F50AE41B
:10721300350FF50B780A228E828F83A3A312722473
:1072230022E0FCA3E0FD2274F7120610E9FE90179A
:1072330015124EF46008125B1112243B800279018F
:107243000242CD74F7120610E9FE901717124EF49E
:107253006008125B1112243B800279000242CD7454
:10726300F112061074E0120C097800742F120E63E9
:10727300123A6BEE281253376436C0E085218285BB
:107283002283E58228F582E43583F583D0E0127703
:107293000E40E07431120E631276F6120B478C0A1D
:1072A3008D0B780A120B47EAFCEBFD79017404128B
:1072B3000BE3126A1A120B5A85080C85090D750E19
:1072C30000780C120B437C107D007413120BE31235
:1072D30069E9120B5A7800E8FAEE2A125337645C14
:1072E300C0E0852182852283127321D0E012770EBC
:1072F30040E57808120B4775088075090078081275
:107303000B477414120BEB79017404120BE3126A2A
:107313001A120B5A7420120B5A7F07020895127324
:107323002522E5822AF582E43583F5832274F0125F
:10733300061074DF120C09E9852182852283F08A05
:107343000C8B0D8C0E8D0F7431120E631276BD747F
:10735300037808120DEEAA0874047808120DEEAE35
:1073630008AF09EA540FF50B7C107D0079007433E4
:10737300120E631276C9852182852283E0606074D0
:1073830033120E63126553120B437C107D00740499
:10739300120BE31269E9120B5A850C08850D097863
:1073A30008120B437C107D007436120E63127702B1
:1073B300120B5A7433120E631276F0120BE3127629
:1073C300ABE8FAE50C2A1269D4FC7433120E63128B
:1073D300770B40ED7431120E63E02480123D9185EA
:1073E3000E0C850F0DEEF8EFF9E824FF1EE934FFCC
:1073F300FFE84960667433120E63126553120B4340
:107403007C107D007404120BE31269E9120B5A8598
:107413000C08850D097808120B437C107D00743627
:10742300120E63127702120B5A7433120E63127622
:10743300F0120BE31276AB850C82850D83E0FCE83A
:10744300FA7433120E631277151276A285820C85B5
:10745300830D08E8C39410508C80DCE50B600302B5
:1074630074F87433120E63126553120B437C107D50
:10747300007404120BE31269E9120B5A7C0E7D00AF
:1074830079007433120E631276C97433120E6312C9
:107493005CFD7480F07431120E63A3E0C0E07433BA
:1074A300120E63124EBBD0E0F07431120E63E0C0D3
:1074B300E07433120E63124ECFD0E0F07808120B53
:1074C300437C107D007414120BE31269E9120B5A0A
:1074D3007433120E631276F0120BE31276ABE8FAF2
:1074E3007411120E631276B1120E6312770B4003FE
:1074F30002769D80E9C3940E743350030276001222
:107503000E63126553120B437C107D007404120B3F
:10751300E31269E9120B5A7C107D0079007433126F
:107523000E631276D4120B43AC0B7D007436120E2D
:1075330063127702120B5AA80B7433120E6312767E
:10754300DD7808120B437C107D007414120BE312D8
:1075530069E9120B5A7433120E631276F0120BE3BD
:107563001276ABE8FA7411120E631276B1120E633F
:1075730012770B40EE7433120E631276F6120B433E
:107583007C107D007404120BE31269E9120B5A7C20
:107593000E7D0079007433120E631276C9743112B2
:1075A3000E63A3E0C0E07433120E63124EBBD0E04F
:1075B300F07431120E63E0C0E07433120E63124EA6
:1075C300CFD0E0F07808120B437C107D00741412C6
:1075D3000BE31269E9120B5A7433120E631276F03D
:1075E300120BE31276ABE8FA7411120E631276B142
:1075F300120E6312770B400302769D80E9120E632D
:10760300126553120B437C107D007404120BE312BA
:1076130069E9120B5A7C0E7D0079007433120E63F4
:107623001276D4120B43AC0B7D007436120E631228
:107633007702120B5AA80B7433120E631276DD74A1
:1076430031120E63A3E0C0E07433120E63124EBB1B
:10765300D0E0F07431120E63E0C0E07433120E63B5
:10766300124ECFD0E0F07808120B437C107D0074EB
:1076730014120BE31269E9120B5A7433120E6312DC
:1076830076F0120BE31276ABE8FA7411120E631262
:1076930076B1120E6312770B40EE74210265F1F09E
:1076A300850C82850D83A322121D9A780022127302
:1076B30025E0FC743322A3A3A3A31276C122E0F531
:1076C30008A3E0F509221276CD221248EA12132606
:1076D300221276CD750E00780C221276E47480F0B7
:1076E30022E028FAA3E034008A82F583221272246E
:1076F3007401221276C1780822F582E438F58312E8
:1077030048E612131A740322127715F008E8C3949B
:107713001022E02AF9A3E034008982F583E06C2289
:1077230074F6120610127731121FF8023C21EAFE9A
:10773300EBFF8C088D09121FF2AC08AD09EEFAEFCE
:10774300FB2274F7120610EAFEEBFF7409120E63B4
:107753001277708E828F83800C120B90F0E92401D4
:1077630009E43AFAA312777970EF027AB3E0F9A346
:10777300E0FAA3E0FB22ECFEEDFFEE24FF1CEF3466
:10778300FFFDEE4F2274ED120610890C8A0D8B0E4D
:107793007413120E63127B19A3E0F50AECF8EDF9EA
:1077A300E824FF1CE934FFFDE8496037A90CAA0D62
:1077B300AB0EE92401F50CE43AF50D8508108509B3
:1077C30011850A12E5082401F508E43509F50912C3
:1077D3000B90F8A910AA11AB12120B906860BD7937
:1077E30000800279017F0B02089574F6120610E9F6
:1077F300FE8C088D097808120B47EEFC7D001219E8
:10780300DA7402120B5A027B1474F0120610E9FEAA
:107813008A828B83E0F50CE4F50DF50EF50F740207
:107823006E70051278A0804774036E701212789AF6
:10783300120AA7780C7908120CFD12788B80307429
:10784300046E703712789A120AA7780C7908120C12
:10785300FD12788B7808120AA7780C7908120CFDB0
:107863008A828B83A3A3A3E0F508E4F50A7418784E
:1078730008120AA7780C7908120CFDAA0CAB0DAC00
:107883000EAD0F7F080208958A828B83A3A3E0F5D0
:1078930008E4F5097410221278A0780822A3E0F511
:1078A30008E4F509F50AF50B740822C082C08312B7
:1078B300130E807374F6120610EAFEEBFFEE4F60B0
:1078C3003DEE2405FAE43FFB1213CE8A088B09A888
:1078D30008A909E849602788828983E4F0A3F0882E
:1078E300828983A3A3EEF0A3EFF088828983A3A305
:1078F300A3A374FFF0E82405FAE439FB80047A00BB
:107903007B00027B14C082C083EA4B70047905803C
:10791300161279A360047904800DEA24FBFAEB3490
:10792300FFFB1213D47900D083D082020B0A74F7C1
:107933001206107C0012134A027AB774F71206106B
:10794300E9FEECFFEA4B602790821DE0F8EEC39856
:10795300400712133E79038044EA24FBF582EB12BD
:107963007BBC127D8770051279A3600712133E79E1
:1079730005802AEEF074016F700DEAFCEBFD7AEAE4
:107983007B0A121368800BEAFCEBFD7AEA7B0A128E
:10799300135C7A007B80EEF912137A7900027AB7CE
:1079A300EA24FFF582EB34FFF583E0F42274F2124C
:1079B3000610890C750A00750B007E007F00A2AFCC
:1079C300E433F50DC2AF900AEA8015EE4F700685D9
:1079D300080A85090BE50824FBF582E509127BBC3F
:1079E300127B19E50845096023E50824FFF582E5C4
:1079F30009127BBCE0650C70D2EE4F7006AE08AF87
:107A03000980D27A007B8012137A800B7A007B8004
:107A1300121380EE4F6015780A120B47EEFCEFFD50
:107A23007AEA7B0A12136E7402120B5AE50DA2E076
:107A330092AFEEFAEFFB7F06020895C082C083EA9D
:107A4300FCA2AFE433F8C2AF900AEA8009EA24FB50
:107A5300F582EB127BBC127773EA4B6015EA24FFC5
:107A6300F582EB127BBCE06970E38A828B83E06C66
:107A730070DBE8A2E092AF02792AA2E092AF8034F1
:107A830074F7120610A2AFE433FEC2AF127BB6E462
:107A9300F0A3F08006127C06FAE9FB8A828B83123C
:107AA3007D8770F18A828B83ECF0A3EDF0EE80CAC0
:107AB300AA82AB837F0102089574F6120610780040
:107AC3007900A2AFE433FEC2AF8A828B83E0FCA3CA
:107AD300E0FDEC4D6032ECF8EDF9E824FBFCE93411
:107AE300FFFD8C828D83127B198A828B83E508F0DC
:107AF300A3E509F08C828D83E4F0A3F0E824FFF57D
:107B030082E9127BBC74FFF0EEA2E092AFE8FAE9DF
:107B1300FB7F02020895E0F508A3E0F5092274F75C
:107B2300120610A8A8C2AF8A828B83E0FEA3E0FFEF
:107B3300127BB6EEF0A3EFF08A828B83ECF0A3ED19
:107B4300F0E8A2E7027A7F74F5120610A2AFE433DD
:107B5300F50AC2AFEC24FBF8ED34FFF9E8FEE9FFC8
:107B63008E828F83E0F8A3E0F98A828B83127B19DC
:107B7300EC65087003ED650970068A828B838012B9
:107B8300740B120E63E0FAA3E0CA24FBF582EA1237
:107B93007BBCE8F0A3E9F08E828F83E4F0A3F0ECE2
:107BA30024FF127BB974FFF0E50AA2E092AF7F03D2
:107BB300020895EC24FBF582ED34FFF5832274F77C
:107BC300120610EAFEEBFF89087A00A2AFE433FB4A
:107BD300C2AF127D8370068015E508601C1508127C
:107BE3007C06FEE9FF127D8370EFE508600B8E8251
:107BF3008F83ECF0A3EDF07A01EBA2E092AFEAF908
:107C0300027AB7E824FBF8E934FFF9E82274F712A3
:107C13000610E9FE90821DE0F8EEC3985027ACA849
:107C2300C2AFEE29F8E433F9900AECE028FDA3E0B3
:107C3300398D82F583E04AF0A3E04BF0ECA2E792A2
:107C4300AF790080027903027AB774F7120610E95C
:107C5300FF90821DE0F8EFC398501FAEA8C2AFEAB1
:107C6300F4FCEBF4FDEF29127D71E05CF0A3E05D21
:107C7300F0EEA2E792AF790080027903027AB7E9C6
:107C8300F874FF687006D2AF790080027907020B9F
:107C93000AE9F874FF687006C2AF790080027907B9
:107CA300020B0AC082C0831213C2900AEAE4F0A353
:107CB300F012147C1214641213B61213C879000262
:107CC300792AC082C08312139E80FB74F6120610B9
:107CD3007508001213BC120FA2A808E828127D71C0
:107CE300127D87700D050890821DE0F8E508C398A2
:107CF30040E790821DE0F8E508C398506BACA8C23A
:107D0300AFAE08EE2EFEE433FF900AECE02EF8A3AC
:107D1300E03FF98882898312777388828983E4F04C
:107D2300A3F0ECA2E792AFE5089018C5F0F974B898
:107D33002EF58274803FF583E0F8A3E0F583888213
:107D430012243B9018C574FFF0A8A8C2AF900AECA8
:107D5300E02EF9A3E03F8982F583E04AF0A3E04BEC
:107D6300F0E8A2E792AF8003121476027B14F8E4E2
:107D730033F9900AECE028FAA3E0398A82F58322EA
:107D83008E828F83E0F8A3E0F9E8492274F01206AB
:107D9300107410120E63780C120E0C127DFE850EF9
:107DA3000A850F0B74107808120BAA8A828B83A39F
:107DB300A3E508F07418780C120BAA8A828B83A3AC
:107DC300A3A3E50CF0EA2404FA50010B02788674AD
:107DD300F01206107410120E63780C120E0C127D42
:107DE300FE7410780C120BAA8A828B83A3A3E50C72
:107DF300F0EA2403FA50010B027886850C088A8284
:107E03008B83E508F0850D09E509A3F02274F712C9
:107E13000610E9FDEA4B60187800800108E8C39C6E
:107E23005012E8FEEA2EF582E43BF583E06D60EC48
:107E3300790080027901027AB7C082C0839081EC15
:107E4300120E2812110A908178120E281210507502
:107E5300A1F743A70875A1EF43A7108012C082C002
:107E63008353A7EF53A7F71210448003120E28D0B1
:107E730083D082020B0A74F01206108A088B098CD5
:107E83000A8D0B1210FE8A0C8B0D8C0E8D0F780849
:107E9300790C120DB04003120F84AEA8C2AF900547
:107EA300707808120DFDAA08AB09AC0AAD0B1211CC
:107EB30016027F7A74F4120610AEA8C2AF1210FE37
:107EC3008A088B098C0A8D0BEEA2E792AF9005709E
:107ED3007808120AE550087A007B007C007D007F59
:107EE3000402089574F4120610AEA8C2AF1211046E
:107EF3008A088B098C0A8D0BEEA2E792AF9005706E
:107F03007808120AE550087A007B007C007D008027
:107F1300CEC082C083900574027E6F74F012061087
:107F23008A088B098C0A8D0B9005707808120AE574
:107F33005003120F84A2AFE433FEC2AF90057478EE
:107F430008120DFDAA08AB09AC0AAD0B12111012F1
:107F530010FE8A0C8B0D8C0E8D0F7808790C120C89
:107F630034700D75A1EFEEA2E092AF12225C800592
:107F7300EEA2E092AF8005EEA2E792AF7F0802087F
:107F830095020B0AC082C08312225C027E72C082F9
:107F9300C083121134122268027E72C082C08390A1
:107FA3000570027E6F74F61206109018F27403F0D7
:107FB300A3E4F0A3F0A3F09018EC7403F09018ED91
:107FC30014F07508F27509187808120B4775080E36
:107FD3007509007808120B477C007D007A017B0449
:107FE3001214527404120B5A7F02020895020B0AF0
:037FF300020B0A74
:087FF800852387C2AF020B0ACA
:1080000007000A000C000D000E000F001000110008
:1080100012001300140019001B00000101010002EE
:10802000010202040004010403040404050406041C
:1080300000050206030604060506060607060806EE
:1080400009060A060B060C060D060E060F0610069C
:1080500011061206130604070009000B010B020BA0
:10806000030B0500060008000900160002010202C9
:108070000302000301030105020500060106040BCB
:10808000140615061706000701070207030704096F
:1080900000090000000000000000000000000000D7
:1080A00000000000000000000000000000000000D0
:1080B00000000000000000007221A61D9C0FAE1BF6
:1080C0007A16E214FE220216540F120F114566654D
:1080D0006B74614C61625F666F725F796F750F32AE
:1080E000303236303130372E3634332E37370000C9
:1080F000010003000A0005040204080400040D4DF9
:108100004F444B414D5F466C6F7765720000000035
:108110000000000000FFFFFFFFFFFFFFFFFFFFFF6A
:10812000FFFFFFFFFF0000000000000000FFFFFF57
:10813000FFFFFFFFFF0306030008007405312E3028
:108140002E3082003A003B00D00700000100000002
:10815000640000001900000097511800FEFFFFFFA7
:108160001F000000080000006AAEE7FF96511800EB
:10817000DC050000E9FFFFFF0000FF00FFFFFFFF3D
:10818000B0360000000000FF9A99993F60EA0000B5
:108190000400000019E0FCFFF8FF0000E71F0300E7
:1081A0009F02000052D0A400C4F620000600000088
:1081B000FFFF0000F401000003000000C600000003
:1081C000BFE53600AB0000005F721F001E0000001C
:1081D000D122DB3E00000040050000001027000017
:1081E0000100008000480000983A000000000000F4
:1081F000C800000088130000641900000B00000094
:1082000032000000E20400000A000000E803000061
:10821000E90300003000000001000101030A04032B
:1082200074F7120610E9901787F090173CE4F012EB
:1082300012D890179FE4F0A3F0901788F0A3F012E3
:108240001F681212DE9016C4E4F0A3F0121998020F
:108250009B8674F012061074D3120C0912B5E25406
:10826000806066901787E0F91213508A088B09AF77
:1082700009EA4F604C7C0080010CEC75F003A4F817
:10828000A9F074D128F582742939F583E493F46058
:1082900029E493F88A828B83E06870DDEC75F00343
:1082A000A4F874D228F582742939F583E493C0E0E8
:1082B000740193F583D08212243BAA08EFFB1213BA
:1082C0003E12BD146480028621852182852283A30B
:1082D000E05420601F121E7E8A088B09AF09EA4F06
:1082E000600A121DD6AA08EFFB12133E12BD1464D9
:1082F00020028621852182852283E0A2E0504290DF
:108300001741E0640F702E90085512BD1F9008555C
:10831000C3E094E9A3E09403400A7A007B809015BF
:10832000B5129C687900121DACE960099019211200
:108330000E28121DC4852182852283E064010286F5
:10834000065420700302860B7A207B00901787E08A
:10835000F91214A6EA4B4C4D701A90179B120E405E
:10836000E8494A4B700E750801750900750A0075D9
:108370000B00806D750C00750D00750E00750F00FB
:108380001214B88A088B098C0A8D0B90179B120E59
:1083900040E8494A4B603190179B7808120AE54043
:1083A0000E750CFF750DFF750EFF750F7F8019851B
:1083B000080C85090D8C0E8D0F90179B780C120BF5
:1083C000C37401780C120BAA850C08850D09850E63
:1083D0000A850F0BE5084509450A450B7003028520
:1083E000657C0079047A007B00121E548A0C8B0D88
:1083F000AE0CAF0D0284A97402120E6374FFF07408
:1084000003120E6374FFF07404120E6374FF129C67
:10841000DB12B49C7407120BEB12B752E9640170C3
:108420006A12862D4480F8A3E0F97428120E63E8DE
:10843000F0A3E912B9E6E0C0E0742A120E63D0E0BE
:10844000129CC8540860167428120E63A3E04401FD
:1084500012863AC0E0742C120E63D0E0F012B625FA
:108460006011E8240B128E20F87416120E63E8F0E7
:10847000A3E4F09081EC1209607406120BEB740B0C
:10848000120BE3121AD07404120B5A8E828F83A33C
:10849000A3A3A3A3A3A3A3A3740612863AF9121E4F
:1084A000367405120E6312B7A9EE4F70030285658C
:1084B0007C007904EEFAEFFB121E547405120E6371
:1084C000EAF0A3EB1299F2E0F50CA3E0F50DE4F568
:1084D0000EF50F7808790C120DB04023EE2404F845
:1084E000E43FF985080C85090D8882F583C3E09582
:1084F0000CF0A3E0950D12BE09E84970A4800C8E23
:10850000828F83A3A3A3A3E4F0A3F08E828F83A31F
:10851000A3A3A3A3A3A3A3A3A3E064018E828F8339
:10852000A3A3A3A3A3A37020E0540460030283F7D2
:108530008E828F83A3A3A3A3A3A3A3A3A37406F0F4
:108540007AB71287600284A1A3A3A3A3E060030209
:1085500083F78E828F83A3A3A3A3A3A3A3A3A37450
:1085600001F00284A1121E247C0079017A007B00B4
:10857000121E54EA4B6003129C617C0079047A005D
:108580007B00121E54EA4B701380448A828B83A3B3
:10859000A3A3A312B7C1EE98EF99400B8A828B83F5
:1085A000A3A3A3A312B7A97C007904121E548B0BBA
:1085B000A90BEA4970D5C3E5089EE5099F500DC394
:1085C000EE9508FEEF9509FFEE4F700D129C61903D
:1085D000179B128633A3F08024EE2EFEEF338E0815
:1085E000F509E4F50AF50B7808120B3F7A2012889A
:1085F00009120B5A1214B890179B120E348521825F
:10860000852283E06420FAA3E08016A3E05404608E
:108610001312AE7912238E7901128FE712BD146402
:1086200004FB80047A007B00742D02B601EE12B6C2
:108630000FE022E4F0A3F0A3F022129CCDA3A3E06C
:1086400022C082C08374EA120C097C167D00790076
:10865000AA21AB221213267408120E637402F09042
:10866000173012B0B51286817409120E6312B0CDA4
:108670007413120E63E412AD4C12198C7416029F1F
:1086800097E8F0A3E9F090173A12B7912274F71225
:10869000061074DA120C09EAFEEBFFEA4F602DAC0B
:1086A00021AD22121E9C7406120E63E0601E741728
:1086B000120E63E0FD7401120E63E0FCEEFAEFFBB4
:1086C0007900121D82E9600479A480027900742681
:1086D000029B8374F7120610EAFEEBFF8A82F58391
:1086E000A3A3A3A3A3A3E0544060178A828B8312A1
:1086F000B5C2129EA660067AFF7BFF801512B5BE3A
:10870000800390173012B49C74FE6A700374FF6B80
:10871000604112B5BE12B5E8121F32E98E828F8316
:10872000600B12B1AB12BDD4E4F0A3800312BDC341
:10873000F07CB27D1D8E828F8312951CE9F5087046
:1087400015EE4F60097901EEFAEFFB121E30A90811
:10875000029B867508CDAA08128760E960E380EE67
:108760008E828F8312B1AF240CF582E438F583E05A
:10877000F9121DBE2274F6120610E9FEEAFF7A0F06
:108780007B00121338EA4B601A8A828B83740CF0D8
:10879000EEA3A3F0EF8A828B8312994112ADAA79DE
:1087A00000802BEEF9121E5A8B09A909EA49601CB8
:1087B0008A828B83A3A3A3A3A3A3A3A3A374061258
:1087C000994AE0F9121B72EEF9121E36791002ABCB
:1087D0009574F41206108A088B098C0A8D0B901779
:1087E00041E0640F701EEA4B4C4D601890173CE05E
:1087F00064086005E06404700B7808120B3F12886F
:1088000007120B5A028A6C7A017B00901787E0F9F5
:1088100012149474042274F412061074FC120C09DD
:10882000EAFEEBFF8A82F583A3A3E0F9121E5A8ABF
:10883000088B09EA4B700302894F8E828F83A3A8AD
:1088400082A983E0C0E0EA12ADA0D0E01297B06444
:10885000F160288E828F83A3E064CD601E8E828FAC
:1088600083A3E0641A60148E828F83A3E064E960BE
:108870000A8E828F83A3E064E170337900121E3088
:10888000E9602BE5082404F50AE43509F50B8508B1
:1088900082850983A3A3A3A3A3A312988612978E0C
:1088A0001212EA850A82850B8312B5E880708E82E7
:1088B0008F83A3E0C0E07402120E63D0E0129FA584
:1088C00012A0C8129236C0E07403120E63D0E0F01A
:1088D000E50812BA91128EDFE0AA21AB22700512D0
:1088E0001ACA8003121F1A7402120E63E064E97040
:1088F0002D850882850983129045750A01780A1230
:108900000B4B750AE9780A120B4B1297621292030D
:10891000FCA3E0FD8A828B8312922D120B5A8508EC
:1089200082850983A3A3A3A3A3A3A3A3A3E06402B3
:108930007012850882850983A3A3A3A3A3A3A3A37D
:10894000A37406F08E828F83A3A3E0F9121E361261
:108950001E24901927128E517404028A6974F4122D
:108960000610EAFEEBFF7508008A82F583A3A3A335
:10897000A3A3E0603875080812B48F79FF121C02B7
:10898000EA4B601075082C8E828F83A3A3A3A3A348
:10899000E0D2E0F08E828F83A3A3A3A3A3E05403CD
:1089A00064016003028A58430811028A58EA2418B5
:1089B00012A38E6036EA241A12A38E6003F4701399
:1089C00012B7717003A3E0696003028A5875082228
:1089D000028A58EA241B128A5C241A12A38EFAEE29
:1089E000241912A38EF9121B60806D8A828B83A3D7
:1089F000A3A3A3A3A3A3A3A3128E3C700375080192
:108A00008E828F8312B7757003A3E0697006E50844
:108A1000D2E1F508E50860158E828F83A3A3E0708C
:108A200006E508D2E58004E508D2E6F508129E992D
:108A300064017006E508D2E0F5088E828F83A3A357
:108A4000E06015EE241D12A6ADF9121F20E96401A5
:108A50006006E508C2E0F508A9088010F582E43F49
:108A6000F58312BE2CEA227409120B5A7F04020805
:108A70009574F012061074D7120C09EAFEEBFF8A07
:108A800082F583A3A3A3A3E0600E90192512B62C50
:108A90006006901925128E517403120BEB8E828F93
:108AA00083A3A3A312AF7812B49A121E9CE9700399
:108AB000028C0278017405120E63E0C39402400236
:108AC00078007407120E63E0C394024002780074C9
:108AD0000C120E63E064F87003A3E0F47003028CE0
:108AE00002740C120E63E064F97003A3E0F47003E7
:108AF000028C02740C120E63E064FA7003A3E0F4BB
:108B00007003028C02740C120E63E064FB7003A30A
:108B1000E0F47003028C027406120E63E0F9901701
:108B20002AE0696003028C02E8A2E04003028C02A2
:108B30007427120E63E06003028C02EE241312B756
:108B4000877422120E6312AF82241C12B78774102E
:108B5000120E6312B0CD7409120E63E0601D741A18
:108B6000120E63E0FD7404120E63E0FC8E828F83AC
:108B700012B49A7901121D82E9703B7403120BE35F
:108B8000121DD0E9F50C7409120E63E0702C9017D9
:108B900024E060267422596422601F7442596442A2
:108BA00070147420120E63128E36600E7420120E32
:108BB00063128E2F60047ACF804AE9A2E6504D748A
:108BC00020120E6312A6B324FD600F14600C24FD66
:108BD000600824FD600424FE70287420120E6312C5
:108BE0008E28700E7420120E6312ACD9A3E0640DAF
:108BF000601A7403120BE3121F4AE96401700D023C
:108C00008E187AD37B00121788028E18EE242DF569
:108C100082E43FF58312903C7003A3E069701D75F8
:108C200008007808120B4B7808120B4BEE242F1219
:108C3000A38EF9128E4212922D120B5A7409120E43
:108C400063E07003028CE0128E4212B49C121F98F3
:108C50008A0E8B0FEA4B7003028D717404120E633F
:108C6000E0F88E828F83A3A3E028F8A3E03400F914
:108C7000E8240D128E20F88A828B83A3A3A3E068D8
:108C8000600EE88A828B83A3A3A312993A128634DA
:108C90007904E9120E6312A3ADA3E02AF8A3E0342D
:108CA000008882F583A3AA82AB8312132C8A088BD7
:108CB000098C0A8D0B850E82850F83A3A3A3A3784D
:108CC00008120AE54003028E1890814C7808120DB4
:108CD00010850E82850F83A3A312BE32A312A0D1EA
:108CE00090173CE064046008E064096003028E1899
:108CF000E50CA2E54003028DABEE242F12A396F003
:108D0000EE243012A38EC0E07401120E63D0E0F0A6
:108D1000EE243112A38EC0E07402120E63D0E0F094
:108D20007414120E63E064017026740E120E631246
:108D30009789241312A38E687003A3E069701174DD
:108D40000C120E63128E3C70077414120E63E4F062
:108D5000EE2425F582E43FF5831209607404120BBA
:108D6000EB7407120BE3121AD07404120B5A028E22
:108D700018901781E064016003028CE07420120EE9
:108D800063128E367009E50CA2E65003028CE07483
:108D900010120E63E0F47003A3E0F4607BEEFCEFCE
:108DA000FD7403120BE3121DDC806DA2E6506974A2
:108DB00020120E6312B1BB7016741A120E63E064B7
:108DC0000270557403120BE37900121F148049746A
:108DD00020120E63128E2F7014741A120E63E06448
:108DE0000470357403120BE3121F08802B742012D9
:108DF0000E63128E28700C79007403120BE3121F9D
:108E00005680157420120E6312ACD9E0640C700801
:108E10007403120BE3121F62742902B601E82406E0
:108E2000F582E439F583E02212B5C8E0640322122A
:108E3000B5C8E064072212A6B7640622129EAA648F
:108E40000222EE242BF582E43F12BE2AEE129E7F10
:108E500022E0F508A3E0AA08FBE4FCFD121DC422F1
:108E600074F4120610EAFEEBFF8C088D099016A62A
:108E7000E0600F12B7717003A3E0697005121B4E1A
:108E80008053790012B48F121B7E8A828B83E58215
:108E90004583602CA3A3A3A3A3A3E054186021E5FA
:108EA00008241C128EDC120964128ED8120964EE9A
:108EB000241812921412A97412B749120B5A801571
:108EC00079008E828F83A3A3A312B1A112A9741279
:108ED000B49C121B54028A6CE5082413F582E43515
:108EE00009F5832274F712061074F7120C09EAFED2
:108EF000EBFF90173CE06403600DE064016008E064
:108F000064096003028FE28A828B83A3E06003021C
:108F10008FB07C007D007A027B001212E412B7EE63
:108F20008A8212B78B90172D12B0CD795312197A0D
:108F300090173CE06409600990173A12B49C121F24
:108F400092852182852283740112ACF190173C74C2
:108F500004F07401120BE3794A1219747401120BB4
:108F6000EB7A327B171214D09015B8E0640B7005C1
:108F70007406F080057900128FE790172D12B1A7C3
:108F80007A037B001212E490173012B1A77A047BA7
:108F9000001212E4901727E0A2E35004D2F08002FE
:108FA000C2F012ACDE901921120E28121DC4802FBF
:108FB000FC7D007A037B101212E49015B8E0640B7C
:108FC0007003740AF09016AAE4F0FA7B4012AACE5D
:108FD0008E828F83A3E0F9128FE790173CE4F012A2
:108FE0001E067409029B8390173A12B4A0121AE26B
:108FF00022C082C0839016C412B62C701790173C02
:10900000E024FB6005146007800A9016CA801F9058
:1090100016CC801AE8496007128E1D6401700C8A14
:10902000828B83A3E0F9121AD6800E9017B612B67F
:109030002C600612ACDA12243B02A82512B79190DC
:10904000173AE0682212B791E8FAE9FB2274F512A8
:10905000061074D8120C098A088B098A828B83A3A4
:10906000A3A3A3A3A3A3A3E0C3940F50030291FE61
:109070008A828B83A3A3A312B7A97415120BEB8A60
:10908000828B83A3A3A3A3A3A3A3A3129203FAA3F4
:10909000E0FB121E127415120E63E0702E8508821A
:1090A000850983A3A3A3A3A3A3A3A3E0C3940B4015
:1090B0001A8E828F83A3A3A3A3A3A3A3A3E0640216
:1090C0007009EE240B12A38EF460030291FE741754
:1090D000120E63E06007640260030291FE90173C89
:1090E000E06402601CE0640660179016C412B62C9F
:1090F00070030291FE128E1D640160030291FE80D6
:10910000259016C412B62C701D7508007808120B35
:109110004B7808120B4BEE24101292148E828F8320
:1091200012922D120B5A8E828F8312BE011297B9A2
:1091300012B78D7402120E6312AF8212862EC0E037
:109140007404120E63D0E0129236F508A3E0F5091C
:10915000740F7808120DEE7405120E63E508F074B2
:1091600019120E63E0C0E07406120E63D0E0F074D2
:109170001B120E63E0C0E07407120E63D0E0F074BF
:1091800016120E63E0C0E07409120E63D0E0F074B2
:1091900017120E63E0C0E07408120E63D0E0F0EE28
:1091A000241012A38EC0E0740A120E63D0E0F07493
:1091B0001A120E63E0C0E0740B120E63D0E0F0747C
:1091C00027120E63E0C0E0740C120E63D0E0F0745E
:1091D0001C120E63A982AA8389088A09750A00787D
:1091E00008120B437C087D007410120E63AA82AB38
:1091F0008312A385120B5AAA21AB22121ADC7428FF
:10920000029CE1E0F98A828B83A3A3A3A3A3A3A377
:10921000A3A3E022F582E43FF583E0F98E828F83F9
:10922000A3A3A3A3A3A3A3A3A312BE2C2212B4A0FF
:10923000121ED2740222F0EE12A979E02274F21208
:10924000061074F8120C098A0A8B0B8C0C8D0D8990
:1092500008908115AC21AD227408120A86C200ACB8
:109260000AAD0BAA21AB2212B41D7002D2009017D6
:10927000888013AC0AAD0BEE240BFAE43FFB12B46A
:109280001D701B129E70129B03601EA20040E48E94
:10929000828F83E0650C7004A3E0650D70E58E821B
:1092A0008F83A3A3E0650870DAEEFAEFFB7408027F
:1092B00097C6C082C08390178802A822C082C0834C
:1092C000901788E4F0A302951874F712061090170F
:1092D0008812BD1A800FEA2414F582E412B7A61290
:1092E00013D4EEFAEFFBEA4B70EC901788E4F0A38E
:1092F000F0029B8674F21206108A0C8B0DEDFF892A
:109300000B8A828B83E08C828D83F0A3A882A98351
:109310008A828B831293BD129934E0C454F0FA8888
:10932000828983E04AF0EC2402F8E43FF9850C825C
:109330008B83A3A31293BD1293D0E0333354FC125A
:1093400093C4E033333354F81293C4A3E0A2E0E4AF
:10935000331313FA88828983E04AF0EC2403FE5029
:10936000010FE50C2407F508E4350DF509750A0031
:109370007808120B437C087D00EEFAEF12A38412EA
:109380000B5AEE2408FE50010FE50C240FF508E4FB
:10939000350DF5097808120B437C037D00EEFAEFDA
:1093A00012A384120B5AE50BC3940F400DE50C2455
:1093B00012F582E4350D12A988F00297C9A3E0885E
:1093C00082898322FA88828983E04A1293D0A32279
:1093D000F0850C828B83A3A3A3A32274F212061040
:1093E000EBFF8C0C8D0D8A82F583E08C828D8312CD
:1093F000BDEBA3A882A983E012A7CD1297AFC41238
:10940000A7C7F0EA12BDF512A7D41297ADA2E2E405
:10941000338C828D831297AC131313541F12A7CD74
:10942000A31297ACA2E7E4338C828D83A3A3A3A3FA
:10943000A3A3F0EA2403FE50010FF5088F09750A73
:10944000007808120B437C087D00E50C240712A36A
:1094500080120B5AEE2408FE50010FF5088F097890
:1094600008120B437C037D00E50C240F12A380122D
:109470000B5A8E828F83A3A3A3E0C0E012BE11D04B
:10948000E0F00297C974F6120610EAFEEBFF8A823A
:10949000F583A3858208858309E0F9121AFA850805
:1094A00082850983E064EB601E8E828F83A3E06473
:1094B000E160148E828F83A3E064F1600A8E828F54
:1094C00083A3E0641A70078E828F83A3E4F090195F
:1094D00021120E28121DC47508017808120B4B8E3C
:1094E000828F83A3E0F5087808120B4B7900901760
:1094F0003A12B1A790173012922D120B5A121E2455
:1095000002AB95C082C083E990179A7003E4800291
:1095100074018004EAF0A3EBF002A82512B4A012B3
:1095200019922274F612061090179AE0701B7C00B4
:1095300079017A007B00121E54EA4B600C8A828B00
:109540008312B62C6003121DB802AB95C082C08393
:109550001299E3401079FF121E4EE9F8902A82E436
:1095600093C398500479018002790002A82574F20F
:109570001206108A0A8B0B8909C2008A828B83A388
:10958000A3A3A3A3A3A3A3E0F9121E5A8A0C8B0DD5
:10959000AE0CAF0D750801EA4F600302964F850AC5
:1095A00082850B8312B1A1850A82850B83A3A3A3B5
:1095B000A3A3A3A312978E121E428A0C8B0DAE0C8E
:1095C000AF0DEA4F700302975B8A828B83A3A3A33C
:1095D000A3E4F0A3F0E50A240CFAE4350BFB8A823D
:1095E000F583E0C0E0129762D0E0F0E50A240D12A6
:1095F0009782240D12B0C7121F38129E8812B5E848
:10960000E50A2411129782241112B0C7E50A241327
:1096100012B7B8C0E0129E7AD0E0F0D200EE240675
:10962000F8E43FF91297751297B05404600302965C
:10963000C1901933E0F50A750B007407780A120C13
:10964000EA8E828F83A3A3A3A3A3A312976CF08EA9
:10965000828F83A3A3A3A3A3A3E0F50AA3E0F50B42
:109660007407780A120DEEE50A5407FCE5096061FB
:109670008E828F83A3A3A3A3A3A3A3A3A374021285
:109680009CDB129A78600B90172812A40EA3A312E9
:10969000B0CDEC7003029732EE2406F8E43FF9E80F
:1096A000FAE9129775F0EC24FFF50AE434FFF50BA4
:1096B0007407780A120CEA8A82898312976CF08008
:1096C000718E828F83A3A3A3A3A3A3E044800296F9
:1096D0004EEC700575080080598E828F83A3A3A37A
:1096E000A3A3A3E05420600C121332EA547F790044
:1096F000245F80198E828F83A3A3A3A3A3A3E05426
:1097000010601A121332EA540F7900240A5001092A
:109710008E828F83A3A3A3A3F0A3E9800D8E828FF3
:1097200083A3A3A3A37401F0A3E41297B974041252
:1097300099F9A20050288E828F83A3A3A3A312B409
:10974000A6F9EEFAEFFB121E48E9601212B6256088
:109750000312979BEEFAEFFB1213D4750800A908C9
:109760008067EE240CF582E43FF58322E0450AF0A1
:10977000A3E0450B228882F583E0547FF0A3E054F8
:10978000FC22F582E4350BF58312B791EE22A3E0BB
:10979000F9850A82850B8312B4A0221297A2129B2C
:1097A000F822EE240FF582E43FF58322A3A3A3A3BE
:1097B0001297B42212B7D4E0221297BD22129CD184
:1097C000A3A3A3227403120B5A7F0602089574F414
:1097D00012061074F7120C097E00121E5AEA4B7022
:1097E000030298818A828B83A3A3A3A3A3A3A3A329
:1097F000A3E0640660030298818A828B83A3A3A3FB
:10980000A3A3A3A3E0FF8A828B8312BDB3E0C0E0D1
:109810007408120E63D0E0129BA912B0BA12B0CD38
:10982000121E6CEF5408605785218285228312B185
:10983000A77A007B00121E3CEA4B704312BE1C7CD0
:10984000007D007A007B0080228E828F8312A6B377
:10985000F47003A3E0F4602790173A129886129BE5
:109860008B601C7C007D00EEFAEFFB121E3C8A0A26
:109870008B0BAE0AAF0BEE4F70CF79001219AA7E98
:1098800001EEF9028A6712988A22E0FCA3E0FD8EBD
:10989000828F8322C082C0838A828B83E582458344
:1098A000700990179F80068A828B83A3A3129AACBB
:1098B00060208A828B83A3A3A3A3A3A3A3E054085D
:1098C00060E5EC4D6010129AB27003A3E06D70D7A2
:1098D00080047A007B0002A82574F21206108A0820
:1098E0008B09890AECFEEDFF7A147B001213CEEA95
:1098F0004B60378A828B83A3A3A3A3A3A3A3A3A3B1
:10990000E412994AE50A129B95EEF0A3EF12993AF8
:10991000129BB01299418A828B8312BE3412992D08
:1099200012B523A3129934F0A3F00297C9EA240FC9
:10993000F582E42212BDEFA3A322129B9BE4F0A3C5
:1099400022A3F012BDAC12B5232212994E22129B13
:109950009FA3A3A3A32274F5120610EAFEEBFF89CE
:109960000A8C088D09EA4F607574016970127901DB
:10997000121E4EE9F8902A84E493C3985015800A89
:1099800074046970091299E35009791180527402C4
:1099900069704B8E828F83A3A3A3A3A3A3A3A3A3C6
:1099A000E50A1299F212A0C812B6ADA3E4F0A3F032
:1099B00090179F12B62C6018800312B78D88828989
:1099C00083A3A3129AAC88828983A3A370EC80033B
:1099D00090179FEEF0A3EF1299F97900800279C1F8
:1099E000029CE47904121E4EE9F8902A83E493C3A2
:1099F000982212B6B1A3A3A322F07A207B0090177D
:109A000087E0F912137A22C082C083E9F8790090C6
:109A1000179F801D8A828B83A3A3A3A3A3A3A3A3C1
:109A2000A3E068600574FF687001098A828B83A3D4
:109A3000A3129AAC70DE02A82574F7120610EA4B46
:109A4000700590179F80068A828B83A3A3129AAC1D
:109A5000601F8A828B83A3A3A3A3A3A3A3A3A3E0D2
:109A60006970E4EC600F8A828B83129A7870D880D8
:109A7000047A007B00029B8612BDCCE0540422C015
:109A800082C08390179F80068A828B83A3A3129A39
:109A9000AC60128A828B83A3A3A3A3A3A3A3A3E096
:109AA0006970E580047A007B0002A82512B4A0EA60
:109AB0004B228A828B8312A6B76C2274F212061094
:109AC0008A0A8B0B8C0C8D0D750800750900EA4B0A
:109AD000602A90179F80068E828F83A3A3129B0318
:109AE000601AAC0CAD0DEEFAEFFB850A82850B8394
:109AF00012243BE9640170DF8E088F09AA08AB09C4
:109B00000297C9E0FEA3E0FFEE4F2274F7120610A1
:109B100090179F12B78D7C007D00800DE8FCE9FD59
:109B200088828983A3A312B78DE8496030EA687000
:109B300002EB6970E790179F12B49CE86A7002E923
:109B40006B88828983A3A3700812B78D90179F80BA
:109B50000912B78D8C828D83A3A312B0CD80277498
:109B6000F7120610EAFEEBFFEA4F6015121E6612AE
:109B70009BE412B625600312979BEEFAEFFB1213DB
:109B8000D48003120B5A7F0102089512B4A0121957
:109B90009EE9641A22129B9BA3A322129B9F22F090
:109BA0008A828B83A3A3A3A32212BDEF12A6B7229E
:109BB00012994EA32274F612061090179F12B7A99D
:109BC000801412B7C6129BE412979BEEFAEFFB12B9
:109BD00013D4AE08AF09EE4F70E890179FE4F0A3DE
:109BE000F002AB958E828F8312BDA0F583129BF895
:109BF0008E828F83129BF822E0FAA3E0FB1213D42B
:109C000022C082C083EAFCEBFDEA4D6017EA24FB28
:109C1000F582EB34FF12B62A7007129C56E0F4600E
:109C20000712133E7905802B901787E0C0E0129C45
:109C300056D0E0F0902A7BE493F97AA17B171213B7
:109C400074E96401700B7A007B20129C65790080B6
:109C500002790402A825EA24FFF582EB34FFF5839C
:109C6000227A207B00901787E0F912137A2274F48D
:109C7000120610A2AFE433F508C2AF9017A1129BF1
:109C8000036038EE24FBF582EF34FF12B62A7A0027
:109C90007B209017876005129C688005E0F91213FD
:109CA00080E4F50AF50B780A120B47EEFCEFFD7A1B
:109CB000A17B1712136E7402120B5AE508A2E092F0
:109CC000AFEEFAEFFB028A6C129CCDE022129CD11F
:109CD00022129CDBA3A3A3A3A3A322F08E828F83D3
:109CE00022120B5A7F0302089574F212061074FABE
:109CF000120C09EAFEEBFF7508FE7509FF121E2A19
:109D0000E960057911029E6B12A38B603C90194D9E
:109D1000E0C43354E0F8E0333354FC48C0E0EE12C2
:109D2000AD9A3FF583D0E012B7E8FAA3E0FB79FFE4
:109D3000121C02EA4B60127508FFEE240F12A38E6C
:109D40004404F012A38BD2E0F08E828F83129EA483
:109D50006006EE241212B800EE241312A38E700DCA
:109D6000902A86E493C0E0129E7AD0E0F08E828F33
:109D700083E0A2E7500454038019EE241412A38E4A
:109D80007012901719E0C0E0129E70D0E0F09017AA
:109D900019E004F0EE241112A38E640170169019DC
:109DA00037E0600D901724E0700A8E828F83E07098
:109DB0000312B7FD8E828F83E064017013EE240BD3
:109DC00012A6AD64027009EE240F12A38E4440F077
:109DD000AC21AD22EEFAEFFB121E968A0A8B0B74B1
:109DE000FE6508700374FFF4700312B7C6EA4B6097
:109DF000768E828F83E0C0E07401120E63D0E0F0B3
:109E00007404120E63EEF0A3EFF0EE241E12B78777
:109E10007402120E6312B0CD7401120BDB880C8930
:109E20000D780C120B47EE2420129E8D120B4B1254
:109E30009E88120964EE240E129E8D120B4B901711
:109E40002D1209647408120E63E0F9AC08AD091212
:109E50001E907408120B5AE9FE74106E700BAA0A59
:109E6000AB0B1213D480027E10EEF974060297C673
:109E7000EE2414F582E43FF58322EE129E7F222425
:109E800013F582E43FF58322EE1297A322F582E4D4
:109E90003FF583E0F50C780C228E828F83A3A3A379
:109EA000A3A3A3A3A3A3129EAA22E0FAA3E0FB12FA
:109EB0001F32E922C082C08374D7120C09908092AD
:109EC0007403120BEB7426120A868A828B83A3A377
:109ED000A3A312B78D740E120E6312B63212B78D91
:109EE000740C120E63129FAD240D129F9DC0E0747E
:109EF0001A120E63D0E0F012B52912B78B7420123B
:109F00000E63129FAD2415129F9DC0E07408120EBF
:109F100063D0E0F0EA241CF582E43B12B78B7412A4
:109F2000120E63129FAD2411129F9DC0E07409129E
:109F30000E63D0E0F0EA2412129F9DC0E074071275
:109F40000E63D0E0F0EA241EF582E43B12B78B7476
:109F500024120E63129FAD2420129F9DC0E0742630
:109F6000120E63D0E0129FA574FFF07401120E630D
:109F700074FFF07402120E6374FFF09081EC12090A
:109F8000607404120BEB7407120BE3121AD0740402
:109F9000120B5A79007429120B5A02A825F582E493
:109FA0003BF583E022F085218285228322E8F0A31D
:109FB000E9F0EA2274F412061074EC120C098A0A11
:109FC0008B0B8C088D09E9FF7E107A217B00121320
:109FD000CE852182852283EAF0A3EB12B63CE849C4
:109FE000700302A0C17C217D007900852182852239
:109FF00083E0FA12132690173A12B49C85218285C9
:10A00000228312B1AB2409F582E438F58312B5E856
:10A010007420120E6312B78D7411120E63E812A72A
:10A020001C12B5EE38F583740212A71F12BDBA7464
:10A030000212A70912A0C812A71F12BD97EFF07451
:10A0400022120E6312A6CAF9A3E0C912BA9139F519
:10A0500083E812A3DFA3E0C9241FF582E43912A02C
:10A06000CF7423120E6312B49C7406120E6312B5E1
:10A07000E87408120E63E8F07426120E6312B5C27B
:10A08000C082C083740C120E63AC82AD83D083D0C7
:10A09000827405120A867425120E63E0C0E0741300
:10A0A000120E63D0E0F07900AA21AB22121E30E933
:10A0B000640170047E0080098521828522831297C5
:10A0C0009EEEF97414028A69E508F0A3E50922F509
:10A0D00083E50AF0A3E50BF02274F012061074FF7A
:10A0E000120C09EAFEEBFF8C088D098A82F583A326
:10A0F0007408F0EA241612A38E60088A828B83A368
:10A100007410F0EA241712A38E60098A828B83A34D
:10A11000E02408F0EA12A38C60088A828B83A3E013
:10A1200004F08A828B83A3A3A3A3A3A3E060198A6C
:10A13000828B83A3A3A3A3A3A3A3E0C3332402F826
:10A140008A828B83A3E028F0EA241112A39660048C
:10A15000740E8001E4F0901945E0640170168A8263
:10A160008B83E06401600D9016AAE0600712A3766D
:10A170007401800412A376E412A3DF8A828B83A386
:10A18000E0F8EA12862E28298C828D83F0EA2411C9
:10A1900012A38E600512A9B729F08508828509836C
:10A1A000E0C394754009750C00750D0002A36DE0C5
:10A1B000FA7B001213CE8A0C8B0DEA4B700302A3BC
:10A1C0006D8E828F83E0FA90172A12A3D8740278DA
:10A1D00008120CEAEA4508FAAB09EE241212A3D2DF
:10A1E00074067808120CEAA808EA48FCEBFD12A3F2
:10A1F0008B6004780180027800EE2416FAE43FFBBD
:10A20000E4C8F9ED49FDEE241112A38EF508880982
:10A2100074097808120CEAED4509FD8A828B8312D5
:10A22000A3D8740B7808120CEAED4509FDEE24174B
:10A2300012A3D2740C7808120CEAED4509FD8E8247
:10A240008F83A3A3A3A3A3A312A3D8740A7808128D
:10A250000CEAED4509FDEE242312A3D2740D780813
:10A26000120CEAED4509F9EC850C82850D83F0E9C5
:10A27000A3F0EE240212A3B512A3F4F0EE2404120C
:10A28000A3B5A3A312A3F4A3A3F0EE241312A3C5B2
:10A29000F0EE241412A3C5A3F0750B088A828B83F9
:10A2A000E0601512B69E12B1A7E50C2408FAE43559
:10A2B0000DFB1214D0750B10EE241712A38E60192B
:10A2C00012B22A12B1A7A80BE50C28FAE4350DFB4F
:10A2D0001214D07408250BF50B8E828F83A3A3A3D1
:10A2E000A3A3A3E0604EEE2407F50EE43FF50F852F
:10A2F0000E82F583E0C0E012A3A4D0E012A3E4E054
:10A30000C0E00812A3A6D0E012A3E4A312B618126C
:10A310000B43850E82850F83E012A67EA80BE50C09
:10A320002812A380120B5A850E82850F83E0C33357
:10A33000250BF50B12A38B6008C0E012A3A4D0E09C
:10A34000F012A97412B618120B4312862DFC7D0070
:10A350007403120E6312A3ADE0F8E50C28F8E4359F
:10A360000DF9E82AFAE43912A384120B5AAA0CABAD
:10A370000D740102B601EA2423F582E43FF583223D
:10A38000FAE4350DFB12131A740322EE2415F5823C
:10A39000E43FF583E022F582E43FF583E085218206
:10A3A00085228322A80BE50C2812A69122E0FA8EC2
:10A3B000828F83A322F8E43FF98882F583E0850C3D
:10A3C00082850D8322F582E43FF58312A3FEA3A3C9
:10A3D000A322F582E43FF583E0F508750900221217
:10A3E000BDDDF922F0050B8E828F83A3A3A3A3A367
:10A3F000A3A3A322A3A312B7D4A312A3FE22E08592
:10A400000C82850D83A3A3A3227403028A6912B769
:10A41000918E828F83A3A32274F012061074FD1212
:10A420000C0912B5E27402120E63E9F08C0C8D0D6A
:10A43000750B017C267D007900AA0CAB0D1213264A
:10A440007402120E63E0C39408500302A60712A31D
:10A45000BDF0AC0CAD0D85218285228312A6B3FA26
:10A4600085218285228312ACD912A9B0E9600375D7
:10A470000B0085218285228312B5C212A6D4E0F991
:10A48000EA850C82850D83A3A3A3A3A3A3A3A3A3FF
:10A49000F0A3E912A709A3A312A6D4A3A3E0F9E5A8
:10A4A0000C12B641EA12A71C12B197C0E0E50C24C9
:10A4B0001112BE15D0E012A71F2407F582E438F56B
:10A4C00083E0C0E012BE11D0E012B5D5740812A727
:10A4D00000A3E06026852182852283E02408F8A37A
:10A4E000E03400F9E50C2413F582E4350D12B0CB0D
:10A4F000850C82850D83A3E02408F0850C82850DF0
:10A5000083A3A3A3A3A3A3A3A3E0602A850C8285AE
:10A510000D83A385820E85830F12A6C1F8A3E034B4
:10A5200000F9E50C12AD9A350D12B0CB850E82857F
:10A530000F83E02408F012A685E4F012A699E4F057
:10A54000A312B5D5A3A3A3A3E0601112A6E5850CC1
:10A5500082850D83A3A3A3A3A312A711E50C12A6C2
:10A56000A6E0700302A5F312A6E5FA12A685EA1288
:10A57000A711F8852182852283E028FBA3E034001F
:10A580008B82F583E0F8E50C241A12BE15E812A7B9
:10A5900011E8C39AE50C505612A6A1F8902A7CE463
:10A5A00093C39850047E0C8006E50C12A6A1FE858C
:10A5B0000C82850D8312A6C0F508A3E03400F509CE
:10A5C000750A007808120B43EE12A67E7ACB7B093F
:10A5D00012A385120B5A12A69974CBF0A37409F03A
:10A5E000EEC333F8850E82850F83E028800412A61F
:10A5F000A6E4F0850C82850D83A3E0F8850C8285A6
:10A600000D83E0C39850047900807012A6C0FAA3AD
:10A61000E03400FBE50C12B7F712BE1812B5E8855E
:10A620000C82850D83E0C398C0E0E50C241712BEB0
:10A6300015D0E012A700E06040E50C2417FEE435D9
:10A640000DFF8E82F583E024F2F0E50C241DF8E482
:10A65000350DF98882F583E0240EFAA3E03400FB7F
:10A660008882898312B5E8901725E0F9121D88E9E0
:10A67000F88E828F83E0C398F0A90B02B5FF25E026
:10A68000FCE433FD22E50C12A68B22241912A691BC
:10A6900022F582E4350DF58322E50C241B12A691E8
:10A6A0002212A68BE02212B5CF12A69422F582E4E4
:10A6B0003FF58312A6B72212B796F5838882E0226F
:10A6C000A312A6C52212A6CA2822E0F885218285F7
:10A6D0002283E022A3A3E0FA85218285228312B59A
:10A6E000C8A3A3A322850C82850D83A385820E8532
:10A6F000830F12A6C5FAA3E034008A82F583E02214
:10A7000012B5D9A3A3A3A3A32212A724F5838882F9
:10A7100022F0850E82850F83E004F022F0A3E91277
:10A72000A724C82212BDE1F8A3E02274F412061097
:10A730008A088B09EA12A7D4A3A3F0EA1313543FA3
:10A7400012A7C7A3F0EAC4131312A7D412A7DE748A
:10A7500009780A120DEE12A7BEA3A3A3A3A3A3F028
:10A76000EB12A7C012A7DD740A780A120DEEE50AF3
:10A770005401C0E0EC12B5CF3DF583D0E012A7E262
:10A78000740B780A120DEE12A7BE12A7DB740C78B8
:10A790000A120DEE12A7BEA312A7DB740D780A12DF
:10A7A0000DEEE50A5401C0E0EC2424F582E43DF509
:10A7B00083D0E0F0740E7808120DEE028A58E50A94
:10A7C00054018C828D832212A7CDA3A322540F8C17
:10A7D000828D832254038C828D8322A3A3A3A3A3FF
:10A7E000A3A3F08A0A8B0B22C082C08379008A82DD
:10A7F0008B83A3A3A3A3A3A3E0901724600EE07010
:10A800001F8A828B83A3A3E070168012E06011126E
:10A81000B48F90172DE06A7003A3E06B600279019A
:10A82000800312B49CD083D082020B0A74F2120609
:10A83000108A0A8B0B890CECFEEDFF8A828B83E079
:10A84000FA12A9B0850A82850B83A3A312A9A4E0FA
:10A85000F9EA8E828F83A3A3A3A3A3A3A3A3A31226
:10A86000A9C912A9A4A3A3E0F912A974EA12A9C95B
:10A87000A3A3E0C0E0EE2411F582E43FF583D0E02D
:10A8800012A9D0A3A3A3E0C0E0EE2412F582E43F16
:10A89000F583D0E012B6AD74081299F2A3A3A3E039
:10A8A0006017E50A2408F8E4350BF9129E7AE8F0FF
:10A8B000A3E912B6ADE02408F08E828F83A3A3A390
:10A8C000A3A3A3A3A3E060188E828F83A312A993EE
:10A8D000EE241512B0C7850882850983E02408F0AC
:10A8E0008E828F83A3A3A3A3A3E060248E828F8391
:10A8F000A3858208858309E0F8E50A28F582E43516
:10A900000B12A988A3A3F0850882850983E004F0CF
:10A91000EEFAEFFB121EA8E9F50D70498E828F83C7
:10A92000A3A3A3A3A3A312A982A37014E0F8E50A2A
:10A9300028FAE4350BFB12A96A12B5E8E50C801A77
:10A9400012A993E8240EF8500109EE241D12B0C795
:10A9500012A9B7F9E50CC39924F2C398C0E0EE122E
:10A96000B221D0E0F0A90D0297C9EE241DF582E4D2
:10A970003FF58322EE12A97922240BF582E43FF5FC
:10A980008322E08E828F8322F583E08E828F83A3E1
:10A99000A3A322858208858309E0F8E50A28F8E464
:10A9A000350BF922E0FA850A82850B83A3A3A32243
:10A9B00012B809121EA222901725E0F9121D88E98B
:10A9C000F8850882850983E022F0A3E912A9D02244
:10A9D000F0850A82850B83A3A3A3A322C082C08330
:10A9E0007AAD7B1779E21219747AAD7B1702A8252C
:10A9F000C082C08390172D02A822C082C083901706
:10AA00003002A822C082C083794A12197402A82594
:10AA100074F61206109017B5E0FE04F0EEF9121E5F
:10AA20005AEA4B70F0EE60EDF902AB9574F2120643
:10AA300010EAFEEBFF8C088D09890A121F98740E2C
:10AA4000120E63E0F9740F120E63E0F8EA4B701215
:10AA5000E8701BA90AAC08AD09EEFAEFFB121FB6AD
:10AA60008065E86017E970068A828B83E4F07401E0
:10AA7000687054E99017B87024E4801EE97048EAC1
:10AA80002402129F9DA80A28F8E4340013E813F06A
:10AA900070358A828B83A3A37401F0802AE004F0CE
:10AAA000901934E0F89017B8E0C398401AE4F09099
:10AAB0001730E06E7003A3E06F700CEEFAEFFB79D5
:10AAC00001121AF412AACA0297C97A017B009017E0
:10AAD00087E0F91214A02274F41206108A088B0978
:10AAE0008C0A8D0B90814C7808120C1F70077A012C
:10AAF000129C63801E9019217808120DFDEA4B4CC0
:10AB00004D600D7808120B3F128807120B5A800314
:10AB100012AACA028A6CC082C083901925029514B9
:10AB2000C082C08390192702951474F61206107E15
:10AB3000007508197509177808120B477C6E7D009F
:10AB40007A217B001214467402120B5AE9640A70CF
:10AB5000027E01121A52E9640A7004EED2E1FE90FC
:10AB6000053512B62C600F12ACDA12243BE9640AE8
:10AB70007004EED2E3FE121C14E9640A7004EED2F3
:10AB8000E4FE1218F6E9640A7004EED2E5FEEEF96E
:10AB90008003120B5A7F0202089574F612061012F7
:10ABA00012DE7508197509177808120B4775086EBB
:10ABB0007509007808120B4712ABD7120B5A121AFC
:10ABC0005890053712B62C600612ACDA12243B12EC
:10ABD0001C1A12190880BE7C007D007A217B0012AD
:10ABE000145274042274F612061074FF120C097EBB
:10ABF000007508197509177808120B477C6E7D00DF
:10AC00007A217B001214467402120B5AE960030287
:10AC1000ACB17808120B4775086E8E097808120BD4
:10AC2000477C007D007A217B001214587404120BBB
:10AC30005AE9707D90172DE064FE7003A3E0F46084
:10AC4000707E0190173CE064086005E06404705C6D
:10AC5000852182852283EE12ACF17A447B177943F9
:10AC600012197A7A417B17794712197A7A327B174F
:10AC7000794A12ACCC7A3A7B17795012197A7A2D2C
:10AC80007B17795312197A7A427B17795412197A01
:10AC90007A2F7B1779E112197A901727E0A2E350F7
:10ACA00004D2F08002C2F012ACDE80051212DE7E09
:10ACB00000121A4690053912B62C600612ACDA1250
:10ACC000243B121C26EEF9740102AB9212197A7A17
:10ACD000307B17794B12197A22A312B5C922A2F040
:10ACE000E43385218285228312AD50795212197A7C
:10ACF0002212AD50794212197A2274F6120610E926
:10AD0000FEA2E0501C7508197509177808120B4748
:10AD100075086E7509007808120B4712ABD7120B35
:10AD20005AEEA2E35003121A4CEEA2E2500E900526
:10AD30003B12B62C600612ACDA12243B02AB951221
:10AD40001E0C7A8A7B17794512197A2212AD50228D
:10AD5000F0AA21AB222274F712061074ED120C092E
:10AD6000E9FE901786F0AC21AD2212AD827412126A
:10AD70000E63EE12AD8FAA21AB2212AD3F74130207
:10AD80009B83901962E0F97A8A7B17121E1222F0D7
:10AD9000901962E0F97C8A7D17222415F582E4225D
:10ADA00012BDAD3509F58322EFFB901787E0F9124C
:10ADB000134422EE241612ADBA22F582E43FF58345
:10ADC0007401F02212BDAC3FF58312ADCE2212B752
:10ADD00096F98882F5832274F41206108A088B098A
:10ADE0007A007B0412AACE12AE7990173C7409F057
:10ADF00012B411128ED812B49C12B41D6401706783
:10AE00007A0F7B001213388A0A8B0BAF0BEA4F6064
:10AE1000568A828B837402F0E50812B7F73509125F
:10AE2000B815FC88828983A3A3E0FBEC8A828F8318
:10AE3000A3A312B5E988828983A3A3A3E08A828FA2
:10AE40008312AE6AFAA3E0FB794A12197A85088266
:10AE5000850983A3A3A3A3A3A3E070069015B874E8
:10AE600005F0AA0A12ADA8028A6CA3F0E508241521
:10AE7000F582E43509F583E0229016C612B7919069
:10AE80001927E8F0A3E9F09016C812B79190192598
:10AE9000E8F0A3E9F02274F412061074FD120C0914
:10AEA0008A088B097401120E63740212B6CE700305
:10AEB00002AF7112ADC47404F0A3E412AF8EE0646B
:10AEC00001700888828983A37420F085088285092F
:10AED00083A3A3A3A3A3E06401700988828983A349
:10AEE000E0D2E6F0850882850983A3A3A3A3A3A3E8
:10AEF000E06401700A88828983A3E0D2E78006EAD1
:10AF0000129E7B740112AF89E06401702085088273
:10AF1000850983A3A312B62C6004EA12ADB4850898
:10AF200082850983A3A312B78DEA12B0C585088272
:10AF3000850983A3A3A3A3A3A3A3E064017009EAE3
:10AF4000240F12ADB6A3E4F0850882850983129E12
:10AF5000A66009EE240F12A38E4404F012AF9A8566
:10AF6000088285098312AF7612AF8012B7DAF980B2
:10AF700002791002A409E0F8A3E0F98E828F8322FF
:10AF8000A3A3E8F0A3E9F0EE2212AF8EA322F0858E
:10AF90000882850983A3A3A3A322EE12B20F227411
:10AFA000F512061074F3120C09890AEAFEEBFF751C
:10AFB00008007509007C0D7D007900AA21AB2212E2
:10AFC000132612A96A12B1B4741F58600C7AD37B8D
:10AFD00000121788790002B0B0E8A2E55008740C9E
:10AFE000120E637401F0E8A2E75008740B120E63AE
:10AFF0007401F0E8A2E6740A5008120E637401F0BE
:10B000008008120E63E0640170138E828F83A3A305
:10B01000A3A3A3A3A3E06036EE241380128E828F35
:10B0200083A3A3A3A3A3A3A3A3E06022EE2415F507
:10B0300082E43FF58312B7CCE50845096010AC08FF
:10B04000AD097402120E63AA82AB831214D012A946
:10B050007412B0B512B0CD740A120E63E0640170C0
:10B0600046901958E0604764017006901941E0600D
:10B070003DEE240B12B787901730E0687003A3E011
:10B0800069702B129E997026E50845096019121EF9
:10B09000B48A088B09AC08AD097402120E63AA8247
:10B0A000AB8312B41D6007AA21AB22121AEEA90AC3
:10B0B000740D029CE112B0B922E0F8A3E0F98521F9
:10B0C00082852283222418F582E43FF583E8F0A3E9
:10B0D000E9F02274F712061074CD120C09EAFEEBA7
:10B0E000FF8A82F58312B1AB12B197A2E04003024E
:10B0F000B1928A828B8312ADCAA3A3A3A3A3A3E0B8
:10B1000054FE12BA9E740D120BEBEA241E129F9D80
:10B1100012B76612B49C121EAEE97076742A120E33
:10B120006312B1BB706C7C0D7D007900AA21AB224B
:10B130001213267416120E6312B0B512B0CD742A13
:10B14000120E6312B1B4A2E55008740B120E6374B0
:10B1500001F0E8A2E75008740A120E637401F0E8E7
:10B16000A2E65004742080027422120E6312B1A76A
:10B170007402120E63AA82AB831214D08E828F8364
:10B18000A3A3E0C0E0740C120E63D0E012AD4C1229
:10B190001AE87433029B832406F582E438F583E0D1
:10B1A00022A3A3A3A3A3A312BE2C2212B1AF2212E7
:10B1B000B796C82212B5C6A3E0F82212A6B7640457
:10B1C00022E9F87900740468600A740A68600574FA
:10B1D000036870027901020B0A74F61206108A8263
:10B1E0008B837424F0A3A37401F0121A768A088B5F
:10B1F00009AE08AF09EA4F60078A828B8312B20753
:10B20000EEFAEFFB02AB957401F0EA12B20F2212D4
:10B21000B2217401F0121EB412B22AEAF0A3EBF0CC
:10B22000222417F582E43FF58322EE241AF582E406
:10B230003FF58322C082C0839017A37401F0E9A276
:10B24000E350037403F0E9A2E15004E0D2E2F0021B
:10B25000A82574F612061079007C008A088B0978FC
:10B26000081208DBF8FF0787B285B285B285B28580
:10B27000B27DB281B287B279B27C01800A7C04804F
:10B28000067C0280027C089017A3E05C60047902CF
:10B290008005EC6002790102AB9574F61206108A03
:10B2A000828B83E07014A3A3A312B62C600C8A8255
:10B2B0008B8312B499121C7480047A007B0002AB59
:10B2C00095C082C0837800E875F003A4FCA9F0E97A
:10B2D000FD12B3506A7003A3E06B7018902A74E4F7
:10B2E00093C0E074A42CF582741739F583D0E0F094
:10B2F00079C5805908E8C3940340CC7800E875F01C
:10B3000003A4FCADF012B35064FE7003A3E0F4603C
:10B310001E08E8C3940340E57800E875F003A4FC38
:10B32000ADF074A42CF58274173DF583E07015E838
:10B3300012B84A12B5E8902A74E49388828983F09F
:10B340007900800908E8C3940340CF79C702A82593
:10B3500074A52CF58274173DF583E02274F412066F
:10B360001074F3120C09EAFEEBFF8C088D09750AC4
:10B3700012EA4F7005790002B40C90172DE06E7040
:10B3800003A3E06F701412B411AA08AB0912B41D24
:10B390007005750A018003750A0085218285228364
:10B3A000E4F004120E63EEF0A3EF12AD4C121A2E6D
:10B3B000E960297403120E63AA82AB83121A0AE9A8
:10B3C00064017018750A017403120E63AC82AD83B8
:10B3D000AA08AB0912B41D6003750A00AC08AD09D8
:10B3E000EEFAEFFB121F9EE9F8740A687005750A01
:10B3F00001801774A0687012AC08AD09EEFAEFFB7B
:10B40000121FAAEEFAEFFB121FBCA90A740D028AE2
:10B4100069121EB48A0A8B0BAC0AAD0B221214CA35
:10B42000E92274F7120610EAFEEBFF8A82F583A385
:10B43000A3A3A3A3A3A3A3E06019EA2415128A5C23
:10B4400012A97512B49C121F44E96401700512A977
:10B4500074802D8E828F83A3A3A3A3A3A3A3E060F4
:10B4600029129E7A12B4A6FAA3E0FB121F44E964E3
:10B470000170178E828F83A3A3A3A3A3A3A3A3A367
:10B4800012B49C121F3E790180027900029B868AC9
:10B49000828B83A3A3A3A3A3A3A3A3A312B4A022D9
:10B4A000E0FAA3E0FB2212988AA3A3A3A3A3A3A379
:10B4B000A3A3E02274F212061074FD120C098A088C
:10B4C0008B09ECFEEDFF890A750B017401120E6306
:10B4D000740412B7E260447411120E63E060151236
:10B4E000B6C4E412B7AF8A828B83E0D2E7F0EA24D5
:10B4F0001412B52012B52912ADC87403F0A3E50AE1
:10B50000F0EE88828983A3A3F0EF88828983A3A3C6
:10B5100012BDEA12BE3212B7DDF50BA90B0297C4B9
:10B52000F582E43BF583E4F02212BDAC3B2274F4D7
:10B53000120610EAFEEBFF8908EA12A96B12B5C2E7
:10B54000A3E0FAEE241712A38E640460097AD37B79
:10B55000001217888063EA120A1401000E65B50014
:10B5600062B575080012A96AA3E0F9EE2409F50A8C
:10B57000E43FF50B88828983A3A3E0FC888289835A
:10B58000A3A312B5F2F9850A82850B8312B49C122B
:10B590001B06850A82850B83129EA6601CEE241171
:10B5A00012A38EC39402401112A97412B77E7003C5
:10B5B000A3E0696004A90880027900028A6C8E8287
:10B5C0008F8312B5C622E0F8A3E0F5838882222497
:10B5D00018F582E42212B5D922F0850C82850D83FC
:10B5E000A322852182852283EAF0A3EBF02212BDFB
:10B5F000AD22A3E0F8E4C8F9EC28E439FDEA2274AE
:10B6000003120B5A7F08020895740202B601EE2459
:10B610000DF582E43FF58322E0F508A3E0F5097516
:10B620000A00780822EE12992E3FF58312B791E8AE
:10B630004922E8F0A3E912BDEFA3A32212A724F93F
:10B640002212BDAD12A6942274F012061074FD12DF
:10B650000C098A088B098C0E8D0F890A750B0174F1
:10B6600001120E63740312B6B6602E12ADC4740BD1
:10B67000F0A3E50AF07413120E6312B6A6A312B279
:10B680000912ADB312B69EE50EF0A3E50F12B6ADEA
:10B69000A312A0C812B6E5F50BA90B02B5FFEE1276
:10B6A000B5CF3FF58322E088828983A32212B6B109
:10B6B00022129CDBA32212B6DC8A0C8B0DAE0CAFDF
:10B6C0000DEA4F22EA2417F582E43BF5832212B6F5
:10B6D000DC8A0A8B0BAE0AAF0BEA4F22F0AA21AB31
:10B6E00022121F2622F0EE241312ADBAEEFAEFFB5F
:10B6F000121A70E92274F612061012B7F63B12B74E
:10B700003EF98882F583A3E0FA88828983E0702B72
:10B71000EAA2E050269016AAF07508AA75091678D4
:10B7200008120B477508017509007808120B477C51
:10B73000007D007A5112ABDD120B5A02AB95F583F6
:10B74000E02401F8A3E034002212B4A0121B90748C
:10B750000422EA241EF582E43BF583E012B7661268
:10B76000B4A0121E9C22F9EA241FF582E43BF58363
:10B77000228A828B83A3A3A3A3A3A3A3A3A312B709
:10B780009190172DE06822F582E43FF58312B7917E
:10B790002212B796F922E0F8A3E022902A7DE493E2
:10B7A000F8E50AC398223BF583E0FEA3E0FF2212EE
:10B7B0009B9BEEF0A3EFF022F582E4350BF583E0DE
:10B7C0002212B791C3228E828F83A3A3E0F508A330
:10B7D000E0F50922F08882898322FAEFFB121A70C1
:10B7E000E92212B6DCEA4B2212B6B1A3E022EE2423
:10B7F00002FAE43FFB22EA241DF582E422EE241142
:10B80000F582E43FF583E4F022A3E0F8E4C8F9EA26
:10B8100028E439FB22F58312ADCEA3E02274F7129F
:10B8200006107E008005EE12B85F0E12B8B340F627
:10B830007E00EE12B84A74FEF0A30412B7D4E4F00E
:10B840000EEEC3940340EB029B8675F003A4F8A9A7
:10B85000F074A428F8741739F98882F583A3227547
:10B86000F017A4F8A9F012B8AA121F8C2274F712CC
:10B8700006107E0080010E12B8B35027EE12BBD224
:10B88000E06A7003A3E06B70ED12B8BD6C7003A3A7
:10B89000E06D600A74FF6C700374FF6D70D812B8AD
:10B8A000AA80047A007B00029B86745728FA7408E9
:10B8B00039FB22902A7DE493F8EEC3982212B8C196
:10B8C0002212B8C6E022746128F582740839F58323
:10B8D0002274F61206107CFF7DFF7AFE7BFF121F9A
:10B8E0006EEA4B70407508008036E50875F017A4C5
:10B8F000F8A9F0746628F5827408128E23600C741F
:10B900006528F5827408128E237013745728FE740C
:10B910000839FF8E82F58312BA97EEFAEFFB05081D
:10B9200012B92840C502AB95902A7DE493F8E5084A
:10B93000C39822C082C0837A007B007C00801012F2
:10B94000BD017003A3E0F460050AEA70010B0C125C
:10B95000B95740EB02A825902A7DE493F8ECC398F0
:10B960002274F41206108A088B09ECFEEDFF800B9E
:10B97000121F8CEEFCEFFDAA08AB09121F6EEA4BFA
:10B9800070EE028A6C74F71206107D007C00800253
:10B990000D0C12B957501C12BD017003A3E0F460E6
:10B9A000F0EDF8EA684B70E8EC75F017A4F812B8FF
:10B9B000AA80047A007B00029B8674F7120610EAC4
:10B9C000FEEBFFEA4F600E12B9D874FEF0A304122A
:10B9D000B9E6F0A3F0029B867C177D007900121374
:10B9E000268E828F83221297BDA32274F71206102F
:10B9F000EAFEEBFF7508008018E50875F017A4F85B
:10BA0000A9F012BA197003A3E06F600312B86605BB
:10BA10000812B92840E3029B8612B8C16E2274F660
:10BA2000120610121F6E8B09A909EA496009EA245F
:10BA30000DFAE439FB80047A007B0002AB9574F4C4
:10BA4000120610EAFEEBFF8C0A8D0B7508007509D3
:10BA500000802BE50975F017A4F8A9F012BCE86086
:10BA60001BE50912BCF57003A3E06F700375080AAB
:10BA7000AC0AAD0B12BBE860034308A00509902A8D
:10BA80007DE493F8E509C3985004E50860C5028A8F
:10BA900058240CF582E42212B4A0121B96221297AD
:10BAA000B4FAA3E0FB2274F01206108A0E8B0F8CFE
:10BAB0000A8D0B750C00780079017EFE7FFF7410F3
:10BAC000120E6312B7CC8011121332E50CF5F0EAB6
:10BAD00084E5F0F8750C0079007C00800712BB92B9
:10BAE00012B7A60C902A7DE493FAECC39A5077EC37
:10BAF00075F017A4FAADF0EDFB12BB92129FA06493
:10BB0000FE7003A3E0F460DB12BB92129FA0650EEF
:10BB10007004A3E0650F60CB12BB92129FA0650A70
:10BB20007004A3E0650B60BB12BB92129FA0650876
:10BB30007004A3E0650960AB74652AF5827408128D
:10BB40009FA0609FC39408509AE06407608FE90546
:10BB50000C7090E50CC398408AEDF912BB9239F550
:10BB60008312BD1A8022E50C6011E8700E74016525
:10BB70000C600302BAC8780102BAD474FE6E700376
:10BB800074FF6F6006EEFAEFFB80047AFE7BFF0223
:10BB9000B60474572AF58274082274F5120610EA66
:10BBA000FEEBFF8C088D09750A008002050A12B7AA
:10BBB0009B501CAC08AD09E50A75F017A4F8A9F074
:10BBC00012BBE860E7E50A12BBD2EEF0A3EFF00289
:10BBD0009CE475F017A4F8A9F012BBDD2274572875
:10BBE000F582740839F58322745928FA740839FBF0
:10BBF0001214CAE922E9F87907C3940D40047901C7
:10BC00008019E8C3940740047903800FE8C39403C4
:10BC1000400479058005E870027900020B0A74F08F
:10BC20001206108A0E8B0F8C0A8D0B890812BC78B5
:10BC3000604312B9D8E50EF0A3E50F12B9E612A0E1
:10BC4000D1E5086007129E88E5088005129E887479
:10BC500001F0901781E06401700612BC86E4800553
:10BC600012BC86740712BC965001097A027B00123E
:10BC7000042612BC9002B604121F748A0C8B0DAEFF
:10BC80000CAF0DEA4F22EE240EF582E43FF583223D
:10BC900012B60EE8F022F012BC9B22902A7AE493AE
:10BCA00079002401F82274F7120610EAFEEBFF7502
:10BCB0000800802CE50812BCF57003A3E06F601447
:10BCC00074FF6E700374FF6F701412BD097003A3CC
:10BCD000E0F4600A12BCE87005E50812B85F0508D8
:10BCE00012B92840CF029B86745928FA740839FB90
:10BCF000121A0AE92275F017A4F8A9F012BD0F6E06
:10BD000022EC75F017A4F8A9F012BD0F64FE221200
:10BD1000BBDDE022852182852283E0FAA3E022E0D8
:10BD20002401F0A3E03400F022C082C08374F81232
:10BD30000C09908125AC21AD227408120A86AC2131
:10BD4000AD2212B41D64017004790080027901747F
:10BD500008029F9774F6120610EAFEEBFF740C12AD
:10BD60000E6312B49C743A6A7001EB6006743B6A0D
:10BD70004B701F740A120E631209648C088D0978C7
:10BD800008120B47EEFCEFFD1214587404120B5A04
:10BD90008002790A02AB95241EF582E438F58322ED
:10BDA000E0F8A3E0C8241FF582E43822EA240BF56A
:10BDB00082E42212B1AF12BDBA222408F582E4381F
:10BDC000F5832212BDCC7401F0A3E42212B796C809
:10BDD00012BDD422240DF582E438F5832212BDE190
:10BDE00022F0852182852283E022A312BDEF22F07A
:10BDF0008A828B83222402F8E43FF98882F583E06B
:10BE00002212B0B9E8F0A3E9221297B4F8A3E0F93E
:10BE100022E50C2412F582E412A6942290173A121D
:10BE2000BE2CAA21AB221219A422F583E0FCA3E0C8
:10BE3000FD22A3A312A0C8F02274F012061074FE13
:10BE4000120C0912B5E28C0A8D0B7508008521824F
:10BE5000852283E06C7003A3E06D601785218285E5
:10BE60002283E0FA12144C8A0C8B0DAE0CAF0DEA53
:10BE70004F700675080102BF08AA0AAB0B12144CDA
:10BE80008A0C8B0DAC0CAD0DEA4D6007AA0AAB0B0A
:10BE900012145EE4F50CF50D780C120B47EEFCEF76
:10BEA000FDAA0AAB0B1214467402120B5AE9605831
:10BEB000EEFAEFFB12BF0D604C780E120B478E0CA2
:10BEC0008F0D780C120B477C007D007404120E63FA
:10BED00012B49C1214587404120B5AE9701B780E99
:10BEE000120B47780C120B477C007D00AA0AAB0BA3
:10BEF00012ABDF120B5AE96003750801AA0EAB0FF3
:10BF00001213D48003750810A90802B6091213CEC3
:10BF10008A0E8B0FEA4B22E4F0A3F0A3F0A32212C7
:10BF2000BF17F02212BF2822E0F508E4F509F50A50
:10BF3000F50B22E82411F582E439F583E022E0F5DF
:10BF400008A3E0F509221222747404120B5A7F0828
:10BF50000208957409120B5A7F04020895EA24130B
:10BF6000FAE43FFB122196E92279051221A2740618
:10BF700022E024F5C39413221222809005B112E628
:10BF8000CA7A147B0022F583E08882898322EA1230
:10BF9000BF932212D2D93FF583222411F582E43FC8
:10BFA000F583E02212D0DFA322EEFAEFFB12219CF0
:10BFB000740222EE24FFF582EF34FFF58322EE12A5
:10BFC000D9AE3FF58322E0FEA3E0FFEE4F227402DC
:10BFD000120B5A7F06020895E50812D9C83509F5F3
:10BFE00083E022AA82AB831214D08E828F83A3A314
:10BFF00012C88AE0227ABB7B1712136E740222EEFB
:10C0000012BF9A22E508A2E092AF02CE1974031281
:10C010000B5A02CE1912BFBEE064012212D0CAA38D
:10C02000A322EAF0A3EBF0EA4922FAE43FFB79E12C
:10C0300012116422EE240812E41722C082C0837415
:10C04000FE120C099017CE7464F0A37420F09017C0
:10C05000D0745EF0A37420F080077ABB7B1712C007
:10C06000979017BB12D19670F19017BD12D19660C0
:10C07000097ABD7B1712C09780EF9017BBE4F0A33D
:10C08000F09017C1F0A3F0A3F09017DC74A0F0A318
:10C090007420F07402801C12136285218285228331
:10C0A000EAF0A3EB12C0AB12217E22F0AA21AB2250
:10C0B000227411120B5A02C92E74F6120610E9FFEF
:10C0C000744429F582E4342AF583E493FEFA7B0074
:10C0D000121338EA4B6007EA2E12C10780267A0253
:10C0E0007B00121338EA4B601774392FF582E43461
:10C0F0002AF583E4938A828B83F0A3741A12C4D046
:10C100007A007B0002E03812C9FDE812DFB2A3A377
:10C11000A3A3E4F022E9FC740629F8EAA2E0501E89
:10C12000E875F00A84E5F0F96014740A28C399F8F8
:10C13000E9C394054004740A28F8740B28F8ECC38A
:10C1400094134004791480027906E82979002409BF
:10C15000F85001097A0A7B00120426E8F9020B0A5A
:10C16000C082C083901828E05402600A1219BCE90A
:10C17000600479018002790002C92EC082C08390D8
:10C180001828E0540260149017C1E0700A12D1938D
:10C19000600912C1A0500479018002790002C92E01
:10C1A00012BF33A2E722C082C083908137E0F890AB
:10C1B00017C3E0C398500512133880047A007B003F
:10C1C00002C92EC082C08312217E790002C92EC00E
:10C1D00082C08374FE120C09852182852283EAF0D5
:10C1E000A3EB12C339A3A3A3A3A3E0600A1460576F
:10C1F00024FE605A02C2A9900591E0640F601212F9
:10C200002154E9700C12C7B49017CA12C8861224C0
:10C210003B9005B9E0C0E085218285228312D0AD34
:10C22000D0E012C339741412D9E2FCA3E0FD7ABD48
:10C230007B1712135CA8A8C2AF9017C312C35D7915
:10C240002012214202C09312C607741580D912C66B
:10C2500007A3A3A3A3E0605112C60712BFEEC0E07C
:10C26000852182852283E02406F582E43BF583D094
:10C27000E012D9E22402F8A3E03400F98882F583C1
:10C28000E02401FAA3E03400FB88828983EAF0A36A
:10C29000EB12D9E212C647852182852283601312F0
:10C2A000C30E600512C3204048AA21AB2212217E92
:10C2B000809212C30E60F212C320502112C32DFAD5
:10C2C000852182852283A3E0C8240612C603F87460
:10C2D0005912D2CB342AF583E4936A601485218203
:10C2E00085228312C30E640870BF12C32D640870C8
:10C2F000B812C32D1412C341240AC0E085218285DF
:10C30000228312C886D0E012C3410402C22712C39E
:10C31000122212C809C82406F582E438F583E02207
:10C3200085218285228312C312C3940A2285218229
:10C3300085228312BFA4A3E02212C34BF583888217
:10C340002212C34BC8240612C63122F085218285F1
:10C35000228312C80922A8A8C2AF9017C2E004F035
:10C36000E8A2E792AF22C082C0839017D212D19682
:10C37000600812C60E12243B8002790002C92E7496
:10C38000F7120610EAFEEBFFEA12BFBF740112C9F2
:10C39000BCF8A3E0F912BF8E12CA0EEA243512CD02
:10C3A0000BC0E0EA2413F582E43FF583D0E0F0EA25
:10C3B000243612CD0BC0E0EA2414F582E43FF58365
:10C3C000D0E0F0EA243812CD0BC0E0EA2418F58260
:10C3D000E43FF583D0E0F0EA242FF582E43FF583D3
:10C3E00012096412DE98EA243112CD0BF912BFADA6
:10C3F000120B5AE9F5087007EEFAEFFB12207CA940
:10C400000802CE19C082C083122154E96004792049
:10C410008002790102C92EC082C083EA241112C4AD
:10C4200028D2E0800DEA240DF582E43BF583E0227A
:10C43000F0A3F002C92EC082C08312C4256401702B
:10C440001112C4CA400C8A828B83A3E0F9122148DE
:10C45000806612C4BBA2E650128A828B83A3E0F9E5
:10C460009017CC12C88612243B804D12C42564015B
:10C47000700D12C4CA50088A828B83743080368A49
:10C48000828B83A3E0641B8A828B83700474228076
:10C4900024A3E0700D12C425F8741812D2CB342AEC
:10C4A000800B12C425F8743912D2CB342AF583E4F8
:10C4B000938A828B8312C4D002C92E12C4BF22EA8F
:10C4C0002410F582E43BF583E02212C4BFA2E322EC
:10C4D000F0901823E0F91213442274F7120610E9C1
:10C4E000FE12D193700302C600EE6014741B6E70CE
:10C4F0001AE812D9AE39F583E06405700302C5D895
:10C500009017C512C60EA3E402C5DF74E96E706809
:10C51000E82412F582E439F583E0700B1219C2E9C0
:10C52000600512C651606179EE1210E09017C412D6
:10C53000C6289017C4603A12C6549017C4700B12E4
:10C54000C62814F01212A802C60012C646C2E7128C
:10C55000C7EF240D12C6036403700912C62112C767
:10C56000A5D2E2F079ED1210E012C63912243B8018
:10C570007812C61474E9806774E16E703E1219C2B5
:10C58000E9605512C65170509005B3E0C0E012C684
:10C59000212412F582E438F583D0E0F09005A2E082
:10C5A000C0E09017C412C61D12C61DD0E0F0900561
:10C5B000A2E004F079011212908045741C6E70188C
:10C5C0009017C412C7BA9017D412C88612243B9091
:10C5D00017C4E4F0A3F080289017C412C614EEF03C
:10C5E0009017C412C7BA12206A12C7D0E0548060F4
:10C5F0000312E1A79017C4E4F0A3F07910122142CE
:10C6000002CE1912C63122852182852283A3E0F54C
:10C610008388822212C6182212C88EA32212D0DB6F
:10C62000229017C412D0BC2212D0BC241212C631E0
:10C6300022F582E438F583E0229017C412C7BE9039
:10C6400017C812C88A22E0F8A3E0C8241012C63125
:10C65000229017C412C7D7E054042274F4120610B3
:10C66000750A00750B00A2AFE433FEC2AF12D1937E
:10C67000600302C74E12C88312243BE94410F890AD
:10C6800017BB800985080A85090B12C79812C7AC29
:10C69000700302C74E12BFD8586870E8780A120BB0
:10C6A00047AC08AD0912BFF5120B5A9017C4E50844
:10C6B000F0A3E50912C7EF12C7A5A2E7500302C70E
:10C6C000559017C2E014F0EEA2E092AF9017C4E0CC
:10C6D000240EF8A3E03400F9E8FEE9FF8882F58330
:10C6E00012C7BA9017C412C333F912202EE990175B
:10C6F000BF12DD3C8E828F83E05480601812C62109
:10C70000241312C603F91211A012C621241412C652
:10C7100003F912119412C7D0A3E05401605F90177F
:10C72000BF12D196604512C7E6604012C7E6F8799D
:10C73000009017BF12C7BA12042EE8C0E012C7C497
:10C74000D0E012C7F4C3941340117402800FEEA21C
:10C75000E092AF80379017C102C6C47400C0E09069
:10C7600017C5E0C812C78FD0E0800D12C7C474018E
:10C7700012C7EF12C78F7401F07903800C9017C4B1
:10C7800012C646A2E1B3E433F912129002BF582454
:10C790001AF582E438F58322E50824FBF582E509E1
:10C7A00034FFF5832212D9C812C6342212BF3EE5E7
:10C7B0000845092285218285228312C7BE22E0FA1C
:10C7C000A3E0FB2212D0B92419F582E438F58322C4
:10C7D0009017C412C7D72212C809C812C7DF221285
:10C7E000D2D938F5832212D0B9241812C6312212B8
:10C7F000C801C82212C801F5838882A3A3A3A3E0BD
:10C8000022F09017C412C80922E0F8A3E02274F7BE
:10C81000120610EAFEEBFF12217812CD08A2E340C7
:10C820000A12C01570059081358003908136E0F9B9
:10C83000EEFCEFFD7ABB7B17121374E96038EEFA59
:10C84000EFFB9017CE12C88612243BEE240E12CDB9
:10C850000B5404701212C356EE12BF8FA3E05401A2
:10C86000701E1220768019EEFAEFFB9017C612C8E0
:10C870008612243B800A8E828F83A374F112C8979C
:10C8800002CE199017D012C88A2212C88E22E0F860
:10C89000A3E0F58388822212C89E12206A22F0EE5D
:10C8A000FAEFFB2202C92774F7120610EAFEEBFF2B
:10C8B0007900901828E05402700CEA243312CD0B52
:10C8C0005404600279E8901828E05460700CEA245F
:10C8D0003312CD0B5402600279E88A828B83A3A3C2
:10C8E000A3A3E0F890813BE0C398500279E8EA24E2
:10C8F0003112CD0B700CEA242E12CD0B700479F599
:10C90000800BE97005122058E9F9E96007EEFAEFAB
:10C91000FB12214802CE19C082C0838A828B8374A5
:10C920000DF01219B68007C082C083122076D08322
:10C93000D082020B0A74F4120610EAFEEBFF8A8220
:10C94000F583E4F0A312C9BC54049081357012E061
:10C95000F89017C2E0C398401279F112214802BF43
:10C9600058E0F89017C1E0C39850EE12C9C2A3E096
:10C9700054016037EA243712CD0BC394054033EAE3
:10C98000243312CD0B540570297AD67B17122280DE
:10C99000EE2437F582E43FF58312BF247808120BAA
:10C9A0003F7AD67B1712C9B6120B5AEEFA12D3D3BE
:10C9B00080AC79E880A5122274740422F012C9C2F6
:10C9C000E022EA2433F582E43FF5832274F612066E
:10C9D00010E9FE2451FAE43400FB121338EA4B60EC
:10C9E00015EE8A828B83A3A3A3A3F0EA245112C974
:10C9F000FD12CA0E80047A007B0002E038F8E43BA6
:10CA0000F98A828B83A3A32212E6CA9018A0E8F0C9
:10CA1000A3E9F02202C927C082C0839017DF74CA3D
:10CA2000F0A37420F0A374FAF0A37420F0A374D0E0
:10CA3000F0A37420F0A374D6F0A37420F0A374F4D0
:10CA4000F0A37420F0A374E8F0A37420F0A374E2C0
:10CA5000F0A37420F0A37400F0A37421F0A3740673
:10CA6000F0A37421F0A3740CF0A37421F0A3741844
:10CA7000F0A37421F0A374DCF0A37420F0A374C4B9
:10CA8000F0A37420F0A374BEF0A37420F09017FB01
:10CA900074EEF0A37420F0A37412F0A37421F0A339
:10CAA0007438F0A37422F0A3741EF0A37421F0A3D1
:10CAB0007424F0A37421F090181FE4F0901822F071
:10CAC00090180B12CAD47402F090181412CAD474BD
:10CAD0000102C4327442F0A37421F0A32274F5124F
:10CAE000061074F1120C098521828522837402F0EC
:10CAF0007401120E63E9F060047AFF7BFF74021286
:10CB00000E6312D591750817750918750A00780813
:10CB1000120B437C0B7D007407120E63AA82AB8359
:10CB200012CB44120B5AAA21AB221219B6740F80F1
:10CB30000312CB44120B5A7F030208957C0B7D0035
:10CB40007A177B1812131A74032274F712061074E2
:10CB5000FD120C09852182852283740AF07401126A
:10CB60000E63E9F07402120E63EA12E0F702C00DE0
:10CB700074F612061074F7120C09EAFEEBFFEA12C3
:10CB8000CBC212CBF27402F0EA2428FCE43FFDAAE7
:10CB900021AB221214C4EE243112CBC8243312DA92
:10CBA000FD120B477402120BEB79831A1A12BFABFA
:10CBB000120B5AE9F5087007EEFAEFFB12207C021F
:10CBC000E03112BF93740122F582E43FF58312BF76
:10CBD0003E12D092F58312CBE0E8F0A3E9F0EE220A
:10CBE00012CBE88A828B8322E024FFF8A3E034FF93
:10CBF000F922F0A3E4F0EA12BFBF2274F01206108B
:10CC000012E5A8120E0C7808790C1205217808128A
:10CC10000B3F7A0E7B1802BF4674F412061074C6DE
:10CC2000120C09900591E0640F600D852182852228
:10CC300083742E12D5B080227A057B1812BF781229
:10CC4000042E88088909E4F50AF50B7808120B3FD1
:10CC50007A057B1812C9B6120B5A743A02BF557482
:10CC6000F5120610EAFEEBFF8A82F583A3E0F87066
:10CC700078EA243012CD0B64026007E0640360029E
:10CC800078E8EA2426F582E43FF58312BF71400478
:10CC900078E88058E87052EA242612C02AEE24313F
:10CCA00012CCFD243012CD0B6402700EEE2428123B
:10CCB000E6C09005A012CA0E80179005A074FEF081
:10CCC000A304F0EE2428FCE43FFD7A977B051214C0
:10CCD000D0EE241B12C037120B4312CB3C120B5A5E
:10CCE000EEFAEFFB1220B8E9F8E8600EE88E828FCA
:10CCF00083A312DEA0741712DF4402CB37FAE43F9D
:10CD0000FB7950121164EE22EE2410F582E43FF517
:10CD100083E02274F612061074F7120C09901822A0
:10CD2000E070377401F0F9121254AA21AB221221DB
:10CD30008A7508177509187808120B477508017568
:10CD400009007808120B479005A6120964740612B0
:10CD50000BEB7A0312BF69120B5A02E03374F7121D
:10CD6000061012CF397004A374EBF0901822E0A2E1
:10CD7000E25003C2E2F0E0A2E1500512CF4A80097E
:10CD80008E828F83742A12DF4402CE1974F4120645
:10CD90001074FE120C0912CE3F12D085EC85218250
:10CDA00085228312D0D4E0F50B7015AA21AB22792D
:10CDB00053121164EE2413FAE43FFB794A12116412
:10CDC00012C034120B4312CB3C120B5A12C7B4A937
:10CDD0000B1220AC901822E0A2E1500312CF519028
:10CDE0001822E4F0740202BF5574F7120610EAFE2E
:10CDF000EBFF8A82F583A374EBF0901822E0A2E1A6
:10CE000050077A0079EB1220B2EEFAEFFB1220E81D
:10CE10008007EEFAEFFB1221EA7F0102089574F712
:10CE200012061012CE3F90181FE4F0901822F07AEC
:10CE3000FF7BFF8E828F83A3E0F91220AC80DA1291
:10CE4000CF8A7A0E7B181222802274F7120610EA1B
:10CE5000FEEBFF1220E280BA74F712061012CFC761
:10CE6000A3A3A3E060047400800274EB12CE985078
:10CE700003C2E2F0E0A2E1500512CF9B8011A2E0D4
:10CE8000500D8E828F83742AF0A374EB12DF44EE70
:10CE9000FAEFFB12208E80818E828F83A3F0901890
:10CEA00022E0A2E22274F6120610EAFEEBFF9018CE
:10CEB00022E0D2E1F079011212548E828F83A3E036
:10CEC0007038122190E9FAEE240DF508E43FF509D7
:10CED0007808120B477508017509007808120B478E
:10CEE00012CF0B120964EE2402FCE43FFD12BF696D
:10CEF000120B5AE98E828F83A3F08E828F83A3E078
:10CF000060067A00F91220B202E038EE240BF582B6
:10CF1000E43FF5832274F712061012CF397004A390
:10CF200074EBF0901822E0A2E25003C2E2F0E0A21B
:10CF3000E1500312CF4A02CE19EAFEEBFF7901124B
:10CF4000125A8E828F83E0642022C2E1F012CF5108
:10CF5000227A008E828F83A3E0F91220B22274F726
:10CF600012061012CF8A8E828F83A3A3A3A3E06040
:10CF7000047400800274EB12CE985003C2E2F0E019
:10CF8000A2E1500312CF9B02CE8FEAFEEBFF7901A4
:10CF900012125A7A057B1812228022C2E112E40A88
:10CFA000E0A2E4E433FA12CF532274F7120610120F
:10CFB000CFC774EB12CE9D5003C2E2F0E0A2E15065
:10CFC0000312CF4A02CE19EAFEEBFF790112125A80
:10CFD0008E828F83A32274F712061012CFEC02CE3A
:10CFE0001274F712061012CFEC02CE19EAFEEBFF14
:10CFF0007A057B18122280EEFAEFFB12210C2274C4
:10D00000F712061074EF120C09EAFEEBFFEA12DECB
:10D010008C7A977B051214BEE960568521828522A1
:10D02000837409F07401120E6374EFF012D08574EA
:10D0300002120E63EC12D0D4A3A3E0C0E074041279
:10D040000E63D0E012D0C1640870158E828F83A366
:10D05000A312D0ADE0C0E07405120E63D0E08006EC
:10D060007405120E63E412DD297406120E6312D0E9
:10D0700076741102C00FAA82AB831221B4AA21AB2D
:10D08000221219B62212D092F58312D0A4FCA3E08A
:10D09000F922EE12D09AFB8882222402F8E43FF9AA
:10D0A000E8FAE92212C8098882F583E02212D0BC8E
:10D0B0002407F582E438F583229017C412C809C802
:10D0C0002212D0C52212D0CAE022F08E828F83A312
:10D0D000A3A3A32212DFB212D0DB2212D0DF22E000
:10D0E000F8A3E0F5838882A3A322C082C083122123
:10D0F000F602C92EC082C08390183F74DFF0A3747B
:10D1000017F0A374FBF0A37417F090198574C5F0A1
:10D11000A37427F0A37463F0A37427F090182B7402
:10D12000A6F0A37420F0901828E0440102C432C095
:10D1300082C083EAFCEBFD790212216602C92EC08F
:10D1400082C083790602E1B874F612061074FE12EA
:10D150000C0990182412D19660077A247B181221AA
:10D160007E90182AE4F0900AEC12D1966020800795
:10D17000AA21AB2212217E901823E0F91213508BC2
:10D1800009A90985218285228312C02270E27402D6
:10D1900002E0359017C412E6CAE8492274F7120675
:10D1A00010E9FA7B00901823E0F912137A02CE19E5
:10D1B00074F712061074F0120C09EAFCEBFDE9FE9C
:10D1C0008A828B83E0F8744F12D2CB342AF583E441
:10D1D00093C0E07401120E63D0E0F0640B700DE9AF
:10D1E0008A828B83A3F01221D802D2C6E070030298
:10D1F000D2C6640C600302D2B7741A6E700B74044A
:10D20000120E63E4F0A302D2B67404120E6312D5B8
:10D2100091EA243212D992C0E07403120E63D0E076
:10D2200012E3F5120E407406120E63120E4C8C823D
:10D230008D83A3A3A3A3A3A3A3A3A312E6C6740AE7
:10D24000120E63E8F0A3E912D2D0E0541060098511
:10D250002182852283E48013EC241212D992F89063
:10D2600005B3E0C398852182852283F0E0C0E07495
:10D270000C120E63D0E0F0EC241512D992C0E074C9
:10D280000D120E63D0E0F0EC241612D992C0E074B7
:10D290000E120E63D0E0F0EC241712D992C0E074A5
:10D2A0000F120E63D0E012D2D0A3E05401600874D4
:10D2B00001120E637411F07402120E63EEF0740129
:10D2C000120BE31219B6741002C00F28F582E42283
:10D2D000F0EC12D2D93DF58322240EF582E422C06F
:10D2E00082C08390182AE06004640270047901808F
:10D2F00002790002C92EC082C08390182AE064031C
:10D30000700479018002790002C92E74F7120610A8
:10D3100090182AE012D386748328F582741939F59F
:10D320008312D719C2E7F012D38DA3E493FE25E050
:10D33000FCE433FD74832CF58274193D12DA97EC0A
:10D340004D6005EE90182AF08A828B83E025E0FC80
:10D35000E433FDE82CF582E93DF583E493FCC45405
:10D360000F25E0F8743912D2CB3418F58312D19618
:10D3700070051221C6800CEC540F12D38D12C88692
:10D3800012243B02CE1925E0F8E433F92225E0FC13
:10D39000E82CF582E439F5832274F212061074FE4B
:10D3A000120C09890B8A088B0912D43812D429600F
:10D3B0001A12DD36F50A7808120B4312D4452402FE
:10D3C00012DA8D120B5A12D3D1800312D45702BF36
:10D3D000CEAA0CEFFB901823E0F91213442274F04C
:10D3E00012061074FE120C09890B8A0E8B0F12D4D0
:10D3F00038F50812D429602712DD36A808EA281269
:10D40000C107850E08850F09F50A7808120B43122B
:10D41000D44512DA8B120B5A12D3D179008005123F
:10D42000D457791A740202BF4BFA7B001213388A60
:10D430000C8B0DAF0DEA4F22742329F582E4342AB8
:10D44000F583E49322A80B742E12D2CB342AF583F1
:10D45000E493FC7D00EA22852182852283E50BF09E
:10D46000791AAA21AB2212214822C082C083E990F6
:10D47000182302C43274F612061074FE120C09EA64
:10D48000FEEBFFEA542070308039A8A8C2AF901795
:10D49000C3E01412C35F8A828B8312D57E90182654
:10D4A00012D59112215A852182852283E06415606C
:10D4B000077A267B1812217E7ABD7B17121362EA47
:10D4C0004B70C7EF5480700C8016901826EAF0A3BA
:10D4D000EB12D5A4901823E0F9121350EA4B70EA2E
:10D4E000EE5410600B852182852283742D12D5B0F5
:10D4F000EEA2E0500B852182852283742412D5B0E0
:10D50000EE5402600B852182852283742512D5B0EA
:10D51000EE5404600B852182852283742612D5B0D7
:10D52000EE5408600B852182852283742812D5B0C1
:10D53000EE5440600D7401120E6312D597742C12D4
:10D54000D5B0EE5480600D7401120E6312D597743D
:10D550002F12D5B090182412D196601BA8A8C2AF84
:10D5600090182412C7BA901824E4F0A312C35FA342
:10D57000EAF0A3E912D5A47A007B0002D18E12D57D
:10D580008222E0852182852283F022A3A3A3A3A384
:10D59000A3EAF0A3EBF022E412D59C22F0852182CD
:10D5A00085228322F012215A7A267B1812217E22AC
:10D5B00012C0AB12215A22C082C08390182612E0FA
:10D5C000F2687002EB697007901826E4F0A3F0028D
:10D5D000C92E74F7120610EAFEEBFFEA4F70031231
:10D5E0000F84A2AFE433F508C2AF8E828F8312D1CD
:10D5F000966028E824FBFAE934FFFB90182612DA3B
:10D6000099E86C7002E96D7007901826E4F0A3F0B9
:10D610008E828F83E4F0A3F01213D402C004C08280
:10D62000C08390184D74BAF0A37421F0A374CCF0A9
:10D63000A37421F0A374D2F0A37421F0A37488F032
:10D64000A37420F0A374D8F0A37421F0A37482F023
:10D65000A37420F0A3748EF0A37420F090185B7470
:10D6600008F0A37422F0A374DEF0A37421F0A37475
:10D67000E4F0A37421F0A374F0F0A37421F0A37478
:10D68000EAF0A37421F090184CE402C432C082C0C6
:10D69000839005A0E064FE7003A3E0F470097C971A
:10D6A0007D051214C4801C8A828B83A3A3A3A3A329
:10D6B000A3A3A37402F09005A012E6C68A828B830E
:10D6C00012CA0E02C92EC082C0839005AAC3E0947C
:10D6D000FEA3E094FF400479038002790202C92E80
:10D6E000C082C0838A828B83A3A3A3A3A3A3A3A383
:10D6F000E0640270169005A012D719687003A3E0C9
:10D700006970047901800F7900800BEAFCEBFD7AE7
:10D71000977B051214BE02C92E12E6CA8A828B8339
:10D72000E02274F012061074FC120C09E9852182C3
:10D73000852283F07402120E63ECF0A3EDF08A0AE6
:10D740008B0B7508007402120E63E0240812D99244
:10D75000C0E07401120E63D0E012D9E2A2E75008D3
:10D76000750EFF750FFF800A9005A6E0F50EA3E089
:10D77000F50F852182852283E0C2E712D9E7542084
:10D78000600712D9B47408800412D9B4E412D9E73E
:10D790005404600712D9BF7480800512D9BF741079
:10D7A00012D9E75410600612D99AE4800B9005B3A1
:10D7B000E0C0E012D99AD0E012D9E7A2E050037598
:10D7C00008205408600674104508F5088A828B8387
:10D7D000A3A3E024FFFEA3E034FFFFEA12D9A5C310
:10D7E0009402E0400F640B6009E0148E828F831274
:10D7F000D9D874034508F5087509009005C6E0649A
:10D800000170118A828B83A3A3A3A3E0C394674012
:10D8100003750910852182852283E0F50C750D00C2
:10D82000740E780C120CEAE50D4509F509E0640266
:10D83000701B9005ABE08E828F83F09005AAE0C04C
:10D84000E012BFB3D0E0F0EE24FEFE801CE06403E3
:10D85000701DEE24F9FEEF34FFFF7CBA7D05EEFA71
:10D86000EFFB1214D0EE24FF1EEF34FFFF8003E025
:10D87000602F7401120E63E060187414120E63E0DE
:10D88000650E7004A3E0650F700874404508F50844
:10D89000800F8E828F83E50FF012BFB3E50E12D991
:10D8A000CE7401120E63E0F50C750D00740A780C4D
:10D8B000120CEAE50D4509F509E0640270237402D3
:10D8C000120E6312E0ED8E828F83F07402120E63EB
:10D8D00012BFF0C0E012BFB3D0E0F0EE24FEFE8035
:10D8E00020E064037021EE24F9FEEF34FFFF7402A0
:10D8F000120E6312DA99EEFAEFFB1214D0EE24FF47
:10D900001EEF34FFFF8003E0601C7414120E63A34B
:10D91000E08E828F83F07414120E63E0C0E012BFB9
:10D92000B3D0E012D9CEEEF8EFF9E824FF1EE934C7
:10D93000FFFFE50A12D9A5700590059680039005B2
:10D94000A2E0FA04F0EA8882898312DEA0E50912D7
:10D95000D9D88E82F583E508F0E50A2404F8E43589
:10D960000BF9E50A2402FAE4350BFBEEFC8A828B04
:10D9700083E0F50888828983E02508C39C12DFB51F
:10D98000EEF0A3EFF0850A82850B83A3E4F0F902A1
:10D99000BF49F582E43DF583E022EA2412F582E4F2
:10D9A000350BF5832212D9AE350BF583E022240D19
:10D9B000F582E422EA2410F582E4350BF58322EAAD
:10D9C00012D9C8350BF583222411F582E422F0EE3A
:10D9D00024FEFEEF34FFFF22F0EE24FF1EEF34FFA3
:10D9E000FF2212D59CE022F0EA12D2D9350BF58342
:10D9F000E02274F112061074FE120C098521828552
:10DA00002283ECF0A3EDF0890B8A0E750A1A7415C7
:10DA1000120E6312E9591220288A0C8B0DAE0CAF3E
:10DA20000DEA4F605A7413120E6312E0F212DAF824
:10DA3000F0A3E912CBF5E50BF0750A007808120B9C
:10DA4000437C0B7D00EA12DA8B120B5A7411120E12
:10DA5000631209647402120E6312DA99A90E12BFDE
:10DA6000A9120B5AE9F50A7016E50B24F9600314A4
:10DA7000700612BFFFD2E5F0EEFAEFFB12207CA990
:10DA80000A7402120B5A7F07020895241BFAE43F1E
:10DA9000FB12131A740322F583E0FCA3E0FD227449
:10DAA000F612061074F7120C09EAFEEBFF7801EA91
:10DAB000243212CD0B60027805EA12DAF812CBF2AA
:10DAC000740412DE93AA21AB221214C4EE242F1286
:10DAD000CBC8243112DAFD120B477402120BEB791A
:10DAE000031A1A12BFAB120B5AE9F5087007EEFAC7
:10DAF000EFFB12207C02E03112BF93E822F582E4B2
:10DB00003F12BF8612D0C504F078082274F21206C4
:10DB1000108A088B09ECFEEDFF8A828B837405F076
:10DB2000EC12DF2C12E2BCF0EA2403F50AE435091A
:10DB3000F50B850A82F583E0F50CA3E0F50DEC24E6
:10DB400025F582E43FF583120E40E50C12D9C83565
:10DB50000DF583120E4CEC12DE8CAA0CAB0D1214D8
:10DB6000C4850A82850B8312E9D912DCF212DD1515
:10DB700012D58BEE242F12CD0BC0E012DCFBD0E0CF
:10DB800012DD412415F582E438F583E412DD4112FB
:10DB9000C7DFE412DD29850A82850B83E02416FAAB
:10DBA000A3E03400FB1221B48E828F83A3A3A3A32E
:10DBB000A3A3A3E0C0E0850A82850B8312C62412CA
:10DBC000D9AE38F583D0E012DD20FAA3E0FB850A58
:10DBD00082850B8312E6C6E8240BFCE439FD8A82B9
:10DBE0008B83E08C828D8312DD3C8A828B83A3E061
:10DBF000F50B8C828D83A3E0450B12DFADA3E0FC17
:10DC0000EA2403FA50010BECA2E7E433C0E0E82475
:10DC10000FF582E439F583D0E0F074075C60047896
:10DC2000018002780075F00374075CA428F8EA28E4
:10DC3000FAE43BFBE5082405F8E43509F98A828B10
:10DC40008312BF8812DFADAA82AB83850882850963
:10DC50008312D58B88828983E0F50A25E0540EFC77
:10DC6000E50AC4540FF50A750B007403780A120C08
:10DC7000EAE50A5438F8EC28F8EA28F8E43BF98594
:10DC80000882850983A3A3A3A3A3A3A3A3A3E8F066
:10DC9000A3E912D0C1FA8E828F83A3A3E02AFAA34C
:10DCA000E03400FBC3EA98EB9940288E828F83A36F
:10DCB000A3E0F8850882850983A3A3A3A3A3A3A354
:10DCC000A3A312DD09C39A28850882850983A3A32B
:10DCD000A38016850882850983A3A3A3A3A3A3A376
:10DCE000A3E4F0850882850983A3A3A3A3A3F0027C
:10DCF000BFD3242BF582E43FF5832212DCFF22E818
:10DD00002410F582E439F58322E0FA8E828F83A312
:10DD1000A3A3A3E02212C7BE88828983A3A3A32260
:10DD2000F08E828F83A3A3E02212DD2D22F0EE2459
:10DD300008FCE43FFD228A828B83E50BF0A3E4F02C
:10DD400022F0850A82850B8312D0BC2274F512065C
:10DD5000108C088D09750A007808120B437C0B7D26
:10DD60000002CB31020B0AC082C08379181221480D
:10DD700002C92EC082C0838A828B83E0C3940B5079
:10DD8000031221C002C92EC082C083791980DE74BB
:10DD9000F7120610EAFEEBFF90182412D1966010DD
:10DDA00090182412C7BA1221CC7A247B1812217E33
:10DDB000EEFAEFFB122178901824EEF0A3EFF002B8
:10DDC000CE1974F712061074DE120C09EAFEEBFF8E
:10DDD0008A82F583E024FD601124FE601524ED6045
:10DDE0000924FA600D14600A803C7416120E63E474
:10DDF00080077416120E63740112DE93740B120EF8
:10DE000063AA82AB831214D07413120E6312DEACB9
:10DE1000120E6312CA0E740A120E6312DEB8120ECC
:10DE20006312CA0E80427416120E637402F0EA1274
:10DE3000DE8C740B120E63AA82AB831214D074139F
:10DE4000120E6312DEAC120E6312CA0E740A120EA8
:10DE50006312DEB8120E63E8F0A3E912DEA6120E1A
:10DE600063AA82AB831221B4852182852283740B3D
:10DE700012DEA0A3E0C0E07401120E63D0E012DE57
:10DE8000A6120E6312D076742202C00F2413FCE493
:10DE90003FFD22F012DE9822EA2426FCE43FFD2218
:10DEA000F08E828F832212DD2D7417227403F0907E
:10DEB00005AA12E6CA7402227402F09005A612E6C0
:10DEC000CA74142274F7120610EAFEEBFF8A82F578
:10DED00083A3E0F508702CEA242F12DF357003A32A
:10DEE000E06960037508E8EA242612BF60602AEE44
:10DEF00012DF2CE4F0E508700AEEFAEFFB1221A81D
:10DF0000E9F508E508600F8E828F83A3E50812DE2D
:10DF1000A0741912DF4402CE19EE243212CD0B6028
:10DF2000D490184BE070CE7508E880DB2432F5827F
:10DF3000E43FF58322F582E43FF58312E6CA9005BB
:10DF4000A6E0682212C89E12215A22C082C08374A1
:10DF5000F1120C097402120E63740412DFADE0C0FA
:10DF6000E07403120E63D0E0F0EA242FF582E43B64
:10DF700012E6C4740D120E6312CA0EEA2426FCE4E3
:10DF80003BFD7404120E63AA82AB831214C47404A2
:10DF9000120E63AA82AB83122196E9600312E01687
:10DFA0007402120BE31219B6740F02C0B312DFB57C
:10DFB000A322F0A3E9F08A828B832274F612061062
:10DFC00074E8120C09EAFEEBFF7402120E6374038C
:10DFD000F0EA2413F508E43FF509AC08FD740412D7
:10DFE0000E6312BFE3C0E0740C120E63D0E012DDCA
:10DFF00029740D120E63AA82AB831221B4AA08AB56
:10E0000009122196E9600312E0167402120BE31262
:10E0100019B67418801F85218285228374FFF0A3AE
:10E0200012C0AB79531211649005A074FFF0A3F0F5
:10E0300022A9087409120B5A7F0202089574F6127D
:10E04000061074D4120C09EAFEEBFF8A82F583A352
:10E05000A312E0EDA2E6501C9005A612E0F2242BDC
:10E0600012CD0B687003A3E069700990184CE06052
:10E07000421221F6740B120BDB7403120E6312CBE7
:10E08000D9FCEFFDAA21AB221221AE852182852287
:10E0900083742B12D5B090058BE060087408120EC3
:10E0A00063E0600B852182852283740512E0F7749A
:10E0B0002C80829005AFE060BB12BF5D70B6EE248D
:10E0C00008F508E43FF5097808120B477508017553
:10E0D00009007808120B479005A61209647C977D09
:10E0E000057A03790612BF6B120B5A80C212C6184A
:10E0F000E02212E6CAEA2212C0AB1219B622C0828E
:10E10000C08374EF120C098521828522837409F083
:10E110007401120E6374EE12E0F702C0B174F712CC
:10E120000610A2AFE433FFC2AFE96003121152122E
:10E1300010DA12E1827E0012E17312D196600912A8
:10E14000E17312C88612243B0EEEC3940740E81216
:10E15000225012213C901865E4F0122022122184F2
:10E160007AA97B057952121164EFA2E092AF79008F
:10E1700002CE19EE12D386742B28F582741839F565
:10E18000832212E1A790184CE0F912117C9005A6A9
:10E1900012C7BE1211829005AA12C7BE1211887A48
:10E1A000BA7B0512118E229005B9E0F91211A090E8
:10E1B00005B8E0F91211942212216002C92EC08222
:10E1C000C0839018667420F0A37422F0A3743EF00C
:10E1D000A37422F0A37444F0A37422F0A37426F075
:10E1E000A37422F0A37432F0A37422F0A3742CF071
:10E1F000A37422F0901839744DF0A37418F0A3742E
:10E200005BF0A37418F0A37466F0A37418F0901870
:10E2100028E4F0A3F01210D402C92E020B0A74F7FE
:10E22000120610E9FE901865E06E6016E070171295
:10E23000214EE96011EEF9121284E96009EE90189E
:10E2400065F07900800279E202CE19C082C0839025
:10E250001865E0600812127E901865E4F002C92E7D
:10E2600074F7120610EAFEEBFF8A82F58374071238
:10E27000E2C412E2BC12E2C4A3A312E2BCA312E203
:10E28000CEA3A3120E408E828F83A3A3A3A3120E4C
:10E290004C8E828F83A3A3A3A3A3A3A3A3E4F0EC38
:10E2A0002418F582E43D12E6C48E828F83A3A3A3D3
:10E2B000A3A3A3A3A3A312CA0E02CE19E08A828B42
:10E2C00083A3A32212E2CEA3A3A3A3A3A322F08C31
:10E2D000828D832274F4120610EAFEEBFF9018730D
:10E2E000E412E3F5A3E0C39406400690187374E8C3
:10E2F000F08A828B83A3A3A3A3A3A3A3E0C3940F59
:10E3000040158A828B83A3A3A3A3A3A3E064036025
:10E310001590187374E8F08A828B83A3A3A3A3A338
:10E32000A3E06403700E901828E0A2E04006901865
:10E330007374E8F0EAFCEBFD7A727B1812221A8EF5
:10E34000828F83A3A37808120E0C740A7808120B2C
:10E35000AA9018867808120DFD8E828F83A3A3A33E
:10E36000A3A3A3A3E090188A12E404E090188B12F0
:10E37000E404A3E090188CF0EE240B12CD0B90185F
:10E380008DF0EE240C12CD0B90188EF0A3740AF0D1
:10E390009005B9E0901890F090188312CAD47404D4
:10E3A00012E40F120B437C0B7D007A917B1812CB89
:10E3B00044120B5A901873E0702A8E828F83A3E068
:10E3C0007022901874E0600690187374EAF0901848
:10E3D00074E0F91211AC8E828F837426F0790412E6
:10E3E000124E80078E828F837429F0EEFAEFFB12B3
:10E3F000215A02BF5812E3F922F08A828B83A3A329
:10E40000A3A3A32212E40AA3A32212C01CA322F0F6
:10E41000EE240D12E41722F508E43FF509750A0011
:10E4200078082274F412061074F7120C09EAFEEB55
:10E43000FF901874E0703090188FE0640A60281222
:10E4400011BEE9C0E090188FE0F890187BE028F842
:10E45000A3E03400F9E824F5F582E912BFB9D0E071
:10E46000F090187AE004F09018867808120E0C7478
:10E47000017808120BAA9018867808120DFD9018E2
:10E480008FE004F0E508A2E04006E0C3941E40D708
:10E49000E0641E700302E51D7A8F7B1879E112118A
:10E4A000647408120E63740212D59874FFF0A3F01E
:10E4B000901874E0600464027009EEFAEFFB122217
:10E4C0002C8063E06401700679087A808004790703
:10E4D0007A837508917509187808120B47E4F508D6
:10E4E000F5097808120B477508FF7509FF780812BF
:10E4F0000B477406120BEB12BF6B120B5AE9F87440
:10E50000DB68601474E568600F74F368600A74DF98
:10E5100068600574E868700EE9901873F08E828F59
:10E5200083742912DF4402BF5374F0120610750879
:10E5300001750900750A00750B0090188FE07808C6
:10E54000120AA77808120D909018767808120D23F9
:10E55000901874E06403700F12E5A8120E0C78088E
:10E56000790C1205218035750801750900750A00BE
:10E57000750B0090188AE07808120AA790814C78F1
:10E5800008120D10908214780C120E0C7808790C79
:10E59000120521901874E070031211B87808120B5C
:10E5A0003F7A7D7B1802BF469005B412BF28908247
:10E5B00014780C2274F112061074D4120C098A0813
:10E5C0008B09901874E06402600DE064016008E05B
:10E5D0006405600302E6B5901873E4F0740B120B47
:10E5E000DB7403120E6312CA0EAC08AD09AA21AB8C
:10E5F000221221AE90188BE0F890187AE0C3985060
:10E600007812EA7E90187AE0F50A80368E828F833F
:10E61000A3A3A3A3A3A3A3A3A312E6C67414120ED9
:10E6200063E0687003A3E069700F740B120BEBEEEC
:10E63000FAEFFB1214BEE97040150AEE2421FE50D9
:10E64000010FE50A70C6740B120BDB880C890D757F
:10E650000E00780C120B437C217D0090187AE08C20
:10E66000F0A4F8A9F0A3E028FAA3E039FB12CB4408
:10E67000120B5A90187AE004F090058BE0600E744B
:10E6800008120E63E0700690188BE07007AA21ABA9
:10E69000221219B690188BE0602190187AE0F89059
:10E6A000188BE06870158508828509837429F0AAA3
:10E6B00008AB09800312E77212215A742C02DA8324
:10E6C000F582E43FF58312E6CA2212C809F92274E2
:10E6D000F612061074FE120C098A088B09EA241B34
:10E6E000F582E43509F583E06403707DEA2424F5BE
:10E6F00082E43509F583E06403706EEA2413FAE4DA
:10E700003509FB794A121164850882850983A312B1
:10E71000EA7E8E82F58312E77E50010FAA21AB229A
:10E7200079501211648E828F8312E77E50010FAAF6
:10E7300021AB22794B121164EEFAEFFB79E1121151
:10E74000648E828F83A312E78A12CA0FAA21AB229A
:10E750007953121164901873E4F085088285098357
:10E760007429F0AA08AB09800312E77212215A0239
:10E77000D18E90187374E812DFB57429F02212E775
:10E780008AF0A3E9F0EE2402FE22E0FAA3E0F9EA1F
:10E7900085218285228322C082C0837A7D7B1812E4
:10E7A00022801211B2790412125A901874E0640394
:10E7B0007006901873E060097A907B1879E1121165
:10E7C000647A727B1802C922C082C08374F5120C6D
:10E7D00009EAFCEBFDAA21AB2212221A7401120EE7
:10E7E0006374FC12E0F7740B02C0B3C082C083797B
:10E7F0000702E1B8C082C08390189CE4F0A3F090B7
:10E80000189EF0A3F090198DF0A3F0A374FF12DD11
:10E810003C901991F0A3F0A374FF12DD3C9018A076
:10E8200002C43074F41206109018A0E4F0A3F09023
:10E83000189C12D196602790198D7808120E0C1230
:10E84000E960120C5E501712E94712E960120C5E83
:10E85000500612E960120DFD90189C12CA0890181B
:10E860009E12D1969018A0601E12D196601112E9E6
:10E8700053120E0C90189E12E963120C5E500D900C
:10E88000189E12CA08800512D196602190198D78C1
:10E8900008120E0C9018A012E963120C5E500E9034
:10E8A00018A012C61D120E28121068800312106ED6
:10E8B00002BF5874F4120610A2AFE433FEC2AF9048
:10E8C00018A012D196607812E953120E0C90198D8F
:10E8D0007808120C5E500B120F849018A012D1967B
:10E8E000605D12E9479018A012E963120AE5504FE3
:10E8F0009081EC7808120E0C9018A012E963120CAB
:10E900005E5003120F849018A012E95912228085DC
:10E910000882850983A3A3A3A3A3A3A3A3E0F985E6
:10E920000882850983A3A3A3A3A3A312EB66EEA287
:10E93000E092AF12243BA2AFE433FEC2AF809BEE65
:10E94000A2E092AF02BF581210568A088B098C0AB7
:10E950008D0B2212D0E278082212BF3EAA08FB22B9
:10E9600090189C12D0DB78082274F01206108A08E6
:10E970008B098C0A8D0B7410120E63801C9081EC35
:10E98000780C120E0C8E828F83A3A3780C120C5E6F
:10E990005003120F848E828F8312BFC660358E8221
:10E9A0008F83A3A37808120CD712E9D6687002EF00
:10E9B0006970CA9081EC780C120E0C8E828F83A342
:10E9C000A3780C120C5E50B58E828F83A3A312BF66
:10E9D0001F80C202BF4E9018A012E6CAEE2274F346
:10E9E000120610A2AFE433F50CC2AF90189E12EAE3
:10E9F0007F90189C12096490198D7808120E0C787B
:10EA000008120D6FAA08AB09AC0AAD0B1222627492
:10EA100002120B5A802F90198D7808120E0C8E82DC
:10EA20008F83A3A37808120C5E401390198D780889
:10EA3000120E0C8E828F83A3A37808120CC38E82D1
:10EA40008F8312EA7FEE4F70CD9019917808120EE5
:10EA50000C90198D7808120C1F6015901991120EE8
:10EA60004090198D120E4C90198D120E28121050D4
:10EA7000122256E50CA2E092AF7F05020895A3E0B2
:10EA8000FEA3E0FF2274F0120610A2AFE433FEC230
:10EA9000AFED8C0CF50D8C828D83800C850E0C8572
:10EAA0000F0D850E82850F83E0F50EA3E0F50FE5CF
:10EAB0000E450F601A850E82850F83A3A378081276
:10EAC0000E0C8A828B83A3A37808120C5E50CD852E
:10EAD0000C82850D8312D5918A828B83E50EF0A37B
:10EAE000E50F12E2CE12E0F2687002EB69700312D9
:10EAF0002256EEA2E092AF02BF4E74F4120610EA64
:10EB0000FEEBFF740C120E63C082C08312E947D083
:10EB100083D0827808120D108E828F83A3A3780889
:10EB2000120DFD7C9C7D18EEFAEFFB12226E02BFE7
:10EB30005874F7120610EAFE8C828D83A882A9838E
:10EB400012EB66E58245836018EE65827003EB6523
:10EB50008370E912C7BA8882898312D591790180BE
:10EB600002790002CE19E0FAA3E08A82F5832274CA
:10EB7000F7120610EAFEEBFFA2AFE433F508C2AFCE
:10EB80007C9C7D1812227AE9700B7C9E7D18EEFA2F
:10EB9000EFFB12227A12E9D6687002EF6970031255
:10EBA000225602C00474F012061090189C12D196DE
:10EBB000700890189E12D196603DAEA8C2AF121098
:10EBC000628A0C8B0D8C0E8D0F12E947EEA2E79234
:10EBD000AF90814C7808120D10780C7908120DB0A6
:10EBE0005011780C7908120C87AA0CAB0DAC0EAD45
:10EBF0000F800C7A0180027A007B007C007D00028D
:10EC0000BF4E74F212061074F4120C098A088B09B4
:10EC1000ECFEEDFF890C7C0C7D007900AA21AB2273
:10EC20001213267409120E63E4F08E828F83A3A35D
:10EC3000A3A3A3A3A3A3E0C0E07408120E63D0E0D3
:10EC4000F08E828F8312EDAD12F96190191BE024D2
:10EC5000FFF50AA3E034FFF50B850882850983E000
:10EC6000850A82850B83F0750D1E780D120B4B788B
:10EC700008120B47780A120B47E50C2401F508E44B
:10EC80003400F5097808120B477421120E6312093B
:10EC900064901655E0F97C0E7D197409120BE3128D
:10ECA00024007409120B5A740C02EE0974F5120652
:10ECB00010890990191B12F7038908740D120E634D
:10ECC00012FA7480178882898312F11D12F12FA81D
:10ECD00082A9838E828F83A3AE82AF8385080A7454
:10ECE000FF250AF5080470DD740F120E63E090161C
:10ECF00055600474408001E4F0740B120E63120935
:10ED000064A9091218127402120B5AE9F9901655E7
:10ED1000E4F07F0302089574F6120610E9FE12EE85
:10ED20002CF0EEF5087509007808120B47790202FD
:10ED3000F15D74F412061074F7120C09EAFEEBFF91
:10ED4000890A8C0B90191BE0F508A3E0F509EEFC8D
:10ED5000EFFD7AAD7B171214CAE9700A7408120E1F
:10ED60006312EEA780127408120E637402F09015FD
:10ED70008C12EDADE8F0A3E9F0EEFCEFFDAA08ABD4
:10ED8000091214D08A828B8312F579E4F508F5090B
:10ED90007808120B47790A7402120BEB7A047B167F
:10EDA0001218127402120B5A740902F54712FA78FB
:10EDB0008521828522832274F612061074F7120CC4
:10EDC00009E9FEECFF12FA717408120E637402F086
:10EDD000852182852283EAF0A3EBF0EA8882898389
:10EDE000F0EB12EDFFF0EF88828983A3A3A3F07507
:10EDF00008017509007808120B47790402EE35A363
:10EE0000F0EE88828983A3A322120B5A7F060208A0
:10EE10009574F612061012EE2C12F513750804758F
:10EE200009007808120B47790302F15D12F559ECDD
:10EE300012F553ED227402120BEB7A047B161218B2
:10EE4000127402120B5A7409120B5A7F02020895AF
:10EE5000120B5A7F0702089574F612061074F71207
:10EE60000C09E9FE7408120E6312EEA212F507EA0D
:10EE700012F54FEBF090191BE02402FAA3E03400E6
:10EE8000FB1214D012FA7DC8240AF582E438F58307
:10EE9000EEF07508137509007808120B47790B021C
:10EEA000EE3512EEA7F022740FF0852182852283C1
:10EEB00074FDF0A374FF22120B5A7F0E02089574A2
:10EEC000ED12061074F8120C098A0A8B0B7EFE7F75
:10EED000FF750800750900EA240C12F52F12F541A0
:10EEE000EA4B70047C0880027C02E50A2413F58258
:10EEF000E4350BF58312F1C92CF582E439F583E092
:10EF0000F512E50A240BF510E4350BF511EA4B7008
:10EF10001A88088909AC08AD097AAD7B171214CAA2
:10EF2000E9603C90158C12F703802488828983E085
:10EF3000FAA3E0F8E4C8F9EA28FEE439FF90158C5A
:10EF4000E06E7003A3E06F70167508AD7509177455
:10EF5000FE6E700374FF6F6006E5084509700C854E
:10EF60001082851183E0600302F02712F02B74FEFB
:10EF70006E700374FF6F6026E50845096020E51296
:10EF80006006740165127005751200803B75128071
:10EF9000851082851183E06401702D02F0277512BF
:10EFA00081850C82850D8312F1C94970067EFF7F31
:10EFB000FF80157C087D0079FFAA21AB2212132661
:10EFC000A821A92288088909850E82850F83E51268
:10EFD000F0A385820E85830FAC08AD09AA0EAB0F96
:10EFE0001214D08A828B83EEF0EFA3F09016557442
:10EFF00010F0850C82850D83E0F508A3E04480F5D0
:10F00000097808120B47790BE50A2402FCE4350B5A
:10F01000FDE50A240FFAE4350BFB121812740212F4
:10F020000B5A901655E4F07408800B90191BE0F50C
:10F030000EA3E0F50F22120B5A7F0B02089574F60F
:10F0400012061090191BE0FEA3E012F1E0120E630D
:10F0500012F123541F8E828F8312F12C12F10A12A7
:10F06000F12C12F11C12F13812F10A12F13812F1DE
:10F070001C12F14312F10A12F143A312F10F12F123
:10F080005712F10FA3F0E82408FCE439FD8C828DBF
:10F0900083E0F508EE240BF582E43FF583E50812E2
:10F0A000F3DCE0C0E0EE240CF582E43FF583D0E031
:10F0B00012F157A3A3A3E0C0E0EE240DF582E43FD4
:10F0C000F583D0E0F0E8240BF582E439F583E0C065
:10F0D000E0EE240EF582E43FF583D0E0F0E8240C66
:10F0E000F582E439F583E0C0E0EE240FF582E43FD9
:10F0F000F583D0E0F07508027509807808120B4797
:10F10000791012F1BA50010B805B12F11DA322128B
:10F11000F11DA3A3A3A3A3A3A3A3A322A3E08E8271
:10F120008F832212FA7888828983E022A3A3A31214
:10F13000F1332212F1DAA322A3A3A3A3A312F13382
:10F14000A3A322A3A3A3A3A3A3A312F14E2212F16C
:10F15000DAA3A3A3A3A32212F14EA3A322EAFCEBFA
:10F16000FD7A047B16121812740202EE4874F6122D
:10F17000061012F1C6FEE912F1E0120E6312F1233D
:10F180008E828F83A312F1D3F508A3E0F509540F03
:10F19000F9740C7808120DEEE508C4498E828F834D
:10F1A000A3A3A3A3F07508037509807808120B4781
:10F1B000790512F1BA50010B80ABEA2402FCE43B62
:10F1C000FDEA240FFA2290191B12F1CD2212FA80C7
:10F1D000F9E822A3A312F1DAE022F08882898322DF
:10F1E000FF8E828F83E4F0ECA3F0ED8E828F83A3F9
:10F1F000A3F0740A2274EC12061012FA6FEC2409C0
:10F20000F508E43D85080CF50DEC2406F508E43D11
:10F2100085080EF50FEE7024EC4D6020850C82857C
:10F220000D83E0FF850E82850F83E02FC333240C0E
:10F23000F50AC3944F4008791002F394750A04EE5E
:10F2400088828983F0EA2413F508E43BF5098508F0
:10F2500082F583E0FFA3E0F5838F8212F56FA3129E
:10F26000F3D1FFA3E0F5838F82A312F3CBF0E82460
:10F2700003F582E439F583E50AC39405500302F3EC
:10F280007774FC250AF08C828D8312F3CB12F3DAAB
:10F2900085820885830912F56F12F3E3F0EC2403ED
:10F2A000F508E43DF509850882F58312F3CB12F3E6
:10F2B000E312F3DAA3A3A3A3E0540F88828983A304
:10F2C000A3A3A3A3A3A3A3A3F0850E82850F8312F8
:10F2D000F3CBA3A3A3A3A3A3A3A3F0E8240BF85009
:10F2E0000109850E82850F83E060387F00EC2407DA
:10F2F000F508E43D850810F5118019EF25E0F508C3
:10F30000E433F50912F3B612F52112F3B612F3A5A0
:10F310005001090F850E82850F83E0F508EFC39534
:10F320000840D8850C82850D8312F521A3A882A9F7
:10F3300083850C82850D83E0603F7F00EC240AFC0E
:10F3400050010D8C088D09850C82850D83E0FCEF42
:10F35000C39C5025EF25E0FCE433FD850882850938
:10F3600083E012F39912F56F12F3D112F39912F3AD
:10F37000A55001090F80D0E4F07508047509807864
:10F3800008120B47A90A12F1BA50010B1218127495
:10F3900002120B5A7F0C0208952CF50BA3E03D8559
:10F3A0000B82F5832212F3A922A3E088828983A32A
:10F3B000F0E82402F822851082851183E02508F503
:10F3C0000BA3E03509850B82F5832212F573A3A305
:10F3D00022F0850882850983E022A3A3F08C828D28
:10F3E00083A322A3A3A3A312F3F412F573A3A3A3ED
:10F3F000A3A3A322A3F0850882850983A32274F125
:10F4000012061074FF120C09E9852182852283F00F
:10F410008A0A8B0BECFEEDFF90191B12F51A75088A
:10F42000047406650A70047480650B700575091014
:10F4300080037509007410120E6312F53C741112EA
:10F440000E6312F5267413120E63E0F98A828B8321
:10F45000A3A3A3F0602C740429F5087414120E639E
:10F46000E0F50CA3E0F50D750E00780C120B43E9E6
:10F47000FC7D00EA2404FA50010B12131A740312E3
:10F480000B5AE509901655F0780A120B47A908EEB9
:10F49000FCEFFD7402120BE31218127402120B5AE5
:10F4A000E9F9901655E4F00402EE5074F7120610D4
:10F4B00074FF120C09E9852182852283F012F50779
:10F4C000ECF0740A120E6312FA7490191BE0FCA39C
:10F4D000E0F5838C82A3E812F51312F507A3A3A32A
:10F4E000E4F0740C120E631209647904EAFCEBFD7B
:10F4F0007402120BE31218127402120B5A740112E6
:10F500000B5A7F0102089590191BE0F8A3E0F583E0
:10F5100088822212F553A3E9F02212F1CDFAE9FB19
:10F520002212F573F02212F8B9A312F8CBF022F5EB
:10F530000CE4350BF50D850C82F5832212F871F081
:10F5400022E0FAA3E0FB22120B5A7F040208951274
:10F55000F55322F012F559A32290191BE0F8A3E00D
:10F56000F5838882227401120B5A7F0D02089512CE
:10F57000F57322E08882898322E50AF0A3E50BF087
:10F580002274EB12061074FF120C09E985218285A2
:10F590002283F08A128B138D147418120E6312F7E3
:10F5A00003EC602612F507ECF075083175098078D8
:10F5B00008120B477901AC12AD137402120BE3125F
:10F5C00018127402120B5A02F6EF7417120E63E04F
:10F5D000F50E75F016A42404F50B12F7211213CEC4
:10F5E0008A088B09EA45097005791002F6EF8A82CC
:10F5F0008B83A385820C85830D850C10850D11E40A
:10F60000F0A3E514F07416120E6312F709E50EF07C
:10F61000E5102404F51050020511750F0002F6B133
:10F62000EE2402FCE43FFDAA10AB111214D0EE242C
:10F630000AFCE43FFDE5102408FAE43511FB12143E
:10F64000D0EE241212F86512F891F0EA2402F8E4E0
:10F650003BF912F85B12F521EE2415F582E43FF533
:10F6600083E0333354FCFC88828983E04CF0EE2441
:10F6700016F582E43FF583E0C454F0FC8882898368
:10F68000E04CF0EE241712F6F2F0EE2418F582E4C6
:10F690003FF58312F729EE241912F6F2A3A3F0EA3C
:10F6A0002406F510E43BF511EE241AFE50010F0577
:10F6B0000FE50FC3950E500302F62090191BE50CC1
:10F6C000F0A3E50DF0750C31750D80780C120B4729
:10F6D000A90BAC12AD137402120BE31218127402D0
:10F6E000120B5AE9FEAA08AB091213D412F72F0223
:10F6F000F565F582E43FF58312F6FC2212F871A35A
:10F70000A3A322E0FEA3E0FF2212F717F0851082E8
:10F71000851183A3A3A322E0851082851183A3A36F
:10F72000222401FAE43400FB2212F6FCA3F022901A
:10F73000191B7406F0A37416F0EEF92274EA12068F
:10F740001074FF120C09E9852182852283F08A1248
:10F750008B138C0E8D087418120E63E0F50975F08A
:10F7600015A4240412F7211213CE8A0A8B0BEA4542
:10F770000B7005791002F8568A828B83A385820C60
:10F7800085830DAA0CAB0DE50EF0A3E508F0741708
:10F79000120E6312F877E50912F88B50010B750F02
:10F7A000047510007419120E6312F7038016740E9C
:10F7B000250FF50F12F8A4FA50010BEE2415FE5098
:10F7C000010F0510E510C395095057EEFCEFFD122F
:10F7D00014D08E828F83A3A3A3A3A3A3A3A312F504
:10F7E0003CEE240912F865A312F891A3F0EE24135D
:10F7F000F8E43FF98882898312F88850010BEE24DF
:10F800000BFCE43FFD88828983E0640370A07415DB
:10F81000250FF50F1214D012F85B12F86D12F89D37
:10F82000809990191BE50CF0A3E50DF0750C33756C
:10F830000D80780C120B47A90FAC12AD1374021295
:10F840000BE31218127402120B5AE9FEAA0AAB0B50
:10F850001213D412F72F740102EEB7EE2414F582BE
:10F86000E43FF58322F8E43FF98882898312F87136
:10F8700022E08A828B832212F898A312F87F22F06A
:10F880008A828B83A3A3A32212F6FCF0EA2404FA53
:10F890002212F13312F8982212F871A322F0A3AACF
:10F8A00082AB83228C828D8312F871F08C828D83DF
:10F8B000A312F898F0EA24022212FA80F9E88A8268
:10F8C0008B8322E0F510A3E0F51122F0E98A828B08
:10F8D00083A3A32274F2120610890A8A088B099066
:10F8E000165612F703EEF8EF802888828983A3A3C7
:10F8F000E0650A701288828983A3A3A3E06508707B
:10F9000004A3E065096051E8FEE9FF88828983125B
:10F91000FA80F9E84970D37A057B001213CE8A0C7D
:10F920008B0DA80CA90DE849603288828983A3A3B6
:10F93000E50A12F13DE508F0A3E50912F1DAE4F079
:10F94000A3F090165612F541EA4B60068E828F8323
:10F95000800390165612F96179008002791002EE48
:10F960000CE8F0A3E9F02274ED1206108A088B0966
:10F97000750E0090165612FA85EA2410F50CE4353F
:10F9800009F50D02FA61E508240CF582E43509F564
:10F990008312FA74850A82850B83A3A3A312F5410F
:10F9A000E86A7002E96B601B74FF6A700374FF6B96
:10F9B000600302FA58E954807009741368496003BF
:10F9C00002FA58850C82850D83E02417FAE434008E
:10F9D000FB1213388A108B11AE10AF11EE4F607806
:10F9E0008508108509117512007810120B437C17D9
:10F9F0007D0012131A7403120B5A850C82850D8335
:10FA0000E0603AEE2417FAE43FFBEE2413F582E4BB
:10FA10003FF583EAF0A3EBF0E5082413F582E43523
:10FA200009F58312F8C37810120B43850C82850DFB
:10FA300083E0FC7D0012131A7403120B5A8E828F1E
:10FA40008374D3F0EEFAEFFB850A82850B83A3A3C0
:10FA5000E0F9121344750E01850A82850B8312FAB0
:10FA600085E50A450B600302F986A90E02F039E923
:10FA7000FE90191B12FA782212FA80F92290191BB3
:10FA8000E0F8A3E022E0F50AA3E0F50B2274F612F9
:10FA9000061074E9120C097E00740A120E637402D7
:10FAA00012FBC7A3A312FA747402120E6312F96157
:10FAB000EA2415F582E43BF583E0C0E0740B120EF6
:10FAC00063D0E012FBC712FA74740C120E6312F9C1
:10FAD00061EA2419F582E43BF583E0C0E0740E127C
:10FAE0000E63D0E0F0EA2420F582E43BF583E014D5
:10FAF000C0E07410120E63D0E0F0EA2422F8E43B78
:10FB0000F988828983E02401FCA3E03400FD7413AA
:10FB1000120E63ECF0A3ED12F1D512F50BE0C0E08C
:10FB2000740F120E63D0E0F0EA2412F582E43BF584
:10FB30008312FA747411120E6312F961EA2424F527
:10FB400082E43BF58312FA747415120E6312F961A4
:10FB5000AA21AB22121872E9FC80010EEEF508759D
:10FB6000090074027808120CEA74432508F8742915
:10FB70003509F988828983E493C0E0740193F583A1
:10FB8000D082AA82AB8374FF6A700374FF6B602813
:10FB9000740C120E63E06A7003A3E06B70BDAA21BF
:10FBA000AB2288828983A3A3E493C0E0740193F518
:10FBB00083D08212243B800AEC7007AA21AB221268
:10FBC0001740741702EE4812F87FA322C082C08348
:10FBD000900601E4F0900608F002FD7674F7120634
:10FBE00010E9FE900601E06003120F849006017494
:10FBF00001F09018C2E06008791D1212CC02FCDE00
:10FC0000EE900602F0640270051210A4804AE060D3
:10FC10000764016003120F84900605E4F09017C496
:10FC2000E0F8A3E0C8240EF582E438F583E0544000
:10FC300060059005C380039005A5E090060312FDC2
:10FC40003D701290058CE0600C900603E0C39403B5
:10FC500040037402F0121296900608E0705A901752
:10FC6000C4E0F8A3E0F9E8497003120F8412FF47DB
:10FC7000E0F8A3E0F988828983E05420900607F039
:10FC800088828983A3A3E0900606F09017C4E0FA67
:10FC9000A3E0F5838A82A3A3A3A3E0FAE824FFF5F7
:10FCA00082E934FFF58374022AF075E1EE74012ACB
:10FCB000F9AA82AB83121146A2AFE433F8C2AF9027
:10FCC00005ECE070119005EEE0700B90060112FD5E
:10FCD000AE12129C8008900601740212FDB002FE62
:10FCE000A074F6120610121176E9F975080175096B
:10FCF00000900603E07808120CEAE5081459900613
:10FD00000412FD3D700512109880031210927F02BC
:10FD1000020895C082C0839061A4E0C2E0F0900523
:10FD2000EEE412FD3D640270051210AA800DE0643D
:10FD30000370051210B080031212A28039F09006F1
:10FD400002E022C082C083900602E07014122052AA
:10FD5000E9F8900604E0C3984007791C1212CC80A1
:10FD60000312109E8010C082C08390060874011296
:10FD7000FD3DF9121290D083D082020B0AC082C0DE
:10FD8000839005ECE070069005EEE06003120F84AE
:10FD9000A2AFE433F8C2AF900601E064027008122B
:10FDA000FDAE12129C8005E8A2E092AF80C8748379
:10FDB000F0E8A2E092AF22C082C083900602E06029
:10FDC0000764016003120F849006017404F012129C
:10FDD0006C900605E004F0F89005A4E0C398500785
:10FDE00079E11212CC80329005B0E0FA900603E07F
:10FDF00079002401F8500109EAFCC3E89CE9940069
:10FE0000A2D265D0335004E0048001EAF0121296C9
:10FE10009006017483F01212A202FD7674F71206A6
:10FE200010A2AFE433FEC2AF900601E064837027F6
:10FE30009005ECE060031211EE900607E0900601D9
:10FE4000700F7485F0EEA2E092AF79001212CC80B0
:10FE50000B7486F01210BCEEA2E092AF804274F7F1
:10FE6000120610E9FF8A08A2AFE433FEC2AF900683
:10FE700001E0648670257487F01210C2EEA2E09251
:10FE8000AF900606E06F700CE5086004791B8006F1
:10FE90007900800279E91212CC8005EEA2E092AFDF
:10FEA0007F0102089574F7120610A2AFE433FEC278
:10FEB000AF900601E0648670127487F01210C2EEF3
:10FEC000A2E092AF79E91212CC8005EEA2E092AFE7
:10FED00080CE74F7120610E9FE900608E4F0900652
:10FEE00001F09005C5E060059005ECE4F012126C9D
:10FEF00012119A1211A6EEF912207080A374F41256
:10FF000006109017C4E0F8A3E0F9E8497003120F57
:10FF10008412105C8A088B098C0A8D0B12FF47A390
:10FF2000A3A37808120DFD1210F88A089017C4E0F8
:10FF3000FAA3E0CA2409F582E43AF583E508F0A3C0
:10FF4000EBF07F040208959017C4E0F8A3E0F58376
:10FF50008882A3A322C082C0839015507401F090C0
:10FF6000154AE4F0A3F0D083D082020B0AC082C00D
:10FF700083E990155080EE74F6120610E9FE908227
:10FF80001DE0F8EEC39840047903803CA2AFE4334F
:10FF9000FBC2AF750801750900EE7808120CEAACD7
:10FFA00008AD09EA7011ECF4F8EDF4F990154AE0A7
:10FFB00058F0A3E059800990154AE04CF0A3E04DB9
:10FFC000F0EBA2E092AF79007F0202089574F41280
:10FFD0000610901550E0601B90154AE0F8A3E0F978
:10FFE000E849700FAEA8C2AF1214B2EEA2E792AF0A
:0EFFF000120FF67F04020895020B0A020B0A9C
:020000040001F9
:10000000C082C083E9901557F00281FA74F4120699
:10001000108A088B09EB5480604D800EEEFAEFFBDE
:10002000121536EEFAEFFB12133E901557E0F91257
:1000300013508A0A8B0BAE0AAF0BEE4F60208E82F4
:100040008F83E0641A60D5EEFAEFFB1214F4E9F93D
:1000500074FF6960CEEEFAEFFB12134480CCAA085D
:10006000E5096480FB80047A007B000282CA74F791
:100070001206107AFF0290EF74F6120610E9FEEAFB
:10008000FF7A047B001213CEEA4B6035EF8A828B35
:1000900083A3A3A3F0EE8A828B83A3A31280FEF036
:1000A0009015631296577009901563EAF0A3EB80E0
:1000B00047E0F988828983A3A3A3E06F7007121336
:1000C000D479008036E8FCE9FD888289831296574E
:1000D00070E174FF6F700D8C828D83EAF0A3EB12D8
:1000E00080FE801490156312A411901563128F483E
:1000F0008A828B83E8F0A3E9F079010291FCF08A0F
:10010000828B83E4F0A322C082C083EA12A3EB3B7C
:10011000F583E0FA901563800488828983129657EC
:10012000601C88828983A3A3A3E0FBEA6B6005744B
:10013000FF6B70E588828983A3A3E0F9800279FFD1
:100140000281FA74F4120610EAFEEBFF8E828F83AE
:100150001298941214F4E9F50874FF65087003020C
:1001600081F57A197B00121338EA4B70030281F58E
:100170008A828B83743412856FEA2402FCE43BFD8F
:100180007406120A868E828F83128A8A12A73A8A8E
:10019000828B83A3A3A3A3A3A3A3A3ECF0A3ED1239
:1001A000832EA3EA240AFCE43BFD740C120A868E1B
:1001B000828F83129665C812A3EB38F583E0C0E006
:1001C000EA2416F582E43BF583D0E0F0EE240CF847
:1001D000E43FF98882898312A73EEA2417F582E476
:1001E0003BF583ECF0A3EDF088828983E4F0A3F083
:1001F000A90812134479010282CAD083D082020B6B
:100200000A74F41206108A088B09ECFEEDFF7A08D6
:100210007B001213CE8A0A8B0BA80AA90BE849703F
:1002200004791080361282E5A31282CF740C120E6C
:100230006312AC01A3A3A3A3128F4690155B129186
:100240002190155B6012E0FCA3E08003EAFCEB1256
:10025000911C70F88C828D831282B80282CA74F469
:1002600012061089088A09ECFEEDFF7A0A7B00125B
:1002700013CE8A0A8B0BA80AA90BE84970047910DF
:1002800080341282DAE4F0A31282C4E5091282C437
:10029000A3EEF0A3EFF090155D12912190155D6033
:1002A00012E0FCA3E08003EAFCEB12911C70F88CD6
:1002B000828D831282B880121282BE790022E8F009
:1002C000A3E9F022128332A3A3227F04020895E55A
:1002D00009128337EEF0A3EFF0221282E5888289BB
:1002E00083A3A3A32288828983E4F0A312833EA37D
:1002F000E508F02274F2120610EAFEEBFF8C088D7E
:10030000091215488A0C8B0DA80CA90DE849601933
:1003100088828983A3A3A3EEF0A3EF12832EE508BE
:10032000F0A3E509F079008002790102988A12832E
:100330003222128337A32212833EA3A3A322F08882
:10034000828983A32274F412061074F7120C09E94F
:10035000FEECFF8521828522837401F0EF7006EDAB
:10036000C39406405074036A4B604A7401120BDB5D
:10037000880A890B780A120B477C127D007A007B71
:1003800000EEF912154E7402120B5AE9601CE4F5E6
:100390000AF50B780A120B477403120BEB74021266
:1003A0000BE312158A7402120B5A8521828522836F
:1003B000E0640170047901800279007409120B5A1B
:1003C0000282CA74E812061074FA120C0989088AAB
:1003D0000A8B0B8C0E8D0F1223F48A0C8B0DAE0C36
:1003E000AF0DEE4F70057902028565AA0EAB0FA91D
:1003F00008121566E9F509A2E6401C9015611296EF
:10040000576014E82419F582E439F583E06401703B
:1004100006E509D2E6F5097C067D007900AA21AB44
:1004200022121326741F120E63128A976009E05479
:10043000FCF0E044018003E054FC12856F129655F5
:10044000602C741E120E63E0F50C88828983A3125F
:100450000964AD0C7402120E63E05403FCAA0EABE7
:100460000FA9081215127402120B5AE970057901CE
:100470000285657422120E631296576012852182DE
:10048000852283E04404F07402120E63128F5574C7
:1004900020120E63128A976005E044088003E0543E
:1004A000F7F07421120E63128A976005E044108001
:1004B00003E054EFF07424120E63E0C0E074041201
:1004C0000E63D0E0F07405120E63E50CF07803853E
:1004D0002182852283E05404600278057425120E7F
:1004E00063129730E8250CF516E4350DF517AA16BA
:1004F000FB1213CE8A148B15EA45156064AC14AD5B
:1005000015AA21AB221215427427120E6312A87687
:10051000120B43AC0CAD0D12131A7403120B5A904C
:1005200018C6E0F50C780C120B4B750CD3750D1634
:10053000780C120B477814120B477816120B477879
:100540000E120B47A909EEFCEFFDAA0AAB0B122411
:10055000007409120B5AE9FEAA14AB151213D480C9
:10056000027E10EEF97406120B5A7F1002089512E3
:100570009449A322EEF97F0C0208951289B32274E4
:10058000EA12061074FE120C0989098A0C8B0DEC14
:10059000FEEDFF7510007511007508007418120E3D
:1005A0006312964A80151287611215968B0FE5101B
:1005B0002AF510E511350FF511050812875450463C
:1005C000E50875F006A4F8A9F0E50A28F582E50B20
:1005D00012857BE5102403F510E43511F511A3A372
:1005E000E070D60510E5107002051188828983A39A
:1005F000A3A3A31291218882898360AAA3A3A3E065
:10060000F912158480A6AA10AB111213CE8A0E8B94
:100610000F8A128B13EA451370030287377508009F
:100620008036A821A922881489157814120B4778DE
:100630000E120B478A828B8312876112159C7404F9
:10064000120B5A85218285228312A411E50E28F50A
:100650000EE50F39F50F05081287545078E5087537
:10066000F006A4F8A9F0E50A28F582E50B12A3CA62
:100670001287478A828B83A312873EF01290D5128D
:10068000873EA3F0E50E2403F50E5002050F888285
:100690008983E070C1EA240308E43BF988148915D2
:1006A0008882F583128747A385820E85830F8A820D
:1006B0008B83A3A31296557003028622AC0EAD0F56
:1006C000E8FAE9FB851482851583E0F91215728A30
:1006D0000E8B0F80817812120B477810120B477423
:1006E00020120E63128A9F120B4BE4F50AF50B7869
:1006F0000A120B477422120E63128A9F120B4B745C
:1007000022120E63128A9F120B4B75080078081292
:100710000B4B7508017808120B4BEEFCEFFDAA0C91
:10072000AB0DA909121518740B120B5AE9FEAA1287
:10073000AB131213D480027E10EEF902876F12877A
:10074000422212874CA32212874CF022E0850E82AF
:10075000850F8322850A82850B83E0F8E508C3981C
:100760002212AC5AEEFAEFFBA90922EEF9800574C9
:1007700002120B5A7F0E02089574EC120610890EB5
:10078000EAFEEBFF8C088D097414120E6312886E5A
:1007900075F003A4F512E5F0F513AA12FB1213CEBF
:1007A0008A0A8B0B8A108B11EA451170030288614B
:1007B0007A00802FEA75F003A4F8A9F0E50C28F878
:1007C000E50D39128884E82402F8500109888289ED
:1007D0008312886612888FF0E50A2403F50A500216
:1007E000050B0A850C82850D83E0F8EAC39840C4A6
:1007F000740168700AA3E070067512017513007821
:1008000010120B477812120B47741C120E631288D9
:10081000A7120B4BE4F50AF50B780A120B47741E6E
:10082000120E631288A7120B4B741E120E631288ED
:10083000A7120B4B750A00780A120B4B750A047845
:100840000A120B4BAC08AD09EEFAEFFBA90E12151C
:1008500018740B120B5AE9FEAA10AB111213D480B4
:10086000027E10028574E0850A82850B832212A421
:1008700015880C890D8882F583E022E0850A82853F
:100880000B83A322F988828983A3128866F022123F
:10089000889B850A82850B83A3A322A312833EE053
:1008A00022A3A3A3A3A3A3E0F50A780A22740A1241
:1008B0000B5A7F1202089574EA120610890CEAFEA0
:1008C000EBFF8C0A8D0B751200751300750D00740B
:1008D00016120E6312981A80091289951215841245
:1008E000897812898840F2AA12AB131213CE8A0EAD
:1008F0008B0F8A148B15EA45156078750D00800CF6
:100900001289BB1215728A0E8B0F050D1289884051
:10091000EF7814120B477812120B47741E120E63F5
:10092000128A9F120B4BE4F508F5097808120B4761
:100930007420120E63128A9F120B4B7420120E63E6
:10094000128A9F120B4B7508007808120B4B750822
:100950000A7808120B4BAC0AAD0BEEFAEFFBA90CB0
:10096000121518740B120B5AE9FEAA14AB151213C8
:10097000D480027E1002876B8B0FEA2403F8E435E3
:100980000FF912ABC9050D22850882850983E0F8AD
:10099000E50DC398221289A3A3A3A312AC05A3A3B8
:1009A000E0F922E50D75F005A4F8A9F0E50828F5B1
:1009B00082E50912ABF0A882A983221289A31287CB
:1009C0004C12889C850E82850F83A3F0E82402FADE
:1009D000E439FB8A108B118A82F583128742A3F0D7
:1009E000E50E2403FCE4350FFD888289831289FA21
:1009F000851082851183E0F922A3A3A3A3E0FAA3C3
:100A0000E0FB2274F612061074FE120C09E9FE7463
:100A10000C120E63128A8A128A97128AA5C0E07499
:100A200001120E63D0E0F0A821A922880889097874
:100A300008120B477508027509007808120B4774F5
:100A400016120E63128A9F120B4B7415120E63124C
:100A500009647416120E63128A9F120B4B741612DD
:100A60000E63128A9F120B4B7508007808120B4B0D
:100A700075080B7808120B4BEEF9121518740B124F
:100A80000B5A7402120B5A0291FC128A8E22129691
:100A900065F98882898322E085218285228322E08C
:100AA000F50878082212889C2274F112061074EB63
:100AB000120C09EAFEEBFFC200EE2420F8E43FF935
:100AC000880889098882F583C3E09403A3E0940031
:100AD00050057901028EF2901561EEF0A3EFF074EB
:100AE00002120E63EEF0A3EFF0740E120E63E4F048
:100AF000A3F0740A120E63E4F0A3F0740C120E63F8
:100B0000E4F0A3F0EE2422F8E43FF9880A890B8888
:100B100082F58312A73E7404120E63AA82AB83127D
:100B2000153C8A0C8B0DA80CA90D740A120E63E8F3
:100B3000129C10129894EAC398F8EB99F9850A82EE
:100B4000850B83E028F8A3E039F9740C120E6312C8
:100B50008F557408120E63E090155AF0EE2414F5C8
:100B600008E43FF509850882F583E0F91223F48A49
:100B7000828B83E5824583700C901561E4F0A3F0CD
:100B80007902028EF2128F3A602BEE2404F50AE409
:100B90003FF50BA3120964740B120E63E0FD74069B
:100BA000120E63E05403FC128F2812151274021205
:100BB0000B5AE9700C901561E4F0A3F07903028EF2
:100BC000F2128F28121566E9F50E850A82850B83CD
:100BD000129894EAFCEBFD90155B8004888289836F
:100BE0001296577003028CD78882898312972EC37E
:100BF000EC950CED950D40E488828983A3A3A3A313
:100C0000C3E09CA3E09D40D4E8FCE9FD7404120E0F
:100C100063E05407700D7409120E63E0640B7003F7
:100C2000028CDBE50EA2E64003028CDBEE2419F514
:100C300082E43FF583E06003028CDB7402120E63F2
:100C4000128F116003028CCB7402120E6312965243
:100C500070797C00850882850983E0F912156C742F
:100C600001120E637401F07409120E63128EFA12EF
:100C70000E63E0F50C780C120B4B7407120E631226
:100C80000964750C01780C120B4B7408120E631278
:100C9000A41AF50C780C120B4B7405120BDB880CA4
:100CA000890D780C120B477409120E63128F1F12F4
:100CB0000E63128F05120E6312A7511215307407BE
:100CC000120B5A7C01128F2812156C901561E4F0FA
:100CD000A3F07905028EF27C007D007404120E638D
:100CE000E0F854036003028E09E8540460057E8432
:100CF000028E477409120E63E0F8C3941740030292
:100D00008E05E8F50A750B007402780A120CEA7475
:100D1000E7250AF5827428350BF583E493F874010E
:100D200093F9E8497003028E05850882850983E0FE
:100D3000C0E07410120E63D0E0F0740C120E631257
:100D400098947411120E63128F48740A120E631273
:100D500098947413120E63128F487410120BE38868
:100D600082898312243B8A088B09A808A909740E7A
:100D7000120E63128F55E849604C7409120E63E03D
:100D8000F50875090074027808120CEA74E9250860
:100D9000F58274283509F583E493F8740193F98892
:100DA000828983E582458360127402120BE3122468
:100DB0003B740E120E63129657600B740E120E6384
:100DC0001298941213D47409120E63E0F8605874E8
:100DD00002686053740368604E7405686049740665
:100DE000686044740868603F740C68603A74116805
:100DF00060357413686030741568602B740B68601C
:100E0000267E0080427E82803EEC4D602A8C828D60
:100E100083A3A3128F3A601F7402120BE312243BC8
:100E2000E9FE74FF6E700B901561E4F0A3F0F90217
:100E30008EF274016E70107404120E63E05404603C
:100E4000047E8380027E817402120E63128F117001
:100E50007A7402120E6312965270707404120E634A
:100E6000E0FA541070657401120E63EEF07409120A
:100E70000E63128EFA120E63128A9F120B4B7407C6
:100E8000120E631209647508017808120B4BEA13FD
:100E90001313541F64015401F5087808120B4B74A6
:100EA00005120BDB880889097808120B47740912B0
:100EB0000E63128F1F120E63128F05120E6312A79C
:100EC000511215307407120B5AD200901561E4F0DC
:100ED000A3F0EE70047900801974846EA200700A89
:100EE00050047907800C7906800850047909800243
:100EF00079087415120B5A029729E0852182852200
:100F000083F0740822E02406FAA3E03400FB74099D
:100F100022129665C82415F582E438F583E0221282
:100F2000965D12AC56740922850A82850B8312895C
:100F3000FD850882850983E0F922A3A3A3A3128A71
:100F40008EE582458322A3A3EAF0A3EBF022128F61
:100F50005AA3A3A3A3E81282BF22E0F8A3E0F98575
:100F60000A82850B832274F41206108A088B09EC1E
:100F7000FEEDFF7C067D0079001213268508828530
:100F80000983E054FCF8A3E0F98E828F83E05403D8
:100F9000FAE84A850882850983128F568E828F83EC
:100FA000E0A2E25004D2F08002C2F08508828509F6
:100FB00083E054FBF0A2F0E433F50A750B007402F1
:100FC000780A120CEAE0450A12943BE0A2E3850895
:100FD00082850983E050044408800254F712943B50
:100FE000E0A2E45004D2F08002C2F08508828509B4
:100FF00083E054EFF0A2F0E433F50A7404780A12A7
:101000000CEAE0450A129A83850882850983E05438
:1010100004600912904412905750010F8E828F8302
:10102000E0850882850983A3A3A3A31294448508BD
:1010300082850983A3A3A3A3A3F0EE2402FAE43FCD
:10104000FB0282CA8E828F83E0FAA3E0F9EA850868
:101050008285098322A3A3A3A31282BFEE2402FEEA
:101060002274F71206108A828B83E054038C828DDF
:10107000831290E854041290E154081290E1541045
:10108000F88C828D83E048F0A3AC82AD838A828B9A
:1010900083E0540460181290D5E08C828D83128A0C
:1010A000A58C828D83A3F0EC2402FC50010D8A8272
:1010B0008B83A3A3A3A3E08C828D83F08A828B838E
:1010C000A3A3A3A3A3E08C828D83A3F0EC2402FA54
:1010D000E43DFB801DEA2402F8E43BF98882898321
:1010E00022F88C828D83E048F08A828B83E0221282
:1010F00014EE7F01020895C082C08390155D8004C4
:101100008A828B83129121600C8A828B83A3A3E055
:101110006970ED80047A007B000281FAFD8C828D7B
:10112000831289FDEA4B2274F01206108A088B099B
:10113000ECFEEDFF1215488A0C8B0DEA450D607828
:101140007C0080010C850C82850D83A3A3A3A3A33F
:10115000A3A3E0F8ECC398505FECF50E750F007494
:1011600003780E120CEA850C82850D83A3A3A3A33A
:10117000A3A3A3A3E0250EF8A3E0350FF988828985
:1011800083E493FA740193FBE5086A7003E5096B45
:1011900070B2A3A3E493FA740193FBEE6A7002EFBA
:1011A0006B70A17410120E6312A73E89838882743B
:1011B00008120A647901800279008003120B5A7FB9
:1011C0000802089574F61206101215488A828B835D
:1011D000E5824583600512989180047A007B008047
:1011E0001B74F61206101215488A828B83E582451D
:1011F00083600512988F80047A007B007F020208CA
:101200009574F712061090155FE0FEA3E0800A8E39
:10121000828F8312A73EECFEEDFFEE4F604A8E8276
:101220008F83A3A3E06970E778008001088E828F26
:1012300083A3A3A3E0FCE8C39C50D4E875F003A407
:10124000FC85F008AD088E828F83A3A3A3A3E02CB6
:10125000FCA3E03DFD8C828D83E06A7003A3E06B0C
:1012600070CAECFAEDFB80047A007B000290F27405
:10127000F61206101215608A828B83E58245836020
:1012800006A3A3E0F9800279000291FC74F612062D
:1012900010ECFF1215608A088B09A808A909E84913
:1012A0006015E82402F582E439F583EF6005E0D2A9
:1012B000E68003E0C2E6F00291FC74F0120610EA48
:1012C000FEEBFFECFAEDFBEE4F7003029433EA24E1
:1012D00002F508E43BF5098A828B83A3AC82AD83D7
:1012E0008E0C8F0D750E00E9120A14044142FE9314
:1012F00043441094E0E2C993E8E97C9325086E9397
:10130000097C930A8B930BC993106E93186E9319F3
:101310007C931A8B931BC9931CDA931DE3931EECE9
:10132000931FF593206E93217C93228B9323C99373
:1013300024DA9325E39326EC9327F593286E9329DB
:101340007C932A8B932BC9932CDA932DE3932EEC69
:10135000932FF593306E93317C93387C9339C993F6
:101360003AF593EAC993F0F593F1229433948E827F
:101370008F83129436ECFAEDFB0294331294418C75
:10138000828D83F00A0AAB090294338E828F8378B0
:101390000C120E0C8A828B83E50C12943B780C1293
:1013A0000E0CE50D8C828D8312943B780C120E0C82
:1013B0007410780C120BAA850882850983E50CF05D
:1013C000EA2403FA506D0B806A8E828F83120960C3
:1013D0001213A47404120B5A8059780C120B437C1C
:1013E000058046780C120B437C06803D780C120B6E
:1013F000437C078034780C120B437C08802B780CDC
:10140000120B438E828F83E02401FCE43400800FB2
:10141000780C120B438E828F83129560FCE439FDA9
:101420008009780C120B437C107D0012131A740390
:10143000120B5A0291BF129454F022F08E828F83C5
:1014400022129450129449E022F08E828F83A322BC
:101450008E828F83E08A828B8322C082C083E912CE
:101460000A1403202F7294383A7294E0E2729400C6
:1014700076947901800279000281FAE924F8607893
:1014800014607914607A14607B24FB606B24F8602C
:101490006714606814606914606A24FB605A146001
:1014A0005B14605C14605D14605E14605F146060C7
:1014B0001460611460421460431460441460451465
:1014C000604614604714604814604914602A146030
:1014D0002B24F9602714602C146039245A602514D9
:1014E000602214601F24FA60131460101460152425
:1014F000FA60211460228024790180227902801E02
:101500007903801A79048016790580127906800E95
:101510007907800A79088006791080027900020B29
:101520000A74F7120610E9FE74446E600574436E87
:10153000700C8A828B83129560FAE43980157442AC
:101540006E600574416E700E8A828B83E02401FA0E
:10155000E43400FB800712157EE9FA7B000290F26A
:10156000E0FCA3E0F9EC24022274F1120610EAFE7A
:10157000EBFFEC2406F8E43DF9880889098882F538
:101580008312912170047901803A8C828D83A3A308
:10159000A3A3E0F91215848A0A8B0B129804120B8C
:1015A00043AC0AAD0BEEFAEFFB12131A7403120BE5
:1015B0005A740F120E63128F3E6007E50AF0A3E51E
:1015C0000BF0790002972974F012061074F8120CCF
:1015D00009890C8A088B09ECFEEDFFA821A9228855
:1015E0000A890B780A120B47A90C12154E740212C5
:1015F0000B5AE970047901804C7418120E6312A41E
:101600002F741A120E6312964A7406120E63129603
:1016100057780A6016120B477402120BEBAA0EAB36
:101620000F12158A7402120B5A801A120B47780E89
:10163000120B47EEFCEFFDAA08AB09A90C12159C92
:101640007404120B5A74080291BCE0F50AA3E0F589
:101650000B2212965DA3A312A415E84922129665E7
:10166000F583888222E0F8A3E02274F01206107459
:10167000FE120C098A0A8B0BECFEEDFF8521828598
:101680002283E4F0A3F01215548A088B09EA450975
:10169000602FA821A922880E890F780E120B47E42B
:1016A000F50EF50F780E120B477900EEFCEFFDAA50
:1016B0000AAB0B85088285098312243B7404120B44
:1016C0005A85218285228312989474020291BC74F7
:1016D000F11206108A088B09ECFEEDFF1215548AF0
:1016E0000A8B0B7411120E63129730E50C450D60D6
:1016F0000A850C82850D83E4F0A3F0EA450B602790
:10170000780C120B477411120E631209647901EE02
:10171000FCEFFDAA08AB09850A82850B8312243BE6
:101720007404120B5A800279C17F07020895A3A3A3
:10173000E0F50CA3E0F50D2274F2120610EAFEEBC0
:10174000FF8C088D098C828D83A3A3A3A3A3E0A2A1
:10175000E4501C12155A8A828B83E5824583600F00
:101760007901AC08AD09EEFAEFFB12243B80027957
:101770000002988A74F1120610ECFEEDFF8E828F43
:1017800083A3A3A3A3A3E0A2E150711215B4E9F5CA
:101790000A706C740F120E6312981A9015581296F4
:1017A000576013AC08AD09EEFAEFFBE0F5838882D1
:1017B00012243BE96041E5082403F8E43509F9887F
:1017C0000889098882F5831298948E828F83A3A357
:1017D000A3A3E0F91215848A0C8B0DAC0CAD0D128D
:1017E0009804120B438E828F83A312988F12131AC0
:1017F0007403120B5A8008750A878003750A88A93A
:101800000A029729850882850983E0F508A3E08507
:10181000080CF50D750E00780C22E0F508A3E0F534
:10182000092274F21206108908ECFEEDFF8E828FF9
:1018300083A3A3A3A3A3E0A2E1504D1215B4E9F939
:101840007048A9081215548A0A8B0BEA450B6034BC
:10185000E4F50CF50D780C120B477410120E6312A0
:10186000096479028E828F8312A73C8E828F831245
:101870009894850A82850B8312243B7404120B5AB8
:10188000E9F9800679C1800279887F06020895A36C
:10189000A3A3A3A31289FD2274F2120610EAFEEBA1
:1018A000FF8C088D098C828D83A3A3A3A3A3E0A240
:1018B000E5501C12155A8A828B83E5824583600F9E
:1018C0007902AC08AD09EEFAEFFB12243B800279F5
:1018D0000080B774F4120610129F888A828B83A34B
:1018E000858208858309129C8D1213CEEA4B6050C5
:1018F000850882850983129665C313E8138A828B53
:1019000083F07C00802F8E828F83E0F508A3E0F8BF
:10191000E4C8F9E50828E439F509EC129943EA2806
:10192000F582EB12ABF0E508F0A3E509F0EE240236
:10193000FE50010F0C8A828B83E0F8ECC39840C6FE
:101940000282CA25E0F8E433F92274EB1206101281
:101950009BB412A749751300750E00750F008049DE
:1019600005138E828F83A3A3E0F8EE2403FE5001BB
:101970000FE870358E828F83E0F9A3AE82AF83EEDD
:10198000FAEFFB1215848A088B09EE2AFEEF35095F
:10199000FFEAA2E0500705080470020509E50E25DC
:1019A00008F50EE50F3509F50F129BF9EE98EF9942
:1019B00040AE75F006E513A404F508129BAC1213B3
:1019C000CE8A0A8B0BEA450B7003029A7A850C8249
:1019D000850D8312A74BA808EA28129BD0029A70A3
:1019E000E51475F006129BC68E828F83129BECF075
:1019F000A3E912856FE0F8850E82850F83A3A3F01B
:101A0000EE2403FE50010FE870648E828F83129BD8
:101A1000E1A3129A83EEFAEFFB1215848A088B0970
:101A20008E108F117512007810120B43AC08AD099F
:101A3000AA0CAB0D12131A7403120B5A850E828571
:101A40000F83A3A3A3A3E50CF0A3E50DF0EE2508F7
:101A5000FEEF3509FFE508A2E05007050804700213
:101A60000509E50C2508F50CE50D3509F50D0514FE
:101A7000E514C3951350030299E0AA0AAB0B7F0D3E
:101A8000020895129A8722129449AE82AF8322747B
:101A9000EB120610129BB4F58312981A7513007599
:101AA0000E00750F0080420513850882850983A307
:101AB000A3E0F9E5082403F50850020509FAAB098B
:101AC0001215848A108B11AE10AF11E5082AF508A3
:101AD000E5093FF509EEA2E050050E0470010FE59F
:101AE0000E2EF50EE50F3FF50F129BF9E50898E570
:101AF000099940B375F005E513A404FE129BAC12DE
:101B000013CE8A0A8B0BEA450B7003029BA9850C46
:101B100082850D8312981AEA2E129BD0029B9FE5B4
:101B20001475F005129BC6850882850983129BEC0B
:101B3000129C10A3A3129BE1F0E5082403F50850C2
:101B4000020509FAAB091215848A108B11AE10AF89
:101B5000118508108509117512007810120B43EEDB
:101B6000FCEFFDAA0CAB0D12131A7403120B5A856D
:101B70000E82850F83A3A3A3E50CF0A3E50DF0E58A
:101B8000082EF508E5093FF509EEA2E050050E0420
:101B900070010FE50C2EF50CE50D3FF50D0514E574
:101BA00014C395135003029B1F029A7A250EFAE480
:101BB000350FFB228A0A8B0BEA2403F50CE4350B64
:101BC000F50D850C8222129ECD85820E85830F2213
:101BD000F50CE43BF50D8A828B83E513F075140058
:101BE00022E0F9850E82850F83A3A322E0FAA3E009
:101BF000F9EA850E82850F8322850A82850B83A3ED
:101C000012A774129C0722E028F8A3E039F9C32236
:101C10001282BF8508828509832274F0120610EAB9
:101C20002403F8E43B12A742750C008A828B83A33D
:101C300085820A85830B129C8D1213CEEA4B604A73
:101C4000850A82850B83E064017002A3E07029128B
:101C50009450A3F0750C01802AE50C129C97F50EA8
:101C6000A3E0FDE50E88828983A3A3F0A3EDF00530
:101C70000CEE2402FE50010F850A82850B83129E12
:101C8000F340D68A828B83E50CF00291BFE02401F9
:101C9000FAA3E03400FB2275F003A4F8A9F0EA28C7
:101CA000F8EB39F98E828F83E088828983A3129AB8
:101CB00087E02274EA12061074FE120C098A0A8B5D
:101CC0000BEA2403F8E4350B12A742750E00750CDD
:101CD00000750D008007EE2405FE50010F850A8275
:101CE000850B83A3129EF35039050E8E828F83E0FD
:101CF00070E4A3A3A3E0F50FEE2408FE50010FA9A2
:101D00000F121578E96010A90F12157E129EDC5093
:101D10000108129EE880C68E828F83A3AE82AF83B5
:101D200080BB75F00CE50EA404F50F250CFAE43524
:101D30000DFB1213CE8A0A8B0BEA450B7003029E31
:101D4000C685088285098312A74BA80FEA28F50CDF
:101D5000E43BF50D8A828B83E50EF0750F00801E43
:101D600088828983E0F9EC850882850983A3A3A38F
:101D7000A3A3A3A3A3128F560E0EEBFF050FE50F2F
:101D8000C3950E4003029EC6E50F75F00C129ECD62
:101D90008582088583097C0C7D007900AA08AB093F
:101DA0001213268E828F83E0FD85088285098312B7
:101DB0009CAE12904912905850010F2402FAE43F51
:101DC000FB8E828F83A3A882A9838E828F83E0FCFF
:101DD000ED708DE5082403F510E43509F511EC8567
:101DE0001082851183F00EE9FF8E828F83E0F51259
:101DF0008A828B83E0F9E512850882850983129037
:101E00005550010F129044A3A312905550010FECAE
:101E1000F9121578E97003029D7C8E128F13AA0CBB
:101E2000AB0D851082851183E0F91215848521821E
:101E30008522837401F0A3E4F0852182852283E06A
:101E4000600C75140175150078007900803A7514DE
:101E5000FF7515FFEA24FFF8EB34FF802A85128214
:101E6000851383E0C0E0E50C28F582E50D39F583A4
:101E7000D0E0F0851282851383A3858212858313B7
:101E8000E82514F8E93515F9EAFCEBFDEC24FF1A16
:101E9000ED34FFFBEC4D70C5850882850983A3A353
:101EA000A3A3A3A3A3A3A3A3E50CF0A3E50DF0852F
:101EB0001082851183E0F912157E129EDC50010814
:101EC000129EE8029D7CAA0AAB0B02876FA4F8A9B8
:101ED000F0E50A28F582E50B12ABF022E9F8EE29CD
:101EE000FEE43FFFE8A2E022E50C28F50CE4350D06
:101EF000F50D2212A415850882850983129C07EE30
:101F000098EF992274F41206108A828B83A3A3A3FC
:101F100012A74B8A828B83A312A4117A037B00122F
:101F2000042EE8F50875F00312A3C01213CEEA4B95
:101F300060348A828B83E508F0750800801FE5080D
:101F4000129C97F50AA3E0FDE50A88828983A3A382
:101F5000F0A3EDF0EE2402FE50010F05088A828BFB
:101F60008312875A40D80282CA74F6120610129F52
:101F7000887A027B001213CEEA4B60091294418AE0
:101F8000828B83A3F00291FC8A828B83A3A3A3128A
:101F9000A415E8FEE9FF2274E212061074F0120C98
:101FA000098A088B09EA240CF582E43509F58312C5
:101FB000A42FEA2406F51CE43509F51DEA2402F5F0
:101FC0001AE43509F51B850E82850F83E0F8C3946A
:101FD00006E875F006400302A06B12A3C01213CEF0
:101FE0008A128B13EA4513700302A2C112A3FE806A
:101FF0000A850C82850D837486F00E850E82850F0E
:1020000083E0F8EEC398400302A19F12A481120B53
:102010004712A46512154E7402120B5AE96401703E
:10202000D07405120E63E0A2E6400F12A437120E20
:1020300063E0A2E720F001B350B7A2E0502312A45E
:10204000431215A2E9F8850C82850D83F070AB74FC
:1020500006120E63128F4E7404120E6312A42980AE
:1020600098850C82850D83748F808EA4A9F024013D
:10207000F50AE439F50B7E008078850882850983AE
:1020800012A411880C890D7408120BDB88108911B9
:102090007810120B47EE129943E50E28F582E50FF2
:1020A00039F58312A73D850C82850D83129890E542
:1020B0000C12A3EB350DF583E0F912154E740212E4
:1020C0000B5AE96021740E120E631291216017748D
:1020D0000C120E63E0F91215848B0DE50A2AF50A3D
:1020E000E50B350DF50BE50A2403F50AE4350BF590
:1020F0000B0E850E82850F83E0F8EEC39850030225
:10210000A07AC3E50A946FE50B9400E8400302A1AE
:10211000FF12A3BD1213CE8A128B13EA451370036C
:1021200002A2C112A3FE800A850C82850D837486EB
:10213000F00E850E82850F83E0F8EEC39850601292
:10214000A481120B4712A46512154E7402120B5A89
:10215000E9640170D37405120E63E0A2E6400F1229
:10216000A437120E63E0A2E720F001B350BAA2E058
:10217000502312A4431215A2E9F8850C82850D8321
:10218000F070AE7406120E63128F4E7404120E635A
:1021900012A429809B850C82850D83748F80918584
:1021A000088285098312A72E851C82851D83128AC9
:1021B0009F120B4B7508017808120B4B851A82850C
:1021C0001B8312A41AF5087808120B4B7812120B15
:1021D0004785108285118312A73AE51012ABC435EA
:1021E00011FBE51012A3EB3511F583E0F912151E72
:1021F0007405120B5AAA12AB131213D402A3B179AD
:10220000002403F85001097A047B00120426E8F543
:102210000D7E00805E850882850983E0F512A3E0CB
:10222000F513851C82851D831288A7120B4B750A36
:1022300001780A120B4B851A82851B8312A75D1247
:102240000B4B7810120B4785128285138312A73A25
:10225000E51212ABC43513FBE51212A3EB3513F5EF
:1022600083E0F912151E7405120B5AAA10AB111255
:1022700013D40EEEC3950D400302A3B1EE333354D5
:10228000FCF50A850E82850F83E0FA7900E50A24C1
:1022900004F8500109EAFCC3E89CE99400A2D26565
:1022A000D0335005E8F50B80028A0BE50BC3950A85
:1022B000F50C12A3BD1213CE8A108B11EA451170D2
:1022C00005790002A3B38A828B83E50CF07F00803E
:1022D0000A8516828517837486F00FEFC3950C402C
:1022E0000302A215E50A2FFAEF75F00612A3D6EA4B
:1022F0002AF8E433F9E50E28F582E50F12A3CA1295
:10230000AC1D128F55E5142402F516E43515F517AA
:10231000850882850983E0F512A3E0F5137408129D
:102320000BDB881889197818120B478A828B831265
:10233000AC3E12154E7402120B5AE964017092748D
:102340000D120E63E0A2E6401A851A82851B8312E5
:10235000A71D740D120E63E0A2E720F001B3400345
:1023600002A2D1A2E0503F85088285098312A41100
:102370007408120BEB12A3F51215A2E9F885168268
:10238000851783F0600302A2DA740E120E6312AC9A
:102390001D128F51740C120E63E085148285158313
:1023A000A3A3A302A2D9851682851783748F02A2E4
:1023B000D979017410120B5A7F1602089575F00630
:1023C000A4A9F02401FAE439FB2212A3CE2212AB15
:1023D000F0AA82AB8322A4F8A9F0E51028F582E5E3
:1023E0001112ABF08582148583152212A3EF2224EB
:1023F00014F582E42212ABC339FB12A45922850ED4
:1024000082850F83129454F07E0022850C82850D04
:102410008312A41522129665F92212A41E22E0133B
:102420001313541F640154012212887BA3A322E0DA
:10243000F50EA3E0F50F22851A82851B8312A721D2
:1024400074052285088285098312A415AC21AD226A
:1024500012ABC339FB12A45922E82414F582E439E3
:10246000F583E0F9228A828B8312AC5A851082852B
:1024700011831289F9E51012A3EF3511F583E0F904
:1024800022EEF875F006A4FAABF0E5122AF582E523
:10249000133BF583A385820A85830BE828F8E43390
:1024A000F9E50E28F582E50F12A3CE128F5A12829B
:1024B000BEE50A2402F50CE4350BF50D850882858E
:1024C000098312A732A821A9228814891578142219
:1024D00074E612061074F6120C098A0A8B0BC200FD
:1024E0007E00EA240CF582E4350B12A72C8A828B3D
:1024F00083A3A3A3A3A3A3A3E06402701C851082FB
:1025000085118312AC0F1213CE8A088B09EA450994
:102510007005790002A628D2007F00E50A2402F5A2
:1025200012E4350BF5138010A200500B850E828546
:102530000F83748612A7650F851082851183E0F8DA
:10254000EFC398400302A5D512ABDD8582168583C3
:1025500017EE75F003A4F8A9F0E50828F582E5095F
:1025600039F583E5822402F50CE43583F50DA38566
:10257000820E85830F850A82850B8312A41188142D
:1025800089157402120BDB881889197818120B4709
:1025900085168285178312A73E85148285158312BE
:1025A000989012A71112154E7402120B5AE970037B
:1025B00002A52885128285138312A71D7407120EA7
:1025C00063E0A2E720F001B34061850E82850F83AE
:1025D000748612A765A200504DEE85088285098396
:1025E000F0700312AC60850A82850B8312A74B85BD
:1025F0000A82850B831288A1120B4B750A01780A97
:10260000120B4B85128285138312A75D120B4B7838
:1026100008120B4712AC271215247405120B5AAA84
:1026200008AB091213D479010288AD85168285178B
:1026300083A3A3E0F87406120E63E068600302A6A9
:10264000F7850A82850B83E0F514A3E0F51574087D
:10265000120E63129657606D851482851583A3A3AD
:10266000A3A3E064037002A3E07048851682851777
:1026700083129657703D851682851783A312972E75
:10268000750E00780C120B437C027D007403120B54
:10269000E312131A7403120B5A850A82850B83E026
:1026A000F812A7518521828522831298941223B8AB
:1026B00002A5377816120B477404120BEB12A70908
:1026C0001215A88017851682851783A3A3A3120964
:1026D000647404120BEB12A7091215AE7402120BEC
:1026E0005AE9A200400302A537700302A537850E00
:1026F00082850F8302A534A200400302A537850E10
:1027000082850F83748D02A534E51412ABC4351590
:10271000FBE51412A3EF3515F583E0F92212A7218A
:1027200022E0131313541FA2E092F022F58312A7A4
:102730003222E0F510A3E0F51122A3A3A3A312AC6B
:102740005A22F9880889098882F583E0FEA3E0FF10
:1027500022A3E0C812A3EF38F583E0F92212A41EE9
:10276000F50A780A22F085168285178312A774125B
:1027700082BE0E22129665F9850C82850D83227425
:10278000EC12061074F8120C09EAFEEBFF8C0E8DA9
:102790000F750C00741C120E6312981A80328E8210
:1027A0008F8312964A8A108B117810120B4774028D
:1027B000120BEBE50A12ABC4350BFBE50A12A3EBD7
:1027C000350BF583E0F91215AE7402120B5A050CA5
:1027D000C3E50C9508E49509400302A86EE50C7565
:1027E000F005A4F8A9F0E50E28F50AE50F39F50B78
:1027F0008E828F8312A41188108911A821A92288A2
:102800001289137812120B47850A82850B8312A452
:102810006912154E7402120B5AE96052E50A24033C
:10282000F8E4350BF9881089118882F583129894A1
:102830007406120E6312964AE50A450B700302A74E
:102840009E7404120E63E0F91215848A128B13AC85
:1028500012AD1385108285118312A876120B43AA3C
:102860000AAB0B12131A7403120B5A02A7CE740888
:10287000120B5A02857612A7327512007810227454
:10288000E612061074F6120C098A0C8B0D750E00F8
:10289000750F007E00EA240CF582E4350D12A72C9A
:1028A000851082F58312AC0F1213CE8A088B09EAC9
:1028B0004509700302A9827F00804212A40B850A99
:1028C00082850B8312A73E8882898312989012A377
:1028D000FA121596852182852283128F48852182DE
:1028E000852283E0A2E0500312ABD48521828522A9
:1028F00083E0250EF50EA3E0350FF50F0F8510824E
:10290000851183E0F8EFC398505012ABDD85820A41
:1029100085830B12A40B881289137402120BDB88B7
:102920001489157814120B47850A82850B8312AC23
:102930003E12154E7402120B5AE9704B85088285BF
:102940000983A37486F0850A82850B8312A41185FE
:102950000882850983128F537E01EE8508828509DE
:1029600083F0600302AB7C75F005A4FF129BAC12F0
:1029700013CE8A0A8B0BEA450B705CAA08AB0912CE
:1029800013D4790002ABC07406120E63128F5DA3DC
:10299000A3E069600B850882850983A3748D80A5F7
:1029A0007407120E63E0A2E1400B8508828509835B
:1029B000A374888090A2E5500B850882850983A3C3
:1029C000747E80817408120E63129121700302A834
:1029D000BB12158402A8D4EA2FF512E43BF5137F4D
:1029E00000801B852182852283E0A2E0500312AB88
:1029F000D485218285228312A41112ABC90F8510C0
:102A000082851183E0F8EFC398400302AB68EF754D
:102A1000F00512A3D6E50A28F50EE50B39F50F12DD
:102A2000A40B881689177402120BDB881889197891
:102A300018120B4785148285158312A73E851682CE
:102A4000851783129890E51612A3EB3517F583E0EE
:102A5000F912154E7402120B5AE9700302AB688525
:102A6000148285158312A411850E82850F83128F1F
:102A700055850E82850F83A3A3A3E512F0A3E5136A
:102A8000F07408120E631296576041A821A922889B
:102A90000E890F780E120B477404120BEBAA12ABBF
:102AA0001312158A7402120B5A850C82850D83123B
:102AB000A42F7814120B477404120BEBE50E12AB23
:102AC000C4350FFB12ABF51215A8805012A40B8869
:102AD0000E890FA821A922881689177816120B478C
:102AE0007812120B4785148285158312A73E850E36
:102AF00082850F8312989012ABF512159C74041204
:102B00000B5A850C82850D8312AC1DA3A3A3120959
:102B1000647404120BEB12A3F51215AE7402120BBF
:102B20005AE9FAEA700302A9E3EE75F003A4F8A9E2
:102B3000F0E50828F8E50939F9EA88828983A3F0E5
:102B400085148285158312AC01128F460EEFF50EA7
:102B5000750F00780E120B47AC0AAD0BAA0CAB0D2B
:102B60001215F07402120B5AEE850882850983F063
:102B7000700312AC60AA0AAB0B1213D4850C8285C9
:102B80000D8312A74B850C82850D831288A1120B31
:102B90004B750A01780A120B4B850C82850D83A3B5
:102BA000A312A75D120B4B7808120B4712AC271229
:102BB00015247405120B5AAA08AB091213D4790113
:102BC0000288ADE82406FAE422E51228F512E5139E
:102BD00039F513222401F0A3E03400F022EF75F060
:102BE00005A4F8A9F0E51028F582E51112ABF02252
:102BF00039F583A322E50E12A3EF350FF583E0F933
:102C00002212AC0522E0FAA3E0FB8882898322E04D
:102C100075F003A4A9F02401FAE439FB2212A415EB
:102C2000851482851583228E828F8312AC56EE1214
:102C3000ABC43FFBEE12A3EF3FF583E0F92212ACE9
:102C40005A8512828513831289F9E51212A3EF3592
:102C500013F583E0F922A3A3A3A3E0FCA3E0FD22E4
:102C6000A3E4F085088285098304F022C082C08332
:102C70007900EA12C4C43BF583C082C0839016C0B9
:102C800012CA00D083D082C3E09CA3E09D500D12F5
:102C9000CE4FFAA3E012AD856002790102C39274AF
:102CA000F7120610890812C67012B007ACF075F062
:102CB0000BE9A42CF99016C2E028FEA3E039FF74BA
:102CC00001650860067402650870228A828B83128F
:102CD000B1E874026508701DEA2403FA50010B1272
:102CE0001A0AE970108E828F83E4F08008EA12B22B
:102CF000C13B12ACFF8E828F8312AD7A02C384FD7A
:102D0000EE2403FAE43FFB121A042274F4120610B4
:102D10008A088B09EA12B0C28A828B83E0604D7EFA
:102D2000007F00804212AD82703812B157F50AA3BD
:102D3000E039F50B850882850983E0850A82850BD9
:102D40008312B66612B17FF012B2BF350912AD6FB1
:102D5000121A0412B0B9850A82850B8312AD7A1259
:102D6000B1740EEE70010F12B0AD40B902B600FDA5
:102D7000E50A2403FAE4350BFB22E0D2E7F0121750
:102D80003A22EEFAEFFBEA75F00BA4FAA8F075F020
:102D90000BEBA428FB9016C2E02AF8A3E03B888244
:102DA000F583E0540F2274F51206108A088B09751A
:102DB0000A01740B120E6312B179EC4D6016EC121D
:102DC000C4C43D12C5A612AE3979011219E6EE4F00
:102DD0006064801FEE4F603A12B1F112AE39EE24FA
:102DE00003FAE43F12B1E07019AA08AB091219EC1A
:102DF000E9F50A8E828F8312D1B17902EEFAEFFBE8
:102E0000800B12B1D4702F7903AA08AB091219E60E
:102E100080248A828B83A3E064FE7003A3E0F470B5
:102E200006EA12B1D6700CAA08AB091219ECE9F542
:102E30000A8003750A0002B466EA12C4C835091292
:102E4000B5F32274F71206109016C012BD0EEA4BAD
:102E5000602CEA75F00BA4FAA8F075F00BEBA4282F
:102E6000FBEAFEEBFF1213CE9016C212BD0EF9EA7A
:102E7000496012EEFCEFFD790012132680079016D0
:102E8000C2E4F0A3F002C384C082C0839016C212D1
:102E9000C5AC60139016C212CC5D9016C0E4F0A3CE
:102EA000F09016C2F0A3F002C392C082C083EC4D32
:102EB00060051214D080097C087D00790012132669
:102EC00002C392C082C0837900EA4B60197800E89F
:102ED000FCEA2CF582E412CA26600479017808081D
:102EE000E8C3940840E902C392C082C0837901EC30
:102EF0006A7002ED6B6011EA4B600BEC4D600712DB
:102F000014CAE9F98002790002C39274F71206101C
:102F100074F3120C09ECFEEDFF852182852283E417
:102F2000F004120E6312BD0EAA21AB22121A2E74E7
:102F300003120E63AC82AD83EEFAEFFB121A04EEBD
:102F4000FAEFFB121A0A02C37F74F712061074F329
:102F5000120C09ECFEEDFF852182852283E4F0EA64
:102F6000FCEBFD7403120E6312B2B07401120E6317
:102F700012C5A88E828F8312C5A174FE6870037477
:102F8000FF69600479018002790002C37F74F7123F
:102F90000610EAFEEBFF12AFE8701112AFF2F4FA7E
:102FA00088828983E05A4480F012173A02B5577438
:102FB000F7120610EAFEEBFF7508008A82F583E03F
:102FC000602312AFE8701E12AFF2FA88828983E0A4
:102FD0005A70128E828F83E04480FA88828983E05F
:102FE0004AF012173A02B5571219E0E9F5087401D0
:102FF000692212C358F812B00712B165F8A3E0397C
:10300000F98E828F83E022A3E0F9E875F00BA4F833
:103010002274F41206108A088B097C007D00EA12E3
:10302000B0A2E50812B0C2850882850983A3E064D6
:10303000FE7003A3E0F460677E007F00805C12AD49
:10304000826052EEFAEFFBEA75F00BA4FAA8F07575
:10305000F00BEBA428FB9016C2E02AF50AA3E03B94
:10306000F50B85088285098312CEC5850A82850BFA
:1030700083A3E06A7003A3E06B701AE50A12B150F3
:10308000700DE50A12B2C1350BFDE50812B0A212AF
:10309000B0B912B1740EEE70010F12B0AD409F02C4
:1030A000B6002403FAE43509FB121A04229016C074
:1030B00012C93EC3EE9AEF9B2212B0CEEEF0A3EF00
:1030C000F02212B0D074FEF0A304F0790022E508DB
:1030D00012C4CC3509F5832274F21206108A0A8BC9
:1030E0000B8A828B8312D1B1EA12C8BB12D1B2759E
:1030F0000800EA12B15070537E007F00804812B180
:1031000057FAA3E0398A82F583E0540F603312B195
:1031100057F50CA3E039F50DE50C12B2C1350D12CF
:10312000AD6F1214CAE964017017850C82850D8396
:1031300012B17F12C8B8EEF0A3EFF075080112B11A
:10314000760EEE70010F12B37940B3A90802B803EE
:1031500012AD7212B1E122EEF8EFF912B15F22E87E
:1031600075F00BA4F8AAF075F00BE9A42AF99016F3
:10317000C2E0282279019016C0E0FEA3E0FF22A35E
:1031800012B1FB850A82850B83A3E8F0A3E92274C0
:10319000F5120610EAFEEBFF8A82F58312D1B17CAC
:1031A000007D00EA12AD01EEFAEFFB1219E0E9F53D
:1031B0000A740169701B12B1F112B314850882F50B
:1031C0008312B1E812B1D4700812B2BF350912AC43
:1031D000FF02B466E5082403FAE4350912B1E022DF
:1031E000FB121A0AE9640122A312CA1712B5F522CA
:1031F000F0EE12C36612B1F922F583E0F8A3E0F90C
:103200002274F212061074E6120C09EAFEEBFF12A9
:10321000B55C12D1B2750801750A00750B00750C0A
:1032200000750D00852182852283E4F0EA12B2C187
:103230003FFD7403120E6312B2B0E9640170227490
:103240000B120E6312CE2812B5EB7401120E63122C
:10325000CA117003A3E0696049A821A922880A89DC
:103260000B740D120E6312B2C612C5A8740E120EA4
:103270006312C5A1740D120BE3121A2EE9640170DA
:1032800009740D120BDB880C890D780C120B47ACFE
:103290000AAD0BEEFAEFFB1219F27402120B5AE9A7
:1032A000F508EEFAEFFB121A28A908741A02B80002
:1032B000AA82AB83121A04AA21AB22121A3422E585
:1032C000082403FCE422E412BF98A32274F6120639
:1032D000107E007F008035EEF8EFF912B314780805
:1032E000120B4775080B7509007808120B47EEFCA6
:1032F000EFFDEC75F00BA4FC75F00BEDA42AFD7A44
:103300002312B4D8120B5A0EEE70010F12B379408B
:10331000C602B46112B15FF508A3E039F509227461
:10332000F61206107E007F00804712B157F8A3E026
:10333000398882F583E0A2E75032C2E7F08582083F
:103340008583097808120B4775080B750900780802
:10335000120B47EEFCEFFDEC75F00BA4FC75F00BC7
:10336000EDA42AFD7A2312B4CB120B5A0EEE700193
:103370000F12B37940B402B4619016C012B1FBC30E
:10338000EE98EF992274F6120610E4F508F5097824
:1033900008120B479016C012B4D375F00BA4FCA80A
:1033A000F075F00BEDA428FD7A2312B4B7120B5A76
:1033B000E9FE74096E7003121A58EEF902B46174D2
:1033C000F612061074FF120C097E007F008038850B
:1033D0002182852283E412B4BF120B477508017560
:1033E00009007808120B47EEFCEFFDEC75F00BA41A
:1033F000FCA8F075F00BEDA428FD7A2312B4CB12D3
:103400000B5A0EEE70010F12B37940C3740102B46F
:103410005E74F7120610E9FCEAFD7B007A0080106A
:10342000EA12B4B29C4008E0F8EDC39840010B0AE0
:1034300012CC2B40EBEBFA7B0002C38475F01CA48A
:10344000F8A9F0740D28F582740639F583E022EAB4
:103450002413F582E42212B1FB8A828B8322120BA1
:103460005A7F02020895A90A7F03020895902A85CF
:10347000E493F8ECC39822E0F50AA3E0F50B22C030
:1034800082C0837C008009EA24FF1AEB34FFFB0C26
:1034900012B46D5016EC12B4B2940550F2EA4B70AF
:1034A000E6740928FA740639FB80047A007B00026E
:1034B000C39212B43CC3227B00121446740222F061
:1034C000A821A922880889097808227B00121452B1
:1034D00074042212D0B7EC227B0012145874042218
:1034E000E50A2402FCE4350BFD22020B0A74F712F4
:1034F0000610EAFEEBFF90173CE06408601AE064F7
:103500000460158A828B83E054036401703F12B516
:103510005C12C937640670358A828B83A3A3E0648A
:10352000FE7003A3E0F460258A828B83A3A312CCF0
:10353000647003A3E0697008EA241512C9E5600508
:10354000121E848003121E8AE9F50880037508C2E2
:10355000EEFAEFFB1213D4A90802C384EA12B56194
:103560002212B56522240BF582E43FF5832274F420
:103570001206108A088B0912CE24FAE82AFAE434DB
:1035800000FB1213CE8A0A8B0BAE0AAF0BEA4F6018
:1035900054850882850983E0FC7D0079001213269A
:1035A0008E828F83A312D1B1121EBA8E828F8312A4
:1035B000BD0A850882850983E0F8EE28F8E43F1209
:1035C000B5EB850882850983A3E0C0E012CC21D049
:1035D000E0F0121ECC12CC17E912CE2DE0C0E012A2
:1035E000BACBD0E0F0EEFAEFFB8015F912C365120A
:1035F000B5F322F583E8F0A3E9F0227418120B5A10
:103600007F0402089574F412061074E8120C098AFB
:10361000088B098C0A8D0BE9FE90173CE06404606E
:1036200005E06408700479C2803AA37808120DFDA1
:10363000E990174312B67685218285228378081295
:103640000DFD7405120E63EEF07404120E63740126
:10365000F07407120E63E4F090173C7402F09016B9
:10366000AA12B66E8095F085088285098322E4123D
:10367000BDC412198622F07C187D007900AA21AB06
:103680002212132622C082C0839016C412C5AC60D9
:103690000D9016C412CC5D9016C4E4F0A3F0121E77
:1036A0000602C39274F012061074E8120C098A0A1A
:1036B0008B0B8C088D09890C7E007F00742F120EF5
:1036C00063E060267430120E6312C5A8800B1213DB
:1036D000328A0E8B0FA80EA90FC3E894F8E994FF65
:1036E00050ECE84960E8E8FEE9FF742C120E63E054
:1036F000FC742D120E63E0FD740F6C7005740F6D79
:10370000601290193EE064026005ECC39D5005799B
:10371000C102B7FB7428120E63120E4090173D12BF
:103720000E4CE50C901743F0EC901741F0EDA3F030
:10373000742E120E63E0901744F074FF650A700453
:1037400074FF650B7024901956E0F47003A3E0F445
:10375000700C12133290173AEAF0A3EB801590190F
:103760005612CE7BE8F0A3E9800990173AE50AF0FB
:10377000A3E50BF0E50845096017AA08AB09121F7D
:10378000C2E96401700BAC08AD097A4E7B171214C4
:10379000D07A4E7B17121FC2E970097A4E7B1779D7
:1037A000E212197490172DEEF0A3EFF0901730E4A9
:1037B000F0A3F090174DF090193EE064027008906D
:1037C0001741740FF0A3F090173C740512B676748D
:1037D00004120E63E4F090173D120E40852182859D
:1037E0002283120E4C901743E0C0E07405120E6362
:1037F000D0E0F07407120E6312B66E741802C9445A
:10380000120B5A7F06020895C082C08390173C7441
:1038100001F002C39274F012061074E3120C0974E2
:1038200001120E6312BD0EA3ECF0A3EDF0E9FF7ED2
:1038300000750C018E0D8E0E8E0F90173C7401F0EA
:103840007C187D0079007405120BE31213267401B5
:10385000120E63120E407405120E63120E4C740A9F
:10386000120E63EFF07409120E637403F0740C12FD
:103870000E63E4F07401120E63850C08850D098552
:103880000E0A850F0B7808120D5CE5084509450AFC
:10389000450B60010E7401780C120AA712CE5C7001
:1038A000D3AA21AB22795A121974852182852283E9
:1038B000E0F508E4F509F50AF50B8E0CF50DF50EAB
:1038C000F50F7808790C1205219081E4780C120E1E
:1038D0000C7808790C12052190820C780C120E0CD1
:1038E0007808790C1205A112BAF612B905780812F7
:1038F0000B3F12B912120B5A7405120BE312198600
:10390000741D02C9447A007B04901787E0F91214F1
:10391000A0227A007B04901787E0F91214947404B3
:103920002274F71206107C01121AA602C38474F7DF
:103930001206107C0080F174F212061074FD120C55
:1039400009EAFEEBFF890C8C0D12C9FD121DF48AE9
:10395000088B09EA4B700579CA02BAC68A828B8342
:10396000A3A3A3A3A3A3A3E064FE7003A3E0F47046
:103970000579C302BAC6121EBA8A0A8B0BA80AA915
:103980000B850882850983A3A3A3A3A3A3A3E0684F
:103990007003A3E069700579C202BAC690173A12A3
:1039A000C5A8850882850983E0687003A3E0696083
:1039B0000985088285098312BC2290173A12CEC667
:1039C000121F92850882850983A3A3A3A3A3A3A39F
:1039D000A3A3A3E00490174D12BC0B7401120E6355
:1039E000740212C89BAE0AAF0BEA4F700302BABD55
:1039F000EA12B1F28882F5837406F0901727E08806
:103A0000828983A3F012C8903F12BADDEE241AF522
:103A100082E43FF58312BD0E12BAD5740112C33D84
:103A20007440F0A3E412BAE612BAEF12BACBE50D75
:103A3000F0EEFAEFFB121A70E9FE600302BABF90D3
:103A4000173C740912BAE612BC1890172FE0650CE7
:103A50006003E50CF07A307B17794B12197A7A3AC9
:103A60007B17795012197A7A2F7B1779E112197A1C
:103A70007A2D7B17795312197A12BAF690192912F6
:103A8000CEC6121EE490192512CEC6121EDE12D02A
:103A900075E4F50AF50B7808120B3F7A0112CE880F
:103AA000120B5A12B90512D07574027808120AA7BF
:103AB0007808120B3F12B912120B5A80027E109036
:103AC0001595E4F0EEF9740302B800EE2411F582C6
:103AD000E43FF58322EE12B4503FF58322F5837460
:103AE00001F0121EB42212CE31A3A3A3A3A322126B
:103AF000CC4B12B5F52290192712B1FB9016C612C5
:103B0000B5F590192512B1FB9016C812B5F52274BF
:103B1000F612061074E5120C0912BBFB8908901707
:103B20003CE064046005E06408700579C202BBF6FD
:103B30007426120E63E064FE7003A3E0F47005794E
:103B4000C302BBF67C197D0079007402120BE312EC
:103B5000132690173C740312BDC0795012197A7461
:103B600026120BE3794B12197A8521828522831262
:103B7000BC22E50890172FF07426120E6312BC18B1
:103B80007425120E63E0F50990172712BC0B74CE52
:103B900055094480C0E0741A120E63D0E0F0741727
:103BA000120E637402F07426120E6312C5A8740F0D
:103BB000120E6312CC8412C5A87418120E6312C5BB
:103BC000A1740D120E63E508F0740A120E63E4F09E
:103BD000901742740FF07A427B17795412197A9039
:103BE0001741740FF07A417B17794712197A7402E2
:103BF000120BE3121980741B02B45E8521828522A8
:103C000083ECF0A3EDF0EAFEEBFF22F0EEFCEFFD1B
:103C10007A4E7B171214D02212B1FB90173012B5D6
:103C2000F52212CE7F12B5F52274F712061074F841
:103C3000120C097E008A828B83A3A3A3E0C0E074E8
:103C400004120E63D0E012BC9CE0C0E07406120EB9
:103C500063D0E0F0901942E0C0E07407120E63D028
:103C6000E012CC5712C5AC600D8A828B8312CEC68F
:103C7000121A0AE9701F7405120E63E412BAE17495
:103C800002120E63EAF0A3EB12CC8874FDF0A37469
:103C9000FF12BD02FEEEF9740802C38112CC57A3D5
:103CA000A32274F712061074F8120C09EAFEEBFF57
:103CB000790090173CE064086005E0640470418579
:103CC000218285228374FDF0A374FF12BAE174028D
:103CD000120E6312BD0E7405120E6312B2C6E0C05E
:103CE000E07404120E63D0E012BF98E0C0E07406E6
:103CF000120E63D0E0F07407120E63E412BD02F9F5
:103D0000809512BDC4121F0EE922A3A3A3A3EAF05B
:103D1000A3EBF02274F7120610790112196EE9FE76
:103D20001219FE121E72121E06901787E0F9121D5C
:103D3000A0EEF902C38474F2120610ECFEEDFF75DA
:103D40000800E92479602624FC605924F3600F24DC
:103D5000FC601014604E14704390173C804E901716
:103D60002A8049121F7AEA8E828F8380447508C1A7
:103D7000121F868B0DA90DEA4960378A088B0975D9
:103D80000A007808120B437C177D00EEFAEFFB1255
:103D9000131A7403120B5A7508008016747F29C316
:103DA000945840057508C9800912BDB5E08C828D14
:103DB00083F002B14B749829F582E43416F583221E
:103DC00012BDC422F0AA21AB222274F51206108A79
:103DD000088B098A828B8312B179EE4F700302BF80
:103DE000729016E312C5AC60178A828B83A3A3E09E
:103DF000F9EEFAEFFB9016E4E0F583888212243B9B
:103E00008E828F83A3A3A3A3A3A3A3A3A3E064028F
:103E1000600302BEE08E828F83A3A3A3A3A3A3E0CB
:103E20005402700302BF04850882850983A3A3E0BE
:103E300064E9700302BF04850882850983A3A3E0B7
:103E400064CD700302BF04850882850983A3A3E0C3
:103E500064F0700302BF04EE240D12C3146024EE5C
:103E6000241312C9E5601C8E828F83A3A3A3A3A38E
:103E7000A3A3A3A3A312BF86701D7A307B011217E0
:103E8000888014901946E0048E828F83A3A3A3A395
:103E9000A3A3A3A3A3A3F0850882850983A3A3E01A
:103EA000701F750A0080097A367B01121788050A8F
:103EB000850882850983A3A3A3E0F8E50AC3984097
:103EC000E6EE240A12C9E514F0C0E012BAD5D0E03B
:103ED00012C32E7404F090194712CC45E812BF7536
:103EE0008E828F83A3A3A3A3A3A3A3A3A3E06402AF
:103EF00060128E828F83A3A3A3A3A3A3A3A3A3E093
:103F00006406706E8E828F83A3A3A3A3A3A3E0A2F3
:103F1000E0505F850882850983A3A3E0F9EEFAEFFC
:103F2000FB121D108E828F83A3A3A3A3A3A3E0542F
:103F3000FE12BF86850882850983A3A3702AE070DC
:103F4000237A2F7B011217887E00850882850983DA
:103F5000A3A3A3E0F8EEC39850187A367B0112179A
:103F6000880E80E67A318005E070077A2D7B011299
:103F7000178802B468F0A3E9F07A207B00901787D5
:103F8000E0F912137A2212BF9812CEB412C93E126F
:103F9000BF9322121F32E922F08E828F832274F0A7
:103FA00012061074BB120C0912BBFB750E00750FC4
:103FB000007402120BEB121C2C740F120E63E070D3
:103FC000087412120E63E060167402120E63E0A20F
:103FD000E650118E828F8312CEBD12BF9360057A98
:103FE0003502C0F77402120E63E0540C64047004CE
:103FF000D2008002C200E0A2E55036750F01A20097
:10400000402F12C3487003A3E069700512C31170FA
:104010006B12C3487003A3E069601612C3117011DC
:1040200012C35E7402120BEB121CE6E9600302C0BD
:10403000F512C311702A7402120E63E0A2E650203A
:104040007403120E63E0540370167402120E63E0E0
:10405000540C640C600AE0540C64086003750E0193
:104060007402120E63E05403F87402687022740242
:10407000120BEB12C35E121C3E02C3008E828F83B2
:1040800012CEBD12B1F17417120E6312C5A1809346
:104090007401687045E50EA2E0500D12C31170085E
:1040A0007402120BEB12C36B7402120BDB741C1242
:1040B0000E63E8F0A3E912B1F07419120E63E8F090
:1040C000A3E912C329C0E0741B120E63D0E0F074A0
:1040D00019120BE3121BB402C300E8600302C30011
:1040E000901724E0640170178E828F83A3A3A3A38B
:1040F000A3A3E0700A7A347B0112178802C300740C
:1041000044120E63740212B1F0743C120E6312C3B7
:104110001EF583E05480700302C21D7426120E63E4
:10412000740212C32E12C5A8741E120E6312C5A10A
:104130007405120E63E0C0E07427120E63D0E0F045
:104140007404120E63E0C0E07428120E63D0E0F035
:1041500090173A12C5A87429120E6312C5A17408EB
:10416000120E6312C5A8742B120E6312C5A1740A35
:10417000120E6312C5A8742D120E6312C5A174121B
:10418000120E63E0F8742F120E63E8F0A3E4F074EB
:1041900010120E6312C5A87431120E6312C31E12E0
:1041A000C5A67433120E6312C339E0C0E074351231
:1041B0000E63D0E012B2C7A3A3A3E0C0E07436122E
:1041C0000E63D0E0F012C9E2C0E07437120E63D083
:1041D000E0F07413120E63E0C0E07438120E63D086
:1041E000E0F07415120E63E0C0E07439120E63D073
:1041F000E0F0EE242312C9E5C0E0743A120E63D059
:10420000E0F0EE242512C9E5C0E0743B120E63D045
:10421000E0F0741E120BE3121C4402C3007455122A
:104220000E637808120E0CA200400302C2B4EE2402
:104230000F12C9E5C0E07414120E63D0E0F09016BE
:10424000E512C5AC700302C30012CC73743C120EAD
:1042500063E0687003A3E069600302C300EE2423F7
:1042600012C305120B4BEE2421F582E43FF58312B5
:1042700009647808120B3FE50FF5087808120B4B1C
:104280008E828F83A3A3A3A3E0F5087808120B4BBB
:104290007409120E63120964A90E740D120BEB74EB
:1042A00047120BE39016E512C41112243B740B1253
:1042B0000B5A804CE50EA2E050087402120BEB1270
:1042C000C36BEE241112C305120B4B7808120B3F7F
:1042D000E50FF5087808120B4B7406120E631209ED
:1042E0006490173A120964EE241212C9E5F9744673
:1042F000120BEB740C120BE3121D1C740A120B5AF6
:10430000744502C944F582E43FF583E0F50C780C6E
:1043100022EE2421F582E43FF583E054802212B599
:10432000F5EE2421F582E43F2212C9EDE02212C30A
:10433000322212C9F1A3A3A322E8F0A3E9F0EE24EC
:104340000FF582E43FF58322121EBA8A088B09A872
:1043500008A90912C3586822EE12B565E02212C3FB
:104360006512C93C22EE12C4CC3F2212C36512C9A9
:104370003C121C322274F712061012170A800574C0
:104380000D120B5A7F01020895C082C083121710CC
:104390008000D083D082020B0A74F7120610121725
:1043A0001680E1C082C08312171C80E6C082C083E1
:1043B00012172280DD74F712061012172880C574B8
:1043C000F7120610E9FE901727E0A2E340169016B8
:1043D000EF120E40E8494A4B600A7A087B009016BB
:1043E000D212BF80EEF912172E02C38474F71206A0
:1043F00010EAFEEBFF74016970147900121B6690DD
:104400002A7EE493FC7900EEFAEFFB121B4802C30C
:104410008412CEB42274F712061012173402C38429
:1044200074F712061090195FE0F97800800B12C63D
:10443000BB540D64017001190812C6D45003E97011
:10444000ED02C38474F7120610901960E0F9780049
:10445000800B12C6BB548D64817001190812C6D43A
:104460005003E970ED02C38474F2120610890AE960
:1044700075F007A4A9F0240FFEE439FFEE2AFAE450
:104480003FFB12C4BA602CEEFCEFFD79001213263C
:10449000E50812C4C412C6F7E50AF0E5082EF8E5EF
:1044A000093FF9850882850983A3A3A3A3A3A3A336
:1044B00012C59FAA08AB0902B8031213CE8A088B53
:1044C00009EA4B2212C4C82212C4CC22240BF58262
:1044D000E42274F61206108A088B09121B24E9F8EC
:1044E00090195EE0F9E8C39940099016CE12CEC645
:1044F000121B2AE5082402FEE43509FF9016D012AB
:10450000CC6DF09016D0E004F0AA08AB09121B3075
:104510008E828F83E002B3BBC082C0837900901685
:10452000CE800109E0FAA3E08A82F583E582458323
:1045300070F102C39274F7120610EAFEEBFFEA4F25
:10454000605A9016CE12C5AC6052888289837A0078
:104550007B00EE65827003EF65836013AA82AB83F4
:1045600012CE288882F583E5824583602F80E39010
:1045700016CEE0F8EE687002EF698E828F837008C5
:1045800012C5A89016CE800312B45612C5A1EEFA39
:10459000EFFB121BE4EEFAEFFB1213D402C384A369
:1045A000A312B5F52239F58312B1FB2212B1FBE853
:1045B0004922C082C0839016CE80048882898312EB
:1045C000C5AC600A8882898312B4D34D70ED8A82AB
:1045D0008B83E4F0A3F0E849600688828983800336
:1045E0009016CE12BD0E02C39274F7120610E9FDAA
:1045F0009016CE80048A828B8312C622601D7C00B6
:1046000080010C12C670ECC39850EAEC75F007A458
:10461000F8A9F012C6676D70E980047A007B000289
:10462000C38412C93EEA4B2274F7120610E9FE7DDC
:104630000080010D12C670EDC3985024ED75F0078F
:10464000A4F8AFF0EFF912C6676E70E7ED75F007EA
:10465000A4F812C6E64CF0E8240FFAE439FB800413
:104660007A007B0002C38412C6DE241312C6EF2236
:1046700012CE53F82274F6120610E9FEEAFF121B5E
:10468000368A088B09A808A909EA49602B7C0080B2
:104690001AEC75F007A4FAABF0E82AFAE93BFB1232
:1046A000B44F12CA266E7002EFF00CE812C4C412A6
:1046B000CE65FAECC39A40D902B461E875F007A45C
:1046C000FCADF0EA2CFCEB3DFDEC2414F582E43D5E
:1046D000F583E02212CE53FCE8C39C22EFF9EA28CE
:1046E000F8EB39F9E82212C6DC241412C6EF22F5E1
:1046F00082E439F583E02212B0D32274F11206105D
:1047000074F5120C09EAFEEBFF89088C09E9A2E0B6
:1047100050117EFC7FFFA2E15005D2E402C79FD278
:10472000E3807C12C9267003A3E069600EAC0879AF
:1047300002EEFAEFFB121B84E97005790002C87DD6
:10474000E508F50A780A120B4B790212C882120B9F
:104750005AE9600302C87BE508C2E5F508A2E64015
:10476000407403120BEBEEFAEFFB121A16E9702BF2
:1047700012C9FDEEFAEFFB121F6E8A0A8B0BEA4B91
:10478000601FEA2402FAE4350BFB121A0AE96011F1
:1047900012B4E07403120BE31214D0E508D2E5F56D
:1047A000089016D1E0F50E90172D12B477780A1202
:1047B0000B477D017C009016D1E0F9AA0AAB0B12E1
:1047C0001B6C7402120B5AE9F89016D1E004F0E960
:1047D000600302C87BE508A2E55004740E800274F1
:1047E00006C0E07401120E63D0E012C89BEA4B7061
:1047F0000302C87712C890350B12BADDE50A241AF5
:1048000012C8C1EAF0A3EB12C8B812C5A88882F595
:10481000837401F074785508A312D1B9E50EF0EE57
:1048200088828983A3A3A3F0EF12C8A6E4F0E50869
:10483000A2E5500F7403120BEBE82406FAE439FBEF
:104840001214D0850A82850B83A3A374FDF0A37490
:10485000FFF0E5096016902A86E493F8E509C3980D
:10486000500AE50A241312C8C1E509F0AA0AAB0BE5
:10487000121A70E9F980067910800279C7740B0268
:10488000C91E7CFE7DFFEEFAEFFB121B5A7401225B
:10489000EA12C895222417F582E42212BDC4121F21
:1048A000268A0A8B0B2288828983A3A3A3A312C81A
:1048B000B22212CE19A3A322F0E50A240B12C8C11A
:1048C00022F582E4350BF5832274F41206107A0087
:1048D0007B1012CA0460089017997401F0803C9014
:1048E00016A8E0640190193F7006E0FC790180048D
:1048F000E0FC79037A007B00121B48902A71E49354
:10490000F508740193F509E4F50AF50B7808120B24
:104910003F7A007B1012B916120B5A02B600120B26
:104920005A7F07020895121B8A8A0A8B0BA80AA9CC
:104930000B90172DE0682212CEB4E022F583E0FA46
:10494000A3E0FB22120B5A7F0802089574F41206AA
:10495000108A088B09ECFEEDFF750A0190172DE017
:104960006A7003A3E06B6013750A00780A120B4BA0
:10497000121F507401120B5AE9F50A7900AA08AB0C
:104980000912C9D17003A3E06970417900EEFAEF12
:10499000FB121B7EEA4B602B8A828B83A3A3A3A30B
:1049A000A3A3E05418601C7508FE7509FF7808126F
:1049B0000B478A828B83A3A312096412D0A2120B25
:1049C0005A80097901EEFAEFFB121B00A90A02B620
:1049D00000121B8A8A088B09A808A90990172DE0E4
:1049E0006822EE2411F582E43FF583E02212C9F13A
:1049F00022F08E828F83A3A3A3A3A3A32290173AAE
:104A000012D0B722901787E0F91214A6EA4B4C4D4A
:104A10002212CA17E0682212CA1B22E0F8A3E0F9AA
:104A20008E828F83A3223BF583E0223B12C93C2276
:104A300074F2120610EAFEEBFF8C088D09890B74E4
:104A4000FC6E700374FF6F700302CC007900121BC0
:104A50008A8A0C8B0DAE0CAF0D740E120E63E0F54E
:104A60000A90172DE06E7003A3E06F7009E50AA2AB
:104A7000E6400302CC00A90A12CC05703B79007A0B
:104A8000FE7BFF12CC0570307418550A700302CB00
:104A90002D7A0080010A902A8012CC2E400302CB8E
:104AA0002DEA75F007A4F8A9F012CFC6541870E5E6
:104AB00074B328F8740839F988828983EEF0A3EF7B
:104AC000F074FE6508700474FF6509600D888289C2
:104AD00083A3A3E508F0A3E509F088828983A3A353
:104AE000A3A3A3A3E50AF0A2E0500D88828983A3C3
:104AF000A3A3A3A3A3D2E2F07401650B88828983E8
:104B0000A3A3A3A3A37031740112CE1FE0541860B5
:104B100021902A73E49388828983A3A3A3A3F0122C
:104B2000CC50EA4B600302CC007D00803679020253
:104B3000CC0290172CE080DEE06401700302CC0010
:104B400088828983A3A3A3A3A3A3E054186007903A
:104B50002A73E493800490172BE012C8A6E50B0299
:104B6000CBFF0D902A7DE493F8EDC398400302CC6F
:104B7000007C00802DEC75F007A4F8A9F074B5282E
:104B8000F582740812C5A5ED75F017A4FAABF074A0
:104B9000572AF582740812CA26687003A3E0696078
:104BA000C10C902A8012B47040CBE4936C70B3EDCA
:104BB00075F017A4F8A9F0745728FE740839FF7C23
:104BC000177D007900EEFAEFFB1213268E828F8399
:104BD000E508F0A3E509F090173A12CC45A3A3A38A
:104BE000A3A3A312C33974AAF012CC17740112CC78
:104BF000355001097A027B0012042612CC21E8F01C
:104C0000790002B80312CC0FA80CA90DEA492212B0
:104C10001B7E8A0C8B0D22EE240EF582E43FF58379
:104C200022EE240DF582E43FF58322902A85E49359
:104C3000F8EAC39822F012CC3A22902A7AE49379C7
:104C4000002401F82212CC4BA3A32212CA1BA322D8
:104C500012CE42121F9822F08A828B832212C93E02
:104C60001213D42212B1FB90172DE06822E08E823D
:104C70008F8322121EBA8A0C8B0DA80CA90D22124A
:104C8000B0D3E022E8F0A3E9F085218285228322D7
:104C9000F088828983A32274F312061089088A0996
:104CA000ECFEEDFF902A7C12CCE95033750C0080AD
:104CB00002050CE50CC39508501B121EBAA80CE89F
:104CC00028F8E433F9EE28F582EF12CE656A700316
:104CD000A3E06B70DCE509650C7004790180027952
:104CE000007F05020895902A7FE493F8E9C3982293
:104CF00074F6120610E9FE7900121B8AEEF9121BF7
:104D00007E8B09A909EA49601D8A828B8312D1B280
:104D10008A828B83A3A31412CD2FE412CD2B12CD44
:104D20002BA3F0F98002790402B46112CE3722F08D
:104D3000A30412CC57A3A3A3A32274F01206108AD3
:104D40000C8B0DE9FE8C08EDFF121B78E9F974104D
:104D5000120E63E0F50EA3E0F50F12CCE65043E926
:104D6000F50A750B007403780A120CEA74E9250A37
:104D7000F582740912C8C4E0F8E508C398501FEF23
:104D80006074E9F50A750B007403780A120CEA12D4
:104D9000CDFBA3A3A3A3A3E50812CE0B80577903F1
:104DA000805679007AFE7BFF121B78E9F9902A7F02
:104DB000E4936970047902803FEF603AE9F50A757F
:104DC0000B007403780A120CEA12CDFBE50CF0A379
:104DD000E50D12CE0B12CE1FE50812C8AE74FFF01F
:104DE000EE88828983F090172BE088828983A3A3C1
:104DF000A3A3A3A3A3F0790002C94774E3250AF88B
:104E00007409350BF98882F583A32212CE15E50EBD
:104E1000F0A3E50F2212CE192212CC90A3A32212E6
:104E2000C8B2A3228A828B83E0F8A3E02212CE319B
:104E30002212B666A3A322F08A828B83A3A3A3A324
:104E4000A32290173AE0FCA3E0FDAA08AB092212C6
:104E5000CE5322EA12C4CC3BF583E022E50C450D8B
:104E6000450E450F2212C6F222E8FA12CE70E02259
:104E700074232AF582E4340AF5832212CE7F22E0DD
:104E8000F8A3E0F990173A227B00901787E0F91217
:104E9000149A740422C082C0837800800108902A8A
:104EA00075E493FAE8C39A500812CE696970EEE48B
:104EB000F002C392E0F8A3E0F583888222A3A3A3C3
:104EC000A3A3A3A3A3A312C93E2274F6120610E95A
:104ED000FC790080010912CCE65039E9F508750922
:104EE0000074037808120CEA74E412CF17740912E4
:104EF000CC7F6A7003A3E06B70DBE9F508750900ED
:104F000074037808120CEA74E312CF17740912CCF8
:104F10007F6C70C102B4612508F5822274F7120615
:104F20001089085308407E00802EEE75F007A4F823
:104F3000A9F074B328F582740812CE656A7003A3D1
:104F4000E06B701374FE6A700374FF6B605812CFCD
:104F5000C654406508604F0E902A8012CFBF40CAE9
:104F6000E4936E705374FE6A700374FF6B70497E35
:104F70000080010E902A8012CFBF503CEE75F007E2
:104F8000A4F8A9F074B728F582740812CE6570E30E
:104F9000A908EE75F007A4ABF074B328F582740885
:104FA00012CA2B121B66EE75F007A4F8A9F074B3B1
:104FB00028FA740839FB80047A007B0002C384E479
:104FC00093F8EEC3982274B928F582740812C6F2D9
:104FD0002274F4120610EAFEEBFF890B8C0A7401AE
:104FE00069700C902A77E493F9121B9CE97064793C
:104FF00000EEFAEFFB121B8AA90A121B7E8B09A98D
:10500000097401650B6014EA4960568A828B83A398
:10501000A3A3A3A3E0650B70488038EA4960198A0E
:10502000828B83A3A3A3A3A3E06401700B8A828B6A
:1050300083A3A312D078800AE50AA2E640238E0853
:105040008F0974FE6508700474FF6509601312D03F
:105050006660047900800CEE65087003EF650970E6
:10506000DD790102B600902A77E493F9AA08AB092A
:10507000121B9CE922901929E0F508A3E0F509220A
:1050800074F6120610E9A2E6501579FF121C02EA26
:105090004B600890172D12CEC680047AFE7BFF026B
:1050A000B461790090172D12D0B78A828B8312C910
:1050B0003E121B90740422E0FCA3E0FD2274F11266
:1050C0000610EAFEEBFF8C088D09E9600C750A00FA
:1050D000780A120B4B790B806E7900AA08AB091283
:1050E0001B7E8A0A8B0BEA4B60658A828B83A3A3A3
:1050F000A3A3A3A3E0A2E050568E0C8F0D780C1250
:105100000B477411120E6312CA007413120E63124D
:10511000CEC6121FA47402120B5A8A0C8B0DA80C57
:10512000A90D74FE68700374FF696023850A828587
:105130000B8312BD0C750A00780A120B4B790CEE2A
:10514000FCEFFDAA08AB09121F507401120B5A02A2
:10515000C921C082C08378B379087C0080458882E9
:105160008983A3A3A3A3A3A3E0A2E0402E888289FE
:1051700083A3A3E06A7003A3E06B701F8882898316
:10518000A3A3A3A3A3E06401701188828983A3A3CE
:10519000A3A3A3740312D1B912D1B20CE82407F867
:1051A000500109902A80E493FDECC39D40B002C3F6
:1051B00092A374FEF0A304F02212CC90A32274F404
:1051C000120610890812D211603B8A828B83A3A336
:1051D00012D20AF98E828F83A3E06029E9602690BB
:1051E0001726E06401700D8E828F83A3E0C399506F
:1051F00003E980068E828F83A3E0F8E508C3984018
:105200000479018002790002B600E0F9121FB0E9CA
:105210002290173A12D0B7121F988A0A8B0BAE0A47
:10522000AF0BEA4F2274F712061074F3120C0985C3
:1052300021828522837402F014120E6312D7111298
:105240000E63AA82AB83121A047416120E6312D272
:105250006E121A40E96401700A740B120E6312D3C5
:105260005E8008740B120E6312D27902DA4312D3F5
:10527000C5FEE9FFAA21AB222212DA378E828F8384
:10528000E8F0A3E9F079C82274F712061074F3125B
:105290000C09ECFEEDFF8521828522837402F0EA81
:1052A000FCEBFD7403120E63AA82AB83121A04AAEC
:1052B00021AB22121A34E96401700A740B120E63D6
:1052C00012D35E8008740B120E6312D27902DA4395
:1052D00074F712061074F1120C09AC21AD221224DD
:1052E00030E9FE70287402120E637402F085218288
:1052F00085228312E149740D120E6312D771740274
:10530000120BE3121A22E9640160027E01EEF974C5
:105310000F02DA4574F7120610E9FE90165912DAF8
:105320003270327A0F7B001213CE901659EAF0A336
:10533000EB12D3BC60257800790012D46374FEF0C0
:10534000A30412D72FA3A3E4F0A3F008E870010987
:1053500012D3B240E5EE700312190202DA48E0F807
:10536000A3E0F98E828F83E8F0A3E9F0790022743C
:10537000F71206108C828D8312D3B96030780079D1
:105380000012D4C8FEA3E03FFF8E828F83E06A70D4
:1053900003A3E06B700DEEF8EFF98C828D8312D3CE
:1053A00067800C08E870010912D3B240D479C802B2
:1053B000DA48C39403E9940022E4F0A3F09016596C
:1053C00012D3C54922E0F8A3E0F9E82274F71206E7
:1053D0001074FE120C09ECFEEDFF8E828F83E4F058
:1053E000A3F07508C8AC21AD22122430E97013EE89
:1053F000FCEFFD85218285228312D729121896E9B8
:10540000F508A90802D70474F712061074FE120CEE
:1054100009ECFEEDFFAC21AD22122430E9703F9083
:10542000165912DA3260377800790012D46312D636
:10543000D3852182852283E06C7003A3E06D701414
:105440008E828F8312DA3D740B120E6312DC82128D
:10545000D367800C08E870010912D3B240CD79C837
:1054600002D70412D46B8A828B8322E8FAE9FBEA22
:1054700075F005A4FAACF075F005EBA42CFB9016C2
:1054800059E02AFAA3E03BFB2274F71206109016AB
:105490005912DA32602D7800790012D4C8F508A3C9
:1054A000E03F850882F583E06A7003A3E06B700932
:1054B0008C828D8312D367800C08E870010912D3A7
:1054C000B240D779C802DA48E8FEE9FFEE75F00588
:1054D000A4FE85F00875F005EFA42508FF90165985
:1054E000E02E2274F012061074FC120C09EAFEEB96
:1054F000FF7402120BEB8E828F8312D7291218A829
:10550000E9F50A7A187B001213CE8A0C8B0DEA4556
:105510000D60417C187D00790012132612D6D978CF
:105520000C120B47750E18750F00780E120B477C86
:10553000007D00850882898312D7291214527404D1
:10554000120B5A850882850983E4F0A3F0AA0CABFC
:105550000D1213D48E828F8374FEF0A30412D768C9
:10556000A3A3A3A3E4F0E50A600302D657740212D2
:105570000E6312D729EAFEEBFFEE75F005A4FEA834
:10558000F075F005EFA428FF90165912DA32603E4C
:10559000901659E02EF508A3E03FF5097808120BA4
:1055A000477508057509007808120B47EA75F0057C
:1055B000A4FAA8F075F005EBA428FBEA2402FCE4A9
:1055C0003BFD7A4C7B001214527404120B5AA82132
:1055D000A922880889097808120B477508027509FD
:1055E000007808120B477C007D007A4C7B00121477
:1055F000587404120B5AE9705E901659E02EF8A305
:10560000E03F8882F583E064FE7003A3E0F4852127
:1056100082852283701512DA3260148521828522F8
:1056200083E024FFF0A3E034FF800312DE65F0A8DE
:1056300021A922880889097808120B477508027584
:1056400009007808120B477C007D007A4C7B001221
:1056500014527404120B5A7404120B5A7F08020875
:105660009574F71206108A828B8312D3B9605F7C1F
:10567000007D00ECF8EDF9E875F005A4F8AEF075E2
:10568000F005E9A42EF9901659E028FEA3E039FFB1
:105690008E828F83E064FE7003A3E0F47023EEFC3F
:1056A000EFFD8A828B83ECF0A3EDF0901659E02891
:1056B000FAA3E0398A82F583A3A3A3A3E4F0F980D7
:1056C0000F0CEC70010DC39403ED940040A579C854
:1056D00002DA48E0FCA3E0FD2212D7098808890914
:1056E0002274F712061074FE120C09AC21AD2212BE
:1056F000189CE9FE700C85218285228312D729121D
:1057000018AEEEF9740202DA45EE2402F8E43FF92D
:105710002212DA3D74032212D71B22E0F8A3E0F52F
:105720008388822212D71BA3A3E0FAA3E0FB22F016
:105730008A828B8322D083D082020B0AC082C083EC
:105740009015B8E06405700C7A807B009015B5E088
:10575000F912137A80DF74F7120610121890121DD6
:1057600034121D0402DA48E4F08E828F832212DCA8
:1057700086E8F0A3E9F02274F612061074F1120C18
:1057800009EAFEEBFF7402120E63E4F0EEFCEFFD9B
:105790007405120E63AA82AB831214D0121D0AE99B
:1057A000702A7402120BE3121A34E96401601DA816
:1057B00021A922880889097808120B47EEFCEFFD21
:1057C0007A007B0012187E7402120B5A740F02DAF0
:1057D0006474F212061074D8120C09EAFEEBFFEEA4
:1057E0002416F50AE43FF50BAA0AFB121944901996
:1057F00058E064016005E064027020780A120B47EB
:105800007508087509007808120B477C087D007A36
:10581000117B011214527404120B5AAA0AAB0B1218
:1058200018CC8E828F83A3A3A3A3E0F8EE2406F501
:1058300008E43FF5097401686005740668707278C1
:1058400000E8FAEE2AF582E43FF583A3A3A3A3A31D
:10585000A3E0700708E8C3941040E6741068703144
:10586000901756E070457418120BEB7A627B0012A9
:10587000192679007418120BE3121D527900121DBB
:10588000587C107D0079007418120BE312132680E7
:105890001A12DA1BF9AA08AB09121D52901756E02A
:1058A00070098E828F83E0F9121D581218C002DA37
:1058B00011740468600302D98F7405120BDB880C25
:1058C000890D780C120B477402120BEBAA0AAB0B72
:1058D000121CF27402120B5A8A0A8B0BAE0AAF0B1F
:1058E000852182852283E0700302DA117415120E7D
:1058F00063E0700C7417120E63AA82AB83121CEC67
:105900007415120E637401F07416120E63E4F074D1
:1059100009120E6312E72B120E6312E2C074171203
:105920000E63E4F07405120BDB880A890B780A1207
:105930000B47750A13750B00780A120B477C007D24
:1059400000EEFAEFFB1214527404120B5A7808128C
:105950000B477C107D007A027B0112144674021200
:105960000B5AE970207808120B477508107509006A
:105970007808120B477C007D007A027B01121452DA
:105980007404120B5A7A03790112230A02DA117491
:105990000368707D7403120BEBAA0AAB0B12243060
:1059A000E9602B7403120BDB880C890D780C120B49
:1059B00047AC0AAD0B7AFE7BFF12187E7402120B05
:1059C0005A7D007C007900AA0AAB0B1218247401DE
:1059D000120BEB7403120E6312D72912189674017E
:1059E000120E6312DA32701B7401120BE31218B438
:1059F000E970107403120E6312E1497401120E6310
:105A000012D76EAC08AD09AA0AAB0B1218E4122328
:105A1000CA7428120B5A7F06020895EE2405F8E492
:105A20003FF9E8FEE9FF8E828F83E022852182859F
:105A3000228312D3C54922E0F8A3E0F922EAF0A3B9
:105A4000EBF022740D120B5A7F01020895C082C040
:105A5000838A828B83A3A3A3A3E0F9121D58121794
:105A60006402D735120B5A7F0202089574ED1206B4
:105A70001074F0120C098A088B09890AECFEEDFFFC
:105A8000EE4F700302DB52EA4509700302DB52A8B5
:105A900021A922880C890D780C120B47750C107502
:105AA0000D00780C120B477C007D007A017B0112FF
:105AB00014587404120B5AE50AF50C8521828522CC
:105AC00083E582250CF510E43583F5117512007815
:105AD00010120B437410C3950CFC95E0FDEEFAEF29
:105AE000FB12131A7403120B5AA821A922881089D9
:105AF000117810120B43AC0A7D00C3E4950CF895A5
:105B0000E0F9EE28F8EF39F9E82410FAE439FB124D
:105B1000131A7403120B5A7C00ECFAE5082AF8E415
:105B20003509F9EE2AFAE43FFB88828983E0FD8A91
:105B3000828B83E06DF088828983E0F88A828B8390
:105B4000A3A3A3A3A3A3A3A3E068F00CECC39408AE
:105B500040C77410120B5A7F0B02089574F212069C
:105B60001074FC120C09ECFEEDFF7402120BDB88C2
:105B70000889097808120B477402120BEB1218A25D
:105B80007402120B5AE9F50B600302DC7B740212FB
:105B90000E63E02401F8A3E03402F9852182852216
:105BA0008312DC82A3A312D7717A187B001213CE62
:105BB0008A0C8B0DEA450D700302DC7B780C120B0E
:105BC000477508187509007808120B477C007D009E
:105BD0007404120E6312D7241214587404120B5A50
:105BE0008E088F09750A007808120B437C107D001F
:105BF000AA0CAB0D12131A7403120B5AE50C2414E1
:105C000012E2B9E50C241012E2B9780C120B4775B8
:105C100008187509007808120B477C007D00740491
:105C2000120E6312D7241214527404120B5A7C18E9
:105C30007D007900AA0CAB0D121326AA0CAB0D1235
:105C400013D485218285228312D71712E147E87584
:105C5000F009A4F8AAF075F009E9A42AF9745B2800
:105C6000F8741639F9E824F7F582E934ED12E2BE4A
:105C7000E824FBF582E934ED12E2BEA90B740402BC
:105C8000DA1312DC8622E0FAA3E0F5838A8222741A
:105C9000F612061074F4120C09EAFEEBFF740412FB
:105CA0000BEB7A007B0079AB121C5C121EB48A08E5
:105CB0008B09AC08AD097404120BE31214CAE96035
:105CC0003B7404120BEBEEFAEFFB121A16E96015A7
:105CD000AC21AD227404120BE312189CE9700D1272
:105CE000DD00E070177900740C02DA647402120BA4
:105CF000EB7404120BE3122430E970E9790180E7B8
:105D000085218285228312D71BA3A3A3A32274F724
:105D100012061074FE120C09ECFEEDFFAC21AD2250
:105D200012189CE9F9701385218285228312D724E9
:105D30008E828F83EAF0A3EB80078E828F83E4F05C
:105D4000A3F002D7047F0702089574F612061074B8
:105D5000FE120C09E4F508F5097808120B477C11CE
:105D60007D007A4C7B001214467402120B5AE9FE35
:105D700074096E702112E132120B47750802750921
:105D8000007808120B477C007D007A4C7B001214CF
:105D9000527404120B5A7508967509167808120B7E
:105DA000477C087D007A717B001214467402120B46
:105DB0005AE94EF9740202DA6474F412061074FEA1
:105DC000120C0985218285228312D3B960657E0079
:105DD0007F008E088F09E50875F005A4F508A8F086
:105DE00075F005E509A428F509901659E02508F590
:105DF0000AA3E03509F50B780A120B47750A0575F9
:105E00000B00780A120B4712E10F1214527404129D
:105E10000B5A12E032E064FE7003A3E0F4600A85DE
:105E2000218285228312DE65F00EEE70010F12E1F1
:105E300008409FA821A922880889097808120B47E1
:105E40007508027509007808120B477C007D007AFE
:105E50004C7B001214527404120B5A7402120B5A27
:105E60007F04020895E02401F0A3E034002274ECE2
:105E700012061074FE120C09A821A92288088909AB
:105E80007808120B477508027509007808120B474D
:105E90007C007D007A4C7B001214587404120B5A5B
:105EA000E9600302E00212DA2C700302E0028521AD
:105EB00082852283C3E09404A3E09400400302E0BF
:105EC000027A187B001213CE8A0C8B0D7E00EA2416
:105ED00010F50AE4350DF50BEE75F005A4F508E5AF
:105EE000F0F509901659E02508F50EA3E03509F5FF
:105EF0000F780E120B47750E05750F00780E120BFA
:105F000047EE75F005A4A9F012E1271214587404A5
:105F1000120B5AE9600302DFEB12E03AF9E8FAE902
:105F2000FB8A828B83E064FE7003A3E0F4700302BB
:105F3000DFEBE50C450D700302DFEB780C120B472D
:105F4000750E18780E120B477C007D008A828B83B9
:105F500012D7271214587404120B5A90821078101A
:105F6000120E0C850A82850B837810120CD712E072
:105F700032A3A3E0F508A3E0F509E50875F009A44C
:105F8000F8AAF075F009E509A42AF9745B28FC74F5
:105F90001639FD850A82850B83120E40EC24F7F535
:105FA00082ED34EDF583120E4CE50C2414F582E4F9
:105FB000350DF583120E40EC24FBF582ED34EDF542
:105FC00083120E4C780C120B47780E120B477C0094
:105FD0007D00AA08AB091214527404120B5A7C18E3
:105FE0007D007900AA0CAB0D1213260EEEC39403AC
:105FF000500302DED8E50C450D6007AA0CAB0D126C
:1060000013D47508967509167808120B4775080899
:106010007509007808120B477C007D007A717B00BF
:106020001214587404120B5A7402120B5A7F0C0289
:10603000089512E03A8882F58322901659E02508E7
:10604000F8A3E035092274F412061074F9120C0951
:1060500012E132120B477508027509007808120B1D
:10606000477C007D007A4C7B001214527404120BA2
:106070005A7C057D0079007402120BE31213267E10
:10608000007F007402120BDB880889097808120B64
:10609000477508057509007808120B4712E10F12C1
:1060A00014527404120B5A0EEE70010F12E10840E4
:1060B000D27A187B001213CE8A088B09EA45096050
:1060C000427C187D0079001213267E007F0078083C
:1060D000120B47750A18750B00780A120B477C00E3
:1060E0007D00EE2401FAEF3402FB12145274041204
:1060F0000B5A0EEE70010F12E10840D2AA08AB094C
:106100001213D4740702DE5DC39403EF940022EEF1
:10611000F8EFF9E875F005A4F8AAF075F005E9A420
:106120002AF9E812E127222402FCE439FD7A4C7BAB
:106130000022852182852283E4F0A3F0A821A922F0
:1061400088088909780822A3A312DA372274EC128E
:10615000061074ED120C09890C7C137D007900AADD
:1061600021AB221213267410120E6374FFF07E000E
:106170007F00EE2411F50AEF3401F50BA821A922C6
:10618000880889097808120B477C137D00AA0AAB9E
:106190000B1214467402120B5AE9600302E29CEEE1
:1061A000F8EFF9E875F009A4F8AAF075F009E9A488
:1061B0002AF9747628F508741639F509E5082404D7
:1061C000F50EE43509F50FE50CA821A92288108900
:1061D0001178106036120B47751013751100781086
:1061E000120B477C007D00AA0AAB0B1214527404F8
:1061F000120B5A85088285098312E2C0850E8285BA
:106200000F83F0A3F0A3F0A302E29B120B477510DB
:10621000137511007810120B477C007D00AA0AABA1
:106220000B1214587404120B5A9081FC7810120E41
:106230000C8521828522837810120CD7A821A922EF
:10624000881089117810120B47751013751100789A
:1062500010120B477C007D00AA0AAB0B121452747B
:1062600004120B5A852182852283120E40850882F2
:10627000850983120E4C7404120E63120E40850EB3
:1062800082850F83120E4C7C137D007900AA21AB0E
:10629000221213267410120E6374FFF00EEE7001BA
:1062A0000F12E108500302E172E50C60077A007BEF
:1062B00000121CEC741302E02AF582E4350DF5831C
:1062C000E412E7232274F012061074E4120C098A17
:1062D0000C8B0D8C088D09750AA18521828522837E
:1062E000E4F0EC2406FEE43509FFEEFAEFFB121AA7
:1062F0000AE9700BEEFCEFFDAA0CAB0D121C6874E2
:1063000009120BDB880C890D780C120B47740212F2
:106310000BEBEEFAEFFB121CF27402120B5A8A0C12
:106320008B0DA80CA90D901958E064016005E0647C
:1063300002703F852182852283E070367C087D00D3
:1063400079007401120BE31213267409120BDB8817
:106350000C890D780C120B477402120BEB740312AC
:106360000BE3121CF27402120B5A8A0C8B0DA80C50
:10637000A90DE508240FFAE43509FBEAFEEBFF85D9
:106380002182852283E0700302E49A750A00E50801
:106390002420FAE43509FB7419120E63E0604514F9
:1063A000600E14606C2405606824FE601602E4B47C
:1063B000901958E06401700302E45DE06402700B20
:1063C00002E45D901958E064016005E06402700722
:1063D0008A828B837401F08E828F837403F0A3749E
:1063E0000102E466741B120E6312E7148E828F831F
:1063F00012D771901691E08A828B83F0901691E00B
:10640000C0E0E5082421F582E43509F583D0E08079
:1064100055E875F009A4F8AAF075F009E9A42AF97D
:1064200074E128F8740C39F9E8FAE9FB12E6F97816
:106430000C120E0C8A828B83780C120AE55056904F
:10644000814C780C120D108A828B83780C120DFD12
:10645000901958E064016005E06402700C8E828F30
:10646000837402F0A314F0804B7411120E63A9829E
:10647000AA83890C8A0D750E00780C120B437C08D8
:106480007D00E5082418FAE43509FB12131A740399
:10649000120B5A801F750AA2801A901958E07014C6
:1064A000122346E9700E8E828F837403F0A3740169
:1064B000F0750A00A90A741C02D65974ED12061070
:1064C00074DF120C098C088D097EA17414120E63FE
:1064D000E4F07415120E6312DA3DEC2406F50AE4BA
:1064E0003509F50BAA0AFB121A0AE9700302E6DD68
:1064F0007401120BDB880C890D780C120B477402A7
:10650000120BEBAA0AAB0B121CF27402120B5A8A82
:106510000E8B0FE508240FF50CE43509F50D74FF1B
:10652000650E700474FF650F700302E6CC12E70578
:10653000AAF075F009E9A42AF9747628FE741639D0
:10654000FF852182852283E0700302E5D374111256
:106550000E63E0602114600E146030240560142482
:10656000FE601002E665901958E06401602AE0645C
:1065700002602502E6587413120E6312E714850CAC
:1065800082850D83E8F0A3E902E664901958E0647F
:10659000016005E06402700E850C82850D83740233
:1065A000F0A31402E6647409120E63A982AA838917
:1065B0000C8A0D750E00780C120B437C087D00E5EB
:1065C000082418FAE43509FB12131A7403120B5A43
:1065D00002E665850A10850B117512007810120B02
:1065E000437C087D00740C120E63AA82AB831213E5
:1065F0001A7403120B5A7411120E6374FFF07412A2
:10660000120E637401F0121332EA540FC0E07413D7
:10661000120E63D0E0F07401120E6312E72B120E1B
:106620006312E71D120BDB880A890B780A120B47ED
:10663000750A13750B00780A120B477C007D00AABF
:106640000EAB0F1214527404120B5A7C097D0079A0
:1066500000EEFAEFFB121326850C82850D8374037E
:10666000F0A37401F0E508240EF582E43509F58302
:1066700012D767120E4012E6F9120E4C90814C7838
:1066800008120E0C8E828F837808120CD78E828FA0
:10669000837808120E0C908208780C120E0C780881
:1066A000790C1205A1E50C450D450E450F702A8E9B
:1066B000828F83A3A3A3A3A3A3A3A37401F07A004F
:1066C0007B049015B5E0F912137A800D850C828554
:1066D0000D837403F0A37401F07E0080157414120E
:1066E0000BE3121A2EE9640170087414120BE31202
:1066F0001A22EEF9742102DB54E5082412F582E433
:106700003509F58322EA24EFF8EB34FEF9E875F059
:1067100009A4F822E02404F8E43401F92212E72263
:106720000422E4F0A3F0A3F0A3F02212E722740500
:106730002274F412061074CE120C098909C2007C6E
:106740000C7D007900AA21AB2212132612195CE9F4
:10675000F8A2E75002D200750800804DEE2475FEC5
:1067600050010FA821A922880A890B780A120B4729
:106770007C0C7D00EEFAEFFB1214467402120B5AE9
:10678000E97024A2005020780A120B47750A0C7594
:106790000B00780A120B477C007D00EEFAEFFB122B
:1067A00014527404120B5A0508AE087F00902A8117
:1067B000E493F8EEC39840A47C087D0079FF74044C
:1067C000120E63AA82AB83121326EE2474FE5001CC
:1067D0000FA821A922880A890B780A120B477C0C82
:1067E0007D00EEFAEFFB1214467402120B5AE970A8
:1067F00024A2005020780A120B47750A0C750B0072
:10680000780A120B477C007D00EEFAEFFB1214525F
:106810007404120B5A7C157D007900741D120BE371
:10682000121326741D120BDB880A890B780A120BCF
:10683000477C157D007A827B001214467402120B8D
:106840005AE97026740165097020780A120B4775A1
:106850000A15750B00780A120B477C007D007A82BE
:106860007B001214527404120B5A7C117D007900C3
:10687000740C120BE3121326740C120BDB880A89BA
:106880000B780A120B477C117D007A3A7B001214B8
:10689000467402120B5AE97026740165097020785B
:1068A0000A120B47750A11750B00780A120B477C08
:1068B000007D007A3A7B001214527404120B5A7451
:1068C0000C120BDB880A890B780A120B477C117DAE
:1068D000007A3B7B001214467402120B5AE97026B0
:1068E000740165097020780A120B47750A11750B3F
:1068F00000780A120B477C007D007A3B7B00121463
:10690000527404120B5A743202DE5D74F1120610D6
:106910008C088D09743A6A7001EB6006743B6A4B0F
:1069200070157808120B4775081075090078081261
:106930000B477C0102E9BB74036A700374016B703E
:1069400008750CF8750D29801974686A4B702F90C2
:106950001958E064016005E06402706B750C0875FD
:106960000D2A750E80780C120B437C107D00AA084E
:10697000AB0912131A7403120B5A7900804B74027C
:106980006A700374016B602174626A4B601BEA24B5
:10699000FCF8EB34FEF9E849600FEA24FFF8EB3429
:1069A000FDF9C3E812D3B3501E7808120B477508DF
:1069B000107509007808120B477C007D00121458EE
:1069C0007404120B5A8002790A02DD4574F412062F
:1069D0001074E8120C0989097C187D007900AA213D
:1069E000AB22121326750800E5082401FEE43402E8
:1069F000FFA821A922880A890B780A120B477C1864
:106A00007D00EEFAEFFB1214467402120B5AE97085
:106A100026740165097020780A120B47750A1875EB
:106A20000B00780A120B477C007D00EEFAEFFB1298
:106A300014527404120B5A0508EEC3940340A9744F
:106A40001802DE5D74F7120610E9FE121920EEF945
:106A500012192CEEF912190E02DA4874EE12061011
:106A60007A187B001213CE8A0E8B0FEA450F700343
:106A700002EB4D750800750900E50875F009A4F8EA
:106A8000AAF075F009E509A42AF9745B28F50A74DF
:106A90001612EC2F600302EB20E5082401FEE50945
:106AA0003402FF780E120B4775101875110078101C
:106AB000120B477C007D00EEFAEFFB1214587404B1
:106AC000120B5AE9705A850A82850B83120E40E533
:106AD0000E2410F582E4350FF583120E4C850A82E0
:106AE000850B83A3A3A3A3120E40E50E2414F58205
:106AF000E4350FF583120E4C780E120B47750A1809
:106B0000750B00780A120B477C007D00EEFAEFFB54
:106B10001214527404120B5A850C82850D83E4F012
:106B20000508E50870020509C39403E5099400A26D
:106B3000D265D033500302EA797C187D007900AA2F
:106B40000EAB0F121326AA0EAB0F1213D47F0A023C
:106B5000089574EE1206107A137B001213CE8A0E7B
:106B60008B0FEA450F700302EC2C750800750900C5
:106B7000E50875F009A4F8AAF075F009E509A42A5A
:106B8000F9747628F50A741612EC2F600302EC11E2
:106B9000E5082411FEE5093401FF780E120B477554
:106BA00010137511007810120B477C007D00EEFA6F
:106BB000EFFB1214587404120B5AE97054850A82C0
:106BC000850B83120E40850E82850F83120E4C8535
:106BD0000A82850B83A3A3A3A3120E40850E828590
:106BE0000F83A3A3A3A3120E4C780E120B47750AB2
:106BF00013750B00780A120B477C007D00EEFAEF4C
:106C0000FB1214527404120B5A850C82850D83E416
:106C1000F00508E50870020509C39403E50994002E
:106C2000500302EB70AA0EAB0F1213D402EB4D39D6
:106C3000F50BE50A2408F50CE4350BF50D850C82FF
:106C4000F583E064012274F612061074F8120C0940
:106C500090811DAC21AD227408120A86EA4B6006B1
:106C6000EAFEEBFF800CA821A92288088909AE085A
:106C7000AF09EEFCEFFD7A007B0079AB121C62EEEF
:106C8000FCEFFD7A967B161214D0750896750916DE
:106C90007808120B477508087509007808120B4729
:106CA0007C007D007A717B001214527404120B5A1E
:106CB000740802DA6474F612061074DA120C097C95
:106CC000157D0079007411120BE312132674111252
:106CD0000BDB880889097808120B477508157509B8
:106CE000007808120B477C007D007A827B0012142A
:106CF000527404120B5A7C117D007900AA21AB2238
:106D0000121326A821A922880889097808120B479E
:106D10007508117509007808120B477C007D007A10
:106D20003A7B001214527404120B5AA821A922882B
:106D30000889097808120B47750811750900780849
:106D4000120B477C007D007A3B7B001214527404C6
:106D5000120B5A742602DA6474F6120610E9FE90D9
:106D600018F2120E4090157A120E4C9018F6E09020
:106D7000156DF09018F7E0901570F09018FCE09009
:106D8000156EF09018FDE0901571F012F2CAE8F05F
:106D9000A3E9F0D2817A207B03120F2AC281E4F5A5
:106DA00008F5097808120B477C0E7D007A017B04F8
:106DB0001214467402120B5AE9F8740968702375AC
:106DC00008F27509187808120B4775080E75090046
:106DD0007808120B477C007D007A017B0412145264
:106DE0008024E870267508F27509187808120B4798
:106DF00075080E7509007808120B477C007D007A33
:106E0000017B041214587404120B5A901658E4F0C3
:106E1000EE901565F07A007B191223C47ADC7B189A
:106E2000901900E0F91216567C877D25902A76E4A9
:106E300093FA901900E0F91215067C0E7D167A007F
:106E40007B00901900E0F912150C901565E0F9121D
:106E500014E8901565E0F91212F67A447B161224B4
:106E60002443CB10D29153F7BF438F80438F1090B0
:106E700018F7E0F8740C6870079018C7747F8022C8
:106E8000740A6870079018C7743F8016740B687096
:106E9000079018C7745F800A74096870069018C755
:106EA000741FF09018C7E0F9120F4212F4A0C291BB
:106EB000C29343F74053F1DF43F52043FFC043F44F
:106EC0001043FE1012F4A053CBF743CB0353CEBFB5
:106ED00043CE0443CE1053CB1F75CD0490156A7476
:106EE00001F09081DC1209607A017B00901565E069
:106EF000F912149A7404120B5A9081A41209607A40
:106F0000107B00901565E0F912149A7404120B5A64
:106F10009081A81209607A407B00901565E0F91213
:106F2000149A7404120B5A7F0202089574F0120628
:106F300010EAFEEBFF5480600302EFDCEEA2E040BB
:106F40000302F08290156CE0600302F07990156600
:106F5000E02401F0A3E03400F0901566C3E0940A49
:106F6000A3E09400A2D265D033404B7A017B00901D
:106F70001565E0F91214A07A017B00901565E0F91F
:106F80001213809018F27808120E0C90818C780CF5
:106F9000120E0C7808790C1205217808120B3F7A32
:106FA000017B00901565E0F912149A7404120B5AD3
:106FB00090156C7401F090156A7401F090156BF0E7
:106FC00002F079EA241712FAA0E0FAA3E0FBEA4BF8
:106FD00060031213D4AA08AB0912133E901565E0A2
:106FE000F91213508A088B09EA4509700302F071FF
:106FF0008A828B83E024CC60CA247470D8A3A3A3B4
:10700000E0F50B8A828B83A3A3E0F50A9018B1E028
:1070100064017007AA0BA90A120F60AA0BA90A1231
:107020000F1EE50AA2E550259018FDE0F8740468EB
:1070300070047904800EE870047900800774FC689D
:10704000700579FC1219B09015697401F0E50AA277
:10705000E65082901569E4F0901568E0600302EF55
:10706000D590156A7401F090156BF012163E02EF80
:10707000D5EEFAEF648002F16C12163EEE64010266
:10708000F16A5402600912161AEE640202F16AEE05
:107090005410600C90156B7401F0EE641002F1292D
:1070A000EE5408606D7A067B001213CE8A088B09B5
:1070B000EA450960468A828B837401F0A37406F066
:1070C000A3E412F178742312F178A374F8F0A37496
:1070D0001812FACD120B4B750A01780A120B4B7875
:1070E0000A120B4B7808120B477C0A7D007AD07B82
:1070F00018790112152A7405120B5AAA08AB091245
:1071000013D412164A12163890156AE4F0EE640889
:107110008058EE54046008121614EE6404804BEE9E
:1071200054206008C281EE6420FA8047EE5440602B
:107130003E9081AC7808120E0C9018F87808120C6A
:10714000D77508F27509187808120B4775080E757F
:1071500009007808120B477C007D007A017B04123D
:1071600014527404120B5AEE6440FAEFFB80047A56
:10717000007B007F0802089512F17C2212F1802228
:10718000F08A828B83A3A3A322C082C08312161429
:1071900002FB44C082C0839081481209607A047B5C
:1071A00000901565E0F91214947404120B5A7900DA
:1071B00002FB4474F01206107508F275091878087D
:1071C000120B4775080E7509007808120B477C00F2
:1071D0007D007A017B041214527404120B5A90152C
:1071E0007A7808120E0C9018F27808120C1F605A68
:1071F0009018F2120E4090157A120E4C7A017B0014
:10720000901565E0F91214A07A017B00901565E0F5
:10721000F91213809018F27808120E0C90818C7875
:107220000C120E0C7808790C1205217808120B3F0D
:107230007A017B00901565E0F912149A7404120B20
:107240005A90156A7401F012161A9018F6E0F89028
:10725000156DE068600BE8F090156A7401F0121685
:107260001A12F2CAE0687003A3E069601190157801
:10727000E8F0A3E9F090156A7401F012161A90185C
:10728000FCE0F890156EE0686015E8F07401687035
:10729000059081F880039081EC120E28121ED89080
:1072A00018FDE0F8901571E068601CE8F07404685F
:1072B00070047904800EE870047900800774FC681B
:1072C000700579FC1219B002F1739018FEE0F8A372
:1072D000E0F99015782274F412061090156FE0F81A
:1072E000740128F0E8601214606114700302F3A6C0
:1072F00014700302F41C02F45743CB101216201230
:10730000F4A712F4A07A06FB1213CE8A088B09EABE
:107310004509602A12FABE120B4B750A01780A124F
:107320000B4B780A120B4B7808120B477C087D0434
:107330007AD07B18790112152A7405120B5AAA0803
:10734000AB091213D412163202F481D29153F7BF53
:107350007C057B807A0479071214D68A089018FE7F
:10736000E0F50AA3E0F50BEA850AF0A4C508A8F049
:10737000850BF0A428F8850AF0EBA428F509E4F5BC
:107380000AF50B9081B07808120AE550067508FFDF
:107390007509FF901583E508F0A3E509F012F4A73D
:1073A00012162C02F4819015687401F09018F7E021
:1073B000F8740968603E740A68700D9018C7743FCD
:1073C000F09018CC74D68037740B6870119018C781
:1073D000745FF09018CC74A8F0A374028025740C2C
:1073E0006870119018C7747FF09018CC74E8F0A3FF
:1073F0007403800F9018C7741FF09018CC7468F055
:10740000A3740112F4B2901570E068600AE8F0907D
:1074100018C7E0F9120F42120F488065120F4E8A0A
:10742000088B09A808A9097498687003743A696000
:1074300017901581E8F0A3E9F07A0A7B0012042680
:10744000901574E8F0A3E9F012F4A7C291C2934337
:10745000F740121626802AE4F0901568F090156B1C
:10746000E0640170399081B41209607A087B009061
:107470001565E0F91214947404120B5A90156BE41C
:10748000F090156FE060179018CC1209607A027BBB
:1074900000901565E0F91214947404120B5A8020C0
:1074A00053CBEF43CB04229018CC743212F4B2A326
:1074B000F022F0A3E4F0A3F022AA08AB091213D43F
:1074C0007F0402089574EC1206107C037B007A049A
:1074D000790F1214D69018F0EAF0A3EBF07980122D
:1074E0000F72750800750900750A00750B007E00A3
:1074F0007A047904120F6C7A047904120F6C8A0CE6
:107500008B0DE4F50EF50F7808790C120CFDEEC327
:10751000940250077AF47B01120F240EEEC39403F9
:1075200040CE9081B8780C120E0C7808790C1205B8
:10753000A1901587E508F0A3E50912FC7A85080CEF
:1075400085090DF50EF50F9081BC7810120E0C78A0
:107550000C79101205219081C0780C120D109082C8
:107560000C7810120E0C780C79101205A1AC0CAD31
:107570000D9081C4780C120E0C7808790C1205213C
:107580009081C87808120D1090820C780C120E0CA5
:107590007808790C1205A1AE08AF09901587E0F5BF
:1075A00008A3E085080CF50DE4F50EF50F9018F62C
:1075B000E06401704D901574E02406F8A3E034FFF8
:1075C000F9E875F0A4A4C8AAF02AFA75F0A4E9A411
:1075D0002AF97A647B001204268808E9F5093395B4
:1075E000E0F50AF50B780C7908120C879081EC789D
:1075F0000C120A3E400C750C00750D00750E0075DE
:107600000F008E108F11E4F512F5138C088D09F51B
:107610000AF50BC3EE9CEF9D50487808790C120CCC
:1076200049503F780C7910120C4950477808790C72
:10763000120C879081DC780C120E0C7808790C12F1
:107640000521ECC39EF50CED9FF50DE4F50EF50F4D
:107650007808790C1205A1901585E508F0A3E509D5
:10766000802B7808790C120C494008901585E4F0BD
:10767000A3801A780C7910120C4990158540087473
:1076800010F0A3742780067488F0A37413F07F0CA5
:1076900002089574F412061090156AE0640170698E
:1076A0007A107B001213CE8A088B09EA4509700311
:1076B00002F7B88A828B83740312F7C812F8DB745E
:1076C00020F0A3740512F8E5742012F8F174F7F0B5
:1076D000A3741812FA877404F0A30412FA8F74F6D4
:1076E000F0A3741812FACD120B4B750A01780A1226
:1076F0000B4B780A120B4B7808120B477C027D0467
:107700007AD07B18790102F7B09018FCE064017020
:107710006790157212F90F75831575828112F9063B
:107720001219D49018C812F915500302F7BF90151A
:107730008112F90F90157212F8D11213CE8A088BAC
:1077400009EA4509607212F7C212FACD120B4B75A5
:107750000A01780A120B4B780A120B4B7808120BAD
:10776000477C027D047AD07B18901900E0F912154D
:107770002A7405120B5A80407A067B001213CE8AB7
:10778000088B09EA4509603012F7C212FACD120BD4
:107790004B750A01780A120B4B780A120B4B7808CA
:1077A000120B477C027D047AD07B18901900E0F917
:1077B00012152A7405120B5AAA08AB091213D40227
:1077C000F4C08A828B837401F0A3E4F0A312F17CED
:1077D000742912F8E17481F0A374152274F412066E
:1077E0001090156AE0640170357A0B7B001213CE9D
:1077F0008A088B09EA4509700302F8C78A828B83DD
:10780000740212F8FC12F8DB7410F0A3740312F87F
:10781000E5742912F8F174FEF0A37418807F9018B3
:10782000FCE06401706490157612F90F758315758C
:10783000828312F9061219D49018CA12F91550034E
:1078400002F8CE90158312F90F90157612F8D11226
:1078500013CE8A088B09EA4509606C12F8F612FA11
:10786000CD120B4B750A01780A120B4B780A120BDA
:107870004B7808120B477C007D047AD07B18790185
:1078800012152A7405120B5A803D7A067B001213DA
:10789000CE8A088B09EA4509602D12F8F612FACD56
:1078A000120B4B750A01780A120B4B780A120B4B1C
:1078B0007808120B477C007D047AD07B187901127E
:1078C000152A7405120B5AAA08AB091213D402F434
:1078D000C0E8F0A3E9F07A067B002212F8E1A3A346
:1078E0002212FAED2212F8E92212FAEDA3A3A3A3C1
:1078F0002212F8E9A3228A828B83740112FADD74C2
:1079000083F0A3741522E0C398FAA3E099FB22E068
:10791000F8A3E0F922E0F8A3E0F9C3EA98EB99A212
:10792000D265D0332274F412061090156AE07A06FC
:107930007B0070381213CE8A088B09EA4509606211
:1079400012FABE120B4B750A01780A120B4B780A19
:10795000120B4B7808120B477C057D047AD07B18FC
:10796000790112152A7405120B5A80361213CE8A29
:10797000088B09EA4509602A12FABE120B4B750AF8
:1079800001780A120B4B780A120B4B7808120B473E
:107990007C057D047AD07B18790112152A740512B2
:1079A0000B5A02F4B974F412061090156AE070468E
:1079B0007A067B001213CE8A088B09EA45096033E8
:1079C0008A828B83740112FAA812FACD120B4B75BE
:1079D0000A01780A120B4B780A120B4B7808120B2B
:1079E000477C017D007AD07B18790112152A740535
:1079F000120B5A02FA847A157B001213CE8A088B76
:107A000009EA4509607E8A828B83740412FAA812FF
:107A1000F8DB7401F0A30412F8E5742112F8F17494
:107A2000F2F0A3741812FA877416F0A3740212FA13
:107A30008F74FCF0A37418F0EA241012FAA07436C4
:107A4000F0A37402F0EA241212FAA07428F0EA24D7
:107A50001312FAA074FDF0A3741812FACD120B4B96
:107A6000750A01780A120B4B780A120B4B78081230
:107A70000B477C017D007AD07B18790112152A749E
:107A800005120B5A02F4B9F0EA240B12FAA022F004
:107A9000EA240D12FAA07410F0EA240E12FAA022C1
:107AA000F582E43509F58322F0A37421F0A3E412F2
:107AB000F17C742012F8E174EFF0A37418228A822A
:107AC0008B83740112FADD7485F0A37415F09015A0
:107AD0007EE0F8740128F0E8F50A780A2212F4B280
:107AE0008A828B83A3A3A3742112FAED2212F18060
:107AF000A322C082C083901569E070489015B8E059
:107B00006406702190156AE064017021D281908131
:107B1000CC1209607A207B00901565E0F91214946C
:107B20007404120B5A9015B8E0640670179081B473
:107B30001209607A027B00901565E0F912149474C2
:107B400004120B5AD083D082020B0AC082C08390E9
:107B5000156CE06401701090157F12F90FE8496010
:107B600004D2818002C28180DB74F0120610790099
:107B7000120F727C0A7B007A04790F1214D69018C7
:107B8000F0EAF0A3EB12FC7A78081207439081D058
:107B9000780C120E0C7808790C12017A780812040D
:107BA00092AC08AD09ECF8EDF97A647B0012042E72
:107BB000E8FA75F064A4F8ABF0E42BF9EC98F8ED72
:107BC00099F9C3E89433E99400400574012A8001CF
:107BD000EA9018EEF0C3EC94B8ED940B40089018BE
:107BE000EF74C802FC76C3EC94C5ED940940277489
:107BF000B8C39CF8740B9DF9E875F05AA4F8AAF084
:107C000075F05AE9A42AF97AF47B0112042E880847
:107C100089097464802EC3EC9499ED9408405374E0
:107C2000C4C39CF874099DF9E875F00AA4F8AAF099
:107C300075F00AE9A42AF97A2C7B0112042E88082F
:107C40008909740A9508F508E49509F509E4F50A27
:107C5000F50B78081207439081D4780C120E0C783B
:107C600008790C12017A7808120492E5089018EF4E
:107C700080049018EFE4F002F173F09018F0E0F552
:107C800008A3E0F509E4F50AF50B2274F4120610D6
:107C90008908EAFEEBFF90158BE07021750A62758A
:107CA0000B16780A120B477C147D007A007B0012B9
:107CB00015007402120B5A90158B7401F07A057B33
:107CC000001213CE8A0A8B0BA80AA90BE84970048C
:107CD0007910804E88828983E4F0A3F088828983BA
:107CE000A3A3E508F088828983A3A3A3EEF0A3EF02
:107CF000F0901589E0FAA3E0FBEA4B901589601B30
:107D0000E0FCA3E08003EAFCEBFD8C828D83E0FACB
:107D1000A3E0FBEA4B70EF8C828D83E8F0A3E9F0DF
:107D2000790002FFB87808120B4B7508007808122A
:107D30000B4B7C037D00EEF9121518740B120B5AD5
:107D40007402120B5A7F0202089574F61206107420
:107D5000FE120C09E9FEEC852182852283F0740174
:107D6000120E6312FD9D120B47750802750900780B
:107D700008120B477411120E6312FDAA120B4BE48A
:107D8000F5087808120B477413120E6312FDAA123D
:107D90000B4B7508017808120B4B02FD25EDF0A87E
:107DA00021A92288088909780822E0F508780822A4
:107DB00074F61206108A828B83A3A3E0FE54076434
:107DC0000170658A828B83E0F8A3E0F9880889094D
:107DD000E82414F582E43509F583E0FC9015891256
:107DE000FFCA49604388828983A3A3E06C888289A3
:107DF0008370ECA3A3A3E0FCA3E0FDEC4D60298518
:107E00000882850983A3A3A3A3E0F508A3E0F509ED
:107E100078081208DB00000359FE2CFE59FE59FEBB
:107E200022FE121668E9803379018030EE54087022
:107E3000248A828B83A3A3A3A3A3A3A3E0701A8C99
:107E4000828D83E0F8A3E0F988828983E582458307
:107E5000600312243B740080027401F902FD457432
:107E6000F412061074FA120C098A088B098A828BA4
:107E700083A3A3A3A3A3A3A3E0F88A828B83A3A3D2
:107E8000E05408600302FF64E870378A828B83A3A2
:107E9000A3A3A3A3A3A3A3E0FAA3E0FB8508828581
:107EA0000983E0F8A3E0C82414F582E438F583E000
:107EB000F98A828B83E0FCA3E0FBECFA1223B80280
:107EC000FFB1740168600302FF6785218285228308
:107ED000E4F0A3F08A828B8312FFCAFEE9FFE4F587
:107EE0000AF50B780A120B477402120BDB880A8919
:107EF0000B780A120B477C007D008E828F83A3A330
:107F0000A3A3E0FAA3E012FFBD1215907404120BB4
:107F10005A85218285228312FFCA49700302FFB16C
:107F2000850882850983E0FEA3E0FF850882850934
:107F300083A3A3A3A3A3A312FDAA120B4B7508014D
:107F40007808120B4B7402120E63E0FCA3E0FDEE06
:107F50002406FAE43F12FFBD12165C7402120B5A9B
:107F600079FF804FE86004790180488A828B83E042
:107F70002406F8A3E03400F97402120E63E8F0A3BB
:107F8000E9F08A828B83A3A3A3A3A3A3A3A312FFD5
:107F9000CAFAE9FB8A828B83E0FCA3E0F9ECF8746F
:107FA00004120E63E8F0A3E9F07402120BE312234B
:107FB000A079007406120B5A7F04020895FBEE2488
:107FC00014F582E43FF583E0F922E0F8A3E0F9E854
:107FD00022C082C083852182852283E0F8A3E0F954
:107FE000E84960128A828B83ECF0A3E824FF18E949
:0D7FF00034FFF94870F2D083D082020B0AF2
:1080000074F7120610E9FE900504F07A027B8012E4
:10801000186C7A017B80EEF912186C7A047B80EE82
:10802000F912186C02881874F6120610EAFEEBFFBB
:108030007A077B001213CEEA4B60238E828F83E097
:108040008A828B83F0A3A37457F0A3741512806106
:10805000EEF0A3EF128061A3A3E4F012241E0293BA
:1080600040F08A828B83A3A3A3A32274F412061088
:1080700074F8120C09EAFEEBFF8908A821A92288EE
:108080000A890B780A120B477C007D007A037B007B
:10809000A90812154E7402120B5AE96056740612A2
:1080A0000E63128F56E06E7003A3E06F6045EE4FD3
:1080B00088828983601EEEF0A3EFF090820C120993
:1080C000607A007B20900504E0F912149474041285
:1080D0000B5A800FE4F0A3F0FA7B20900504E0F93E
:1080E0001214A090051E128F756008A908128F3D0A
:1080F00012243B7408028D5874F412061074EC12AA
:108100000C0989085308CE9018AEE070127A047BEF
:1081100000900504E0F91214A6EA4B4C4D602F9034
:1081200018AEE0A2E550030282CA9018B1E06010D8
:10813000E508A2E1500A7A01790412235263080289
:10814000743F5508F89018AEE048F00282CA743FB8
:108150005508FE9018AEE04EF0900513E060030263
:1081600082A674011282CF120B47750A01750B00AB
:10817000780A120B477C007D007A557B0012145858
:108180007404120B5A9018B1E0640160030282A6D5
:10819000901958E064016008E06402600302827F85
:1081A0007C0879009016DD1294A81213B0E96003E0
:1081B00002827F121D0AE9600302827FA821A922A0
:1081C000880A890B780A120B47750A01750B00782B
:1081D0000A120B477C107D007A117B01121458742F
:1081E00004120B5A901658E0700302827F85218298
:1081F000852283E064FD700302827FE06402607F79
:108200007C137D0079007401120BE31213267411A4
:10821000120E6374FFF07401120BDB880A890B786D
:108220000A120B47750A13750B00780A120B477C6C
:10823000007D007A117B011214527404120B5A90C3
:108240001676E4F0A3F0A3F0A3F0A3F0A3F0A3F05C
:10825000A3F09018B11282CF120B47750A01750B6B
:1082600000780A120B477C007D007A557B001214BF
:10827000527404120B5A7A0379FF121962803B90F0
:10828000050F7407F074104EF89018AEE048F079BE
:10829000007A007B00121686E9602F79001222E630
:1082A0007A007907800F9018AEE0700E90050F7479
:1082B00007F07A00F9122352801090050FE4F07A4B
:1082C00004FB900504E0F912137A7414028D58F03F
:1082D000750AB1750B18780A2274F612061074FD2F
:1082E000120C097401120E63E9128B2212880C120F
:1082F0000B477C037B007A0A900504E0F91222BC4C
:108300007402120B5A740302933DC082C083E99039
:1083100018B2028422C082C08379001222E67A0356
:1083200079FF121962028423C082C08374FB120C8D
:10833000099018B1E060219018AEE0A2E540197CE8
:10834000057D007900AA21AB2212132612239AAAD6
:1083500021AB22121AB2800A12239A7AF47B0112FC
:1083600016E07405120B5A028423C082C08374FF86
:10837000120C0980061294A5122322900514128F64
:108380007570F2121E0690050FE064086010E0643C
:108390000170067A0079018028E0900512F09005BE
:1083A0000F7408F0121A8E790A12177085218285CF
:1083B0002283E4F0AA21AB22795212197A7A007949
:1083C000081223527401809CC082C0837A009005F9
:1083D0000FE06406704690050912949FECF8ED805A
:1083E0001AE8240CF582E439F583E0A2E65005C2D0
:1083F000E6F07A01129487E0F8A3E0F9E84970E129
:10840000EAA2E0501790820C1209607A007B40903B
:108410000504E0F91214947404120B5A8005EAF072
:10842000A3EBF0D083D082020B0AC082C0839018E5
:10843000B1E0601890050FE06408701079007A00D0
:108440007B00121686E9700479008002790180D3DE
:1084500074F612061074FC120C09E9FEEAFF90058E
:108460000FE06E6013E06408600302880790051255
:10847000E064066003028807EE1470030285461468
:1084800070030286EB1460211470030285CD147012
:108490000302860214700302863D147003028726CD
:1084A00014700302878E0287DC901958E064016023
:1084B00008E0640260030287DC9082001209607A9F
:1084C000047B00900504E0F91214947404120B5A12
:1084D000EF602290050F7401F080061294A512231C
:1084E00022900514128F7570F290820C120E2812D1
:1084F0001ED80288077403120E63E4F090820C12F7
:108500000E28121ED89018AD7402F014120E637467
:1085100001F090050FE4F09018AEE0C2E1F07403B2
:10852000120BE3795212197A12239A121ABE7900A9
:10853000121770900514128F7570030287DC129465
:10854000A512232280ED901958E064016008E064D0
:108550000260030287DCEF603B7A03790012196244
:1085600090050F74041292811209607A047B0090C6
:108570000504E0F91214947404120B5A90820C1240
:108580000E28121ED87A007B10900504E0F9121410
:10859000A00288077401120E637401F09018AD7484
:1085A00007F07A007B10900504E0F91214A09018EF
:1085B000AEE4F09081F41209607A027B0090050429
:1085C000E0F91214947404120B5A0287DC7401123D
:1085D0000E637401F0EF600A9018ADE4F0790612B2
:1085E000177012927D1209607A047B00900504E0F6
:1085F000F91214947404120B5A9018AEE0C2E102FE
:10860000878B7401120E637402F0EF9018AD600A4C
:10861000E4F07A03F912196280037408F012927D73
:108620001209607A047B00900504E0F91214947436
:1086300004120B5A9018AEE0C2E202878B7401124A
:108640000E637403F09018ADE07006900517740186
:10865000F0900503E060030288079005091294A8D2
:108660001223768B09EA450960030288077A007BAA
:1086700040900504E0F91214A6EA4B4C4D60030249
:10868000880790050BE4F0A3F090050DF0A3F07AB5
:10869000097B051222C87A007B40900504E0F9129C
:1086A00014A0900517E0600A9018ADE0640B70020A
:1086B000E4F0900517E4F090050FE06406701912DD
:1086C00092801209607A047B00900504E0F912148C
:1086D000947404120B5A800A900512E0640670022A
:1086E000E4F09018AEE0C2E302878B7900121E1E00
:1086F0007401120E637404F0EF600C9018ADE4F096
:10870000A3F0790612177012927D1209607A047B29
:1087100000900504E0F91214947404120B5A901896
:10872000AEE0C2E080657401120E63E4F0EF6035E4
:1087300090820C120E28121ED8790412177012168D
:10874000D49018AD740DF090050FE4F09081F01204
:1087500009607A047B00900504E0F9121494740413
:10876000120B5A80209018B1E060147401120E634D
:108770007405F09018AEE0D2E5F0790A1217709007
:1087800018AD7402F09018AEE0C2E4F0804E7401AF
:10879000120E637405F0EF602D900512E090050F46
:1087A000F0900512E4F090820C120E28121ED89060
:1087B00018AEE0C2E5F09018AD740DF07904121710
:1087C0007012238880169018AEE0D2E5F09018ADB4
:1087D0007402F09081EC120E28121ED89005181227
:1087E0008F7560239018ADE08521828522831288E1
:1087F0000C120B477C037B007A0A900504E0F91207
:1088000022BC7402120B5A740402933DF0A821A9F1
:1088100022880889097808227F01020895C082C051
:10882000839018B1E0F90284237900020B0A74F6F0
:1088300012061074FF120C097E00901719E004F064
:108840007508197509177808120B477508018E0904
:108850007808120B477C007D007A217B00121452AD
:108860007404120B5A79001216DAE9640170047963
:10887000048002790E12177090172DE064FE7003C9
:10888000A3E0F470027E0190173AE0F47003A3E0D5
:10889000F470047E01803AEEA2E0403585218285A5
:1088A00022837401F0AA21AB22795212197A79013C
:1088B0001216DAE9640190172F700BE0F97A967BB3
:1088C00015121A9A8009E0F97A967B15121AA0E916
:1088D000FEEEF902933B74F612061074FF120C09B7
:1088E000E9FE852182852283E4F0EE6022A821A999
:1088F00022880889097808120B477C017B007A03DB
:10890000900504E0F91222BC7402120B5A803090D8
:1089100018B6E060239018A3120E40E8494A4B6055
:10892000179018B6E4F09018A3120E281223167AA6
:10893000327B0012174680077A0079031223520215
:10894000933B74F5120610750800750900121DFAA4
:10895000900514129739121E009005148005050821
:10896000128A63129499EE4F70F4900514128F7569
:108970007003028A5E90051C128F75600EA90812A2
:1089800094A590051D128F3D12243B90051412945E
:1089900099EE4F7003028A52750A00028A269019D6
:1089A00056E0F47003A3E0F460138E828F83128F7D
:1089B0007B901956E0687003A3E0697058901730F7
:1089C000128F7B8E828F83A3A3A3A3A3A3A3E068AC
:1089D0007003A3E069700A74FE68700374FF697025
:1089E0000B8E828F83A3A3A3A3E060298E828F8343
:1089F000A3A3A3A3A3E0F890172AE06870208E82B7
:108A00008F83A3A3A3A3A3A3E0F8901935E0686024
:108A10000DE5097009EEFAEFFB1223221508050A8D
:108A2000128A63129499E50AC3950850257A967BB9
:108A300015121FC2E96401600302899EEE240BFC3B
:108A4000E43FFD7A967B151214CAE960030289BDE2
:108A500080C30509E509C39402500302898B7F0393
:108A6000020895EE128B843FF5832274F6120610ED
:108A700074FF120C09900514128F75900511601780
:108A8000128ABF12231CE96033852182852283125A
:108A90008ABF1223228005E4128F83F0A821A92225
:108AA000880889097808120B477C017B017A0390BA
:108AB0000504E0F91222BC7402120B5A02933B74B3
:108AC00001F0900514E0FAA3E0FB2274F612061000
:108AD00074FF120C09E9FE9018AD7403128B22F09A
:108AE000EE60047B00801A900516E0C394035004E6
:108AF000E004800A1294A5122322900516E4F07B6C
:108B000001A821A922880889097808120B477C014D
:108B10007A03900504E0F91222BC7402120B5A0287
:108B2000933BF0852182852283740122C082C08319
:108B30009005148007E8FCE9FD128B8A128F75609E
:108B40003EEA687002EB6970EC1294A5E86A700264
:108B5000E96B7010E0CA128B843AF5831294A890E6
:108B60000514800D128B8A1294A8EC128B843DF5AB
:108B700083129739E8FAE9FB1213D479008002795D
:108B8000020284232414F582E422E8128B8439F54E
:108B9000832274F6120610EAFEEBFF7903121770B7
:108BA0008E828F83A3A3A3A3A3A3E0F912174C8EF5
:108BB000828F83A3A3A3A3A3A3A3A3A3A3E0F508E6
:108BC0007808120B4B8E828F83A3A3A3A3A3A3A326
:108BD0001209649015C0E0F5087808120B4B8E82DC
:108BE0008F83A3A3E0F98E828F8312949FEE240BD0
:108BF000FAE43FFB121AAC7404120B5AE9FE7054EB
:108C00009015C0E0A2E35029901958E0600A640171
:108C10006006901945E0703C9081EC120E28121EFF
:108C2000D87A007B00121EDE7A007B00121EE480E0
:108C3000239015B9E0701D901921120E409019155E
:108C4000120E4C901929E0F508A3E0AA08FBE4FCF9
:108C5000FD121ED8EEF902934074F41206108A0831
:108C60008B098C0A8D0B9016927808120DFD9015C9
:108C7000B07808120DFD7508927509167808120B68
:108C8000477508047509007808120B477C007D00C1
:108C90007A847B00121452028D5674F4120610E985
:108CA000FE9018B6E0601C9018A77808120E0CE52C
:108CB000084509450A450B600AAA08AB09AC0AAD8C
:108CC0000B800B9018B6E4F09018A3120E28122314
:108CD00016901692120E40E8494A4B601A901958A5
:108CE000E064017007EE70047901800279007A6413
:108CF0007B00121686800EEE7A00600479038002F3
:108D00007905122352805474F412061074FF120C69
:108D100009E9FF7E00EA900510F0EF60137A007B0E
:108D200010900504E0F91214A09018B3E4F080024A
:108D30007E01A821A922880A890B780A120B477C98
:108D400001EEFB7A01900504E0F91222BC740212D4
:108D50000B5A740180027404120B5A7F04020895A6
:108D600074F612061074F5120C099018AEE0A2E524
:108D70005003028F35A2E1505090050F7404F0901B
:108D800018AFE0A2E0503F9018B1E060097A017995
:108D9000041223528030901958E064016005E064A9
:108DA0000270239018B67401F07C047D0079007A7B
:108DB0000F7B0512132690050F7403F0790112231F
:108DC0001079011223AC028F35A2E2500F90050FEB
:108DD0007405F07A00F9122352028F35A2E34003A2
:108DE000028F3590050F7406F09018B1E070030201
:108DF0008EEE1222B08A088B09AE08AF09EE4F70D2
:108E000003028EEE128F43F8A3128F3DA3E0A2E17E
:108E10004003028EC97403120BDB880889097808A5
:108E2000120B477C007D007A037B008E828F83E0EB
:108E3000F912154E7402120B5AE97003028EBF74B8
:108E400009120E63128F56C3E094B5A3E09400504C
:108E5000408882898374B4F0A3E4F090820C1209F4
:108E6000607A007B20900504E0F9121494740412D7
:108E70000B5A90051E128F7560179018B7E0F470AA
:108E80000479FF80068E828F83E0F9128F3A1224D4
:108E90003B128F5E40047909802C7401120E63121C
:108EA0008F81740912880C120B477C037B007A0AAD
:108EB000900504E0F91222BC7402120B5A800A12C7
:108EC0008F5E4005790E12228C128F432401F8A385
:108ED000E03400F988828983E0A2E0505890052FA1
:108EE0001294AE701088828983E0A2E14047790E27
:108EF00012228C8040900503740CF09081E81209D6
:108F0000607A407B00900504E0F912149474041216
:108F10000B5A7401120E63128F81740A12880C129C
:108F20000B477C037B007A0A900504E0F91222BC0F
:108F30007402120B5A740B02933D90051FE0F583E7
:108F4000888222128F4722900507E0F8A3E0F5837C
:108F50008882A3A3E022128F7B8882898322128FCA
:108F600047F8A3E0F5838882A3E0A2E022EAFEEBC3
:108F7000FF8E828F83128F7BE84922E0F8A3E0F90D
:108F8000227403F08521828522832274F012061058
:108F900074F3120C09EAFEEBFFEE5404604F9005E7
:108FA0000FE0600D14600F24FD601424FE60198032
:108FB0003612230480317A01790112230A80287A3B
:108FC000017904122352801F9018ADE4F090050F30
:108FD0001292811209607A047B00900504E0F91274
:108FE00014947404120B5AEE6404029182EF5480BC
:108FF000706EEF541070030290D5901958E0640120
:109000006008E0640260030290CD90050FE01470E8
:10901000030290C524FE60030290CD900511E06428
:109020000260030290CD7401F079001223280290AF
:10903000CD740A6870239018AEE08A828B83A3A354
:10904000A3A3F0900518128F75600EEA2402FAE4CB
:109050003509FB128F3D12243BAA08AB0912133EBF
:10906000900504E0F91213508A088B09EA4509605B
:109070004C8A828B83E0F874D3687032EA240CF552
:1090800082E43509F583E0F50AA3E0F50B780A12CE
:1090900008DB0180035990A9909F905990A49012E9
:1090A00022F880B512229E80B01222AA80AB9005D1
:1090B0000FE06860030290311222C2809CEEFAEF4A
:1090C0006480029264A3E0FA790012230AEEFAEFB8
:1090D0006410029264EE54806007EE6480FA02929B
:1090E0006BEE5402603A901958E064016005E06448
:1090F0000270287C057D007900AA21AB221213267C
:1091000079001222E6AA21AB22121AB2E9600C7A87
:10911000027B00900504E0F912137AEE640280628B
:10912000EF54086006EF6408029264EE5440605702
:109130001222B08B09EA4509603A900503E014F069
:1091400060387A007B40900504E0F91214A6EA4BDF
:109150004C4D70099005091294A81223769081E86D
:109160001209607A407B00900504E0F912149474AF
:1091700004120B5A900503E07005790B12228CEE55
:109180006440FAEF029264EF542070030292579009
:109190000505129275750C0080249018ADE4F090CE
:1091A000051E128F75600E850A82850B83E0F91209
:1091B0008F3A12243B850882850983129275E5084F
:1091C00045096063850882850983A3A3128F5685AC
:1091D000820A85830BE060DDC394F150D8740512D8
:1091E0000BDB880E890F780E120B477C007D007A0E
:1091F000037B00850A82850B83E0F912154E740209
:10920000120B5AE960AF740B120E63128F56129450
:10921000AE6087EA24FF1AEB34FFFB888289831251
:109220009739750C01808EE50C601990820C12093B
:10923000607A007B20900504E0F912149474041203
:109240000B5A800C7A007B20900504E0F91214A0E0
:10925000EEFAEF6420800DEF5440600B122382EE93
:10926000FAEF6440FB80047A007B00740D120B5A05
:109270007F08020895128F7B880889092290050FC4
:10928000E4F09082002274F612061074DD120C09CC
:10929000EAFEEBFF901658E0700302933790050F3B
:1092A000E064016003029337121D0AE96003029330
:1092B000378E828F83A3A3128F75707B7A007B1009
:1092C000900504E0F91214A07413120BEBEEFAEF00
:1092D000FB121806741E120E63E0F508A3E0F509F0
:1092E00074097808120DEEC3E508941595E0C3657E
:1092F000D03340097A02790112230A803A7410129D
:109300000E6374FDF08582088583097808120B4787
:109310007508017509007808120B477C107D007AEA
:10932000117B011214527404120B5A79001223A6F5
:109330007A017901122352742380027401120B5AAC
:109340007F0202089574F6120610E9FE9018B1E04B
:109350006E7006900513E07033EE70059018AEE461
:10936000F0EE9018B1F07508B17509187808120B75
:10937000477508017509007808120B477C007D00CD
:109380007A557B001214527404120B5A80B274F690
:10939000120610128F6D701F7A117B001213CE8A85
:1093A000088B09A808A9098E828F83E8F0A3E9F049
:1093B000E849600312947F02934074F6120610127B
:1093C0008F6D70061222E0029475EC4D606DE8FA24
:1093D000E9FB8C828D8312949F8A828B83A3A3A343
:1093E000A3A3A3A3A3A3E0FE8C828D83A3A3A3A323
:1093F000A3A3A3A3A3E06E70348A828B83A3A3A349
:10940000A3A3A3A3A3A3A3129491A3A3A3A3A3A3DE
:10941000A3A3A3A3E06E7003A3E06F70108A828BF6
:1094200083129491E06E7003A3E06F603FEA240F13
:10943000F582E43BF5831294AE709EE8240FFEE4BF
:10944000398008E8240F500109FEE9128F7070F38B
:109450007A117B001213CE8A088B09A808A9098EFD
:10946000828F83E8F0A3E9F0E84970067A007B0078
:10947000800A12947F8E828F831294A802934012E6
:109480009487E4F0A3F022E8240FF582E439F58311
:10949000221294998C828D8322E0FEA3E0FF22E0C9
:1094A000FCA3E0FD22900514E0FAA3E0FB22E0FA21
:1094B000A3E0FBEA4B2274F4120610128F6D6035A4
:1094C0008E088F09801CEA240FF50AE43BF50B1285
:1094D00013D4850882850983E4F0A3F0850A088502
:1094E0000B098508828509831294AE70D98E828F0C
:1094F00083E4F0A3F0028D5B74F612061074E6129A
:109500000C098A828B83E01470030295A724FE6005
:10951000030296BF901958E064016008E06402609D
:10952000030296BF8A828B83A3A3E06006146018AF
:109530000296BF8A828B83A3E07005122334806178
:10954000790012233A0296BF8A828B83A3E07009C6
:109550009005117402F00296A8121EBA8A088B09AF
:1095600074FE6508700474FF6509700D90172DE096
:1095700064FE7003A3E0F4601D7407120E6374FEB2
:10958000F0A304F090172D14F0A304F07407120B4D
:10959000E3795312197A121F68121A8290173CE469
:1095A000F012232E0296BF901958E064016008E083
:1095B000640260030296BF8A828B83A3E0601190ED
:1095C00018B3E004F0F8A3E0C39850047A00807167
:1095D000900510E014600C14606E14700302966F16
:1095E0000296BF901658E06051121D0AE97047902C
:1095F00018B5E0702D7419120E637402F074111214
:109600000E63E4F0A3F0F5087808120B4B79027CA6
:10961000007D007412120BE312181E7401120B5A13
:10962000807A90051A128F7570030296BF128F3DD3
:1096300012243B0296BF7901800279001223A67A98
:1096400001790112235280777403120E63E4F074DF
:1096500004120E637404F014120BE3121CF87A0067
:109660007B10900504E0F91214A090191D803C7441
:1096700009120BEB7A007B0079AB121C5C740912A7
:109680000BDB852182852283E8F0A3E9F0740212C6
:109690000E637404F0AA21AB22121CFE7A007B1028
:1096A000900504E0F91214A09081F41209607A0088
:1096B0007B10900504E0F91214947404120B5A7490
:1096C0001A02933D74EE120610890B8A0D8B0E8CD4
:1096D0000CEC60567412120E63E0F508A3E0F50975
:1096E000E5084509604474022CFA7B001213388A9D
:1096F000108B11AE10AF11EE4F602F750A00780875
:10970000120B43AC0C7D00EE2402FAE43FFB121373
:109710001A7403120B5A8E828F83E50DF0A3E50EA7
:10972000F0EEFAEFFBA90B1213447F0A020895C072
:1097300082C08390051802841EEAF0A3EBF022C0D9
:1097400082C083901601E4F0A3F07CD47D167A9653
:109750007B151214D0121BA2121A6AD083D0820277
:109760000B0A74F212061074FE120C09E9FEEAFFED
:109770008B088C0974016E600874026E6003029895
:109780008BEF600874036F6003029824121D0AE9CE
:10979000605374036F604E1213328A0A8B0B780A7F
:1097A000120B47750A01780A120B4B750A00780AEA
:1097B000120B4BE509F50A780A120B4BE508F50A7E
:1097C000780A120B4B9015B01209609018B0E0F9AE
:1097D0007CAC7D1690195612A4E0121A88740A12F5
:1097E0000B5A02988679021217709018B0E0F9901F
:1097F00015B0120E28121A7CE9F874036F60030288
:109800009888901603E0F9740129F0E9C3940540A3
:10981000779015B0E4F0A374F8F0A374FFF0A3748C
:1098200007F0806474016F706274016E790A702EA3
:109830001217707A007B04901787E0F91214A0AA1F
:1098400021AB22795012197412A7AC90173A12A4C6
:10985000EE790090173A12A4E0121AE2804412172F
:109860007090192F1209607A007B209015B5E0F9ED
:109870001214947404120B5A9018B0E0F99015B0B9
:10988000120E28121A94E9F8E8601790820C120957
:10989000607A017B009015B5E0F9121494740412FB
:1098A0000B5A740202A79874F6120610E9FFEAFE3A
:1098B0007AD1F91213568A828B83E5824583702A06
:1098C0007A027B00121338EA4B700E7A107B0090FC
:1098D00015B5E0F912137A80148A828B8374D1F063
:1098E000EFA3F0EEF91213448003EFA3F0029A09FC
:1098F00074F7120610890890050112AA6F801A8E5B
:10990000828F83129945E06009129951FAA90812D1
:10991000179A8E828F8312AD0FFFEE4F70E1901970
:1099200019E0F47003A3E0F4600A901919E0FAA9B1
:109930000812179A121EBA90158C12A4E6121EB4C1
:109940007F01020895A3A3E0F8A3E0F98882898348
:1099500022A3A312995722129FB0E02274F4120698
:1099600010890B7D00740C120E6312A7B280010DDA
:10997000EDC3950B503D750A008002050AE50AC348
:109980009C50ECED25E0FEE433FFEA2EF582EB3F40
:1099900012AD07F509AE0AEE2EFEE433FFE82EF510
:1099A00082E912A76665087004A3E0650970CC79A6
:1099B00001800279007F04020895020B0A74F612F6
:1099C0000610129A607003A3E06D70177508BE75DB
:1099D00009157808120B47EEFA1218427402120B9E
:1099E0005A801F7508027509807808120B478C0889
:1099F0008D097808120B47129A5512185A740412DE
:109A00000B5A80057402120B5A7F0202089574F6F5
:109A1000120610129A607003A3E06D70177508CBE0
:109A20007509157808120B47EEFA121848740212DD
:109A30000B5A801F7508037509807808120B478C34
:109A4000088D097808120B47129A5512185A740497
:109A5000120B5A80B412A196E0FD7C8012A52F2231
:109A6000EAFEEBFFEE12A65A3F12A785129A7A2859
:109A7000FCE439FD90158CE06C22FAA3E0F8E4C810
:109A8000F9EA2274F612061074FE120C09EAFEEBD3
:109A9000FF852182852283E4F0A3F012A51912A785
:109AA0007EFBECFA88828983A3A3E0F9750900752F
:109AB0000800600574FF69700575088280249015A0
:109AC0008CE06A7003A3E06B7015AA21AB2212230D
:109AD000EEE9FA12A74B70037508838A09800375B3
:109AE0000880852182852283E0FCA3E0FDA908EEA1
:109AF000FAEFFB12184EE509600B12A74B60061235
:109B0000A4DA1213D4029A04020B0A74F212061099
:109B1000EAFEEBFF750900750800129B7CF50AE46C
:109B200039F50B121EBAEA650A7003EB650B701269
:109B30001223E2E914F50979017ACD7B151223DCB1
:109B4000800375088012A760F50C780C120B4B751A
:109B50000CCD750D15780C120B477809120B4B784C
:109B60000A120B477808120B4B12A66A12A763F968
:109B70007A057B80121854740702A79812A1A212CA
:109B8000A7B688828983E0129A7A282274F6120690
:109B900010780080308A828B8312AD09FEE4CEFFFC
:109BA000E5082EE43FF509E825E0FEE433FFEC2E5E
:109BB000F582ED3FF583E508F0A3E509F0EA24021C
:109BC000FA50010B08E8C39940CB029A0974E012DD
:109BD00006108A188B197513007516007517007515
:109BE000140075150012A655351912AB65F50B85D5
:109BF0000A82F583129B86F508E439F509850A8205
:109C0000850B83A3A312AB9BA3A3E0F9EAFEE4397F
:109C1000FFE518240FF51EE43519F51FE518240E8D
:109C2000F51CE43519F51DE5182402F51AE435197B
:109C3000F51BAA08AB09121F32E964016018AA08D3
:109C4000AB09121F32E9705390158CE0650870045F
:109C5000A3E065096045851C82851D83E0F50A78CF
:109C60000A120B4BE4F50AF50B780A120B47780A37
:109C7000120B4B7808120B477508807808120B4BB3
:109C8000AC1AAD1B851E82851F83E0F97A067B80A6
:109C90001218547407120B5A029FAB850A82850B67
:109CA00083A3A3A3A3E0F509E50A2405F50A50025E
:109CB000050BE509602212ACF01213CE8A168B1741
:109CC000EA45176013AC16AD17AA0AAB0BA9091227
:109CD00017D08A0A8B0B8003750900850A82850BD1
:109CE00083E0F508A385820A85830B601E12ACF021
:109CF0001213CE8A148B15EA4515600FAC14AD15FE
:109D0000AA0AAB0BA9081217D080037508009005AA
:109D1000018045E4F0A3F0AA0CAB0D850E82850FFF
:109D200083A3A3129FB0129951F9121344850A829A
:109D3000850B83E0C0E0A81374CD28F582E43415C8
:109D4000F583D0E0F00513A2005007AA0AAB0B126E
:109D500013D4850E82850F83E0F50EA3E0F50FE5A1
:109D60000E450F7003029F10850E82850F83A3A3FB
:109D700012A7B2E8FAE9FB8A828B83E0FC60D38504
:109D80000E82850F83A3A3A3A3A3A3A3A3E0A2E0B2
:109D900050C0850E82850F83A3A3129945E58245A5
:109DA00083600FECFA790112243B8A0A8B0BD200F4
:109DB000800F8A828B83A3A3A3A312AB67F50BC288
:109DC00000E50A450B6080850A82850B83A3E06E5F
:109DD0007003A3E06F600D74FF6E700374FF6F601B
:109DE00003029D47850A82850B83A3A3A3A3A3A394
:109DF000A3120964850A82850B83A3A3A3A3A3A34B
:109E0000E0FCAA16AB17A9091217A67402120B5A86
:109E1000E97038850A82850B83A3A3A3A3A3A3A318
:109E2000A3A3A3120964850A82850B83A3A3A3A31A
:109E3000A3A3A3A3A3E0FCAA14AB15A9081217A619
:109E40007402120B5AE97003029D47E5082509C305
:109E500033240AFA7B001213388A0C8B0DEA450D65
:109E60007003029D2D8A828B8374D2F0851A8285BD
:109E70001B8312A7B28A828B83A3A3E8F0A3E91203
:109E8000AB4FA3E50912AD28E508F0EA2405F582F9
:109E9000E4350DF583E509602812AB12350D12A4E7
:109EA000E58516108517117512007810120B43AC5A
:109EB00009EC2CFCE433FD12131A7403120B5A80C4
:109EC00004E4F0A3F0E50C2408F582E4350DF583F5
:109ED000E5087003029D13A809E828F8E433F9E5C2
:109EE0000C28F8E50D39F9E812AB133912A4E58511
:109EF00014108515117512007810120B43AC08EC84
:109F00002CFCE433FD12131A7403120B5A029D1732
:109F1000E513602D851C82851D83E0F50878081205
:109F20000B4B7508CD7509157808120B47E513F52D
:109F3000087808120B4B90158C1209647508008084
:109F400033E51812AA743519F583E07044851C8234
:109F5000851D83E0F5087808120B4B7508CD75094F
:109F6000157808120B477508007808120B4B9015EE
:109F70008C1209647808120B4BAC1AAD1B851E823B
:109F8000851F83E0F97A067B801218547407120B40
:109F90005AE51645176007AA16AB171213D4E51435
:109FA00045156007AA14AB151213D47F1802089543
:109FB000E0F8A3E0F58388822274EF12061074F4AF
:109FC000120C09EAFEEBFF8C088D09740B120E636C
:109FD0007403F0120BE31214D0121EB48A0A8B0B16
:109FE000AC0AAD0BEE240CF50AE43FF50B7403123A
:109FF0000BE31214CAE9601CE5082413F50CE435E0
:10A0000009F50D850C82F583E0FA74036A6010741B
:10A01000016A600B852182852283748402A123E575
:10A02000082408F8E43509F9880E890F8882F58339
:10A03000E0F510602574FF6510601FE5082414F832
:10A04000E43509F9E8FCE9FD74036A70188C828D27
:10A0500083E0F8600574FF68700B85218285228398
:10A06000748202A123E5082409F8E43509F9E8FA25
:10A07000E9FBE508240BF50850020509850A8285ED
:10A080000B83E064217002A3E07065852182852244
:10A0900083748C12A792E0F5107810120B4BAC0869
:10A0A000AD098A828B8312A4E0850E82850F83E03E
:10A0B000F9121C507401120B5AE9706885218285CF
:10A0C0002283E4F0121764850C82850D83E064031B
:10A0D00070527401120BEBAA08AB09121C6EE970E6
:10A0E000437D007C007900AA08AB09121824803453
:10A0F0008C828D83E0F50C780C120B4BAC08AD090B
:10A100008A828B8312A4E0A910121C567401120BD0
:10A110005AE98521828522837007E4F01217648052
:10A12000037488F012A760F5087808120B4B7401CD
:10A13000120BDB880889097808120B47850A82858B
:10A140000B8312AD094480F5097808120B4712A65B
:10A15000601218187405120B5A740C120B5A7F09EE
:10A16000020895C082C08374F3120C098521828590
:10A170002283E4F004120E6312A4E67403120E6349
:10A18000AA82AB83121A04AA21AB22121A40740DC0
:10A19000120B5A02975BEE12A7A63FF5832212A17B
:10A1A000A222EE2413F582E43FF5832212AAFBFBE0
:10A1B000EA4B2274E812061074DB120C098A168B23
:10A1C00017751200751300750D0012A6553517127C
:10A1D000A51F799C121AC4901958E060046401709C
:10A1E000147A047900121A5EEAF50D85218285221F
:10A1F00083E02A80088521828522837401F0E0F8BB
:10A20000E50EC398400302A477E0C3950EF509C399
:10A2100094044003750903E50975F01AA4FAABF03C
:10A220001213CE8A128B13EA4513700302A47A75B7
:10A230000C00AE12AF13850E0802A2DB7C087D0075
:10A2400079FFAA14AB15121326E50A2404F8E435A5
:10A250000BF9EE2416FAE43FFBEE2415FCE43FFD77
:10A26000EE2414F514E43FF51588828983E0702EFE
:10A27000850A82850B8312A7518514828515837008
:10A2800004E4F080087401F090174DE0148510820A
:10A2900085118312A792740212AABFE4803390172B
:10A2A0004DE00485108285118312AB07C3940385AA
:10A2B0001482851583400302A384740212AB0764E1
:10A2C00001700302A3908C828D83740112AABF7463
:10A2D00001F0EE241AFE50010F050CE50CC39509A0
:10A2E000400302A3F5E508C3950D400302A398AA15
:10A2F000087B00121A648A0A8B0B050890173A1221
:10A30000A5021214D0850A82850B8312A7B2EE240F
:10A3100012F582E43FF583E8F0A3E912A4F4EE24F9
:10A3200018F510E43FF511851082F58374FF12AB28
:10A33000ACA3A3A3A3A3A3A3A3A3E0C0E012A4D0B0
:10A34000D0E0F07401120E63E412AAF2F8A3E0F96F
:10A350007402120E6312A4EEEE240AF514E43FF523
:10A36000157401120BE3121A2EE96401600302A2B4
:10A370003C7404120E63AC82AD83AA14AB151214A4
:10A38000D002A249740112AB076403600302A2C6A3
:10A390008C828D83E402A2CCE50DC3950E40057539
:10A3A00008008058E50EC3950DF508804F850A8298
:10A3B000850B83E412A792F090174DE0148A828BEC
:10A3C0008312A4F4741D120E63E0C0E012A4D0D076
:10A3D000E0F0EE2414FAE43FFB8882898312A7514F
:10A3E0008A828B837003E480027401F0EE241AFEEB
:10A3F00050010F050CE50CC39509507E740E120B2D
:10A40000EBAA087B007987121AC405087418120E8B
:10A410006312A5021214D07410120E63AC82AD83C5
:10A42000EE12AB133FFB1214D0EE2412F8E43FF906
:10A43000740E120E6312A4E08882898312A4E6EEE1
:10A440002418FAE43FFBEE2416FCE43FFDEE24154D
:10A45000F50AE43FF50B901958E0600764016003CA
:10A4600002A3AD850A82850B83740212A79204129F
:10A47000AABF74FF02A3C1750900750A00780A1209
:10A480000B4B7812120B477809120B4BE50EF509AE
:10A490007809120B4B7405120E63E0FD7C00E51683
:10A4A00012AA6A3517FBE51612A7A03517F583E047
:10A4B000F91218607405120B5AE51245136007AAC9
:10A4C00012AB131213D47425120B5A7F1002089585
:10A4D000EE2419F582E43FF58322852182852283CB
:10A4E00012AAFBFB22FBEAF0A3EBF022A3A3E8F005
:10A4F000A3E9F022F0EE2417F582E43FF58374021D
:10A50000F02212A7B68E828F83E8F0A3E9F07C4E8A
:10A510007D17EE12AA6A3FFB22EE12A65A3F22F5E1
:10A5200083129957F50EAC21AD227A007B0022EE02
:10A530002402FAE43FFBEE240FF582E43FF583E0CA
:10A54000F92274EF12061074FE120C098A0A8B0BA2
:10A55000750E00750F0012A655350BF58312995331
:10A56000F50DAC21AD227A007B0079A3121C5CAA08
:10A570000D12A7ACC3EA98E499501E85218285226A
:10A5800083E0C39AFEA3E09400FFC3EE9404EF942B
:10A590000040617E037F00805F7E00750C00EEF955
:10A5A0007508007808120B4B780E120B47E9F50876
:10A5B0007808120B4BE50DF5087808120B4B740563
:10A5C000120E63E0FDAC0CE50A12AA6A350BFBE53E
:10A5D0000A12A7A0350BF583E0F91218667405126C
:10A5E0000B5AE50E450F6007AA0EAB0F1213D47479
:10A5F0000202A15BEE4F60A3EEFAEFFBEA75F015E5
:10A60000A4FAA8F075F015EBA428FB1213CE8A0863
:10A610008B098A0E8B0FEA450F6032750C0075109E
:10A6200000C3E5109EE49F400302A59EAC08AD095F
:10A63000A80DE51028FAE43400FB79A2121C5CE5B1
:10A64000082415F50850020509051080D4750CB5CD
:10A65000790002A5A012A65922EA2413F582E42269
:10A66000790112A66AFAE43FFB22EE2402FCE43FE1
:10A67000FDEE240F2274F412061074FA120C098AEB
:10A68000088B09EA12AB7712AA6FFFEEFAEFFB1202
:10A690001A0AE96017121EB48A0A8B0BAC0AAD0BBA
:10A6A000EEFAEFFB1214CAE96401700A7401120E8B
:10A6B00063E4F0A380097401120E63EEF0A3EF12BD
:10A6C000AB5CFEA2E650087403120E637401F0EE58
:10A6D000A2E750087404120E637401F07405120EA0
:10A6E0006312A757F0F50A780A120B4B7401120B8C
:10A6F000DB880A890B780A120B47750A34750B80C0
:10A70000780A120B47790112A76B121818740512F8
:10A710000B5A9081EC120E28121ED87A007B001280
:10A720001EE47A007B00121EDE7401120BE3121A83
:10A73000B2EEA2E7400D7401120E6312A75170032E
:10A7400012239A7406120B5A0299B585218285222A
:10A750008312A7B6E84922E4F0852182852283226C
:10A76000EE240EF582E43FF583E022E5082402FCA6
:10A77000E43509FDE508240FFAE43509FB2212A7A8
:10A7800085FCA3E022F583E0F8A3E0F988828983C1
:10A79000E022F08C828D8322120B5A7F06020895EC
:10A7A000240FF582E422240EF582E422852182859D
:10A7B000228312A7B622E0F8A3E0F922A3F0A3E9CE
:10A7C00012A7C422F0EE2402FE2274F61206101222
:10A7D000A85E12AD07F509AC08FDEEFAEFFB121406
:10A7E000D0850882850983A3A3A312AD30A3A3F06B
:10A7F000E5082409F50850020509F58212AD45A3C4
:10A80000A312A4EF850882850983A3A3E0F812A10F
:10A810009EE8F0E5082403F50850020509EE240B34
:10A82000FAE43FFB7403687025AC08AD091214D03C
:10A83000850882850983A3A3A3A3A3A3A3A3E0C040
:10A84000E0EE2414F582E43FF583D0E0800C850827
:10A850008285098312AB7FF0A3E9F0029A09ECFE2E
:10A86000EDFF12A6593B2274F2120610750A00EA97
:10A87000241312AAB6EA2410F582E43BF583E0C360
:10A88000940C40128E828F83E0F8A3E0C812AA7461
:10A8900038F583E0F50AA80AE828F8E433F9E82453
:10A8A0000DFAE439FB1213CE8A088B09EA450970C8
:10A8B0000302A9438E828F8312AB40F88A828B8376
:10A8C00012A94A707EEEFCEFFDEA2403FAE4350992
:10A8D000FB1214D0EE2408FE50010F12AB8A12A412
:10A8E000EFE508240BF8E43509F9E8FAE9FB8A8278
:10A8F0008B83E4F0E50A604BE508240DF8E43509A4
:10A90000F98E828F83A312ABA512AB1DC0E012ABF0
:10A9100034D0E0F0EE2404FE50010F850A0B8E8245
:10A920008F83E0FCA3E0FBEC8882898312A4E7E834
:10A930002402F8500109EE2402FE50010F150BE528
:10A940000B70DBAA08AB0902A79B12AB28AE82AF43
:10A95000832274F612061012AAC9600302AA67E8DD
:10A9600012AA6A39FBEC2403FEE43DFF8A828B8342
:10A97000E05407F5088E828F83E054F84508F50906
:10A9800012AA81A2E3E433F508A2E0E433333333BF
:10A99000F50874F7550945088E828F8312AA81A2A3
:10A9A000E4E433FAA2E0E433C4FA8E828F83E05405
:10A9B000EF4AF0E82403FAE439FBEC24040EE43D0A
:10A9C000FF8A828B83E054F8F5088E828F83E054EF
:10A9D000074508F50812AA815407FA74F855084A81
:10A9E0008E828F8312AA978C828D83A3A3A3A3A3A5
:10A9F00012AA86A312AB0012AA9D12AA7A12AA9DCD
:10AA000012AB0012AAAE12AA7A12AAAEA312AA7AA6
:10AA1000A3A3A3A3A3A3A3A3A3F0E8240AF850012C
:10AA2000098882898312AA6FFBEEFAEC12AA743DA0
:10AA3000F58312A4E688828983A3A3E0C0E0EC2416
:10AA40000DF582E43DF583D0E012AA86E0C0E0EC8B
:10AA500012A7A63DF583D0E012AA97C0E0EC12A79A
:10AA6000A03DF583D0E0F0029A092402FAE422E046
:10AA7000FEA3E022240BF582E422E08C828D83A3E6
:10AA80002212AAC3E02212AA8A2212AA8E22F088D7
:10AA9000828983A3A3A32212AA8AA3E02212AAA1D5
:10AAA00022A3A3A3A3A3A312AA8EA3A3A322A3A317
:10AAB00012AAA1A3A322F8E43BF9E8FEE9FF2212BF
:10AAC000AAC322F08A828B832212A6593B12A78541
:10AAD0008C828D83F088828983A3A882A98312AA9D
:10AAE0006FFBEE8C828D83A3F0A3EBF08C828D83C1
:10AAF000E022F0850A82850B83E022E0FAA3E022BF
:10AB0000A3E08C828D832212AB0B22F08882898392
:10AB1000E022EA240AFAE42212AB22A32212AB2298
:10AB2000E02212AB28A3A322F08E828F83A3227F80
:10AB300008020895E508240CF582E43509F583221E
:10AB400012AB4422E0FEA3E0FF8E828F83E022124C
:10AB5000AB5322F08A828B83A3A3A32212AB18A348
:10AB6000A3A3A3E022F583E0F50AA3E02212AB71D0
:10AB70002212AB28A3E02212A65A3509F58322E05F
:10AB8000FCA3E0F9EC8A828B83228E828F8312AA47
:10AB9000FBF9EA850882850983A322E0FA850A8207
:10ABA000850B83A322A3E08A828B8322F0850A820D
:10ABB000850B83A32274F0120610EAFEEBFF8C08CB
:10ABC0008D098E828F8312AB0112A94A12AD1A121F
:10ABD000A7BC50010F12AD16A3A3A3F0A3E912ABBB
:10ABE0006DC4540F8C828D83A3A3A3A3A312AB1DAA
:10ABF000F50CEE2404FE50010F8C828D83A3A3A3D9
:10AC0000A3A3A3E50CF0EC2407F8E43509F9880ABE
:10AC1000890BE50C604C12ACF01213CE8A0E8B0F30
:10AC2000A80EA90F850A82850B8312A4EEE849704D
:10AC30000302ACBB7A0080248E828F83E0F50EA3E2
:10AC4000E0FCE4CCFDE50E2CE43DF50F12ACF7E59D
:10AC50000EF0A3E50F12A7C450010F0AEAC3950C2A
:10AC600040D68E828F83E0F50CA3AE82AF83850839
:10AC700082850983A3A3A3A3A3A3A3A3A3F0606BCB
:10AC800012ACF01213CE8A0E8B0FA80EA90F8508F6
:10AC900082850983A3A3A3A3A3A3A3A312A4ECE87F
:10ACA00049701C850A82850B8312A1AC600D1213BA
:10ACB000D4850A82850B83E4F0A3F07901802E7A93
:10ACC0000080228E828F8312AD09FCE4CCFDE50862
:10ACD0002CE43DF50912ACF7E508F0A3E50912A74D
:10ACE000C450010F0AEAC3950C40D8790002AB2F7B
:10ACF00025E0FAE433FB22EA25E0FCE433FDE82C0E
:10AD0000F582E93DF58322F583E0F508A3E0221200
:10AD1000A7B6E8FEE9228E828F8312AD228C828D47
:10AD2000832212AAFBF9EA2212AB53A3A3A3A32204
:10AD300012AD35A322A3A3A3A3A3E08E828F83A386
:10AD4000A3A3A3A32285098312AD228E828F83A39E
:10AD5000A3A3A3A3A3A32274F7120610E99015B529
:10AD6000F09015947402F090158C74FEF0A304F02A
:10AD7000121EB412178E7A0E7B1912241E12176A35
:10AD80001216B602B1ED74F712061074F0120C0927
:10AD900089081218C6E508603A901756E07034909A
:10ADA0001937E06401702C9016B4E06026AC21AD38
:10ADB000227A627B001219267900AA21AB22121D89
:10ADC000527900121D587C107D007900AA21AB2217
:10ADD00012132612BECF60219015BB12BEEFFEA348
:10ADE000E0FF9015BB12BDE11213D4EEF8EFF9901D
:10ADF00015BB12BEDCE84970DF741002B1EA74F2D0
:10AE0000120610890AEAFEEBFF5480702DEEA2E0D4
:10AE1000504179011217707C0F7B0F9015B9E0FA41
:10AE20009015BEE05407F9121794EE640102AEC209
:10AE30001216AAAA08AB0912133E9015B5E0F91232
:10AE400013508A088B09EA450970E5EEFAEF648031
:10AE500002AEEDEF5420603B9015B8E0640C700D2D
:10AE6000790212177012175290192F800B790C1259
:10AE7000177012175890192B1209607A007B2090D6
:10AE800015B5E0F91214947404120B5AEEFAEF643B
:10AE900020805AEE5410602E9015B8E0F91217A0D9
:10AEA0009016A6E0640170179081501209607A0034
:10AEB0007B08901787E0F91214947404120B5AEE71
:10AEC0006410FAEF8027EE54086006EE6408FA80FA
:10AED00037EF5401601A90173CE0F8740868600579
:10AEE000740468700312169EEEFAEF6401FB80187A
:10AEF000EE5404600A7A0379FF121962120E7FEE93
:10AF0000FAEFFBA90A1216807F0602089574F71261
:10AF10000610EAFEEBFFEE548060191216C81216F6
:10AF20009879011222E67A017903122352EE6480A5
:10AF3000FAEF802BEF5402600A1216CEEEFAEF649D
:10AF400002801CEF5408600A121938EEFAEF640808
:10AF5000800DEF5404600B12193EEEFAEF6404FB0F
:10AF600080047A007B0002B1ED74F012061074F7D1
:10AF7000120C098A0A8B0B89097508017E007F0073
:10AF80009015B8E08521828522837008E4F0F912DB
:10AF9000195680037401F0AA21AB22795212197A52
:10AFA0001217769015C0E0901727F09015BDE06459
:10AFB00004707DE4F0121EEA121EF012194A7401A8
:10AFC0006508600302B0A1121692121332EA547F90
:10AFD000F8E50A28F8E4350BF9E82464FEE439FFC3
:10AFE000901692120E409015B0120E4C7A0279FF14
:10AFF00012196290172D74FEF0A304F0901730140C
:10B00000F0A304F090173AF0A3F07C087D007900DB
:10B010007A4E7B171213267900121F02901958E0FE
:10B02000640170507401650970347A007B008041BE
:10B0300012168CE9F508600302AFB51216A4E9F503
:10B0400008750C018E0D8E0E8E0F90172FE0780C68
:10B05000120AA79015B0780C120DFD02AFBE7C0845
:10B060007D0079007401120BE31213267401120B98
:10B07000E3121944750C19750D17780C120B4775EE
:10B080000C6E750D00780C120B477C007D007A2148
:10B090007B001214527404120B5A7A0279001219AE
:10B0A00062A90812167474FF650A700474FF650BB8
:10B0B00060109015B87401F01216ECEEFAEFFB1266
:10B0C00017469015C0E0F9121F2CA9087409120B3D
:10B0D0005A7F0802089574F71206107E0012195C58
:10B0E000E9F8A2E150077E0179001222E6EEF902AA
:10B0F000B1EDC082C083901958E0700E9015B974FC
:10B1000002F09015BEE054F880369015BEE054F879
:10B11000F8901958E06401700474018007E064023B
:10B1200070077402489015BEF07AD47B16121FC2C5
:10B13000E99015B97003E480077403F090190D04C9
:10B14000F002B990C082C0839015B8E064057031F8
:10B150001216E67906121770790112146A12176432
:10B160001216CE12175E9015C0E0A2E35008901997
:10B1700045E06401700E901915120E28121ED88039
:10B180000312176402B990C082C083790F121EFCAB
:10B190007A02790012196202B99074F7120610123D
:10B1A0001EEAE9FE7039121EF6E9602A121EBA90F4
:10B1B000158C12C28990158C12BED270079015BEE4
:10B1C000E054F8F09015B97403F090173CE412BA0B
:10B1D000261214D080027E09901713E4F0A3F0EE3B
:10B1E00070047900800279018003120B5A7F0102FA
:10B1F000089574F61206108A828B83E014601B1483
:10B20000605324E8600A2447600B24D66079807478
:10B2100012187880721216B0806D9015B8E0640232
:10B220007065901958E064016005E064027058127E
:10B23000234CE9600B122340E9604C12238E8047B7
:10B24000121DFA8B09EA4509600479018002790030
:10B2500012233A8032901958E064016005E06402DC
:10B26000702590050FE064076005E0640870109099
:10B2700015B6E0700A7A0190050FE0F91223521218
:10B2800016C280031216BC80267508B7750915789A
:10B2900008120B477508017509007808120B477CE6
:10B2A000007D007A857B001214527404120B5A7FC1
:10B2B0000202089574F612061074EB120C09EAFEED
:10B2C000EBFFEE240CF582E43F12B3267808120857
:10B2D0004902002100220010B300800180E3B20087
:10B2E0000022B31218008A088B09AE08AF09EE4F8E
:10B2F00060308E828F83E0700EEE2403FCE43FFD0D
:10B30000A312BDE11217E2EEFAEFFB1213D4801282
:10B31000AC21AD221217FAAC21AD22EEFAEFFB12EE
:10B3200017DC74158086F583E0F508A3E0F50922A3
:10B33000C082C0837A017B809015B5E0F912186C49
:10B340007A007B809015B5E0F912186C7A217B00A9
:10B350009015B5E0F912186C7A227B009015B5E0D3
:10B36000F912186C02B990C082C0838A828B83E084
:10B3700024FC600624FC60148022901958E06401CB
:10B380006005E0640270151218D28010901958E020
:10B3900064016005E0640270031218D802B9907469
:10B3A000F61206109015B8E06403600FE0640A70AE
:10B3B000679015BEE05407640170749015B6E07094
:10B3C0004F7A107B009015B5E0F912137A790112CB
:10B3D000146A79011216DAE9700F12B522121ED81A
:10B3E0007905121770790180299015B8E06403700F
:10B3F0001712175E90050FE06402700C790112229B
:10B40000E67A017902122352790612177002B51FEB
:10B41000790012232802B51FE064046012E0640E74
:10B42000600DE0640F6008E0640D600302B50D90EC
:10B4300015B6E070639015BAE4F079011216DAE9F6
:10B44000701512B522121ED879051217707A107B6A
:10B45000271216E002B51F79061217707A007B20BA
:10B460009015B5E0F91214A0790112146A9015C074
:10B47000E0A2E3501D901945E070179081EC120E88
:10B4800028121ED87A007B00121EDE7A007B001282
:10B490001EE412175E02B51F9015B9E06401703703
:10B4A0009015BAE004F0C39404501F90173AE0F4EA
:10B4B0007003A3E0F4601B9015B97403F090159528
:10B4C0007401F090190D7404801C9016DCE0640186
:10B4D00070159015B9800EE06403700B901595748B
:10B4E00001F090173CE4F0121F68121A829015C008
:10B4F000E0A2E35008901945E0640170229015B96C
:10B50000E06403701A12B522121ED88012E0600F98
:10B5100012175E7A107B009015B5E0F912137A02CB
:10B52000B2AF901929E0F508A3E0AA08FBE4FCFDFE
:10B530002274F112061074F4120C097E0075084E84
:10B540007509178E0A80010E902A81E493F8EEC3E4
:10B5500098400302B60DA821A922880C890D780C09
:10B56000120B47750C0C750D00780C120B477C0004
:10B570007D00EE2475FAE43400FB121458740412B2
:10B580000B5A7404120E63A982AA83890C8A0D7562
:10B590000E00780C120B437C087D00A908AA09ABA9
:10B5A0000A1213207403120B5AE970617C087900A7
:10B5B0007404120E63AA82AB831213B0E96088EEA2
:10B5C000FF7808120B437C087D007407120E63AAF3
:10B5D00082AB8312131A7403120B5A8521828522BF
:10B5E00083E4F0A3F0A3F0A312BAAA120B477508E4
:10B5F0000C7509007808120B477C007D00EF24755C
:10B60000FAE43400FB1214527404120B5A02B754B9
:10B6100074F112061074DF120C09740C120BE31291
:10B620001D4C740C120BDB880889097808120B4733
:10B630007508157509007808120B477C007D007AA3
:10B64000827B001214527404120B5A750800800297
:10B650000508AE087F00902A81E493F8EEC3984075
:10B660000302B6EFEE2475FE50010FA821A922882F
:10B670000A890B780A120B47750A0C750B00780AB9
:10B68000120B477C007D00EEFAEFFB121458740495
:10B69000120B5A7404120E63A982AA83890C8A0DB4
:10B6A000750E00780C120B437C087D00794E7A17DA
:10B6B0007B001213207403120B5AE96093741D125D
:10B6C0000E63120E40852182852283120E4CA82122
:10B6D000A922880889097808120B4775080C750992
:10B6E000007808120B477C007D00EEFAEF80457C65
:10B6F000087D0079FF7404120E63AA82AB831213D3
:10B7000026741D120E63120E40852182852283123B
:10B710000E4CA821A922880889097808120B4775C0
:10B72000080C8F097808120B477C007D00EE24740A
:10B73000FAE43400FB1214527404120B5A901713DB
:10B74000E4F0A3F07C15FDF9740C120BE312132640
:10B7500074218002740C120B5A7F0702089574F151
:10B7600012061074F4120C097508008054A821A95F
:10B7700022880A890B780A120B47750A0C750B0090
:10B78000780A120B477C007D00EEFAEFFB1214588A
:10B790007404120B5A7404120E63A982AA83890CD2
:10B7A0008A0D750E00780C120B437C087D00794ED3
:10B7B0007A177B001213207403120B5AE9702505C7
:10B7C00008E5082475FEE43400FF902A81E493F82C
:10B7D000E508984098852182852283120E40E84929
:10B7E0004A4B605A9015B4E070547401F090820492
:10B7F0007808120E0C8521828522837808120CD7D6
:10B80000852182852283120E4090170B120E4CA8C0
:10B8100021A922880889097808120B4775080C7538
:10B8200009007808120B477C007D00EEFAEFFB124E
:10B8300014527404120B5A901713E4F0A3F002B7D9
:10B840005474F512061074DB120C097E001216D423
:10B850007410120BDB880889097808120B477508E9
:10B86000158E097808120B477C007D007A827B00D8
:10B870001214587404120B5AE970467C107D00793A
:10B8800000AA21AB22121326A821A922880889091F
:10B890008E0A7808120B437C107D007414120E631C
:10B8A000A982AA837B001213207403120B5AE97039
:10B8B000107E017C157D0079007410120BE31213C9
:10B8C00026EEF97425120B5A7F0302089574F412C0
:10B8D00006108A088B097A047B009015B5E0F912EE
:10B8E00014A6EA4B4C4D701BE4F50AF50B780812D0
:10B8F0000B3F7A047B009015B5E0F91214947404A0
:10B90000120B5A8003120B5A7F04020895C082C0A2
:10B91000837A047B009015B5E0F91214A07A047BB9
:10B92000009015B5E0F912138002B99074F6120672
:10B93000109015B7E4F07508B77509157808120B63
:10B94000477C017D007A857B001214467402120B3D
:10B950005AE970207808120B4775080175090078BC
:10B9600008120B477C007D007A857B001214587406
:10B9700004120B5A02B2AF74F6120610E9FE9015CB
:10B98000B77401F06E70037403F002B289120B5A9F
:10B99000D083D082020B0A74F6120610E9FE12164A
:10B9A000F27A887B13121BEA74016E7024901921BD
:10B9B000120E40901915120E4C90192712BDD790F7
:10B9C00016C612BEDC90192512BDD79016C812BE3D
:10B9D000DC9081EC120E28121ED87A007B00121E19
:10B9E000E47A007B00121EDE74016E702F9015B891
:10B9F0007402F09015B904F0901595740112BA26EE
:10BA00001214D090173C7402F0121A82121332EA08
:10BA1000547F2464FA7B0012174680077A887B13D0
:10BA20001216E002B2AFF07C4E7D177A967B15229B
:10BA300074F112061074F7120C098A088B09ECFED7
:10BA4000EDFFEEFAEFFB1218BAEEFAEFFB12188ACE
:10BA500090053312BED260327408120E637403F084
:10BA60008E0C8F0D750E00780C120B437C087D0038
:10BA70007403120BE312131A7403120B5AAA21ABAC
:10BA80002290053312BEE212243B7900AA08AB09CA
:10BA9000121B6690173AE0FCA3E0FDAA08AB09125E
:10BAA0001F8012173A740902B756F0A821A92288FC
:10BAB00008890978082274EE120610890F8A108B03
:10BAC000118C0A8D0BAE11EEFA7B001213388A0826
:10BAD0008B09EA45096035EE6020E50A450B601ADE
:10BAE000850A0C850B0D750E00780C120B43EEFCCD
:10BAF0007D0012131A7403120B5A8508828509837C
:10BB0000E510F0AA08AB09A90F1213447F0A020836
:10BB100095C082C08374FD120C09E98521828522BB
:10BB200083F09015A212BEF46009AA21AB22122460
:10BB30003B80177402120E63E4F004120BEB7B02DD
:10BB40007A019015B5E0F91217047900740302B96F
:10BB50008D74EE120610EAFEEBFF9015A412BEF4EF
:10BB6000600612243B02BDC390178812B3289017B9
:10BB700088E0F50AA3E0F50BEE2404F50EE43FF5AA
:10BB80000FEE2402F50CE43FF50D803E850882851A
:10BB9000098312BDD7850C82850D83E0687003A3ED
:10BBA000E0697014850882850983A3A3E0F8850EF7
:10BBB00082850F83E068607785080A85090BE508B0
:10BBC0002414F582E4350912B326E508450970BC52
:10BBD0007A167B001213CE8A088B09EA4509700396
:10BBE00002BDC37C167D007900121326850882856C
:10BBF0000983A3A3A3A3A3A3A374FEF0A304F085C6
:10BC00000882850983A3A3A3A3A3A3A3A3A3A3F04B
:10BC100090178812BED27005901788800BE50A2411
:10BC200014F582E4350BF583E508F0A3E509F08E01
:10BC3000828F83A3A3A3A3A3A3A3A3A312BDC6A37D
:10BC4000F0EE2408F8E43FF98882898312BDC6F03B
:10BC5000850E82850F8312BDCDF0850C82850D8304
:10BC600012BDE185088285098312C28912C131E0C3
:10BC7000C0E0E5082413F582E43509F583D0E0F04F
:10BC8000E508240BFAE43509FB88828983E0640126
:10BC9000600CEE240DFCE43FFD1214D080097C08FA
:10BCA0007D0079FF121326EE240AF8E43FF9880A92
:10BCB000890B8882F583E0F89018C3E0C3984003AD
:10BCC00002BDC38E828F83A3A3A3A3A3E0640160FC
:10BCD0000912234CE9700302BDC3C2F0850A8285B4
:10BCE0000B83E0F50CE5082409F8E43509F98882AE
:10BCF0008983E0F50DE508240AFAE43509FBEE2412
:10BD00000BFCE43FFDE50DC3950C500C8C828D833C
:10BD1000E0C3941440198019E50D650C70138A82F4
:10BD20008B83E0F50C8C828D83E0C3950C5002D29E
:10BD3000F0EE2407F50CE43FF50D850C82F583E069
:10BD400070198E828F83E0F50EA3E0F50F90173007
:10BD5000E0650E7004A3E0650F704FA2F050358EC1
:10BD6000828F83E0F50EA3E0F50F850882850983B5
:10BD7000A3A3A3A3A3A3A3E50EF0A3E50FF0850A55
:10BD800082850B83E088828983F08C828D83E08AB0
:10BD9000828B83F0850C82850D83E0600D8508829F
:10BDA000850983A3A3A3A37401F08E828F83A3A329
:10BDB000A3A3A3A3E0600C850882850983A3A3A3A2
:10BDC0007401F002BB0C12BDCDA3A3A322E0850831
:10BDD00082850983A3A32212BDDB22E0F8A3E0F948
:10BDE00022E0FAA3E0FB2274F412061074FB120C9A
:10BDF000098908E99015B6F0707A121F68121F744D
:10BE00008A0A8B0BAE0AAF0BEE4F60547C177D0095
:10BE1000790012132690173012BDD78E828F8312AD
:10BE2000BEDC7C327D1712BF3E1214D090173A123E
:10BE3000BEC112BED812C12774AAF0902A7AE49328
:10BE400079002401F85001097A027B00120426EEE1
:10BE5000240DF582E43FF583E8F012C11D7401F072
:10BE60009015B8E070057903121770901915120E2D
:10BE700028121ED89015A612BED260308521828568
:10BE80002283E508F090172D12BDE17401120E63B4
:10BE900012C28990173012BDE17403120E6312C2F0
:10BEA00089AA21AB228882898312243B7C007D00F1
:10BEB0007B027A029015B5E0F9121704740502B9F5
:10BEC0000512BDDB8E828F83A3A3A3A3A3A322901D
:10BED00015BB12BDDBE84922A3A3A3A3E8F0A3E9A5
:10BEE000F02212BEE622E0F8A3E0F5838882221257
:10BEF000BEE6E02212BDDB88828983E5824583228B
:10BF000074F6120610EAFEEBFF121EB48A088B09C3
:10BF1000AC08AD0912BF3E1214CAE96401701C904E
:10BF200015A812BEF4600EEEFAEFFB12243B8B094B
:10BF3000EA4509700612C06B1216F802B2AFEE2481
:10BF400002FAE43FFB2274F412061074F8120C0992
:10BF5000EAFEEBFFEE240CF8E43FF9880889098E2D
:10BF6000828F83A3A3A3A3A3A3A3A3A3A3E064019A
:10BF7000600302BFFA7402120E63E4F088828983C0
:10BF8000E070257401120E63E4F0FAFB121EE47AED
:10BF9000007B00121EDE852182852283E4F01223BD
:10BFA0009AAA21AB22121AB89081EC120E28121E06
:10BFB000D8850882850983E0640170277403120E16
:10BFC00063E4F0A3F07405120E63E4F07406120E3D
:10BFD000637401F07407120E63E4F07403120BE350
:10BFE000121AB2850882850983E0F91216F87402E4
:10BFF000120BE3795212197A805D121EC08A0A8BE5
:10C000000B12C06B8E828F8312BDE1E50A6A70034A
:10C01000E50B6B702574016960139015BEE0540741
:10C02000640270168508828509837401F085088290
:10C03000850983E0F91216F8801D85088285098339
:10C04000E0F5087808120B4BEE2402FCE43FFD12E9
:10C0500016FE7401120B5A9015AA12BEF46007EE78
:10C06000FAEFFB12243B740802B90512C112F9223F
:10C0700074F7120610E9FE74016E70199015BAE09B
:10C080007013121F6812234CE970077900122328DD
:10C09000800312238E02B1ED020B0AC082C083120C
:10C0A0001EBA02B990C082C0837A007B019015B598
:10C0B000E0F91214A6EA4B4C4D700312176402B952
:10C0C0009074F6120610EAFEEBFF12C13112BDD7D2
:10C0D0005480703B12C11270367413687001E960AD
:10C0E0002EE8F508E94480F5097808120B47E4F5D5
:10C0F00008F5097808120B4712C11DE0FD7C841277
:10C10000BF3E12C127E0F912185A7404120B5A02EA
:10C11000B2AFEE240BF582E43FF583E022EE240E6D
:10C12000F582E43FF58322EE240FF582E43FF583A8
:10C1300022EE240CF582E43FF5832274F4120610FB
:10C14000EA4B60218A088B09E4F50AF50B7808129E
:10C150000B3F7A017B009015B5E0F912149474043A
:10C16000120B5A800C7A017B009015B5E0F912137E
:10C170007A02B90874F7120610E9FE9015C0E0A221
:10C18000E1501A901935E06E60139015BEE054F836
:10C190004402F09015C0740CF0F9121F2C02B1ED9E
:10C1A000C082C0839015B8E064016005E06402704D
:10C1B0001190190C7401F07A007B00121746790176
:10C1C0008002790002B990C082C0839015B8E06403
:10C1D00001600AE064026005E0640C700990190CCB
:10C1E000E4F079018002790002B99074F612061029
:10C1F00074F8120C097A007B00121BEA121EB48A32
:10C20000088B09AE08121EBA7508007808120B4B8D
:10C210009015C0E0F9EEFCAD091218367401120B4E
:10C220005A7A007B00121BEA901945E064017027DE
:10C23000AA21AB22121EC6121EC09016ABE0F50852
:10C240007808120B4B901944E0F97401120BEB12B1
:10C250001F5C7401120B5A740802B2ACC082C08316
:10C260007A007B019015B5E0F912137A02B990C0FB
:10C2700082C0837A00EA25E012C28FE4F0A3F00ABC
:10C28000EAC3940940EF02B990EAF0A3EBF022F878
:10C29000E433F9749E28F582741539F5832274F716
:10C2A000120610E9FE9015B8E06E600EEEF07A10FE
:10C2B0007B009015B5E0F912137A02B1ED74F41217
:10C2C000061074F8120C097508007F0090153FE401
:10C2D000F07E79750A088F0B780A120B47740212E8
:10C2E0000BEB7A007B00EEF9120FA87402120B5AC6
:10C2F000852182852283E0F47003A3E0F47013901B
:10C30000153FE07004EEF080197A01EEF91213E0A7
:10C3100080107404120E63E0F47003A3E0F4600272
:10C320008E080EEEC3947F40AAE50890153F601F6B
:10C33000E0600FF91213EC7A007B00A9081213F2E7
:10C340008014A9081213ECE50890153FF08007E06F
:10C350006004F91213EC7E79EFFC7A007B00EEF9B1
:10C360001213E68B0BEA450B60047F017E780EEE1C
:10C37000C3947F40E3EFA2E050147E797C007A0002
:10C380007B00EEF91213E60EEEC3947F40EE90159B
:10C390003FE0703C7E007C00EC12C3D512D2BD742D
:10C3A000F86A700374076B7004ECFE8018EE12C319
:10C3B000D539F583C3E09AA3E09B5002ECFE0CEC68
:10C3C000C3940640D374792E90153FF0F91213EC04
:10C3D000790102CC1125E0F8E433F9743328F582B1
:10C3E00074152274F712061074F8120C09EAFF850E
:10C3F0002182852283E4F0A3F0EF60087402120E1C
:10C4000063E480077402120E6374FF12CA4F7A004D
:10C410007B001214167408120B5A7F0102089574DF
:10C42000EE12061074F8120C09890C8A0E8B0F8C10
:10C430000D7E087F008F0A8F0B750808750900783C
:10C4400008120B477402120BEBEEFAEFFBA90C1269
:10C450000FA87402120B5A852182852283E0F470A2
:10C4600003A3E0F4700302C5A77402120E6312C89E
:10C470005D40087508FC7509FF800812C852F50870
:10C48000E9F50912C8469508E99509501CE50A2402
:10C4900000E50B3408F50BC3E50A9EF50AE50B9F92
:10C4A000F50B7E007F0802C5A7EE2408FEE43FFFDF
:10C4B00085218285228312D16EE849700302C580EE
:10C4C000E50E450F604AA80EE50F547FF9852182DD
:10C4D000852283E0687003A3E069600302C593745A
:10C4E00006120E6312D16EE50F5480700F74FF6850
:10C4F000700374FF69600302C593800D74FF687058
:10C500000374FF69700302C593EEFAEFFB02C5BE28
:10C51000EEFAEFFBA90C1214108A108B11A810A9C7
:10C52000117404120E63E0687003A3E0697046742E
:10C5300006120E6312D16EE50D602A74FF68700357
:10C5400074FF69704E852182852283E0FAA3E0445E
:10C5500080FB1213F8EA4B603A7C01901540E0F939
:10C56000121404802E74FF68700374FF6960247ACB
:10C57000FF7BFF80497C01EEFAEFFBA90C1214044B
:10C58000E5082408F8E43509F9E50A28F50AE50B79
:10C5900039F50BEE2508FEEF3509FFC3EE94F8EFF1
:10C5A0009407500302C439A80C12C5C2EEF0A3EFE1
:10C5B00012C5FBE50AF0A3E50BF07A007B007408D6
:10C5C0008013E828F8E433F9743528F582741439B7
:10C5D000F583227404120B5A7F0A02089574F7122D
:10C5E0000610E9FE120FB4EE2E12C5C47408F0A3B3
:10C5F000E412C5FBE4F0A3F002C41AF012C6002254
:10C60000744128F582741439F5832274EE120610F1
:10C6100074F7120C0989088A0A8B0B7E007F00755B
:10C620000C01750D00780C120B477402120BEBEE27
:10C63000FAEFFB90153FE0F9120FA87402120B5AA3
:10C64000852182852283E0F4600D90153FE0F91288
:10C6500013EC790002C8410EEE70010FC3EF94088D
:10C6600040BD7E087F007401F090153FE025E01288
:10C67000C5C4E0F50CA3E0F50D750E08750F007844
:10C680000E120B477403120BEBEEFAEFFBA9081224
:10C690000FA87402120B5A7401120E63E0F47003B7
:10C6A000A3E0F4700302C8017403120E6312C85DA4
:10C6B0004008750EFC750FFF800812C852F50EE990
:10C6C000F50F12C846950EE9950F500302C8017484
:10C6D000F8C3950CF87407950DF9C3E8950EE99524
:10C6E0000F500302C814EE2408FEE43FFF74011249
:10C6F0000E6312D16EE849700302C7ED7401120E89
:10C7000063E0650A7004A3E0650B700302C7EDEEF9
:10C71000FAEFFBA9081214108A108B11A810A911A6
:10C720007405120E63E0687003A3E069600302C73A
:10C73000ED7407120E63E0F47003A3E0F4700B7C59
:10C7400000EEFAEFFBA9081214047509007809122B
:10C750000B4BE4F510F5117810120B477406120E0E
:10C760006312D15F7404120E6312D2C090153FE0C1
:10C77000F912142E7403120B5AE9700302C814E55F
:10C780000C2408F50CE4350DF50D780E120B4778E6
:10C790000C120B4790153FE0FCEEFAEFFBA90812D4
:10C7A00014287404120B5A7403120E6312C8681210
:10C7B00014107405120E6312D17D7002EB6D70546B
:10C7C000AA0CAB0D90153FE0F912140A8A108B11D8
:10C7D000A810A9117405120E63E0687003A3E06944
:10C7E00070327401120E6312C86812143AEE250EEC
:10C7F000FEEF350FFFC3EE94F8EF9407500302C627
:10C8000069852182852283E0701490153FE0F9123A
:10C8100013EC8025852182852283E4F080ECE50AF3
:10C82000450B70157A0190153FE0F91213E0A90845
:10C830001213ECE50890153FF0852182852283E0F4
:10C84000F9740902C5D574F8C39EF874079FF9C33B
:10C85000E822EC2403F8E43DF9E854FC2212D15F0D
:10C86000C3EC94FCED94FF2212D15FAA0CAB0D90A7
:10C87000153FE0F92274F4120610EAFEEB8003740F
:10C88000804FFF7508797C00EEFAEFFBA9081213C0
:10C89000E6EA4B6008E508901540F080150508E5CC
:10C8A00008C3947F40E0EF548060D4901540E4F0DA
:10C8B000FAFB02CC1674EE12061074F6120C0989FB
:10C8C000098A0C8B0DECFEEDFFC3EE94F4EF94FFA0
:10C8D000400E85218285228374FCF0A374FF8018AA
:10C8E000EE2403F8E43FF9E854FC240850010985DC
:10C8F0002182852283F0A3E9F07508007C0690155B
:10C900003FE004F50AE50AC3947F4003750A799075
:10C91000153FE0650A60317487250A25E0F8E433A5
:10C92000F9742728F582741512D2BDE4C39AFA74FB
:10C93000089BFB743328F582741539F583E02AFAD5
:10C94000A3E03B12CA365009050A1CEC70B702CAB4
:10C950002FEC700302CA2F741C120E63E0F50EA3B5
:10C96000E0F50FA80A12C5C212D174FA7408991220
:10C97000CA36400302CA0B751008751100781012F0
:10C980000B477404120BEB7A007B00A90A120FA864
:10C990007402120B5A7406120E63E0F47003A3E0E3
:10C9A000F4700B12CA487A04FBA90A12141CAA0CD0
:10C9B000AB0DA90A1213F2E96075E509F50B780BC6
:10C9C000120B4B780E120B47EEFCEFFDAA0CAB0DD1
:10C9D00090153FE0F912142E7403120B5AE9600609
:10C9E00090153FE0F508E509700A850E82850F83F2
:10C9F000E50A80147A0190153FE0F91213E0A90AC4
:10CA00001213ECE50A90153FF08024E509F50B7848
:10CA10000B120B4B780E120B47EEFCAA0CAB0DA9B8
:10CA20000A12142E7403120B5AE96003850A08A92E
:10CA300008740A02C5D5FB852182852283E0F8A30C
:10CA4000E0F9C3EA98EB9922852182852283E4F0FC
:10CA5000A3F0AC21AD222274F412061074F8120C6B
:10CA600009890AEAFEEBFF8C0BEE24F8FEEF34FF97
:10CA7000FF7508087509007808120B477402120B3D
:10CA8000EBEEFAEFFB120FA87402120B5AE50B70D3
:10CA9000207406120E63E4F0A3F07404120E63AC6B
:10CAA00082AD83EE2404FAE43FFBA90A1214168037
:10CAB000397402120E63E02403F8A3E03400F9E8AD
:10CAC00054FC2408F508E439F50912CA48EEFAEFD7
:10CAD000FBA90A121416A80AE828F8E433F912C6CA
:10CAE00000E02508F0A3E03509F002CC1174F4123F
:10CAF000061074FE120C09852182852283ECF0A3B6
:10CB0000EDF08908EAFEEBFFEE24FCFEEF34FFFFB8
:10CB1000AC21AD22EEFAEFFB12141C750A02750B64
:10CB200000780A120B477402120BEBEEFAEFFBA926
:10CB300008120FA87402120B5A85218285228312D3
:10CB4000D2C0740202CC1374F012061074FC120CE2
:10CB500009890CEAFEEBFF8D0B750800750900ECE6
:10CB60002403F50EE4350BF50F7402780E120DEE6A
:10CB7000850E0A850F0B12D5CB604E750E04750F0E
:10CB800000780E120B477402120BEBEEFAEFFBA9C2
:10CB90000C120FA87402120B5AEE2404FEE43FFF9D
:10CBA0007800E8FA852182852283E5822AF582E4ED
:10CBB0003583F583E0FAE5082AF508E43509F50937
:10CBC00008E8C3940450AF80D9AA08AB09740412D2
:10CBD0000B5A7F0802089574F4120610E9FE7508D6
:10CBE000017509007808120B478A088B09740278CE
:10CBF00008120DEEEEF50A750B007409780A120C96
:10CC0000EAE5082400FAE509350BFB120FAE02CB6A
:10CC1000427408120B5A7F0402089574F71206102A
:10CC200074FC120C098C828D83E08521828522831D
:10CC3000F08C828D83A3E0C0E07401120E63D0E01B
:10CC4000F07402120E6374FFF07403120E6374FF2B
:10CC5000F0AC21AD22121416740402C41774EE1243
:10CC6000061074FC120C09890A8A088B098C0C8D39
:10CC70000DEA5403F50B7416120E63E0FEA3E0FFF9
:10CC8000E50B605C74FC5508F508750E04750F0023
:10CC9000780E120B477402120BEBAA08120FA8743D
:10CCA00002120B5AE50C450D60268E828F83E0C080
:10CCB000E0A80B12CDA6D0E012CDB7050BE50C24F1
:10CCC000FFF50CE50D34FFF50DE50BC3940440D4DE
:10CCD000AC21AD22AA08AB09A90A12141612CF275B
:10CCE000E50C5403F50B850C0E850D0F7402780EC0
:10CCF000120DEE850E0C850F0DE50C450D6051787B
:10CD00000C120B47EEFCEFFD85080E85090F74022F
:10CD1000780E120DEEE50AF5107511007409781001
:10CD2000120CEAE50E2400FAE50F3511FB120FAEE6
:10CD30007402120B5A7402780C120CEAA80CA90D9A
:10CD4000E50828F508E50939F509EE28FEEF39FF71
:10CD5000E50B604F750C00750E04750F00780E1210
:10CD60000B477402120BEBAA08AB09A90A120FA811
:10CD70007402120B5A80138E828F83E0C0E0A80CDD
:10CD800012CDA6D0E012CDB7050C850B0D74FF2592
:10CD90000DF50B0470E1AC21AD22AA08AB09A90A7C
:10CDA00012141602C5D3852182852283E58228F5D7
:10CDB00082E43583F58322F08E828F83A3AE82AF27
:10CDC000832274EE12061074FC120C09890E8A0C70
:10CDD0008B0D8C0B7416120E63E0F508A3E0F509B9
:10CDE000E5085403F50A7418120E63E0FEA3E0FF91
:10CDF000E50A6072F8C3E50898F508E5099400F5BE
:10CE0000097510047511007810120B477402120B8B
:10CE1000EBAA08AB09A90B120FA87402120B5AEE69
:10CE20004F60337510017810120B47A80A74021274
:10CE30000E6312CF33120FA87402120B5A050CE5C1
:10CE40000C7002050D050AEE24FF1EEF34FFFFE50E
:10CE50000AC3940440C9AC21AD22AA08AB09A90BAE
:10CE600012141612CF27EE5403F50A8E108F117488
:10CE7000027810120DEEAE10AF11803975100475E6
:10CE800011007810120B477402120BEBAA0CAB0DB9
:10CE9000A90E120FA87402120B5AE50C2404F50C0B
:10CEA000E4350DF50DAC21AD22AA08AB09A90B1292
:10CEB000141612CF27EEF8EFF9E824FF1EE934FF2D
:10CEC000FFE84970B7E50A605B7E007510048E11BB
:10CED0007810120B477402120BEBAA08AB09A90BCE
:10CEE000120FA87402120B5A8023751001781012C9
:10CEF0000B47EEF87402120E6312CF33120FA874B0
:10CF000002120B5A050CE50C7002050D0EAF0A74E7
:10CF1000FF2FF50A0470D3AC21AD22AA08AB09A9F2
:10CF20000B12141602C5D3E5082404F508E43509EC
:10CF3000F50922E58228FCE43583FDAA0CAB0DA996
:10CF40000E2274EC12061074F8120C09890C8A0E69
:10CF50008B0FECFEEDFFE929F508E433F509743594
:10CF60002508F51074143509F511851082F583E054
:10CF7000F50AA3E0F50B750D00852182852283EA71
:10CF8000F0A3EBF07402120E63EEF0A3EFF0AC210D
:10CF9000AD22AA0AAB0B121416751208751300788D
:10CFA00012120B477402120BEBAA0AAB0BA90C125C
:10CFB0000FA87402120B5A7402120E6312D16E85FE
:10CFC0002182852283E0650E7004A3E0650F600373
:10CFD00002D102EE687002EF69600302D102741E92
:10CFE000120E63E0700302D0DD741C120E63E0F5D4
:10CFF0000EA3E0F50F850E82F583EEF8EFF9E85405
:10D0000003F508E58245837015E875F0FFA4F8AADA
:10D01000F075F0FFE9A42AF9E8FAE9FB801F7A002D
:10D020007B008009E0FCEA2CFAE43BFBA3E8FCE986
:10D03000FDEC24FF18ED34FFF9EC4D70E7E50860D6
:10D040001EF87404C398F895E0F9E875F0FFA4F8A9
:10D05000ACF075F0FFE9A42CF9EA28FAEB39FB747F
:10D0600004120E63EAF0A3EBF0E50A2408F50AE4E3
:10D07000350BF50BE50E450F6017780E120B47EEDA
:10D08000FCEFFDAA0AAB0BA90C1214227402120BBE
:10D090005AEEFCEFFDAA0AAB0BA90C121410740493
:10D0A000120E6312D17D7002EB6D7034AA0AAB0BC5
:10D0B000A90C12140A8A088B09A808A90974041279
:10D0C0000E63E0687003A3E06970158521828522F4
:10D0D0008312D15FAA0AAB0BA90C12143A750D0189
:10D0E0007402120E6312D16EC3E894F4E994FF4007
:10D0F000067EFC7FFF804FE8240350010912D165B2
:10D100008044C3E894F4E994FF40067EFC7FFF80EE
:10D1100009E8240350010912D16585108285118325
:10D1200012D174F8740899F9C3E89EE99F5004E895
:10D13000FEE9FF74412508F58274143509F583E092
:10D140002EF0A3E03FF0851082851183E02EF0A33E
:10D15000E03FF0A90D7408120B5A7F0C020895E00D
:10D16000FCA3E0FD2254FC2408FEE439FF22E0F891
:10D17000A3E0F922E0F8A3E0F9E4C3982212D15F1A
:10D18000EA6C22C082C0837900E925E0FCE433FD2B
:10D1900074422CF58274813DF583E06A7003A3E04C
:10D1A0006B600709E9C3940340DFD083D082020B90
:10D1B0000A74F6120610E9FE8A088B09ECFAEDFBF8
:10D1C000121434E9F8C39403500E12D2B2EE12D204
:10D1D000C6E508F0A3E509F07F02020895C082C009
:10D1E000831213DA80C474F4120610EAFEEBFF8C8B
:10D1F000088D09121434E9C394035006121308E988
:10D20000603CEEFAEFFB1213F8EA4B6010EEFCEF15
:10D21000FD901540E0F912143A79008023740C1245
:10D220000E63120964AC08AD09EEFAEFFB79011246
:10D2300013FE7402120B5AE9600479098002790A1C
:10D2400002CC1674F612061074F8120C09EAFEEB02
:10D25000FF121434E9F8C39403504212D2B2E090A2
:10D26000154012D2C612D2C0750808750900780898
:10D27000120B477402120BEBEA24F8FAEB34FFFBB3
:10D28000901540E0F9120FA87402120B5A740212A2
:10D290000E6312D2C07408120B5A02D1D8EEFAEF04
:10D2A000FB1213F88B09A909EA4970BC7A007B00CC
:10D2B00080E3744129F582E43415F5832239F5833E
:10D2C000E0FAA3E0FB22F0E812D2CC2229F8E43302
:10D2D000F9744428F582741539F5832274E2120634
:10D2E0001074F7120C098A168B178C0C8D0D7511A2
:10D2F00000121308E960697427120E63E0F512A3A7
:10D30000E0F513E5124513700302D5BFAA16AB175B
:10D310001213F88A188B19901540E0F510EA451998
:10D320007005790902D5C1750808750900780812D9
:10D330000B477403120BEBEA24F8FAEB34FFFBA95A
:10D3400010120FA87402120B5A7403120E63E50C2C
:10D350002512F8E50D3513F9C3E098A3E0995005BF
:10D36000790A02D5C1E518250CFEE519350DFF8EA9
:10D37000148F157429120E63E0F51CA3E0F51D85CA
:10D380001C08F50985120A85130B750E00806B7554
:10D390001A01751B00781A120B477402120BEBAAC4
:10D3A00014AB15A910120FA87402120B5A85218212
:10D3B000852283E0F8850882850983E06860267508
:10D3C0000E017405120E63C3E098F0A3E09400F020
:10D3D000850882850983E0F87405120E63E028F061
:10D3E000A3E03400F00514E51470020515850882E9
:10D3F000850983A385820885830912D5CB7090E5C2
:10D400000EA2E0400302D5BF852182852283E4F08D
:10D41000A821A922880889097808120B47740512E7
:10D420000E6312D15FAA16AB1779001213FE7402B5
:10D43000120B5AE9F50A700302D5637403120E63E6
:10D4400012D16EC3E894FCE994FF40087508FC759E
:10D4500009FF800DE8240350010954FCF508E9F5A3
:10D4600009A80AE828F8E433F9743528F50E74148D
:10D4700039F50F850E82F58312D5E67407120E6317
:10D48000E0F47003A3E0F4700B7C00AA18AB19A9B8
:10D4900010121404780C120B477814120B47AC0AC4
:10D4A000AA18AB19A9101214287404120B5AE51407
:10D4B000250CF514E515350DF515781C120B47AC48
:10D4C00012AD13AA14AB15A90A1214227402120B7E
:10D4D0005A7403120E63E0C3950CF8A3E0950DF99E
:10D4E000E8C39512F50CE99513F50D780C120B476E
:10D4F000E5142512F50CE5153513F50D780C120B16
:10D5000047AC0AEE2512FAEF3513FBA910121428C6
:10D510007404120B5A850E82850F8312D5E67403AC
:10D52000120E6312D5DC1214107405120E6312D1A0
:10D530007D7002EB6D702CAA14AB15A90A12140AA7
:10D540008A088B09A808A9097405120E63E068709F
:10D5500003A3E069700D7401120E6312D5DC12147E
:10D560003A800375110A852182852283E060346543
:10D57000107010740A6511700A90153FE0F91213CB
:10D58000EC803C7A0190153FE0F91213E08521828E
:10D59000852283E0F91213EC852182852283E090B5
:10D5A000153FF0852182852283E065106011740AA1
:10D5B0006511600B7C01AA18AB19A910121404A9FB
:10D5C000117409120B5A7F16020895A80AA90BE8D4
:10D5D00024FFF50AE934FFF50BE8492212D15FAACE
:10D5E00014AB15A90A22E0C39508F514A3E0950928
:10D5F000F5152274F0120610EAFEEBFF8C0A8D0B73
:10D60000121434E9F87410120E63E0F50CA3E0F57F
:10D610000D7412120E63E0F508A3E0F509E8C39457
:10D62000035024E8FE780C120B47AC08AD09EE124B
:10D63000D2CCE0250AFAA3E0350BFB74412EF5822B
:10D64000E43415F5838023EEFAEFFB1213F8EA4B6E
:10D650007004790A8020780C120B47AC08AD09EAF7
:10D66000250AFAEB350BFB901540E0F9120FA87470
:10D6700002120B5A790002CBD274F2120610EAFEA3
:10D68000EBFF8C0A8D0B1213F88A088B09EA450907
:10D6900070047909803DEEFAEFFB12144C8A0C8B72
:10D6A0000DE50A650C7004E50B650D6004790C80CE
:10D6B000227C01AA08AB09901540E0F9121404EE8F
:10D6C000FAEFFB1213F88B09EA45096004790A8026
:10D6D0000279007F0602089574F612061012DA2B02
:10D6E000902A87E493F508EC8508F0A4FCA8F0855F
:10D6F00008F0EDA428FD79FF7A2C7B0A12132690FE
:10D70000052F74ECF0A37422F0900531745EF0A341
:10D710007423F09005337494F0A3740EF0900535E3
:10D7200074D0F0A3740EF090053774D6F0A3740E85
:10D73000F090053974E8F0A3740EF090053B74EE98
:10D74000F0A3740EF090052EE4F08003120B5A7FC4
:10D7500002020895C082C0837A0080010A902A875D
:10D76000E493F8EAC398500CEA12D77B70EEAA82D1
:10D77000AB8380047A007B0002DDDD75F024A4F821
:10D78000A9F012DCFCF422C082C0837A007B007C0A
:10D79000008014EC12D77B600DA3A3A3A3A3E0F831
:10D7A000EA28FAE43BFB0C902A87E493F8ECC39850
:10D7B00040E102DDDD74F71206107F007E0080126A
:10D7C000EE75F024A4F885F008A90812D78260014C
:10D7D0000F0E902A87E493F8EEC39840E3E4938A0F
:10D7E000828B83F0A3E4F0EF8C828D83F0A3E4F0CE
:10D7F00002DB4774EC12061074F4120C09890A8AD1
:10D800000C8B0D8C0B8D08EA2408F50EE4350DF514
:10D810000F850E82F583E0F8740168600574036873
:10D820007011E9600E74FF650A6008740368700A7D
:10D83000EC70077A007B0002D9EA8A108B1175120E
:10D84000007810120B437C097D007403120BE31265
:10D85000131A7403120B5A7409120E63E50BF07E4F
:10D86000007F00120EBEAA0CAB0D120EC48A0C8BE8
:10D870000D850E82850F83E06401700875100175B7
:10D8800009008006751000850B0974FE650C700494
:10D8900074FF650D700302D9E67A007420120E63DE
:10D8A000E0F50EA3E0F50F80010A902A87E493F8D3
:10D8B000EAC398400302D941EA12DD5C650A70E9C7
:10D8C000A3E0651070E38E828F83A3A3E0650C70E4
:10D8D00004A3E0650D70D28E828F83A3A3A3A3E07F
:10D8E000650970C57510008021850C82850D831235
:10D8F000E1FC740A120E6312D9FE600CAA21AB225D
:10D90000E0F583888212243B0510E510C39508409A
:10D910000302D9E612DA0EF50CE50F39F50D850C88
:10D9200082F58312D9F41222D4E970DC850C828549
:10D930000D8312D9F4120E88E970AE7E007F00804C
:10D94000C71223648A128B13AE12AF13EE4F70030B
:10D9500002D9E68E828F83E50AF0A3E510F08E826D
:10D960008F83A3A3E50CF0A3E50DF08E828F83A334
:10D97000A3A3A3E509F0902A79E493C39508500482
:10D98000E493F508751000802512DA0EF582E50F94
:10D9900039F58312E1FC740A120E6312D9FE600C91
:10D9A000AA21AB22E0F583888212243B0510E51002
:10D9B000C3950840D48E828F83A3A3A3A3A3E508B5
:10D9C000F0850E0C850F0D750E00780C120B43AC14
:10D9D00008EC2CFCE433FDEE2406FAE43FFB1213C2
:10D9E0001A7403120B5AEEFAEFFB740C120B5A7FE7
:10D9F0000C020895E0FCA3E0FDEEFAEFFB22E8F054
:10DA0000A3E9F0900520E0F8A3E0F9E84922A81086
:10DA1000E828F8E433F9E50E2822C082C08312DA40
:10DA20002B79FF121326790102DDDD902A6DE49334
:10DA3000FC740193FD2274F7120610EA4B60377EE6
:10DA40000080010E8A828B83A3A3A3A3A3E0F8EE38
:10DA5000C3985022EE25E0F8E433F9EA28F582EB8A
:10DA600039F583A3A3A3A3A3A3E06C7003A3E06D84
:10DA700070D179018002790002DB4774F31206103D
:10DA8000EA4B6075EA240512DC98F508606BEA241D
:10DA90000608E43BF985080B750A00800B8E828F1F
:10DAA00083E014F06053050AE50AC3950B503FE587
:10DAB0000A25E0F508E433F509EA2508F582EB3597
:10DAC00009F583A3A3A3A3A3A3E0F508A3E0F509A5
:10DAD000EC65087003ED650960C388828983E508F9
:10DAE000F0A3E509F0E82402F850BB0980B88E8263
:10DAF0008F83E060047901800279007F0502089538
:10DB000074F7120610EA4B603CEA2405F8E43BF98E
:10DB100088828983E0FE902A79E493FFEEC39F50C8
:10DB200024EE2EFEE433FFEA2EF582EB3FF583A3CD
:10DB3000A3A3A3A3A3ECF0A3EDF088828983E00460
:10DB4000F07901800279007F0102089574F31206D2
:10DB500010890A8C0B12DC8F700B8A828B83E0FC9D
:10DB6000A3E0FD800B120EAC8A088B09AC08AD094E
:10DB700074FE6C700374FF6D605D75080080157431
:10DB8000016509700D88828983E06C7003A3E06DE4
:10DB90006049050812DC84503EE50812DC70E0653F
:10DBA0000A70EFA3E0F509EA2402F8E43BF98E825B
:10DBB0008F83E0640160C8E50970D788828983E0BB
:10DBC0006C7003A3E06D70CA8A828B83A3A3A3A3A6
:10DBD000E0650B70BD80047A007B0002DAFB74F410
:10DBE000120610EA2408F8E43BF9880889098882BB
:10DBF000F583E06401700B8A828B83E0FEA3E0FF73
:10DC0000800B120EAC8A0A8B0BAE0AAF0B74FE6E41
:10DC1000700374FF6F6054750A008015EC701088F3
:10DC2000828983E06E7003A3E06F70031222DA052D
:10DC30000A12DD08502EE50A12DC70A3E0FCEA248B
:10DC400002F8E43BF9850882850983E0640170CC21
:10DC500074016C70DA88828983E06E7003A3E06FD0
:10DC600060CA80CBEEFAEFFB120EA67F0402089585
:10DC700075F024A4F8A9F0742C28FA740A39FB8AE8
:10DC8000828B8322902A87E493F8E508C39822EADE
:10DC9000240812DC98640122F8E43BF9E8FEE9FF6D
:10DCA0008E828F83E022EC75F024A4F8A9F0742C06
:10DCB00028F8740A39F92274F4120610890B8A08BC
:10DCC0008B097E007F00750A008025E50A75F02427
:10DCD000A4F8A9F012DCFC650B7013AC08AD09AA1E
:10DCE00082AB831222D4E960050EEE70010F050AA3
:10DCF00012DD0840D6EEFAEFFB02DC6B742C28F53F
:10DD000082740A39F583E022902A87E493F8E50AC1
:10DD1000C3982274F2120610890C8A088B098C0DA4
:10DD2000750B00750A008004050B050A12DD08500A
:10DD300024E50A12DD5C650C70F0AC08AD09EEFA62
:10DD4000EFFB1222D4E960E2E50BC3950D40D9EE5A
:10DD5000FAEFFB80047A007B0002E21675F024A43F
:10DD6000F8A9F0742C28FE740A39FF8E828F83E0A4
:10DD700022C082C08374F3120C0974FE6A700374AB
:10DD8000FF6B604A7C00802212DCA688828983A314
:10DD9000E0FD74016D6012ED700F88828983A3A38A
:10DDA000E06A7003A3E06B60250C902A87E493F887
:10DDB000ECC39840D3E4936C701485218285228350
:10DDC0007404F0740B120E6312DE76121A228008AD
:10DDD000740B120E6312E2D3740D120B5AD083D05F
:10DDE00082020B0AC082C08374F3120C0912DFACEA
:10DDF0006402700E12DE1C120E6312DFA2121A2EC3
:10DE00008017EAFCEBFD7403120E63AA82AB831247
:10DE10001A04AA21AB22121A3402DDD08A828B8323
:10DE2000E0F8A3E0F974012274F712061074F312FB
:10DE30000C09ECFEEDFF8521828522837404F074C9
:10DE40000B120E6312DE76121A3AE9F508601D8E87
:10DE5000828F83A3A3A3A3A3A3A3A37403F0120E8F
:10DE600063AC82AD83EEFAEFFB1214D0A908740DF7
:10DE7000120B5A02DB47EAF0A3EBF0AA21AB2222F5
:10DE8000C082C08374F3120C0985218285228374B9
:10DE900004F0740B120E6312DE76121A3A74010249
:10DEA000DDD274F612061074F3120C0990052EE000
:10DEB000707B8521828522837404F090172D12DEF9
:10DEC00020120E63E8F0A3E9F0121EB48A088B0951
:10DED000AC08AD097403120E63AA82AB83121A0454
:10DEE000AA21AB22121A40121EC08A088B09A80868
:10DEF000A9097401120E63E0687003A3E06960274A
:10DF000074FE68700374FF69601D7401120E63E88B
:10DF1000F0A3E9F07403120E63AA82AB83121EC64B
:10DF2000AA21AB22121A4090052E7401F0740D0242
:10DF3000D74CC082C08374F3120C0912DFACF874A2
:10DF40000268701112DE1C120E6312DFA2121A2E6A
:10DF5000E9704C801F7403687023EAFCEBFD7403C6
:10DF6000120E63AA82AB83121A04AA21AB22121AE0
:10DF700034E9702BAA21AB22121A40802274016866
:10DF800070128A828B8312E1FC740B120E63E8F02C
:10DF9000A3E9800A740B120E6374FEF0A304F0026E
:10DFA000DDD0E8F0A3E9F0AA21AB22228521828509
:10DFB00022837404F08A828B83A3A3A3A3A3A3A3C5
:10DFC000A3E02274F7120610780079007C007D002F
:10DFD00080010D902A87E493FEEDC39E502AED75D3
:10DFE000F024A4FE85F008AF08742C2EF582740A84
:10DFF0003FF583E0F460DB8C0874012CFCAE08EA8A
:10E000006E4B70CEA882A983E8FAE9FB02DB477465
:10E01000F6120610E4F508F5097808120B4712E22B
:10E02000D912E2081214467402120B5AE9FE74095E
:10E030006E7003120ED6EEF902D74F74F612061068
:10E0400074FE120C09852182852283E4F0A3F0A8D6
:10E0500021A922880889097808120B4775080275DA
:10E0600009007808120B477C007D007A417B001282
:10E0700014527404120B5A740202D74C74F2120632
:10E080001074D8120C098A088B09ECFEEDFF750A92
:10E09000007A417B0012144C8A0C8B0DAC0CAD0D38
:10E0A000EC4D600FEE6C7002EF6D60077A417B0003
:10E0B00012145EE4F50CF50D780C120B47EEFCEF34
:10E0C000FD7A417B001214467402120B5AE9640A6D
:10E0D000700302E1F37402120BDB880C890D780CDB
:10E0E000120B47750C02750D00780C120B477C0063
:10E0F0007D007A007B031214587404120B5AE960F5
:10E100000302E1F3852182852283E4F0A3F07E00FF
:10E11000806A7404120BDB880C890D780C120B4793
:10E12000902A6D120991EEF812E3AC7A007B03128B
:10E1300014587404120B5AE9600302E1F3740412D8
:10E140000E63E0F460357404120BDB880C890D78E3
:10E150000C120B47902A6D1209917404120E63126F
:10E16000E1FC12E3B8FA850CF0E912E20212145253
:10E170007404120B5AE9707B12E49C0E852182858F
:10E180002283C082C083902A87E493F8D083D08210
:10E19000C3E098A3E094005021852182852283C0AA
:10E1A00082C0837402120E6312E1FCD083D082C35A
:10E1B000E098A3E099500302E112A821A922880C5B
:10E1C000890D780C120B47750C02750D00780C1236
:10E1D0000B477C007D007A417B00121452740412BC
:10E1E0000B5AE9700EAC08AD097A007B0312145E7D
:10E1F000E96003750A01A90A74288017E0F8A3E012
:10E20000F922A42AF9E82402FCE439FD7A417B00D2
:10E21000227402120B5A7F0602089574F21206103D
:10E2200074FE120C09750A0012E2D9F508E439F5FA
:10E23000097A417B0012144C8A0C8B0DAE0CAF0D89
:10E24000A821A922880C890D780C120B47750C02A5
:10E25000750D00780C120B477C007D007A417B0025
:10E260001214587404120B5A7A007B0312144C8A4D
:10E270000C8B0DA80CA90DE849700CE5086E700315
:10E28000E5096F700D8041EE4F602B12E2CDEA4B35
:10E2900060247C007D037A417B00121FCEE9F88860
:10E2A0000A7025EEFCEFFD7A417B0012145EE960F6
:10E2B00009750A018012E8FEE9FFAC08AD09EEFA23
:10E2C000EFFB120EDCE9F50AA90A02E211852182B0
:10E2D000852283E0FAA3E0FB22902A6DE493F87490
:10E2E0000193F9902A87E493F508E88508F0A4F8EB
:10E2F000AAF08508F0E9A42AF9E824022274F212AF
:10E30000061074FE120C09852182852283E4F0A395
:10E31000F0120EE2E9600302E3A6A821A922880810
:10E3200089097808120B47750802750900780812E8
:10E330000B477C007D007A417B0012145874041254
:10E340000B5AE970617E007F007508008043E50884
:10E3500075F024A4F8A9F0742C28F50A740A39F58C
:10E360000B780A120B47902A6D120991A80812E344
:10E37000AC7A417B001214587404120B5AE9700FE6
:10E38000850A82850B83E0F460050EEE70010F05AF
:10E390000812DC84501085218285228312E1FCC39F
:10E3A000EE98EF9940A812E2CD02E21112E3B8F91B
:10E3B000E82402FCE439FD22902A6DE493F50C7404
:10E3C0000193F50DE8850CF0A4C8AAF0850DF0A422
:10E3D0002A2274F112061074DA120C098521828542
:10E3E0002283E4F0A3F07E008075EE75F024A4F89B
:10E3F000A9F0742C28F508740A39F50985080CF57C
:10E400000D750E00780C120B4312DA2B7405120BEB
:10E41000E312131A7403120B5A7402120BDB880AEC
:10E42000890B780A120B47902A6D120991EEF89029
:10E430002A6DE493F50A740193F50BE8850AF0A4BC
:10E44000C8AAF0850BF012E2021214527404120BE7
:10E450005A850882850983E0F4600312E49C0E90DB
:10E460002A87E493F8EEC3984080A821A92288085F
:10E4700089097808120B4775080275090078081297
:10E480000B477C007D007A417B0012145274041209
:10E490000B5A7426120B5A7F070208958521828534
:10E4A0002283E02401F0A3E03400F022C082C08384
:10E4B00090054B7470F0A374B1F0A3E0541FF0907A
:10E4C000054F741DF0A37442F0A37470F0A374B2EE
:10E4D000F0900555E0541FF0900557741EF0A3749A
:10E4E00012F08040C082C08312E52B00E5D6A2E185
:10E4F00050F9E5B354F84406F5B343B301E5B3A2CC
:10E50000E350FA801FC082C08312E52B00E5D6A23B
:10E51000E150F9E5B354F84404F5B343B301E5B36E
:10E52000A2E350FAD083D082020B0AEB900549F0A7
:10E53000EAA3F090054E7410F090054DE054E0F021
:10E5400075D1FD75D6022274F71206107409120EE9
:10E550006312E961900549F0E8A3F0740B120E63B1
:10E5600012E961F9E890054EF0E9F890054DE054A4
:10E57000E048F0EB900553F0EAA3F0EC900556F07C
:10E58000EDFC900555E054E04CF075D1FD75D602D8
:10E5900000E5D6A2E150F975D1FB75D60400E5D6A9
:10E5A000A2E250F97F01020895C082C083121FD4F5
:10E5B00002E524C082C08353B38F43B340121FE0EF
:10E5C00002E52474F41206108C088D09750A107582
:10E5D0000B00780A120B477808120B4712E5F0126D
:10E5E0000B5A12EB9AE5D1A2E250FA7F0402089589
:10E5F0007C107D00AA08AB09121FE674042274F097
:10E6000012061074E9120C097404120E63E9F07416
:10E6100005120E63ECF0A3EDF07404120E63E070CB
:10E620000302E9457431120E63E014C0E07407126E
:10E630000E63D0E0F0742B120E63E0F50EA3E0F54C
:10E640000FE50E450F60097407120E63E0D2E6F085
:10E650007404120E63E024FE333354FCF874071282
:10E660000E63E04812EDA6120B437C0D7D00740B87
:10E67000120E6312ED9C120B5A7427120E63A3E064
:10E68000C0E07415120E63D0E0F07427120E63E040
:10E69000C0E07416120E63D0E0F07C107D007900AB
:10E6A000742F120E6312E966750C20750D00C3E518
:10E6B0000E940FE50F9400401DE50E24F2F8E50FCF
:10E6C00034FFF9E854F02420F50CE439F50DE85452
:10E6D0000F600312E9557427120E63E054F0F8A39B
:10E6E000E0F9E50C28F50CE50D39F50D7427120E4F
:10E6F00063E0540F600312E955AA0CAB0D1213CE60
:10E700007402120E63EAF0A3EBF07402120E6312AD
:10E71000E961F9E8497005791002E9477407120BBD
:10E72000DB880889097808120B437C107D0074058A
:10E73000120E6312EBBC120B5A7402120E6312E932
:10E7400061C82410F582E438F583E50FF0740212F5
:10E750000E6312E961C82411F582E438F583E50EF1
:10E76000F07402120E63E0241212E9C740117429FA
:10E77000120E6312EBB2120B437C0E7D00801E7CE6
:10E780000E7D00790085218285228312E966742935
:10E79000120E6312EBB2120B43AC0EAD0F740312E8
:10E7A0000E6312EBBC120B5A852182852283E02472
:10E7B0000E12E9C7500302E83DE50E24F2F50EE51E
:10E7C0000F34FFF50F850E08F50974047808120D53
:10E7D000EEAE08AF09E50E12E94C120CEA85080E00
:10E7E0007429120E63E0240EF508A3E03400F50945
:10E7F0007808120B43AC0EAD0F7403120E6312EBCC
:10E80000BC120B5A12E9AA603412E973120CEA74B2
:10E8100029120E63E02508F8A3E03509F9E8240E73
:10E82000F508E439F5097808120B43AC0B7D007448
:10E8300003120E6312EBBC120B5A12E98B742712EF
:10E840000E6312EBA174047808120DEEAE08AF0946
:10E850007427120E63E012E94C120CEA85080E854B
:10E86000090F7405120E6312EBB2120B43AC0EAD1E
:10E870000F7403120E6312EBBC120B5A12E9AA605A
:10E880002D12E973120CEA7405120E63E02508F5E7
:10E8900008A3E03509F5097808120B43AC0B7D009D
:10E8A0007403120E6312EBBC120B5A12E98B852112
:10E8B00082852283C082C0837402120E6312E961D2
:10E8C000F9D083D082E0C398F8A3E099F9E8650C09
:10E8D0007003E9650D6003120F8453B38F43B35087
:10E8E000742F120E6312EBC5121FDA780C120B474D
:10E8F0007404120E631209647C107D007433120ECE
:10E900006312EBA9120B5A53B3F87404780C120D6E
:10E91000EEE50C24FFFEE50D34FFFF12EB8B600BE0
:10E9200043B301E5B3A2E340F280F853B38F85B35C
:10E93000B343B301E5D1A2E250FA7402120E63129E
:10E94000EBC51213D47900741702E9D6540FF50BF6
:10E950007404780822E50C2410F50CE4350DF50D4F
:10E9600022E0F8A3E02212E96A22E0FAA3E0FB1217
:10E970001326227C107D0079008521828522831256
:10E98000E96A8E088F09740478082285218285221D
:10E9900083E0241012E99822F8A3E03400F98521DD
:10E9A00082852283E8F0A3E9F022852182852283F3
:10E9B000E0250EF8A3E0350FF9852182852283E852
:10E9C000F0A3E9F0E50B2212E998C3E50E940FE5F8
:10E9D0000F9400227402120B5A7F0802089574F0FB
:10E9E00012061074DD120C09E9852182852283F05C
:10E9F0007401120E63ECF0A3EDF0EAFEEBFF750E6E
:10EA000000750F007437120E6312EBA1750A0078BF
:10EA100008120B437403120E63E0FC7D007416129F
:10EA20000BE312EDA0120B5A7439120E63E014C0FE
:10EA3000E07403120E63D0E0F08E088F097808129C
:10EA40000B437C0D7D007407120E6312ED9C120BBC
:10EA50005A7412120E63E4F07411120E63E4F0742F
:10EA600033120E63E0F50CA3E0F50D850C08F509F3
:10EA700074047808120DEEAE08AF09E50C540FF5DA
:10EA80000B60050EEE70010FE50C450D60508E0811
:10EA90008F0974047808120CEAAA08AB091213CE85
:10EAA0008A0E8B0FEA4B7005791002EB8674011207
:10EAB0000E6312EBB2120B43AC0CAD0D12EDA012B3
:10EAC0000B5AE50B6018F87410C398FC95E0FD79BB
:10EAD00000E50E250CFAE50F350DFB12132653B396
:10EAE0008F43B3207403120BE312ED90120B4774A3
:10EAF00015120BDB880889097808120B477C107DFA
:10EB000000743B120E6312EBA9120B5A12EB9AE53A
:10EB1000D1A2E250FAEE4F604453B38F43B3307446
:10EB200012120E637401F07403120BE312ED8412DF
:10EB30000CEAAC08AD097808120B47780E120B47A7
:10EB4000AA0EAB0F12E5F8120B5A53B3F812EB8B67
:10EB5000600B43B301E5B3A2E340F280F8E50E4554
:10EB60000F6021850E08850F097808120B43AC0C45
:10EB7000AD0D7404120E6312EBBC120B5AAA0EAB4D
:10EB80000F1213D47900742302E9D6EEF8EFF9E8F6
:10EB900024FF1EE934FFFFE8492253B3F843B301D1
:10EBA00022E0F508A3E0F5092212EBC5121FE67476
:10EBB0000422E0F508A3E0F50978082212EBC5125B
:10EBC000131A740322E0FAA3E0FB2274F112061078
:10EBD00074DE120C09852182852283ECF0A3EDF00E
:10EBE000890E7437120E63E014C0E07402120E63D3
:10EBF000D0E012EDA6120B437C0D7D007406120EC0
:10EC00006312ED9C120B5A7411120E63E4F074102F
:10EC1000120E63E4F07431120E63E0C3950EF50B2F
:10EC2000C4540FFE7F00740F550B60050EEE70018B
:10EC30000F7C107D0079007412120BE3121326A8CA
:10EC40000B852182852283E028F508A3E03400F5B6
:10EC5000097808120B43AC0E7D007415120BE312F9
:10EC6000EDA0120B5A53B38F43B3207402120BE37F
:10EC700012ED90120B477414120BDB880889097887
:10EC800008120B477C107D007439120E6312EBA939
:10EC9000120B5A12EB9AE5D1A2E250FA8E088F09B4
:10ECA00074047808120CEAAA08AB091213CE8A0C75
:10ECB0008B0DEA4B7005791002ED7A8E088F09747E
:10ECC000047808120CEAAC08AD09F9121326852164
:10ECD0008285228312EBB2120B43AC0B7D00AA0C8F
:10ECE000AB0D12EDA0120B5AEE604853B38F43B335
:10ECF000307411120E637401F004120BE312ED84F0
:10ED0000120CEAAC08AD097808120B47780C120B0C
:10ED100047AA0CAB0D12E5F8120B5AE5B354F844B0
:10ED200002F5B312EB8B600B43B301E5B3A2E340F2
:10ED3000F280F8850C08850D097808120B43AC0B9E
:10ED40007D007403120E6312EBBC120B5AAA0CABBB
:10ED50000D1213D47435120E6312EBB2120B43ACC6
:10ED60000E7D00A80B7403120E63E028FAA3E034B2
:10ED700000FB12EDA0120B5A79007422120B5A7F7D
:10ED800007020895121FDA8E088F0974047808228A
:10ED9000121FDA750810750900780822AA82AB8361
:10EDA00012131A740322F08A088B09750A00780876
:10EDB0002274F2120610E9FF8C0C8D0D700579009B
:10EDC00002EE43740E120E63E0C39FFE7416120E21
:10EDD0006312EBA17418120E63E0F50A780A120BA5
:10EDE0004B7808120B477417120E631209647417DC
:10EDF000120E631209647417120E63120964EEF5A1
:10EE00000A750B00780A120B47121FFE740B120BC7
:10EE10005AE9F8702E7800800108E8C39F5024EE6C
:10EE2000FD74012DFEE8FAE5082AF582E43509F5BE
:10EE300083E0FCE50C2DF582E4350DF583E06C6094
:10EE4000D879017F0602089574F012061074FE123C
:10EE50000C0912EFAF120E63E0FEA3E0FF741A126A
:10EE60000E6312EF92120E6312EF9C120B4B780C92
:10EE7000120B47850E0A850F0B780A120B47741D7B
:10EE8000120E63120964741D120E631209648E0A55
:10EE90008F0B780A120B47741D120E6312EF8C74DD
:10EEA0000B120E6312EFA9121FFE740B120B5AE91C
:10EEB000F97034E509F50A780A120B4B780C120B3D
:10EEC00047780E120B478E0A780A120B47741912F4
:10EED0000E6312EF8C7407120E6312EFA912200456
:10EEE0007407120B5AE9F902E9D474F0120610748F
:10EEF000FE120C0912EFAF120E63E0FEA3E0FF74E6
:10EF00001A120E6312EF92120E6312EF9C120B4B49
:10EF1000780C120B47850E0A850F0B780A120B47E7
:10EF20008E0A8F0B780A120B477419120E6312EFB8
:10EF30008C7407120E6312EFA912200A7407120BC9
:10EF40005AE9F97044E509F50A780A120B4B780C76
:10EF5000120B47780E120B47741D120E63120964D0
:10EF6000741D120E631209648E0A780A120B47741C
:10EF70001D120E6312EF8C740B120E6312EFA912A6
:10EF80002010740B120B5AE9F902E9D4E0FCA3E05B
:10EF9000FD22E0F50EA3E0F50F741C22E0F50CA3B2
:10EFA000E0F50DEBF50A780A2212EBC5A9082285D7
:10EFB0002182852283ECF0A3EDF08A088B0974147A
:10EFC0002274F2120610EAFEEBFF8C0A8D0B7A0B0C
:10EFD0007B001213CE8A088B09EA450960749005FC
:10EFE0000112F06112F8D8900501EAF0A3EBF0EA03
:10EFF0002402F8E43509F9880C890D8882F583EE3E
:10F00000F0A3EF12F0FCA3E50AF012F16AA3743248
:10F0100012F05B740112F05BA3F0740E120E631217
:10F02000F061A3A3A3A3A3A3A3A3A312F8D890055D
:10F030000112FA9E90050512F8D8850C82850D8381
:10F0400012F8FF122298850C82850D8312F937A3DE
:10F05000E9F0AA08AB097F0602089512F171A3A393
:10F060002212FAA28A828B832274F6120610EAFE1A
:10F07000EBFF8E828F83E0F91223FA8B09EA4509B0
:10F08000600479028027E4F508F5097808120B4737
:10F090007C007D00EEFAEFFB12242A7402120B5A58
:10F0A0008B09EA4509700479108002790002F9E2BF
:10F0B0007F0102089574F212061089088A098B0AEA
:10F0C0001223F48A0C8B0DAE0CAF0DEE4F602A7A32
:10F0D000047B00121338EA4B601F8A828B8374FD15
:10F0E000F0A3E50A12F101E50812F0FCE509F08E43
:10F0F000828F8312F17C12134402F05612F101A3A5
:10F1000022F08A828B83A3A32274F01206108A0B4A
:10F11000ECFEEDFF8B0C1223F48A088B09EA4509FB
:10F1200060437A077B00121338EA4B60388A828B7F
:10F130008374FEF07411120E63E08A828B83A31233
:10F14000F101E50CF07410120E63E08A828B83A348
:10F15000A3A312F0FC12F16AEEF0A3EF12F59C12D9
:10F16000F17C1213447F08020895A3E50B12F1719C
:10F1700022F08A828B83A3A3A3A3A322A3A3E0F8F4
:10F18000A3E0F5838882E0F92274E012061074FE91
:10F19000120C09852182852283ECF0A3EDF08A12FE
:10F1A0008B13891C900501E0F50AA3E0F50B7EFEA8
:10F1B000EA2402F516E43513F517EA2404F51EE4F3
:10F1C0003513F51F8A828B83E0540C640C7021790F
:10F1D000FE12F8F9121C08E9FE74FE6E700302F3C9
:10F1E000951223F48A088B09EA4509705D02F395AC
:10F1F000851682851783E0F974FF697040E50A453A
:10F200000B700302F395850A82850B83A3A3E0F5B7
:10F2100008A3E0F5097422120E63E0F510A3E0F5EF
:10F22000117426120E63E0F5197427120E63780C20
:10F23000120E0C742B120E63E0F518802D1223F4BD
:10F240008A088B09A909EA4960CB85088285098368
:10F25000E0F91223FA8A0A8B0B80BA850A82850BA1
:10F2600083A3A3E0F508A3E0F509E50845097003C9
:10F2700002F395800D8A828B83E0F91223FA8A0AC1
:10F280008B0B7514FE7515FF850A82850B83A3A36E
:10F29000A3A312F905EC4D850882850983601A1233
:10F2A000F8DE12243BEA4B601D8A828B83E0F51462
:10F2B000A3E0F5151213D4800D12F8ED6008A3E059
:10F2C000F514A3E0F515851282851383A3A3A3A3E8
:10F2D00012FA9A850882850983E0FAE514687003BA
:10F2E000E515696013EA7006E849705C800A74FFEE
:10F2F00068700374FF697050851682851783E0FF7C
:10F30000EAF0E518F5147814120B4B780C120B3F49
:10F31000E519F5147814120B4B742A120E631209B6
:10F32000647810120B47740A120E63120964A91C48
:10F33000AC08AD09AA12AB13122406740C120B5AB6
:10F34000EF851682851783F0851282851383E0543A
:10F350000C640C7020EEF912F8F9121C08E9FE7426
:10F36000FE6E60311223F48A088B09EA45096003B6
:10F3700002F2758020851682851783E0F470168569
:10F380000A82850B83E0F50AA3E0F50BE50A450B3D
:10F39000600302F25B7402120B5A7F180208957424
:10F3A000EC1206108A088B098C0C8D0D8910EA244A
:10F3B0000EF582E43509F583E0F50EA3E0F50FEADA
:10F3C0002410F50AE43509F50B850A82F583E0245B
:10F3D00027FA7B001213388A128B13AE12AF13EE8A
:10F3E0004F700302F58D8E828F83741A12F59C1272
:10F3F000F5A912F59212F5A9A3A312F8D874141264
:10F400000E6312F905EE2406FAE43FFB1223D685BB
:10F410000882850983A3A3A3E0C0E0EE240FF58250
:10F42000E43FF583D0E012F8C4C0E0EE2414F58286
:10F43000E43FF583D0E0F0E508240CF582E43509DB
:10F44000F583E0C0E0EE2415F582E43FF583D0E0DB
:10F45000F07418120E6312FA0CE0C0E0EE2416F5F8
:10F4600082E43FF583D0E0F088828983A3E0C0E0A6
:10F47000EE2417F582E43FF583D0E0F0888289839B
:10F48000A3A3E0C0E0EE2418F582E43FF583D0E0CA
:10F49000F0741A120E63E0C0E0EE2419F582E43F26
:10F4A000F583D0E0F0741B120E63120E40EE241AA6
:10F4B000F582E43FF583120E4CEE241EF582E43F04
:10F4C000F583E510F0E5082415F582E43509F583A8
:10F4D00012F5A42424F582E43FF58312F592A3A348
:10F4E000A3A3A3A3A3A312F5A4241212F8D2741603
:10F4F000120E6312F5A4241012F8D2EE241FF58226
:10F50000E43FF583E4F0EE2420F8E43FF9E8FCE979
:10F51000FD850A82850B83E08C828D83F0A3E4F065
:10F52000741F120E63E0C0E0EE2426F582E43FF57E
:10F5300083D0E0F0EE2422F8E43FF98C828D831230
:10F54000F8FFEA4B602FEE2427FAE43FFB8882891C
:10F5500083EAF0A3EBF0850E08850F09750A0078A1
:10F5600008120B438C828D8312F90512131A74034F
:10F57000120B5A800888828983E4F0A3F0EEFAEF38
:10F58000FB850C82850D8312F17C1213447F0C02E3
:10F590000895E8F0A3E912F59CA3A322F085088260
:10F5A0008509832212FAA2EE22A3A3A3A312FAA230
:10F5B0008E828F83A3A32274F012061074DF120CC4
:10F5C00009EAFEEBFF8C088D09890AEC45097003F6
:10F5D00002F681EE2408F8E43FF9880C890D888250
:10F5E000F583E0C0E07402120E63D0E0F0E50AA2F9
:10F5F000E3503388828983E06402600302F681125B
:10F600001EBA8A0E8B0F8E828F8312F8FFE50E6A68
:10F610007003E50F6B600F7C037901121B84E960B6
:10F620000579CD02F8BC850C82850D83E0F8740263
:10F63000686005740F68703C8E828F8312F8FF1229
:10F640001F32E9850C82850D836022740FF0E0C0C3
:10F65000E0740B120E63D0E012F8C464037027EE5E
:10F66000FCEFFD7403120BE31214D08028E0640F4A
:10F6700070DC800D74036860D574016860D0E86048
:10F68000CD790202F8BC8E828F8312FA9E74031227
:10F690000E6312F8D8E50AA2E174125009120E6343
:10F6A00074FFF0A3806C120E63E4F0A3F0900501E8
:10F6B00012F8E7604688828983A3A312F8FFE50861
:10F6C0006A7003E5096B8882898370E412FA9AE80C
:10F6D000FCE9FDEC4D602485088285098312F8DE83
:10F6E00012243BEA4B602C8A828B8312FA9E74129E
:10F6F000120E6312F8D81213D48018850882850977
:10F700008312F8ED600D12FA9D7412120E63E8F088
:10F71000A3E9F07418120E63E4F0A3F0E50AA2E482
:10F72000501C740B120E63E0F8740F6860107401C3
:10F7300068600B7418120E637404F0A3E4F0E50A19
:10F74000A2E750097418120E63E04410F0E50AA213
:10F75000E650127418120E63E04401F07401120EA8
:10F7600063740180067401120E63E4F0E50AA2E2FC
:10F7700050097418120E63E04440F08521828522FE
:10F7800083E4F0E50AA2E55009741B120E637404C9
:10F79000800D9018A2E0C0E0741B120E63D0E0F060
:10F7A0007437120E6312FA9E880C890D8882F583D5
:10F7B000E0C0E0741A120E63D0E012F8CDC0E0741D
:10F7C0000C120E63D0E0F08E828F83A3A3A3A3A3B9
:10F7D000A3A3A3A3E0C0E0740D120E63D0E0F07405
:10F7E00031120E6312FA9E7410120E6312F8D8745E
:10F7F00033120E63E0FEA3E0FF7414120E63EEF00A
:10F80000A3EFF07435120E6312FA9E7416120E6393
:10F8100012F8D87439120E63E0C0E0741C120E6343
:10F82000D0E012F8CDF91223FA8A828B83E5824563
:10F83000836012A3A3A3A3A312F8ED6008740312BC
:10F840000BE312243BAA21AB221223E8E9C39EE476
:10F850009F50199016E712F8E7600D7403120BE33E
:10F8600012F93A12243B800C7E02800A7403120BB8
:10F87000E3121C44E9FE740B120E63E06402702E66
:10F88000121EBA8A0E8B0FA80EA90F7403120E63F4
:10F89000E0687003A3E0697015EEFB850C82850DAE
:10F8A00083E0FA850882850983E0F9122418EE7056
:10F8B00009850C82850D83E004F0EEF97421120BAA
:10F8C0005A02F165F0850C82850D83E02212F59CC9
:10F8D000E022F582E43FF583E8F0A3E9F022E0FAC4
:10F8E00079028C828D832212FAA2E84922A3A3A373
:10F8F000A312FA10E582458322851E82851F83E0CC
:10F90000FAA3E0FB22E0FCA3E0FD22C082C08390CA
:10F91000050180048A828B8312F8FFEA4B600B8A10
:10F92000828B8312F935E06970EAD083D082020BB2
:10F930000A8C828D83A3A3E0F8A3E0F5838882225A
:10F9400074F61206101223FA8A828B83E5824583AD
:10F950006007A3A312F8FF80047A007B0002F9E29B
:10F9600074F4120610EAFEEBFF89081223FA8A0AE1
:10F970008B0BAC0AAD0B7900EC4D60388C828D831B
:10F98000A3A3A3A312FA02E58245836013AA080980
:10F9900012243B8E828F83EAF0A3EBF07901801C66
:10F9A00012F931A3A3A3A312F8FF8E828F83EAF08A
:10F9B000A3EB80078E828F83E4F0A3F002FAA87491
:10F9C000F71206108A828B83E0640170047E08803F
:10F9D000027E00A3AA82AB83121C4AE9C39EF902ED
:10F9E000F0B07F02020895C082C08390050112FA30
:10F9F0000C790080040912FA02E582458370F60250
:10FA0000F92AE0FAA3E0FB8A828B832212FA102201
:10FA1000E0F8A3E0F98882898322C082C083900540
:10FA200001801A12F931E0F8E96003E8600BE88A16
:10FA3000828B83F0A3AA82AB838C828D8312F9051B
:10FA4000EC4D70DF02F92A74F7120610EAFEEBFFA4
:10FA5000EC2408F8E43DF988828983E08E828F8364
:10FA6000A3A3A3A3A3A3A3A3F088828983E0640331
:10FA700070051214D0800E8C828D8312FA9E8E82B5
:10FA80008F8312F8D88E828F83A3A3A3A3A3A3A3EB
:10FA9000A3A3A3E4F0A3F002F0B0A3A3A3A312FADC
:10FAA000A222E0F8A3E0F9227F04020895C082C0F8
:10FAB00083906180E4F0E04409F0906189E0D2E550
:10FAC000F0906182E0D2E0F0E0D2E1F0E0D2E2F04A
:10FAD00090056E7401F002FDB874E612061074F61B
:10FAE000120C098A088B09ECFEEDFFEA4509601B40
:10FAF000EA2408F518E43509F519851882F583E03C
:10FB0000F8740268600A740368600579E802FD39D8
:10FB100012102CE9F46005791E02FD3985188285E2
:10FB20001983E0F50A1210388A108B118C128D138C
:10FB300012103E8A148B158C168D1785100C8511AA
:10FB40000D85120E85130F780C7914120D4974026D
:10FB5000650A750A00703B8A0C8B0D8C0E8D0F7434
:10FB6000FE550A780C120BAAE50CA2E0401985108C
:10FB70000C85110D85120E85130FE50A780C120BFA
:10FB8000AAE50CA2E05046050AE50AC39418503DC8
:10FB900080C5850C10850D11850E12850F13751407
:10FBA00003751500751600751700E50AC333781440
:10FBB000120AA778107914120D36E5104511451276
:10FBC00045136009050AE50AC3940C40C57418651D
:10FBD0000A7059851882851983E06402605FE50A1E
:10FBE000F50C750D00851882851983E0640270524A
:10FBF0007406120E63EEF07407120E63EFF08508C0
:10FC000082850983E0C0E07408120E63D0E0F085BD
:10FC10000882850983A3E0C0E07409120E63D0E076
:10FC2000F079047406120BEB7402801E740C650AE2
:10FC300070AC851882851983E0640370A1791A027B
:10FC4000FD397908AC08AD097403780C120CEA256B
:10FC50000CFA7461350DFB12113A851882851983EF
:10FC6000E064027903AC21AD22704E7A677B6112A9
:10FC700011407903AA21AB2212132C8A0C8B0D8C14
:10FC80000E8D0F751001751100751200751300E5CA
:10FC90000A7810120AA7780C7910120D49780C1204
:10FCA0000B3F7407120BE31213AA7404120B5A7958
:10FCB00003E9120BEB7A67806A7A647B6112114068
:10FCC0007903AA21AB2212132C8A0C8B0D8C0E8D7A
:10FCD0000FE50AC333FA751001751100751200752E
:10FCE00013007810120AA7780C7910120D497510BC
:10FCF0000175110075120075130074012A78101235
:10FD00000AA7780C7910120D49780C120B3F740772
:10FD1000120BE31213AA7404120B5A7903E9120BA3
:10FD2000EB7A647B6112113A851882851983E0FBB6
:10FD30007A01A90A1210327900740A120B5A7F1242
:10FD400002089574F7120610EA4B6021EA2408FEB7
:10FD5000E43BFF8E828F83E0F874026860057403D1
:10FD600068700A12102CE9F974FF69700479E88050
:10FD70000D8E828F83E0FB7A0012103279007F01B2
:10FD8000020895C082C08374016990056F700B747E
:10FD900001F090618AE0D2E28008E4F090618AE0AC
:10FDA000C2E2F080137B611211407903AA21AB22D9
:10FDB00012132C7403120B5AD083D082020B0AC088
:10FDC00082C08390056FE06401700479FE8002793F
:10FDD000FF80E5C082C08390056FE06004790180F8
:10FDE00009906163E0F8744058F980CC74E8120619
:10FDF0001074F4120C098A828B83A3A3A3A3A3A378
:10FE0000A3A3E06402703FEC852182852283F07415
:10FE100001120E63EDF08A828B83E0C0E07402125F
:10FE20000E63D0E0F08A828B83A3E0C0E0740312FB
:10FE30000E63D0E0F0A821A922880E890F7E047FEE
:10FE400001121038800B8A0E8B0F7E087F02121071
:10FE50003E8A108B118C128D13750B008510148542
:10FE60001115851216851317E50B7814120BAAE5E8
:10FE700014A2E05053EFF5F0E50B84F50CEEF974A5
:10FE800004120BEBE50C89F0A4FAA8F0E428FB744B
:10FE9000613BFB1211407404120BDB880889097561
:10FEA0000A007808120B43EEFC7D00850E82850F58
:10FEB00083A982AA837B001213207403120B5AE9D0
:10FEC00064017004A90C800CEF250BF50BC394188A
:10FED000408A79FF740C120B5A7F1002089574EC5B
:10FEE000120610E9FEEAFF8B087510017511007506
:10FEF0001200751300EEC3337810120AA7750C01B7
:10FF0000F50DF50EF50FEE780C120AA7046F702EA2
:10FF10007402650870141210388A108B118C128DBF
:10FF2000137810790C120D49803112103E8A0C8B17
:10FF30000D8C0E8D0F780C7910120D49803D7402D6
:10FF4000650870201210388A108B118C128D13786E
:10FF50000C120D907810790C120D367810120B3FA0
:10FF60007A83801E12103E8A0C8B0D8C0E8D0F78BA
:10FF700010120D90780C7910120D36780C120B3F80
:10FF80007A867B611213AA7404120B5A7F0C020842
:10FF900095C082C08374FD120C097903AC21AD2297
:10FFA0007A8302FDA5C082C08374FD120C09790317
:10FFB000AC21AD227A8602FDA58008000000000079
:10FFC000000000EAF8EBF9E824FF1AE934FFFBE847
:10FFD0004970E8020B0A74F7120610EAFEEBFF8084
:10FFE000077AE87B03120F24EEF8EFF9E824FF1EEE
:0DFFF000E934FFFFE84970E97F0102089540
:020000040002F8
:10000000A3A312814A8882898322C082C08390057B
:10001000051281461283659018B7E0F4601B9005C5
:10002000071288C16036128309F89018B7E068603B
:100030002212835780E81283579005071288C16007
:100040001B128446128000E060ECC394F150E7A3D9
:10005000E060E3128312FAA3E0FB80047A007B00E5
:1000600080031285F2D083D082020B0A74F6120646
:100070001074F1120C09852182852283E4F0A3F02B
:100080001218008A088B09AE08AF09EE4F70030200
:1000900081411222B08E828F83A3858208858309D5
:1000A00012844A1223701288B0700302813A8521AB
:1000B00082852283A3E0C81282F1E0C39481407A52
:1000C0008E828F83E070698508828509831281465C
:1000D0007403120E631283687402120E637404F0C8
:1000E000EE2403FCE43FFD7405120E63AA82AB8389
:1000F000121A047402120BE3121A40E970201281E2
:10010000501214A07A227B051218847A007B40904A
:100110000504E0F91214A0790C12228C8023AC2182
:10012000AD2285088285098312866579011222A491
:10013000852182852283128303F0EEFAEFFB1213EE
:10014000D4740F02866B12814A22E0F8A3E0F922F0
:10015000900503E4F07A40FB900504E0F92274EC8A
:1001600012061074F7120C0989088A108B118C0E74
:100170008D0F9005071288C170030282E77E00127E
:100180008312F50AA3E0F50B7408120E637403F0F2
:10019000E508600BAC21AD22AA10AB11121A167F34
:1001A00000E50A2404F50CE4350BF50D80577509BC
:1001B000017809120B4BE508F5097809120B4B740D
:1001C00002120BDB881289137812120B4790052953
:1001D000120964900522E0FD9005281282F5A3A380
:1001E000A312833D1222927406120B5AE9F5097488
:1001F000B26509700302827DE970097E01E508702D
:10020000030282860F128325A3A3A3E0F8EFC3980D
:10021000409C74B265096065EEA2E05004E5086098
:100220005C7F00800AE970067E01E50860580F12C5
:100230008325E0F8EFC39850447509007809120B44
:100240004BE508F5097809120B4B7402120BDB8899
:100250001289137812120B4790052C12096490052D
:1002600022E0FD90052B1282F512833D122292743A
:1002700006120B5AE9F50974B2650970A8EEA2E0FE
:100280005014E5087010850E82850F8312872F1297
:1002900082F174808009850E82850F83128303F0BA
:1002A00074B2650970201281501214A07A227B0565
:1002B0001218847A007B40900504E0F91214A079AA
:1002C0000C12228C80219018B7E0F4701A800D1265
:1002D00083096008C394F1500302817D1283579013
:1002E00005071288C170E87409120B5A7F0C0208C6
:1002F000951288A722E0FCEF25E0F8E433F98A8222
:100300008B832212889E74FF2212831FA3A312885C
:10031000902290050712831CA3A3E022E0F8A3E03B
:10032000F583888222850C82850D8312814AE8FA42
:10033000E9FB8A828B83A3A3A3A3A3A322A3A3A3E2
:10034000A3A3A3A3E028FAA3E0398A82F583128548
:100350004C850B83E0F922900507128890F8A3E002
:10036000F912836522900507E8F0A3E9F02274F7FB
:1003700012061074ED120C09EAFEEBFF852182854E
:100380002283E4F0A3F07508001222B01283121247
:100390008444A3E0A2E0400302843AEE2413F582F1
:1003A000E43FF583128002A3E0FC88828983A3A343
:1003B000E0FBECFA7402120E631285F2740A120E5C
:1003C000637402F07C227D05E82404FAE439FB1210
:1003D000180C7402120E6312844A1223701288B031
:1003E0006058740B120BEB852182852283128445A1
:1003F000128665121A16E9600575080180188521B4
:100400008285228312872F240DF582E438F58374C8
:1004100022F0A37405F0AC21AD227402120E631217
:100420008665A9081222A4852182852283128899D3
:10043000F470077A227B051218847413120B5A7F0A
:1004400001020895F8A312831F22E0FAA3E0FB90B3
:100450000522E0F92274F2120610750800EA24045D
:10046000F8E43BF9E8FEE9FF128528750C62750D8A
:1004700080780C120B477C181285321217A6740272
:10048000120B5AE964017003750802128528780C72
:10049000120B477C18850A82898312865B850A8243
:1004A0008983A3A3A3A3A3A3A3A3A3E0F91217A6DD
:1004B0007402120B5AE964017006E508D2E0F508EF
:1004C000128528750C00750D80780C120B477C3155
:1004D0001285321217A67402120B5AE964017006D3
:1004E000E508D2E0F5088E828F83128146E8FEE9A6
:1004F000FF780C120B477C318E828F8312865B8EC5
:10050000828F83A3A3A3A3A3A3A3A3A3E0F912179A
:10051000A67402120B5AE964017006E508D2E1F5EF
:1005200008A9087F060208958E828F8312814A8867
:100530000A22850A828983A3A3A3A3A3A3A3128566
:100540004C8983A3A3A3A3A3A3E0F922E0FAA3E029
:10055000FB850A822274F412061074FE120C0985BF
:1005600021828522831285F28908ECFFEDFE741347
:10057000120E63128880E0FA12237CE97024A8210D
:10058000A922880A890B780A120B477C0174101281
:100590000E63128665EFF91217A67402120B5AE960
:1005A000700479B1803F7412120E63E060359005DB
:1005B0002F1288C1602D780A120B477D01EEFC7462
:1005C00012120E63128665A90890052FE01284446A
:1005D00012243B7402120B5A8B0BEA450B70047900
:1005E000B2800279007402120B5A7F0402089590BF
:1005F000050BEAF0A3EBF02274F7120610E990184D
:10060000ADF07A01790612235202843F74F6120685
:1006100010EAFEEBFFEE2407F8E43FF988088909A9
:100620008882F583128665EA4B600D1213D4850823
:1006300082850983E4F0A3F0EE240AF8E43FF9E8A8
:10064000FEE9FF8E828F83128665EA4B600B1213E0
:10065000D48E828F83E4F0A3F08013A3A3A3A3A37B
:10066000A3A3A3A3A3E0FAA3E0FB22120B5A7F02E9
:10067000020895C082C08390051E028062C082C0BD
:100680008390052002806274F6120610EAFEEBFFEA
:100690007A007B40900504E0F91214A0EEFCEFFD17
:1006A0007A097B051222CEEA4B605C8E828F831220
:1006B0008002128716F088828983E0FCA3E0FD8A1D
:1006C000828B83ECF0A3EDF088828983A3128716D6
:1006D000A3F08E828F8312872F240AF582E438F5E7
:1006E000831281468A828B83A3A3A3A3A3A3A3A37C
:1006F000A3A3128368128948E4F0EA240DF582E48A
:100700003BF583E4F0A3F07A007B40900504E0F928
:1007100012137A02866EA3A3A3A3A3A3A3A3E08AC2
:10072000828B83A3A3A3A3A3A3A3A32290050BE07F
:10073000F8A3E0C82274F012061074F7120C0990A6
:10074000810CAC21AD227409120A8690050B128827
:10075000C170209005091286651223761285EF90EC
:10076000050B1288C170529005091288C1703C793E
:100770000B803A90050BE0240CF8A3E03400F988D4
:10078000828983E0A2E75031547FC39404402A90C9
:10079000050D1288C1701C9005091286651223761A
:1007A0001285EF90050B1288C1700E790012228C11
:1007B00002887690050B1283689019217808120E32
:1007C0000C9081D8780C120E0C7808790C12052147
:1007D0007808120B3F7A007B40900504E0F9121470
:1007E000947404120B5A90050FE0640890050B6096
:1007F0006812888CF8A312888012836812872C24D0
:1008000008F582E438F583E0C0E07408120E63D086
:10081000E012889504128895A2E750127D007C00B2
:100820007900128889FAA3E0FB12182A8031750832
:10083000007808120B4B12872C2409F582E438F556
:1008400083E0F9128889FCA3E0FD7401120BE31226
:1008500018307401120B5A8006128899D2E6F012F1
:10086000872C240FF582E438F583128665122376EF
:1008700090050D1285F27409120B5A7F0802089533
:10088000E0F98521828522832290050B128890222F
:1008900012831CE022F090050B12889EE022E0F803
:1008A000A3E0C81288A722240CF582E438F583223D
:1008B000852182852283EAF0A3EBF08521828522BF
:1008C0008312814AE8492274F7120610E978006021
:1008D00023E825E0FCE433FD74622CF58274803D4E
:1008E000F583E06A7003A3E06B602308E8C3941803
:1008F000502780DDE825E0FCE433FD74002CF58210
:1009000074803DF583E06A7003A3E06B70047900A6
:10091000800908E8C3943140DB790102843FC0823A
:10092000C083800CEA240FF582E43BF583128665D0
:10093000EA4B600D128948E0547FC3940450E5806F
:10094000047A007B00028065EA240CF582E43BF522
:100950008322C082C0839005098009EC240FF582B0
:10096000E43DF583E0FCA3E0FDEC4D60248C828D3A
:1009700083E06A7003A3E06B70E18C828D83A3A394
:10098000A3A3A3A3A3A3A3E06970D0ECFAEDFB801B
:10099000047A007B00028065C082C0839005EDE48C
:1009A000F09005FBF09005F1F0A3F09005EC1291AA
:1009B000F39005EEE4F09005FCF09005FDF0900555
:1009C000FE029092C082C0839061947405128E7D65
:1009D00075E9FBE8A2E792AF9061A3E0D2E2029052
:1009E00092C082C0831212609005EDE4F0F91212F9
:1009F00042029093C082C0839005FD7401F090057F
:100A0000FCE070081211F49005FDE4F0029093C030
:100A100082C0839061A4E0C2E0F09061947405F01C
:100A200075E1ED75E1EDA8A8C2AF759B0075E9FB16
:100A3000E8A2E792AF128E8FF9E84960077AF17B5E
:100A4000051220469005EF7400F0A37412F0900593
:100A5000ECE070069005EEE0600C9005ECE4F090A0
:100A600005EEF012122A029093C082C0839005FD19
:100A7000E070219005FC7401129201128E6612241E
:100A80003B9005FCE4F09005FDE060081211F49045
:100A900005FDE4F002909374F112061074FE120C3E
:100AA00009750A009005ECE06003120F849005ECD4
:100AB0007481F09005FFE0600D906193E0A2E74043
:100AC00010E0A2E6400B9005ECE4F012122A028E30
:100AD000441210B61291B19005EDE09005FAF0794C
:100AE000047AF37B0512114C9005F3E0547F24FD4A
:100AF0009005F7F0C3947D4003028C199005F4E053
:100B00005407F8C394044003028C1974026860030C
:100B1000028BB29005FBE06003028BB27902AA213E
:100B2000AB2212114CA2AFE433F508C2AF9006011C
:100B3000E0648670759017C4128E92F9E8497003CC
:100B4000120F84852182852283E024B7FE7401126E
:100B50000E63E0547FFFFAEEF91211CA9017C41227
:100B60008FE52415F582E438F583E9128E97241673
:100B7000F582E438F583EF128E972417F582E43876
:100B8000F583EEF0E508A2E092AF7401120E63E087
:100B9000A2E750119005F4E05410FA9005F6E0F940
:100BA0001212C0807A1212C68075E508A2E092AFD8
:100BB000806D900601E0648670031212C69005FAFB
:100BC000E0602F9005FBE070299005FAE064017069
:100BD00003028C5A9005F4E05407F89005FAE0649B
:100BE000027005E87074800AE0640370057403689D
:100BF00070689005F5E0F81313543F5403F508E8C6
:100C0000C413135403F509900578E0701874016556
:100C100009600674016508700C75E1ED75E1ED126F
:100C2000121E028E44A809128E4EFAA808128E4E89
:100C30002AFEE509600A9005F4E0A2E650021E1EB5
:100C40009005F7E0FAEE79002402F8500109C3EAB2
:100C500098E499A2D265D0335006121230028E4425
:100C6000E0C39E24FE9005F9128E9F5003750A255D
:100C70009005F9E0F8E50A28F8E43400F9E8243AA8
:100C8000FAE439FB1220409005F1EAF0A3EB128E52
:100C900086F9E849700575E1E880BF7F009005F4AA
:100CA000E0F89005FBE070077420589005EEF09096
:100CB00005EEE0604AA2AFE433F50AC2AF7407580C
:100CC0006403701D12203AE96003028E2290056EC3
:100CD000E07003028E19121020E964FE7003028E88
:100CE0002290618AE0C2E2128E7D7591FEE8A2E751
:100CF00092AF9061A4E0D2E0F0E50AA2E092AF905A
:100D000005F1E0243AF8A3E03400F99005F1E0FAA7
:100D1000A3E0F5838A82A3A31291E02433128FD635
:100D20009005F9E0C0E0128E5BD0E0128E86F5836C
:100D30008882A3A3A3A3E0C0E09005F21291BED0E5
:100D4000E0128E9F503A128E6E7403F0750CF4759B
:100D50000D05750E00780C120B43128E6EE0FC7DB3
:100D60000012906912131A7403120B5A9005F1E0E5
:100D700024331291CD2435F582E43AF58312907A2A
:100D8000128FE2241BF582E438F583E5091291E91C
:100D90002424F582E438F583E508F01211048A086A
:100DA0008B098C0A8D0B128FE22425F582E438F52D
:100DB000837808120DFD1210F88A081291D72429A1
:100DC000F582E43AF583E508F0A3EBF09005F4E052
:100DD0005407C0E0128E5BA3D0E0F09005F6E0C0AF
:100DE000E0128FE22432F582E438F583D0E0F0900F
:100DF00005F4E05478F8A3E0C4540F5403484FC0FE
:100E0000E0128FE9D0E0F0EE70239005EF7412F05D
:100E1000A37412F012120C802B122034E97003021A
:100E20008CE17F0490618AE0D2E2028CE79005F8C1
:100E3000128E9F9005F8E04001141291FE7406F0A6
:100E4000A37412F07402120B5A7F0702089574679C
:100E500028F582E4342AF583E493229005F1128E7A
:100E600066A3A3A3A322128E92F583888222128EF8
:100E7000751291C4229005F1128E92C822F0A8A892
:100E8000C2AF759B0022128E8A22F0128E8F2290A2
:100E900005F1E0F8A3E022F09017C4128E7822F05A
:100EA0009005F4E0A2E32274F612061074EC120C22
:100EB000099005F8E07003120F849005F8E0F9AA94
:100EC00021AB2212114CA821A92288088909AC085B
:100ED000AD099005F5E01313543F5403FE60709084
:100EE00005F1E0242DF8A3E03400F9852182852264
:100EF00083E0FC7401120E63E0FBEC88828983F0CE
:100F0000A3EBF088828983128E921291D6242B1241
:100F10008FF5241CFAA3E03400FB74036E70107488
:100F200002120E63AC82AD831214D0740A8019745D
:100F300002120E63E0FC7403120E63E0F9EC8A8285
:100F40008B83F0A3E9F07404120E63AC82AD83903E
:100F500005F5E0C413135403FA6058128FE9E0A2B8
:100F6000E640278C828D83E0FEA3E0F9EEF8900541
:100F7000F1E0FBA3E0CB242BF582E43BF583E8F022
:100F8000A3E9F0EC2402FC50010D74036A70119087
:100F900005F1E02413FAA3E03400FB1214D080130F
:100FA0008C828D83E0FAA3E0F9EAF81291D724133A
:100FB000128FD6128FE22410F582E438F583E41202
:100FC00092017412F0A37412F012120C7414120B2A
:100FD0005A7F02020895F582E43AF583E8F0A3E926
:100FE000F0229005F1128E7822128E752407F58278
:100FF000E438F58322F582E43AF583E8F0A3E9F0DA
:101000009005F1E022C082C0839005F9E070109055
:10101000619474011292017418F0A374128016C3C3
:1010200094105006E09005F880059005F87410F0D3
:10103000E014906194805BC082C0839005F8E0F971
:1010400012906912114C9005F1E02433F8A3E034BA
:1010500000F99005F812907A9005F8E0F89005F9FB
:10106000E0C398F012120C802A128E752433F58298
:10107000E438F583E0FAA3E0FB22E0FA8882898372
:10108000E02AFAA3E03400FB88828983EAF0A3EB2C
:10109000F022F0D083D082020B0A74F61206107E82
:1010A0000079027AF37B0512114C9005F4E054802C
:1010B000F509700B9005FBE06402600302919790C4
:1010C00005EC7402F012126C9005F3E024B7F508F9
:1010D000A3E0547FFFFAA9081211CA128FE2242F4D
:1010E000F582E438F583E91291E92431F582E43898
:1010F000F583E5081291E92430F582E438F583EFB1
:10110000128FFF243A1291CD2433128FF52402F866
:10111000A3E03400F9E8FAE9FB18181291BEE0F8F0
:101120009005F1E0FCA3E0F5838C82A3A3A3A3E0E8
:10113000FCE8C39CF895E0F98A828B83E028F8A349
:10114000E039F98A828B831291E02407F582E43A30
:10115000F583E0A2E2501088828983E0640460078E
:1011600090618AE0C2E2F090056EE06008121026FD
:10117000E960027E04E5094EF89005F1E0F9A3E08C
:10118000C92407F582E439F583E048128FFFFAA3FA
:10119000E0FB12204C800A1291B17AF17B051220FB
:1011A000469005F1E4F0A3F01291EE12121E028FA8
:1011B000D19061A4E0C2E0F09005EEE4F022E0C836
:1011C0001291C4222435F582E438F58322F8A3E095
:1011D00034001291D622F99005F1E0FAA3E0CA2278
:1011E000E8F0A3E9F01291D722128E8AC82290610A
:1011F0009474051292017400F0A37412F0229061AD
:1012000094F09005EF22C082C083906193E0A2E643
:10121000500BE0A2E7400675E1ED75E1ED9005ECBD
:10122000E4F09005EEE0700312122A029093C0825F
:10123000C0839005EEE4F09005ECE0700312122AF2
:10124000029093C082C08312126C12119A1212AED5
:10125000029093C082C0839005EFE064007004A305
:10126000E064126003120F849005F7E0700512121B
:101270001E801DC394105006E09005F8800590056F
:10128000F87410F0E0141291FE7436F0A37412F0AA
:10129000029093C082C08374F0120C099005F8E0AC
:1012A000F9AA21AB2212114C9005F8E0F89005F74D
:1012B000E0C398F06011C394105012E09005F8F06C
:1012C00014906194F080061291EE12121E741012A6
:1012D0000B5A029093C082C0839005FEE004F01286
:1012E00011EE02909374F7120610E9FE9005FBF0E0
:1012F000700A906180E4F0E04409801374026E602B
:101300000874016E6003120F84906180E0C2E0F007
:101310007F01020895E5A4852182852283F0E5A559
:10132000C0E07401120E63D0E0F0E5A6C0E07402E4
:10133000120E63D0E0F07403120E63E4F0E8A2E74B
:1013400092AF852182852283120E287404120B5AD3
:10135000D083D082020B0AC082C08374E0120C09D1
:101360009061A97414F09061AB743FF0A37455F0D0
:1013700090619674FCF09061A87485F0907803E019
:10138000F87495686005743468700C906265740F29
:10139000F090619674F8F09061AEE4F09061B274F0
:1013A00015F0906182E4F09061B57410F0A3740EB2
:1013B000F0A37403F09061FA7409F09061E574FF92
:1013C000F0439A01D2A843A90153B9FE43A904539B
:1013D000B9FB906249E0900578F0A8A8C2AF75C348
:1013E0000275A20075A328E8A2E792AFE59E70FC03
:1013F000439403E594A2E250FA43940AD2BA90616E
:10140000897448F0121272906199E0A2E050F87865
:101410000079007A10E825E0F8E933F99061A7E057
:10142000A2E0E433FCE84CF8DAEBE849600A7480A7
:10143000687003740369700478BE79BAE8F5BCE992
:10144000F5BC900587E0F8A3E0F9E849604279002F
:1014500078007A089061A7E0A2E0E433FBE8334B20
:10146000F8DAF1E9FA852182852283E5822AF5827C
:10147000E43583F583E8F009E9C3942040D2AA213A
:10148000AB22900587E0F8A3E0F583888212243B25
:101490001212789061897440F0E0D2E5F0906164B6
:1014A000E4F0A3F0A3F0A3F0A3F0A3F07420029360
:1014B0004DE5B454F34404F5B4E5BDF9020B0AE577
:1014C000B454F34404F5B4E5BDF9E5BCFAE9FB0214
:1014D0000B0AA9A8C2AF75C301A8A3AAA2E9A2E7F3
:1014E00092AFE8FB020B0AC082C08374FC120C09A5
:1014F000A8A8C2AF75C300E5A2029315C082C0833D
:1015000074FC120C09A8A8C2AF75C310029315741D
:10151000F412061074FC120C09129666852182855D
:1015200022837808120E0C9081847808120D5C12C8
:1015300095E76003120F84900583C082C083121068
:10154000FE8A088B098C0A8D0BD083D08278081212
:101550000D108521828522837808120BC3900583A4
:101560007808120DFDA8A8C2AF75C3008521828539
:101570002283E0F5A47401120E63E0F5A574021253
:101580000E63E0F5A6E8A2E70296E474F4120610F2
:1015900074FC120C09129658120E0C908184780873
:1015A000120D5C1295E76003120F84A2AFE433F8CA
:1015B000C2AFE5A7A2E45005D20053A7EF75C33030
:1015C000852182852283E0F5A47401120E63E0F583
:1015D000A57402120E63E0F5A675A1EFA2005003F8
:1015E00043A710E80296E2E5084509450A450B22A3
:1015F00074F412061074FC120C09129658120E0C98
:101600009081847808120D5C1295E76003120F84B4
:10161000A2AFE433FEC2AFE5A7A2E35005D2005368
:10162000A7F775C320852182852283E0F5A4740184
:10163000120E63E0F5A57402120E63E0F5A653A145
:10164000F7A200500343A708852182852283120E4A
:1016500028120FF0EE0296E2129666C200852182F1
:10166000852283780822852182852283EAF0A3EBF4
:10167000F0A3ECF0A3EDF02274F412061074FC1247
:101680000C09E5A7A2E45058E5A1A2E44052A8A89D
:10169000C2AF75C330E5A4852182852283F0E5A51C
:1016A000C0E07401120E63D0E0F0E5A6C0E0740261
:1016B000120E63D0E0F07403120E63E4F0E8A2E7C8
:1016C00092AF1210FE8A088B098C0A8D0B8521823D
:1016D0008522837808120DA0500612107475A1EFB0
:1016E0008004A2E092AF7404120B5A7F04020895A2
:1016F00074F412061074FC120C0985218285228371
:10170000E4F0A3F0A3F0A3F0A2AF33FEC2AF75C321
:1017100000E5A2E5A4852182852283F0E5A5C0E04D
:101720007401120E63D0E0F0E5A6C0E07402120E60
:1017300063D0E0F09005837808120E0C8521828535
:1017400022837808120CD790057F7808120E0C853A
:1017500021828522837808120DA05041900583785C
:1017600008120E0C90057A7808120C1F702F1210B8
:10177000808A088B098C0A8D0B9005837808120CDF
:10178000D71210808A088B098C0A8D0B85218285DF
:1017900022837808120CD790057E7401F08521828F
:1017A000852283120E4090057F120E4C9005831205
:1017B0000E4090057A120E4CEEA2E092AF85218287
:1017C000852283120E280296E6C082C08390057996
:1017D0007480F043A701029350C082C08353A7FED8
:1017E000900579E0F902935074F4120610A2AFE468
:1017F00033FEC2AF90057EE070151210808A088B10
:10180000098C0A8D0B9005837808120CD78002E4AE
:10181000F0EEA2E092AF0296EB74EC12061074FCAC
:10182000120C09852182852283EAF0A3EBF0129B3A
:10183000C8E0F513F874E628F582E43429F583E46A
:1018400093F5087402120E63E508F0A3E4F0740245
:10185000120E63E07003029BA6740D65137046744C
:1018600002120BE3795312115E7402120E63E064EC
:10187000FE7003A3E0F47003029AF17402120E6387
:10188000E0F47003A3E0F47003029AF1129BD0A37A
:10189000A3E07003029AF1852182852283E0FEA3F2
:1018A000E0FF029A907405651370158521828522E8
:1018B00083E0F8129BE579002421F8502E09802B53
:1018C000740765137031129BD0E0700F7402120E12
:1018D00063E0241BF0A3E03400801B852182852275
:1018E00083129BE575F021A4F8A9F07402120E632F
:1018F000E028F0A3E039F07402120E63E0FAA3E0EE
:10190000FB1213388A0A8B0BAE0AAF0BEE4F7044F2
:10191000740C65136003029BA6129C007003029B6B
:10192000A6A2AFE433F50AC2AF12217E7402120EF2
:1019300063E0FAA3E0FB1213388A0C8B0DAE0CAFF8
:101940000DEE4F7009E50AA2E092AF029BA6E50AF0
:10195000A2E092AF852182852283E0F50CA3E0F519
:101960000D750E00780C120B43AC087D00EEFAEFFB
:10197000FB12131A7403120B5AEE2409F50AE43F02
:10198000F50BEE2408F50EE43FF50F7405651360C2
:1019900003029A1A129BBEEE2403F50CE43FF50DE8
:1019A000850C82F583E0F510A3E0F511751200783F
:1019B00010120B437C217D00AA08AB0912131A7484
:1019C00003120B5A850C82850D83E508F0A3E50907
:1019D000F0850A82850B83E0F510A3E0F5117810FD
:1019E000120B43850E82850F83E0FC7D00E5082401
:1019F00021FAE43509FB12131A7403120B5A850CF1
:101A000082850D83E02421F8A3E03400F9850A8261
:101A1000850B83E8F0A3E9F0807674076513707096
:101A20009016BB129BF260689016BBE0F50CA3E029
:101A3000F50D9016BBE4F0A3F088108911F5121291
:101A40009BBE8E828F83A3A3E0850A82850B837061
:101A500012E508F0A3E509F07810120B437C1B7D1A
:101A600000801AE508F0A3E509F07810120B438511
:101A70000E82850F83E075F021A4FCADF0AA08ABBF
:101A80000912131A7403120B5AAA0CAB0D1213D4B9
:101A90009016BE129BF26012EEFAEFFBE0F583881F
:101AA0008212243BE96003029B98740D6513600366
:101AB000029B4E129BF9F988828983A3E0FA8882FF
:101AC0008983E0F8740358C394025025E813135433
:101AD0003F540FF890172AE068701674C05A7011BE
:101AE000129C1AC8241BF582E438F583E064026076
:101AF00007AA21AB22029BA3EE2413F8E43FF9E8E6
:101B0000241CFAE439FBE8241DF582E439F583E06E
:101B1000F91219C8129C1AC8241CF582E438F583FE
:101B2000E0F47003A3E0F47063129BF9C82406F597
:101B300082E438F583E0C394024051EEFAEFFB12E1
:101B40001E78E96061AA21AB2212217E8058740CB4
:101B50006513705C129BC8A3E0641A602F8E828F9D
:101B600083A3A3A3129BF26023E8240EF582E43939
:101B7000F583E0A2E05015EE240CFAE43FFBEE24DE
:101B80000DF582E43FF583E0F91219C8EEFAEFFB98
:101B9000901787E0F9121344740C65137008129CB7
:101BA00000600312217E7404120B5A7F0C02089508
:101BB0007411651370D68E828F83E4F080E8EE2472
:101BC0000BF508E43FF50922129C1AF5838882225E
:101BD000129BD422852182852283E0F8A3E0F5833D
:101BE0008882A3A322A3E0C82408F582E438F58301
:101BF000E022129C20F9E84922129BD4129C202258
:101C0000852182852283E02403FAA3E03400FB8A45
:101C1000828B83129C20F9E84922852182852283C8
:101C2000E0F8A3E0227900020B0A80F974F61206AC
:101C300010E9FEEAFCEBFD9016BDE060518C828D50
:101C400083E0F87900EEC3943250047E328008EECF
:101C5000C3946F40027E6E9016BDE06401701FEE6B
:101C600024CEF508E434FFF509E88508F0A4C8AAF5
:101C7000F08509F0A42AF97A3C7B0012042EC3E90E
:101C80009401400474FF8001E88C828D83F07F0210
:101C9000020895C082C083901553129CA1F0029D4A
:101CA0009FE4F0A3F0A3F0A32274F01206108908B9
:101CB000EAFEEBFF1214887410120E63780C120EF9
:101CC0000CEA4B600D8A828B83A3A3780C120DFD66
:101CD00080677A0D7B001213CEEA4B60588A828BA4
:101CE00083A3A3A3A3A3A3A3A3E508129D3EEEF0A1
:101CF000A3EFF08A828B83A3A3780C120DFD8A8256
:101D00008B83E4F0A3129D3EA3A3A3129CA2F01226
:101D1000A0859015516017E0FCA3E08003E8FCE982
:101D2000FD8C828D8312A08870F38C828D83EAF003
:101D3000A3EBF080047A007B007F08020895F08A0C
:101D4000828B83A3A3A3A3A3A322C082C0839015E5
:101D50005180048C828D83E0FCA3E0FDEC4D602378
:101D60008C828D83A3A3A3A3A3A3E06A7003A3E043
:101D70006B70E08C828D83A3A3A3A3A3A3A3A3E092
:101D80006970D0ECFAEDFB8016C082C083EA4B602C
:101D90000E8A828B83A3A3A3A3A3A3E4F0A3F0D012
:101DA00083D082020B0A74F6120610AEA8C2AF747A
:101DB0000A120E631209601214827404120B5A8BF9
:101DC00009A909EEA2E792AFEA496004790080020E
:101DD00079087F0202089574F2120610A2AFE4336C
:101DE000FEC2AF740E120E637808120E0C78081241
:101DF0000B3F1214827404120B5AEA4B60128A824F
:101E00008B83A3A3A3A3A3A3A3A3A37808120DFD6D
:101E1000EEA2E092AFEA4B60047900800279087F7D
:101E20000602089574F4120610A2AFE433F508C256
:101E3000AF1214888A0A8B0BAE0AAF0BEE4F600309
:101E400012148EE508A2E092AFEE4F600479008094
:101E50000279067F0402089574F2120610750800D4
:101E6000750900750A00750B00A2AFE433FEC2AF1E
:101E70001214888A828B83E58245836007A3A37846
:101E800008120E0CEEA2E092AFAA08AB09AC0AADA4
:101E90000B808C74EA12061074FC120C09852182E6
:101EA000852283EAF0A3EBF0A3ECF0A3EDF0A9A860
:101EB000C2AF8521828522837808120E0C901553BB
:101EC0007808120CD7E9A2E792AF12A0857003023E
:101ED000A075901551E0FEA3E0FF750C00750D0094
:101EE000750A00750B00A2AFE433F50EC2AFEE2405
:101EF00002F508E43FF5097402120E6312A088701F
:101F0000207401120E63E07018852182852283E01F
:101F1000F8850882850983E0C3984005E0C398806E
:101F2000398508828509837810120E0C85218285F7
:101F300022837810120DA050188521828522837883
:101F400010120E0C8508828509837810120CC3804C
:101F50000A850882850983129CA1F0EE2406F514F7
:101F6000E43FF515EE2404F510E43FF511850882F1
:101F700085098312A088705285108285118312A072
:101F8000887052EE2409F512E43FF513851282F5AC
:101F900083120E40E8494A4B6051851482851583AF
:101FA00012A07FEA4B60448E828F83A3A3A3A3A3D6
:101FB000A3A3A3E0F912137A851282851383120E6C
:101FC00040850882850983120E4C85088285098325
:101FD00012A088700B85108285118312A088600B77
:101FE00085148285158312A08870258E828F83E0E8
:101FF000F8A3E0F9E50C450D7005901551800685B4
:102000000C82850D83E8F0A3E9F08E0A8F0B800423
:102010008E0C8F0D8E828F83E0FEA3E0FFE50EA273
:10202000E092AFE50A450B6045850A82850B83A3E4
:10203000A312A0887031850A82850B83A3A3A3A372
:1020400012A0887022850A82850B83A3A3A3A3A371
:10205000A312A07F850A82850B83A3A3A3A3A3A3B6
:10206000A3A3E0F912137AAA0AAB0B1213D4EE4F12
:102070006003029EE07404120B5A7F0E020895E082
:10208000FAA3E0FB22901551E0F8A3E0F9E8492219
:1020900074F012061012A085604590155112A07FB1
:1020A00075088E7509C2750AF5750B288A828B83AF
:1020B000A3A3780C120E0C7808790C120DB0500CFA
:1020C000850C08850D09850E0A850F0B8A828B8386
:1020D000E0F8A3E0F9E8FAE9FBEA4B600E80CD7581
:1020E0000800750900750A00750B00AA08AB09AC59
:1020F0000AAD0B029D39C082C083901553120E2881
:10210000029D9F74F712061012220212212A7901F1
:1021100012196EE9FE79FF12138CEEF9806574F7DF
:1021200012061074FF120C091221FCE9FE852182AF
:10213000852283E4F0AA21AB2279561211647AE059
:102140007B0A79E212116412A25E60129016BBE063
:10215000FAA3E0FB1213D49016BBE4F0A3F0EEF95F
:10216000801C74F7120610E9FE74E26E700B7CE0BE
:102170007D0A1214D07900800312115E800574016B
:10218000120B5A7F0102089574F71206108908EAAB
:10219000FEEBFF74E26508700BEEFCEFFD7AE07B6E
:1021A0000A1214D0EEFAEFFBA90812116480D4C011
:1021B00082C0838A828B83A3A3A3A3A3A3A3A3E444
:1021C000F012213002A39374F4120610EAFEEBFF22
:1021D0008E828F83120E409016B7120E4C12A25EA2
:1021E000600479FC80418E828F83A3A3A3A3E0FACD
:1021F00074036A601D12A3EC70307A1B7B0012130B
:10220000CE12A24B60417C1B7D0079001213261276
:10221000A4108E828F83A3A3A3A3A3A3E4F0EEFA5A
:10222000EFFB12224A790002A3E78E828F83A3A3D9
:10223000A3A3A3A3A3E060DA75F021A4FAABF01284
:1022400013CE12A3F970CB791A80DC8A0A8B0BA803
:102250000AA90B9016BBE8F0A3E9F0E84922901612
:10226000BBE0F8A3E0F9E84922C082C083EA241366
:10227000F582E43BF583E4F012213602A39374ED7A
:102280001206108A088B098C0A8D0BEA241EF8E4CA
:102290003509F9880C890DEA241CF582E43509F525
:1022A00083E0FBEA241BF582E43509F583E0FA8834
:1022B000828983E0F912209A8A0E8B0FAE0EAF0F3F
:1022C000EE4F700302A38C8508108509117512006A
:1022D0007810120B437C137D00EE2426FAE43FFBBA
:1022E00012131A7403120B5AEE2402F8E43FF98811
:1022F0000E890FE508241FF582E43509F583E0F522
:1023000010A3E0F5117810120B43850C82850D8324
:10231000E0FC7D00850E828983E0FAA3E0FB1213C6
:102320001A7403120B5AE508241350020509F5101C
:102330008509117810120B437C0B7D00EE241BFAEB
:10234000E43FFB12131A7403120B5AE50A450B60A3
:10235000308E828F83A3A3A3A3E0F96024850E822D
:10236000850F83E0FAA3E0FBEA4B6015850A8285BE
:102370000B8312243BE96009EEFAEFFB12133E8057
:102380000BEEFAEFFB12209479008002791A7F0B92
:102390000208957900D083D082020B0A790002A14D
:1023A00083C082C08312100880E9C082C0831210EB
:1023B0000E80E2C082C08312101480D974F7120616
:1023C0001012101A80D6C082C08374FF120C09E963
:1023D000852182852283F0AA21AB2279E012116443
:1023E0007401120B5A80AE7F04020895EE2416F891
:1023F000E43FF988088909EA228A0A8B0BA80AA90E
:102400000B850882850983E8F0A3E9F012A2532224
:102410009016BBE0240BF8A3E03400F98508828510
:102420000983E8F0A3E9F02274F412061074EE12A6
:102430000C097E0012195CE9F8A2E050027E0175D9
:1024400008B17509187808120B477C017D007A5590
:102450007B001214467402120B5AE9700AEEA2E0D5
:10246000500579001222E67A247B0012144C8A0867
:102470008B097A357B0012144C8B0BEA450B70727A
:10248000740265084509706AA821A922880889098B
:102490007808120B477508027509007808120B4777
:1024A0007C007D007A247B001214587404120B5AAD
:1024B000852182852283E0F8A3E0F9E8FAE9FB9020
:1024C0001921EAF0A3EBF0A3E4F0A3F0750821755D
:1024D00009197808120B477C047D007A357B0012BD
:1024E00014467402120B5A7C027D007A247B00127F
:1024F000145E7A9E7B1679E2121974EEF91219565F
:102500007C107D0079007402120BE3121326740212
:10251000120BDB880889097808120B477C107D00B4
:102520007A627B001214467402120B5AE97025EE8F
:10253000A2E050207808120B477508107509007842
:1025400008120B477C007D007A627B0012145274E3
:1025500004120B5A7C107D0079007402120BE312F6
:102560001326EEF9121932EEA2E050077A01790033
:1025700012196279007412120B5A7F0402089574C2
:10258000F2120610890D750C009016B57401F080DA
:102590001A120B477808120B477C007D00EEFAEF09
:1025A000FB1214587404120B5A050CE50C75F00656
:1025B000A4F8A9F0743D28F8742439F98882898335
:1025C000E493FA740193FBEA4B606EA3A3A3A3E424
:1025D00093F50A740193F50B88828983A3A3E4938E
:1025E000C0E0740193F583D08285820885830988D1
:1025F000828983E493C0E0740193F583D082AE8234
:10260000AF83780A120B47AC08AD09EEFAEFFB1264
:1026100014467402120B5AE9708FE50D780A7003A4
:1026200002A591120B477808120B477C007D00EE43
:10263000FAEFFB12145202A5A47F0602089574F665
:1026400012061074FF120C0912A693120B477C019C
:102650007D007A037B001214467402120B5AE97053
:10266000207808120B477508017509007808120BCD
:10267000477C007D007A037B001214587404120B0F
:102680005A852182852283E0F97401120B5A7F0258
:10269000020895852182852283E4F0A821A9228859
:1026A00008890978082274F612061074FF120C09C2
:1026B000E9FEEAFF12A693120B477508017509009F
:1026C0007808120B477C007D007A037B00121458B7
:1026D0007404120B5AE9F9703E74FF6E700A85217A
:1026E00082852283E04F800C74FF6FF885218285FC
:1026F0002283E05812A69A120B477508017509004B
:102700007808120B477C007D007A037B001214527C
:102710007404120B5AE9F902A689C082C08390059D
:10272000E9740BF09005E874FFF09005E7F0900570
:10273000EA8018C082C0831211B21211BE800DC08F
:1027400082C0831210EC8004F0EBA3F0D083D0821F
:10275000020B0AC082C083906180E0F8E96004D275
:10276000F08002C2F0A2F0E43333FA74FD584A80DC
:10277000DAC082C083EA90617280CDC082C083EAF1
:1027800090617480C3C082C083EAFCEBFD79087A53
:102790006A7B6112113A80B474F7120610E9FE9058
:1027A0007803E0F8749568600574346870067A9769
:1027B0007B2980047AB57B298A828B83E493F8C3D2
:1027C0009EA2D265D033400EA3E493F8EEC398A244
:1027D000D265D0335002E8FEA2AFE433F9C2AF8A2B
:1027E000828B83E4939E2402FCEA2CF582E43BF581
:1027F00083E4939005EA12A8896005743468701127
:102800009005EAE064FD9005EB700474018001E43A
:10281000F0E9A2E092AF12119AEEF902A95AC08231
:10282000C083A2AFE433F9C2AF9005EAE0F89005A7
:10283000E7E068604C9005EEE07046900601E0A28B
:10284000E7403E9005EAE09005E712A8896005742C
:10285000346870259005E7E0906190F09005EBE01A
:102860009061AC600A74F5F0906191747480117499
:1028700055F0906191746980079005E7E090619050
:10288000F0E9A2E092AF02A74CF0907803E0F87470
:1028900095682274F7120610E9FF74F529C39413A2
:1028A0004003120F84A2AFE433FEC2AFEF9005E9FC
:1028B000F0900601E070031211A6EEA2E092AF02C2
:1028C000A95AC082C083900601E06003120F84A25F
:1028D000AFE433F8C2AF9005E9E0F99005E8E069AC
:1028E00060269005E9E09005E8F0E8A2E092AF12DA
:1028F000127875F0059005E8E0A424D490618FF07B
:102900001211EE1212668005E8A2E092AF02A74C07
:1029100074F7120610E9FE9018C2E06003120F84EB
:102920009005EDE06003120F84EE70079005ED74E2
:1029300001802674036E70079005ED7403801A748D
:10294000016E600874026E6003120F849005ED74CE
:1029500002F090617274FFF0A3F07F01020895C04D
:1029600082C0839005EDE4F09005A6E0906172F0DE
:102970009005A7E090617302A74BC082C08312113B
:102980002802A74CC082C08312112EE924B7F91285
:1029900011C402A74CE9FCC394A9A2D265D033505C
:1029A000047CA9800DECC3940BA2D265D033400205
:1029B0007C0AECF83395E0F9E8245750010975F0EA
:1029C000FFA4F8AAF075F0FFE9A42AF97A617B0068
:1029D000120426E8F9020B0A74F71206101211C449
:1029E00002A95AF075E1E275E1FF02AAE4A9A8C2C2
:1029F000AF75C300AAA2A8A3E9A2E792AFE8F9EADB
:102A0000F87A007B02120426E8F9020B0AC082C0A1
:102A1000839061A4E0A2E45003120F84759C01909E
:102A200061E47401F075E1E275E1FFA8A8C2AF7539
:102A30009B007591EFE8A2E792AFA8A8C2AF759B83
:102A4000007591F7E8A2E792AF02AAE4C082C083C2
:102A500012108C75E1BC75E1B875E10F75E1D075A8
:102A6000E1D075E1D075E1D0805FC082C0831210E3
:102A70008C75E1BC75E11775E18175E11075E1D2E6
:102A800075E1818044C082C083900604E09061E2D9
:102A9000F075A1FDA2AFE433FAC2AF75C300A8A2DE
:102AA000A9A3900578E094125008E87005E9700237
:102AB000780175C30388A289A3EAA2E092AF12ABA2
:102AC0004812127275E1E1801B75E11075E1D27553
:102AD000E1D975E10175E10975E1BA75E10175E1C9
:102AE000C575E1D2D083D082020B0AC082C08312A6
:102AF000108C75E1BC80D874F712061012AB48A296
:102B0000AFE433F508C2AF75C300E5A2AFA4740FFC
:102B10005FF8740F98FE9061E2F01212609005FF6A
:102B20007401F075E1E175C300E5A2E5A46F600DE5
:102B3000EEC39402400774FF2E9061E2F0E508A214
:102B4000E092AF7F010208959061A4E0D2E4F0E04A
:102B5000D2E3F022C082C083900604E09061E2F0EC
:102B600002AABEC082C0839061E4E070179061A4A5
:102B7000E0A2E4500FE0C2E4F0E0A2E35003121040
:102B8000C81212BA02AAE474F41206109061A4E00A
:102B9000A2E45003120F84121086E9F5089005890B
:102BA000E0FEC394155003120F8474EC25082EFE2A
:102BB00075F01484FF75F014A4CE9EFE0F9061E4AE
:102BC0007402F0EF9061E2F0EEC394154003120F2F
:102BD0008475A1FDA2AFE433FAC2AF75C303EEF56D
:102BE0000A750B007409780A120CEAF8A90B900513
:102BF00078E0C394125006E97003087900E8F5A262
:102C0000E9F5A3EAA2E092AF75E1E275E1FFA8A8B9
:102C1000C2AF759B007591EFE8A2E792AF75E1BC7A
:102C200075E1B875E1D29061A4E0D2E4F075E1E11C
:102C3000121086E9C39508500A9061E2E06F7003B4
:102C4000E014F07F04020895C082C0839061A4E084
:102C5000C2E402A9E3C082C0839061A4E0C2E3F0B1
:102C60001212D202AAE4C082C0839061A4E0C2E43E
:102C7000F09061E4E070051212BA8015E064017012
:102C8000051212B4800BE064026003120F8412126A
:102C9000C602AAE474F7120610E9FF7E08D2934335
:102CA000FE08C293EFA2E050107A087B00120F24B6
:102CB000D29353FEF77A50800E7A507B00120F2485
:102CC000D29353FEF77A0A7B00120F247A027B001C
:102CD000120F24EFC313FF1EEE70C2803074F71280
:102CE000061043FE08C2937AF47B01120F2453FEB0
:102CF000F77A467B00120F24AE907AC87B00120F41
:102D000024D29343FE08EEA2E3B3E433F97F010239
:102D1000089553FEF7D293020B0A74F7120610E9D6
:102D2000FE9018BDE06E700280E3741F6E600F7439
:102D30003F6E600A745F6E6005747F6E70EA120FFA
:102D400036E9602279CC120F30794E120F307900BB
:102D5000120F307900120F30EEF9120F30120F36C9
:102D6000120F36E97005120F3C80BD79CC120F307E
:102D70007948120F307A0A7B00120F2AEE9018BDA4
:102D8000F080E3C082C083120F36E9600A79CC126A
:102D90000F307944120F30120F3CD083D082020BD7
:102DA0000A74F412061074F7120C0975090A120F4E
:102DB00036E9700302AE8579CC120F3079BE120F5E
:102DC000307F007E00750800D29343FE08C2937ADC
:102DD000027B00120F2453FEF77A087B00120F24A7
:102DE00085900A7A3C7B00120F24E50AA2E3501278
:102DF000750A01750B00E508780A120CEAE50ACE9F
:102E00004EFE0508E508C3940840BDEFF885218211
:102E1000852283E58228F582E43583F583EEF00F81
:102E2000EFC39409409D852182852283E0FF7401D0
:102E3000120E63E0FE7508007900E9FA85218285AB
:102E40002283E5822AF582E43583F583E0620878FF
:102E500008E508C313FAE508A2E05007748C6AF588
:102E60000880028A0818E870E809E9C3940840CA93
:102E70007408120E63E0F50A120F3674FF6F701BB0
:102E800074FF6E7020120F3C90053EE4F07A987B40
:102E90003A7409120B5A7F0402089574506F70053A
:102EA00074056E6071E50A6508706B74906F70153B
:102EB00074016E701090053EE004F0C39403405618
:102EC000120F3C80C890053EE4F0EEF9EFF874F87C
:102ED0005E6014E8F4FAE9F4FBEA2401F8E43BF953
:102EE000C3E498F8E499F9E875F019A4F8AAF07524
:102EF000F019E9A42AF97A047B00120426880A89C9
:102F00000BAE0AAF0BEE247CF8EF3415F9C3E8944E
:102F100051E9944640137A327B00120F2A1509E5D5
:102F200009600302ADAE02AE85120F3CEEFAEFFB74
:102F300002AE9174F7120610E990053DF07A067B17
:102F40000F1222B67A187B0F1223BE79041219B021
:102F5000901658E4F0F91223B27F01020895C0825E
:102F6000C0839018B87418F09018B97410F0A37456
:102F700027F0A3E4F0A3F0801EC082C083120EFAF3
:102F800090818C1209607A017B0090053DE0F91276
:102F900014947404120B5AD083D082020B0A74F07A
:102FA0001206108A828B83A3E0600A14601624FC48
:102FB000601E02B03F8A828B83E024FE607F24F58E
:102FC0006009807B8A828B83E07074120F00806DB1
:102FD0008A828B83E0640D7005120EFA805F901870
:102FE000B8E09018B9602E7808120E0C7808120715
:102FF00043908188780C120E0C7808790C12017AB3
:1030000078081204879018B97808120DFD9018B846
:10301000E014F0801174A0F0A374BBF0A3740DF061
:10302000A3E4F0120EFA9018B91209607A027B003C
:1030300090053DE0F91214947404120B5AC2817F7A
:103040000802089574F7120610E960129018FCE067
:10305000640170059081F880089081EC8003908273
:103060000C120E28121ED802AF5974F4120610EA80
:10307000FEEBFF5480704AEE5402605D12235890BC
:10308000818C1209607A017B0090053DE0F91214F1
:10309000947404120B5AEE640280798A828B83E066
:1030A00064347016EA2417F582E43509F583E0FAF2
:1030B000A3E0FBEA4B60031213D4AA08AB09121376
:1030C0003E90053DE0F91213508A088B09EA450944
:1030D00070C9EEFAEF6480803DEEA2E0500A7901FB
:1030E000120F0CEE6401802C5404602DD28190816B
:1030F000801209607A087B0090053DE0F912149473
:103100007404120B5A790A1223B2901566E4F0A3E4
:10311000F0EE6404FAEFFB8011EE54086008C281FF
:10312000EE6408FA80047A007B007F04020895C0F0
:1031300082C08374FC120C097402120E63E4F0A3C3
:10314000F0852182852283F0A3F0AC21AD227402A8
:10315000120BE31222F202AF9274F7120610E9FE8C
:10316000A2E5500B9015B8E0640A7003122358EEE4
:10317000A2E6500E7A047B0090053DE0F91214A0FF
:103180008021A2E2501D9018B1E07017908170125A
:1031900009607A047B0090053DE0F91214947404F0
:1031A000120B5A02AF59C082C0839028897C897D56
:1031B00005745E120A64121176E99005A2F01211EC
:1031C00076E9900596F0D083D082020B0AE9F87474
:1031D000C029F9C3941E4010742028C3940F5006D0
:1031E000743E28F98002792D020B0A74F31206103E
:1031F000EAFEEBFF121158E9F8742D68700479F4B7
:10320000805385A80BC2AFE8F508750900740278F1
:1032100008120CEA74472508FA74263509FB8A82DD
:103220008B83E493F8748928F508E43405F509756F
:103230000A007808120B438A828B83A3E493FC7DF7
:1032400000EEFAEFFB12131A7403120B5AE50BA2ED
:10325000E792AF79007F0502089574F11206108994
:1032600008EAFEEBFF74F1650870248E828F83E01C
:1032700064017902701412125AA908121158E9F85F
:10328000742D68702F79F402B3F612124E80EA742E
:10329000F06508700F8E828F83E090184CF0F91261
:1032A000117C80D57445650870CF90058EEEF0A333
:1032B000EF02B3F3E8F50A750B007402780A120CFA
:1032C000EA7447250AFA7426350BFBEA2402F8E46F
:1032D0003BF988828983E493F509EA2403FCE43B03
:1032E000FDE50970088C828D83E49360538C828D98
:1032F00083E4936509700579FB02B3F67458650899
:10330000701A8E828F83E02471F50AA3E034FFF5F2
:103310000BC3E50A9422E50B9464501F8E828F83C1
:10332000E0F50988828983E493F8E509C398400BA6
:103330008C828D83E493C39509500579E802B3F636
:1033400085A809C2AF8E0C8F0D750E00780C120B7C
:10335000438A828B83A3E493FC7D008A828B83E47F
:1033600093F8748928FAE43405FB12131A740312D3
:103370000B5AE509A2E792AFE50824B0601A24FED3
:1033800060301460202473604E14603814603F2451
:10339000FD604E146055805C9005A6E0FAA3E0FB4A
:1033A000121182804F9005AAE0FAA3E0FB12118867
:1033B00080429005A9E07902600512124E80351214
:1033C000125A80309005B9E0F91211A080267ABA1D
:1033D0007B0512118E801D9005B8E0F912119480C2
:1033E000138E828F83E09005C580088E828F83E0E4
:1033F0009005C6F079007F07020895C082C08390CF
:103400001522E4F0A3F090152474FCF0A3740AF0E4
:10341000900AFC7470F0A37402F0900D6CF0A37429
:1034200080F0A374B4F0A37407F0D083D082020BB1
:103430000A74F61206107A017B001213CE8A088BEA
:1034400009AE08AF09EE4F7003120F8485A808C2B9
:10345000AFEE24FEF8EF34FFF9901524E8F0A3E96D
:10346000F0EEFAEFFB1213D49015267401F0E50884
:10347000A2E792AF7F0202089574F21206107C0058
:103480007D007E00EA2402FAE43BFBA2AFE433FFB6
:10349000C2AF901526E06008EA9411EB9400500A40
:1034A000901524E0F8A3E0F98004786E790D888205
:1034B0008983E0F508A3E0F509548060057E0002E9
:1034C000B556EEA2E0507C8C828D83E0F50AA3E035
:1034D000F50B5480F50DE50A2508F508E50B3509CF
:1034E000547FF509E50D4509F5098C828D83E508C2
:1034F000F0A3E509F0547FF509C3E5089AE5099BB7
:103500004054ECF8EDF9E849700302B5C4888289AB
:1035100083E0FCA3E0547FFDECC39AFCED9BFDC36C
:10352000EC9404ED9400405DE82AF582E93BF583D4
:10353000ECF0A3EDF0EB4480FB88828983EAF0A3F2
:10354000EB804AE509547FFDC3E5089AED9B50B630
:103550007E01E8FCE9FD88828983E0F508A3E05458
:103560007FF509E82508F8E93509F988828983E0BB
:10357000F508A3E0F509E5084509600302B4AE7853
:10358000007900803F88828983A3E04480F0901511
:1035900026E06029901524E0FAA3E0FBE86A7002B7
:1035A000E96B701988828983E0FAA3E0547FFBE815
:1035B0002AFAE93BFB901524EAF0A3EBF0E8240299
:1035C000F8500109EFA2E092AFE8FAE9FB7F0602AA
:1035D000089574F7120610EA24FEFEEB34FFFFEAAA
:1035E000F8EBF9C3E894FCE9940A4009C3E8942491
:1035F000E994154003120F848E828F83A3E05480D8
:103600007003120F84A2AFE433FAC2AF8E828F83AD
:10361000A3E0547FF0901524E0F8A3E0F9EE98EFD2
:1036200099500CEEF8EFF9901524E8F0A3E9F0EAD0
:10363000A2E092AF7F0102089574F612061074FEA4
:10364000120C09EAFEEBFF541060257A007B4090D3
:10365000053FE0F91214A07A007B8090053FE0F965
:103660001214A0121650122394EEFAEF6410807513
:10367000EF5420602812B7C6120B4775080275096F
:10368000007808120B477C007D007A027B00121440
:10369000527404120B5AEEFAEF64208048EF544043
:1036A0006020D2819082001209607A007B809005B0
:1036B0003FE0F91214947404120B5AEEFAEF6440CE
:1036C0008023EF54806021C28190820C1209607ABD
:1036D000007B4090053FE0F91214947404120B5AD9
:1036E000EEFAEF6480FB80047A007B007402120B18
:1036F0005A7F0202089574F612061074FE120C0925
:10370000E990053FF09081DC1209607A007B20127D
:1037100014947404120B5A12B7C6120B477C027D24
:10372000007A027B001214467402120B5AE97020D0
:103730007808120B477508027509007808120B47C4
:103740007C007D007A027B001214587404120B5A1C
:10375000852182852283E02401F0A3E03400F085F6
:103760002182852283C3E09405A3E09400402C8548
:103770002182852283E4F0A3F0FA7B2090053FE0CC
:10378000F91214A09081F41209607A007B10900560
:103790003FE0F91214947404120B5AA821A922884C
:1037A0000889097808120B4775080275090078081E
:1037B000120B477C007D007A027B001214527404C5
:1037C000120B5A02B6EC852182852283E4F0A3F025
:1037D000A821A9228808890978082274F412061001
:1037E000E9A2E650287A007B1090053FE0F9121418
:1037F000A07A007B4090053FE0F91214A07A007B8C
:103800008090053FE0F91214A0C281804BA2E250E3
:10381000479018B1E060087508287509238006757F
:1038200008D0750907750A00750B007808120B3F60
:103830007A007B1090053FE0F91214947404120B87
:103840005A9081481209607A007B4090053FE0F968
:103850001214947404120B5A7F0402089574F41223
:1038600006108A088B098C0A8D0B908158780812F3
:103870000AE5500C750896750951750A18750B0004
:1038800090815C7808120D109018BE7808120DFD1A
:103890007F0402089574F01206108A0C8B0D8C0EB2
:1038A0008D0F9081507808120E0C780C7908120553
:1038B00021908160780C120D107405780C120BAAFF
:1038C00012B9DA70191222868A0C8B0D8C0E8D0FAC
:1038D000EA12B9DC702D90056D7403F0803D122260
:1038E000868A088B098C0A8D0BEA4509450A450B27
:1038F0006011780C7908120DB050088A0C8B0D8C71
:103900000E8D0F90056D7402F0908164780C120A90
:10391000E5400812B9DA600302B9D5A2AF4003123C
:103920000F84C2AFE523700302B9D3790212220ECD
:10393000E9600302B9D3120FD2120FDE9018BE78DD
:103940000C120DA050089018BE780C120E0C12B973
:10395000DA6038908158780C120AE550139081682B
:10396000780C120D1090816C120E28120FFC80172B
:10397000AA0CAB0DAC0EAD0F120FFC750C00750D43
:1039800000750E00750F00C2C7D2AD53BEFC900586
:103990006DE042BEE5ADA2E050FA75230185A808AE
:1039A000AFB8AE9A53A82053B820539A12D2AF1290
:1039B0000FEA8508A88FB88E9AC2AD120FE4120FD5
:1039C000D8E9700512B9DA7085122214D2AF12113B
:1039D0001C8002D2AF7F08020895E50C450D450E0C
:1039E000450F2274F012061074FC120C098A088B21
:1039F000098C0A8D0BE595852182852283F0E59659
:103A0000C0E07401120E63D0E0F0E597C0E07402EC
:103A1000120E63D0E0F07403120E63E4F09081A004
:103A2000780C120E0C7808790C12052174067808AF
:103A3000120BAA9081747808120D108521828522BC
:103A4000837808120CD77402120E63E0F5977401A4
:103A5000120E63E0F596852182852283E0F5957448
:103A600004120B5A02B9D5020B0A79FF12138C53B8
:103A7000BEFBE59DA2E650FA0078F8790100E82443
:103A8000FF18E934FFF9E84970F375C600E59E7048
:103A9000FC43BE049062707408F0C28143FD02C210
:103AA0009143FE027E10794A120F78E960F81EEE0B
:103AB00070F479001212F0120F967A007B00121443
:103AC000401219681219CE12195012139279FF126E
:103AD000138679021212F01213987A007B00020BFF
:103AE0000A74EE12061074F8120C0990812DAC21A4
:103AF000AD227408120A867508E075090AF50AA84D
:103B000021A922880C890DF50EF510F511781012F7
:103B10000B477C087D007A017B0012144674021268
:103B20000B5AE970467510E075110A7810120B47B0
:103B30007510087511007810120B477C007D007A13
:103B4000017B001214587404120B5AE9701D780C92
:103B5000120B437C087D00A908AA09AB0A121320A6
:103B60007403120B5AE9700302BC36751008781002
:103B7000120B477CE07D0A7AE87B07797F120FA859
:103B80007402120B5A780C120B437C087D00A908B2
:103B9000AA09AB0A1213207403120B5AE960717858
:103BA0000C120B437C087D00790C7A787B00121391
:103BB000207403120B5AE9701D75080C750978788A
:103BC00008120B437C087D007AE07B0A12131A74FA
:103BD00003120B5A803A7E001213328A08EEFA74EE
:103BE000E02AF582E4340AF583E508F00EEEF812D7
:103BF000BC49EBF00EEEC3940640DD0812BC4974DC
:103C000030F00874E028F582E4340AF58374F8F0A3
:103C10007508E075090A7808120B477508087509D8
:103C2000007808120B477C007D007A017B0012149B
:103C3000527404120B5A7AE07B0A79E212197A74F0
:103C400008120B5A7F0A02089574E02EF582E434BC
:103C50000AF58322C082C0837A1B7B001219F8D038
:103C600083D082020B0A74F6120610121332EA9005
:103C70001719F090172A7402F090171D7414F09021
:103C80001741740FF0A3F090193DE0901720F090C9
:103C9000193CE090171AF090193BE090171BF09038
:103CA0001721E4F0A3F090172404F0901781F0900E
:103CB00017257405F0A37401F09015C0E090172744
:103CC000F0901936E0901728F0A3E4F0901939E04D
:103CD00090172BF090193AE090172C12BD71A3E4C5
:103CE00012BD717C087D0079007A327B1712132691
:103CF00090173A74FEF0A304F07C9E7D167A4E7BFA
:103D0000171214D0901756E4F090177B740FF0A39D
:103D10007403F09016A7E090177FF09016A6E0903D
:103D2000177EF090193FE0901780F090177DE4F037
:103D30007508827509177808120B4775080275090E
:103D4000007808120B477C007D007A897B001214F2
:103D5000587404120B5AE96007901782E4F0A3F03C
:103D60007900121F02901784E4F0A3F07F0202088A
:103D700095F0A374FEF0A304F022020B0A74F6126D
:103D80000610E9FEEAF8EBF9EE241F600424F07057
:103D900013EC5430600E121332EA540779002402F7
:103DA000F8500109E8FAE9FB80C274EC12061075BC
:103DB0001000751100751200751300AEA8C2AF1285
:103DC00011228A088B098C0A8D0BEEA2E792AF9024
:103DD0000AEE7808120C1F700302BEE58A0C8B0DE8
:103DE0008C0E8D0F900AEE780C120BC39081907898
:103DF0000C120AE5400302BEE5900AEE7808120DA7
:103E0000FD8010908194780C120D1090819878109C
:103E1000120D1090819C780C120AE540E675081985
:103E20007509007808120B477403780C120AA790E2
:103E30000AF2E0F508A3E0F509E4F50AF50B780CC1
:103E40007908120CFDAA0CAB0DAC0EAD0F1207F8E1
:103E50007402120B5A8A0C8B0D8C0E8D0F74107815
:103E60000C120BAA7810790C120CFD900AF2EAF0F1
:103E7000A3EBF0A2AFE433FEC2AF900AF4781012C5
:103E80000CD790820C7808120E0C900AF478081265
:103E90000DA040417508E87509037808120B47909A
:103EA0000AF4120E281207F87402120B5A8A0C8BAD
:103EB0000D8A088B098C0A8D0B74107808120BAAD6
:103EC000900AF87808120CD7A80CA90DE4FAFB9018
:103ED0000AF4120E4CEEA2E092AFAA10AB11AC1293
:103EE000AD131214AC7F0C020895C082C0839006FB
:103EF00000E4F09005FFF08004A2E092AFD083D000
:103F000082020B0A74F7120610E9FF7003120F8485
:103F1000AEA8C2AF900600E04FF0121272EEA2E718
:103F20008003EEA2E092AF7F0102089574F71206BB
:103F300010E9FE7003120F84A8A8C2AF900600E03B
:103F40004EF0E880D974F7120610E9FE7003120FE4
:103F500084A8A8C2AF74FF6EF9900600E059F0E89B
:103F6000A2E792AF12126C80BEC082C083A8A8C222
:103F7000AF900600E4F09005FF12C00FE8A2E792B0
:103F8000AF1211EE02BEFD74F7120610A2AFE433B9
:103F9000FEC2AF900600E06003121272808474F7D4
:103FA000120610A2AFE433FEC2AF900600E0701913
:103FB0009005ECE0A2E740119005EEE0700B900652
:103FC00001E0A2E7400312127802BF22C082C08340
:103FD000A2AFE433F8C2AF9005FFE070067401F0C1
:103FE00075E1E3E802BEF9C082C083A2AFE433F911
:103FF000C2AF9005FFE06013E412C00FA8A8C2AFE3
:10400000759B0075E9FBE8A2E792AFE902BEF9F003
:1040100075E1EF75E1ED75E1ED2274F7120610E937
:104020007020900000E4F079FF12138CE59D541885
:10403000F860187408686013741068600E120F84BA
:1040400080097A027B137901120FC67F010208955D
:10405000C082C083E9F89018C4E0F47006E8F079F3
:10406000018002790002C0F774F6120610E9FEEA38
:10407000FF9018C4E0F4602B7A047B00121338EA36
:104080004B601C8A828B8374C0F0EFA3A3F0EE8A8E
:10409000828B83A3A3A3F09018C4E0F91213447990
:1040A00000800279017F0202089574F7120610E978
:1040B000A2E5E433FA1212FC809174F71206101292
:1040C0000F7EE9F8C394535025E8C3944F40047E13
:1040D0000180027E00900AE8E0F8A3E0F9E8496078
:1040E0000AEEF9E0F583888212243BEE6004790140
:1040F0008002790002C04BD083D082020B0AC082BA
:10410000C0831210F202C0F78003000000EAF8EB4F
:10411000F9E824FF1AE934FFFBE84970ED020B0AC5
:1041200074F41206108908740F5508F50A750B000F
:10413000740B780A120CEAEA2400F8EB3480F9E8F0
:104140002400E9350BF985C70AA2AFE433F509C2AB
:10415000AFE508C4540FFAE5C754F84AF5C7740C24
:10416000120E63E0FAA3E0FB801C88828983E08C56
:10417000828D83F088828983A3A882A9838C828D13
:1041800083A3AC82AD83EAFEEBFFEE24FF1AEF348B
:10419000FFFBEE4F70D4850AC7E509A2E092AF7F1E
:1041A0000402089574F6120610ECFEED900541F03D
:1041B000EEA3F0A37462F0A37473F0A3E0541FF0B5
:1041C000740A120E63E0F508A3E0F509E50833333D
:1041D00054FC900546F074067808120DEEE5089040
:1041E0000545F09005477412F0A37442F075D1FEB6
:1041F00075D601EA906271F0EBA3F0906270E0D2A4
:10420000E1F0E0A2E740FB7F02020895C082C08394
:10421000E9C333906272F0906270E0D2E0F0D08334
:10422000D082020B0AC082C08312C2677020E8608D
:104230001D740268700E12C2577003A3E069700EFD
:104240007901800C74036870051214CA8002790029
:10425000D083D082020B0A8A828B83E0F8A3E0F934
:104260008C828D83E068228A828B83A3A3A3A3A37D
:10427000A3A3A3E0F88C828D83A3A3A3A3A3A3A3EA
:10428000A3E06822C082C0838C828D83A3A3A3A3F2
:10429000A3A3A3A3E0F88A828B83A3A3A3A3A3A3CE
:1042A000A3A3F074036870051214D080128C828D61
:1042B00083E0F8A3E0F98A828B83E8F0A3E9F002B7
:1042C000C25074F6120610750808EAFEEBFF8E82E3
:1042D0008F83A3AA82AB83ECF8EDF988828983A34C
:1042E000AC82AD838E828F83E0FE88828983E06E0C
:1042F0006004790080081508E50870CE79017F0216
:1043000002089574F51206108C088D09750A00785C
:1043100008120B437C087D0012131A7403120B5A07
:104320007F03020895C082C08390056AE01460098B
:1043300014602324FE602C800B638C0190056BE0DD
:104340005580602A784090056AE048FA90056BE055
:10435000F91212FC8045638C0690056BE055907055
:10436000E3800B638C0890056BE055A070D6782035
:1043700080D453F5FE53FFFE020B0AC082C0839027
:10438000056C7401F043AC01439A0253F7FE53F7F6
:104390007F7A327B00121314438C08D083D08202C0
:1043A0000B0A74F7120610E990056AF014600914FC
:1043B000600A24FE600E8016E5898002E58A900579
:1043C0006BE48009E58BA2E0E43390056BF090810B
:1043D000541209607A107B00900569E0F912149478
:1043E0007404120B5A7F01020895A9C6A89E75C6CF
:1043F000497449659E70FA89C6E59E6870FB020B98
:104400000AA8C675C6497449659E70FA88C67900BF
:10441000020B0AC082C0839005407480F0D083D024
:1044200082020B0A74F6120610E9FCEAFD7901EC2F
:10443000C39408500E78008005E9C333F908E8C337
:104440009C40F6E942F2ED14600814600914600A19
:10445000800C7800800A78108006782080027830FE
:10446000900540E0FAEC484AF5B6E5B4A2E750FA08
:1044700074FF6952F2E5BAFAA9BBE9FBC39400A242
:10448000D265D03350047A007B00ED1460081460CC
:104490000D14601280188A088B09740880168A0827
:1044A0008B097406800E8A088B09740480068A08BA
:1044B0008B0974027808120D80AA08AB097F0202EA
:1044C0000895C082C083E990054002C41CE9F875D4
:1044D000B60FE5B4A2E750FAE8C395BB50047901E2
:1044E00080027900020B0A75B60FE5B4A2E750FA14
:1044F000E5BBF9020B0AC082C083E9900569F0D0E0
:1045000083D082020B0AC082C083120F66120F8A08
:10451000121FEC120FC080E774F6120610EAFEEBD1
:10452000FF54806019800312133E900569E0F91270
:104530001350EA4B70F1EEFAEF648002C5C0EE54FE
:10454000206006EE6420FA807CEE54106025120F85
:10455000BA90056CE070179081501209607A107B58
:1045600000900569E0F91214947404120B5AEE6479
:1045700010804BEE54046008121002EE6404803E7A
:10458000EE540260277A01900569E0F91214707AFE
:10459000017B00900569E0F91214A07A017B00907C
:1045A0000569E0F9121380EE54FC8012EEA2E07A65
:1045B000005010900569E0F9121470EE6401FAEFF2
:1045C000FB80027B007F02020895752301020B0A23
:1045D000C082C0839018C2E06033E59E70FC4394B3
:1045E00003E594A2E250FAE0640270081211D012BE
:1045F00011E28011E064016003120F84E59DA2E6E0
:104600004003120F849018C2E4F0121266D083D0D7
:1046100082020B0A74F7120610E9FFA2AFE433FE20
:10462000C2AF9018C2E06003120F849005EDE06005
:1046300003120F849005ECE070129005EEE0700C10
:10464000900601E07006900600E06009EEA2E0929C
:10465000AF79008028121278EF9018C2F0EEA2E035
:1046600092AF5394FEE594A2E240FA74016F600B9E
:1046700074026F6003120F841211D679017F010258
:104680000895D083D082020B0AC082C0838019199A
:104690008C828D83E08A828B83F0A3AA82AB838C89
:1046A000828D83A3AC82AD83E970E480D5C082C0E3
:1046B00083801D198A828B83E08C828D83F08A82AD
:1046C0008B83A3AA82AB838C828D83A3AC82AD83C0
:1046D000E970E080AD74F7120610EAFEEBFF89087E
:1046E000E97003120F848E828F83E0F5D9A3AE8226
:1046F000AF831508E50870EE7F0102089574F71284
:104700000610EAFEEBFF8908E97003120F84E5D971
:104710008E828F83F0A3AE82AF831508E50870EE1A
:1047200080D6C082C0831210E67A00EA25E0F8E461
:1047300033F9747728F582742939F583E493FC748E
:104740000193FD746328F582741939F583ECF0A3A5
:10475000EDF00AEAC3941040D212116A1212481204
:1047600011DC12128A1210448025C082C083A2AFCD
:104770005003120F849018C2E070061211E8121153
:104780007012104A12127E9005C57401F08000D09C
:1047900083D082020B0A020B0AC082C08312177CEC
:1047A000121782802DC082C0839015BE7402F0A3C0
:1047B0007440F0A37480F0A3E4F0A3F0A37450F06D
:1047C000A374A0F0A3E4F09015C874A0F0A3E4F0E3
:1047D000A3F0D083D082020B0AC082C0839019213B
:1047E000120E40E8494A4B9015CB6008E054F0F0B7
:1047F00044018006E054F0F04402F0E0540FF0A3CE
:10480000E4F09015CBE04420F0A3748280C3F0D094
:1048100083D082020B0AC082C0839061A5E0D2E2FD
:10482000F0900578E0C39412502D9005A6E09061B9
:1048300072F09005A7E0906173F09005AAE0906196
:1048400074F09005ABE0906175F079087CBA7D0555
:104850007A6A7B6112113A906180E4F0E044098049
:10486000ADC082C0839061A5E0C2E280A174ED1268
:10487000061089118A10EB8C12F9120F72750C0058
:10488000750D00750E00750F007E008018AA10A926
:1048900011120F6C8A088B09E4F50AF50B780C7974
:1048A00008120CFD0EEEC3951240E2851208E4F5E5
:1048B00009F50AF50B780C79081205A1AA0CAB0DC5
:1048C0007F0B020895C082C0837A147B001213CE3E
:1048D000900AECEAF0A3EBF07C147D00790012134F
:1048E00026790012216C7901121DA07902120F9015
:1048F0007903121BA8790412166E79051214DC795B
:10490000061223D079071215FC7908120F5A79097B
:10491000120EF4D083D082020B0AC3EB9400A2D211
:1049200065D0334005EAF8EB8006C3E49AF8E49BCF
:10493000F9E8FAE9FB020B0A7405F5D57441F5D4E0
:0B4940007405F5D37449F5D2020B0A90
:0400000500000DC02A
:00000001FF
